equipment_id,equipment_type,mine_id,zone_id,operational_hours,downtime_hours,downtime_reason,efficiency_pct,health_status,timestamp
EXC_CAT_349_01,Hydraulic Excavator 50T,MINE_BALAGHAT_01,ZONE_CENTRAL_B,21.5,1.6,Preventive Maintenance,85.8,OPTIMAL,2026-02-28T18:00:00Z
EXC_KOM_PC450_02,Hydraulic Excavator 45T,MINE_BALAGHAT_01,ZONE_NORTH_A,22.0,0.8,Preventive Maintenance,82.1,OPTIMAL,2026-02-28T18:00:00Z
DMP_VOLVO_FMX_11,Rigid Haul Dumper 35T,MINE_BALAGHAT_01,ZONE_CENTRAL_B,23.0,0.0,None,87.5,OPTIMAL,2026-02-28T18:00:00Z
DMP_VOLVO_FMX_12,Rigid Haul Dumper 35T,MINE_BALAGHAT_01,ZONE_NORTH_A,22.2,0.8,Preventive Maintenance,94.2,OPTIMAL,2026-02-28T18:00:00Z
DMP_VOLVO_FMX_13,Rigid Haul Dumper 35T,MINE_BALAGHAT_01,ZONE_SOUTH_C,22.6,0.0,None,89.0,OPTIMAL,2026-02-28T18:00:00Z
DRL_ATLAS_ROC_01,Top Hammer Drill Rig,MINE_BALAGHAT_01,ZONE_NORTH_A,20.8,1.9,Preventive Maintenance,94.9,OPTIMAL,2026-02-28T18:00:00Z
CRU_TELSMITH_01,Stationary Jaw Crusher,MINE_BALAGHAT_01,ZONE_CENTRAL_B,21.8,1.0,Preventive Maintenance,87.6,OPTIMAL,2026-02-28T18:00:00Z
WTR_TRK_TATA_01,Dust Suppression Bowser,MINE_BALAGHAT_01,ZONE_CENTRAL_B,21.0,1.8,Preventive Maintenance,85.1,OPTIMAL,2026-02-28T18:00:00Z
EXC_CAT_349_01,Hydraulic Excavator 50T,MINE_BALAGHAT_01,ZONE_CENTRAL_B,22.3,0.9,Preventive Maintenance,86.6,OPTIMAL,2026-03-01T18:00:00Z
EXC_KOM_PC450_02,Hydraulic Excavator 45T,MINE_BALAGHAT_01,ZONE_NORTH_A,22.8,0.0,None,86.0,OPTIMAL,2026-03-01T18:00:00Z
DMP_VOLVO_FMX_11,Rigid Haul Dumper 35T,MINE_BALAGHAT_01,ZONE_CENTRAL_B,22.7,0.0,None,91.3,OPTIMAL,2026-03-01T18:00:00Z
DMP_VOLVO_FMX_12,Rigid Haul Dumper 35T,MINE_BALAGHAT_01,ZONE_NORTH_A,22.4,1.0,Preventive Maintenance,90.2,OPTIMAL,2026-03-01T18:00:00Z
DMP_VOLVO_FMX_13,Rigid Haul Dumper 35T,MINE_BALAGHAT_01,ZONE_SOUTH_C,21.2,1.9,Preventive Maintenance,92.6,OPTIMAL,2026-03-01T18:00:00Z
DRL_ATLAS_ROC_01,Top Hammer Drill Rig,MINE_BALAGHAT_01,ZONE_NORTH_A,22.7,0.0,None,87.2,OPTIMAL,2026-03-01T18:00:00Z
CRU_TELSMITH_01,Stationary Jaw Crusher,MINE_BALAGHAT_01,ZONE_CENTRAL_B,21.8,1.6,Preventive Maintenance,85.2,OPTIMAL,2026-03-01T18:00:00Z
WTR_TRK_TATA_01,Dust Suppression Bowser,MINE_BALAGHAT_01,ZONE_CENTRAL_B,21.7,1.1,Preventive Maintenance,88.2,OPTIMAL,2026-03-01T18:00:00Z
EXC_CAT_349_01,Hydraulic Excavator 50T,MINE_BALAGHAT_01,ZONE_CENTRAL_B,21.1,1.4,Preventive Maintenance,84.6,OPTIMAL,2026-03-02T18:00:00Z
EXC_KOM_PC450_02,Hydraulic Excavator 45T,MINE_BALAGHAT_01,ZONE_NORTH_A,21.8,1.2,Preventive Maintenance,90.0,OPTIMAL,2026-03-02T18:00:00Z
DMP_VOLVO_FMX_11,Rigid Haul Dumper 35T,MINE_BALAGHAT_01,ZONE_CENTRAL_B,22.4,0.6,Preventive Maintenance,88.9,OPTIMAL,2026-03-02T18:00:00Z
DMP_VOLVO_FMX_12,Rigid Haul Dumper 35T,MINE_BALAGHAT_01,ZONE_NORTH_A,21.9,1.5,Preventive Maintenance,86.8,OPTIMAL,2026-03-02T18:00:00Z
DMP_VOLVO_FMX_13,Rigid Haul Dumper 35T,MINE_BALAGHAT_01,ZONE_SOUTH_C,21.2,1.6,Preventive Maintenance,90.8,OPTIMAL,2026-03-02T18:00:00Z
DRL_ATLAS_ROC_01,Top Hammer Drill Rig,MINE_BALAGHAT_01,ZONE_NORTH_A,21.3,1.9,Preventive Maintenance,84.3,OPTIMAL,2026-03-02T18:00:00Z
CRU_TELSMITH_01,Stationary Jaw Crusher,MINE_BALAGHAT_01,ZONE_CENTRAL_B,22.7,0.8,Preventive Maintenance,95.2,OPTIMAL,2026-03-02T18:00:00Z
WTR_TRK_TATA_01,Dust Suppression Bowser,MINE_BALAGHAT_01,ZONE_CENTRAL_B,22.8,0.0,None,83.9,OPTIMAL,2026-03-02T18:00:00Z
EXC_CAT_349_01,Hydraulic Excavator 50T,MINE_BALAGHAT_01,ZONE_CENTRAL_B,22.2,0.8,Preventive Maintenance,87.8,OPTIMAL,2026-03-03T18:00:00Z
EXC_KOM_PC450_02,Hydraulic Excavator 45T,MINE_BALAGHAT_01,ZONE_NORTH_A,22.7,0.0,None,92.4,OPTIMAL,2026-03-03T18:00:00Z
DMP_VOLVO_FMX_11,Rigid Haul Dumper 35T,MINE_BALAGHAT_01,ZONE_CENTRAL_B,21.1,1.7,Preventive Maintenance,95.6,OPTIMAL,2026-03-03T18:00:00Z
DMP_VOLVO_FMX_12,Rigid Haul Dumper 35T,MINE_BALAGHAT_01,ZONE_NORTH_A,22.0,0.6,Preventive Maintenance,94.9,OPTIMAL,2026-03-03T18:00:00Z
DMP_VOLVO_FMX_13,Rigid Haul Dumper 35T,MINE_BALAGHAT_01,ZONE_SOUTH_C,22.1,1.2,Preventive Maintenance,84.9,OPTIMAL,2026-03-03T18:00:00Z
DRL_ATLAS_ROC_01,Top Hammer Drill Rig,MINE_BALAGHAT_01,ZONE_NORTH_A,22.5,0.0,None,90.6,OPTIMAL,2026-03-03T18:00:00Z
CRU_TELSMITH_01,Stationary Jaw Crusher,MINE_BALAGHAT_01,ZONE_CENTRAL_B,23.1,0.0,None,92.6,OPTIMAL,2026-03-03T18:00:00Z
WTR_TRK_TATA_01,Dust Suppression Bowser,MINE_BALAGHAT_01,ZONE_CENTRAL_B,21.9,1.5,Preventive Maintenance,89.0,OPTIMAL,2026-03-03T18:00:00Z
EXC_CAT_349_01,Hydraulic Excavator 50T,MINE_BALAGHAT_01,ZONE_CENTRAL_B,23.3,0.0,None,83.3,OPTIMAL,2026-03-04T18:00:00Z
EXC_KOM_PC450_02,Hydraulic Excavator 45T,MINE_BALAGHAT_01,ZONE_NORTH_A,21.2,1.7,Preventive Maintenance,89.2,OPTIMAL,2026-03-04T18:00:00Z
DMP_VOLVO_FMX_11,Rigid Haul Dumper 35T,MINE_BALAGHAT_01,ZONE_CENTRAL_B,20.9,2.0,Preventive Maintenance,88.4,OPTIMAL,2026-03-04T18:00:00Z
DMP_VOLVO_FMX_12,Rigid Haul Dumper 35T,MINE_BALAGHAT_01,ZONE_NORTH_A,22.8,0.0,None,95.3,OPTIMAL,2026-03-04T18:00:00Z
DMP_VOLVO_FMX_13,Rigid Haul Dumper 35T,MINE_BALAGHAT_01,ZONE_SOUTH_C,22.1,1.0,Preventive Maintenance,84.1,OPTIMAL,2026-03-04T18:00:00Z
DRL_ATLAS_ROC_01,Top Hammer Drill Rig,MINE_BALAGHAT_01,ZONE_NORTH_A,23.2,0.0,None,85.2,OPTIMAL,2026-03-04T18:00:00Z
CRU_TELSMITH_01,Stationary Jaw Crusher,MINE_BALAGHAT_01,ZONE_CENTRAL_B,22.8,0.0,None,91.5,OPTIMAL,2026-03-04T18:00:00Z
WTR_TRK_TATA_01,Dust Suppression Bowser,MINE_BALAGHAT_01,ZONE_CENTRAL_B,22.3,0.7,Preventive Maintenance,83.5,OPTIMAL,2026-03-04T18:00:00Z
EXC_CAT_349_01,Hydraulic Excavator 50T,MINE_BALAGHAT_01,ZONE_CENTRAL_B,21.5,1.7,Preventive Maintenance,85.3,OPTIMAL,2026-03-05T18:00:00Z
EXC_KOM_PC450_02,Hydraulic Excavator 45T,MINE_BALAGHAT_01,ZONE_NORTH_A,21.3,1.9,Preventive Maintenance,86.6,OPTIMAL,2026-03-05T18:00:00Z
DMP_VOLVO_FMX_11,Rigid Haul Dumper 35T,MINE_BALAGHAT_01,ZONE_CENTRAL_B,22.4,0.6,Preventive Maintenance,82.5,OPTIMAL,2026-03-05T18:00:00Z
DMP_VOLVO_FMX_12,Rigid Haul Dumper 35T,MINE_BALAGHAT_01,ZONE_NORTH_A,23.1,0.0,None,90.6,OPTIMAL,2026-03-05T18:00:00Z
DMP_VOLVO_FMX_13,Rigid Haul Dumper 35T,MINE_BALAGHAT_01,ZONE_SOUTH_C,21.3,1.3,Preventive Maintenance,92.7,OPTIMAL,2026-03-05T18:00:00Z
DRL_ATLAS_ROC_01,Top Hammer Drill Rig,MINE_BALAGHAT_01,ZONE_NORTH_A,21.3,1.9,Preventive Maintenance,94.3,OPTIMAL,2026-03-05T18:00:00Z
CRU_TELSMITH_01,Stationary Jaw Crusher,MINE_BALAGHAT_01,ZONE_CENTRAL_B,21.7,1.6,Preventive Maintenance,82.3,OPTIMAL,2026-03-05T18:00:00Z
WTR_TRK_TATA_01,Dust Suppression Bowser,MINE_BALAGHAT_01,ZONE_CENTRAL_B,21.4,1.3,Preventive Maintenance,82.8,OPTIMAL,2026-03-05T18:00:00Z
EXC_CAT_349_01,Hydraulic Excavator 50T,MINE_BALAGHAT_01,ZONE_CENTRAL_B,23.5,0.0,None,94.8,OPTIMAL,2026-03-06T18:00:00Z
EXC_KOM_PC450_02,Hydraulic Excavator 45T,MINE_BALAGHAT_01,ZONE_NORTH_A,22.3,1.2,Preventive Maintenance,90.0,OPTIMAL,2026-03-06T18:00:00Z
DMP_VOLVO_FMX_11,Rigid Haul Dumper 35T,MINE_BALAGHAT_01,ZONE_CENTRAL_B,22.8,0.0,None,92.5,OPTIMAL,2026-03-06T18:00:00Z
DMP_VOLVO_FMX_12,Rigid Haul Dumper 35T,MINE_BALAGHAT_01,ZONE_NORTH_A,22.6,0.0,None,92.0,OPTIMAL,2026-03-06T18:00:00Z
DMP_VOLVO_FMX_13,Rigid Haul Dumper 35T,MINE_BALAGHAT_01,ZONE_SOUTH_C,22.3,1.0,Preventive Maintenance,88.8,OPTIMAL,2026-03-06T18:00:00Z
DRL_ATLAS_ROC_01,Top Hammer Drill Rig,MINE_BALAGHAT_01,ZONE_NORTH_A,22.0,1.2,Preventive Maintenance,86.5,OPTIMAL,2026-03-06T18:00:00Z
CRU_TELSMITH_01,Stationary Jaw Crusher,MINE_BALAGHAT_01,ZONE_CENTRAL_B,21.8,1.1,Preventive Maintenance,87.0,OPTIMAL,2026-03-06T18:00:00Z
WTR_TRK_TATA_01,Dust Suppression Bowser,MINE_BALAGHAT_01,ZONE_CENTRAL_B,22.5,1.0,Preventive Maintenance,90.0,OPTIMAL,2026-03-06T18:00:00Z
EXC_CAT_349_01,Hydraulic Excavator 50T,MINE_BALAGHAT_01,ZONE_CENTRAL_B,23.2,0.0,None,90.1,OPTIMAL,2026-03-07T18:00:00Z
EXC_KOM_PC450_02,Hydraulic Excavator 45T,MINE_BALAGHAT_01,ZONE_NORTH_A,22.1,0.7,Preventive Maintenance,85.1,OPTIMAL,2026-03-07T18:00:00Z
DMP_VOLVO_FMX_11,Rigid Haul Dumper 35T,MINE_BALAGHAT_01,ZONE_CENTRAL_B,23.5,0.0,None,95.5,OPTIMAL,2026-03-07T18:00:00Z
DMP_VOLVO_FMX_12,Rigid Haul Dumper 35T,MINE_BALAGHAT_01,ZONE_NORTH_A,22.5,0.0,None,93.1,OPTIMAL,2026-03-07T18:00:00Z
DMP_VOLVO_FMX_13,Rigid Haul Dumper 35T,MINE_BALAGHAT_01,ZONE_SOUTH_C,22.5,0.8,Preventive Maintenance,92.9,OPTIMAL,2026-03-07T18:00:00Z
DRL_ATLAS_ROC_01,Top Hammer Drill Rig,MINE_BALAGHAT_01,ZONE_NORTH_A,23.3,0.0,None,84.3,OPTIMAL,2026-03-07T18:00:00Z
CRU_TELSMITH_01,Stationary Jaw Crusher,MINE_BALAGHAT_01,ZONE_CENTRAL_B,23.5,0.0,None,86.1,OPTIMAL,2026-03-07T18:00:00Z
WTR_TRK_TATA_01,Dust Suppression Bowser,MINE_BALAGHAT_01,ZONE_CENTRAL_B,20.8,2.0,Preventive Maintenance,91.0,OPTIMAL,2026-03-07T18:00:00Z
EXC_CAT_349_01,Hydraulic Excavator 50T,MINE_BALAGHAT_01,ZONE_CENTRAL_B,21.0,1.6,Preventive Maintenance,95.3,OPTIMAL,2026-03-08T18:00:00Z
EXC_KOM_PC450_02,Hydraulic Excavator 45T,MINE_BALAGHAT_01,ZONE_NORTH_A,21.7,1.7,Preventive Maintenance,92.8,OPTIMAL,2026-03-08T18:00:00Z
DMP_VOLVO_FMX_11,Rigid Haul Dumper 35T,MINE_BALAGHAT_01,ZONE_CENTRAL_B,21.6,1.8,Preventive Maintenance,90.6,OPTIMAL,2026-03-08T18:00:00Z
DMP_VOLVO_FMX_12,Rigid Haul Dumper 35T,MINE_BALAGHAT_01,ZONE_NORTH_A,21.7,1.3,Preventive Maintenance,92.9,OPTIMAL,2026-03-08T18:00:00Z
DMP_VOLVO_FMX_13,Rigid Haul Dumper 35T,MINE_BALAGHAT_01,ZONE_SOUTH_C,21.9,1.4,Preventive Maintenance,84.5,OPTIMAL,2026-03-08T18:00:00Z
DRL_ATLAS_ROC_01,Top Hammer Drill Rig,MINE_BALAGHAT_01,ZONE_NORTH_A,23.0,0.0,None,82.3,OPTIMAL,2026-03-08T18:00:00Z
CRU_TELSMITH_01,Stationary Jaw Crusher,MINE_BALAGHAT_01,ZONE_CENTRAL_B,21.2,1.4,Preventive Maintenance,84.8,OPTIMAL,2026-03-08T18:00:00Z
WTR_TRK_TATA_01,Dust Suppression Bowser,MINE_BALAGHAT_01,ZONE_CENTRAL_B,23.2,0.0,None,93.9,OPTIMAL,2026-03-08T18:00:00Z
EXC_CAT_349_01,Hydraulic Excavator 50T,MINE_BALAGHAT_01,ZONE_CENTRAL_B,22.8,0.0,None,95.1,OPTIMAL,2026-03-09T18:00:00Z
EXC_KOM_PC450_02,Hydraulic Excavator 45T,MINE_BALAGHAT_01,ZONE_NORTH_A,22.8,0.0,None,85.4,OPTIMAL,2026-03-09T18:00:00Z
DMP_VOLVO_FMX_11,Rigid Haul Dumper 35T,MINE_BALAGHAT_01,ZONE_CENTRAL_B,23.2,0.0,None,87.1,OPTIMAL,2026-03-09T18:00:00Z
DMP_VOLVO_FMX_12,Rigid Haul Dumper 35T,MINE_BALAGHAT_01,ZONE_NORTH_A,22.1,1.1,Preventive Maintenance,82.8,OPTIMAL,2026-03-09T18:00:00Z
DMP_VOLVO_FMX_13,Rigid Haul Dumper 35T,MINE_BALAGHAT_01,ZONE_SOUTH_C,21.1,1.7,Preventive Maintenance,94.8,OPTIMAL,2026-03-09T18:00:00Z
DRL_ATLAS_ROC_01,Top Hammer Drill Rig,MINE_BALAGHAT_01,ZONE_NORTH_A,23.2,0.0,None,91.5,OPTIMAL,2026-03-09T18:00:00Z
CRU_TELSMITH_01,Stationary Jaw Crusher,MINE_BALAGHAT_01,ZONE_CENTRAL_B,21.5,1.6,Preventive Maintenance,90.8,OPTIMAL,2026-03-09T18:00:00Z
WTR_TRK_TATA_01,Dust Suppression Bowser,MINE_BALAGHAT_01,ZONE_CENTRAL_B,23.4,0.0,None,90.9,OPTIMAL,2026-03-09T18:00:00Z
EXC_CAT_349_01,Hydraulic Excavator 50T,MINE_BALAGHAT_01,ZONE_CENTRAL_B,23.2,0.0,None,92.7,OPTIMAL,2026-03-10T18:00:00Z
EXC_KOM_PC450_02,Hydraulic Excavator 45T,MINE_BALAGHAT_01,ZONE_NORTH_A,22.0,1.4,Preventive Maintenance,94.8,OPTIMAL,2026-03-10T18:00:00Z
DMP_VOLVO_FMX_11,Rigid Haul Dumper 35T,MINE_BALAGHAT_01,ZONE_CENTRAL_B,20.6,2.0,Preventive Maintenance,85.6,OPTIMAL,2026-03-10T18:00:00Z
DMP_VOLVO_FMX_12,Rigid Haul Dumper 35T,MINE_BALAGHAT_01,ZONE_NORTH_A,20.8,2.0,Preventive Maintenance,89.2,OPTIMAL,2026-03-10T18:00:00Z
DMP_VOLVO_FMX_13,Rigid Haul Dumper 35T,MINE_BALAGHAT_01,ZONE_SOUTH_C,21.4,1.3,Preventive Maintenance,83.1,OPTIMAL,2026-03-10T18:00:00Z
DRL_ATLAS_ROC_01,Top Hammer Drill Rig,MINE_BALAGHAT_01,ZONE_NORTH_A,21.5,1.8,Preventive Maintenance,89.6,OPTIMAL,2026-03-10T18:00:00Z
CRU_TELSMITH_01,Stationary Jaw Crusher,MINE_BALAGHAT_01,ZONE_CENTRAL_B,22.2,1.2,Preventive Maintenance,92.8,OPTIMAL,2026-03-10T18:00:00Z
WTR_TRK_TATA_01,Dust Suppression Bowser,MINE_BALAGHAT_01,ZONE_CENTRAL_B,23.1,0.0,None,88.0,OPTIMAL,2026-03-10T18:00:00Z
EXC_CAT_349_01,Hydraulic Excavator 50T,MINE_BALAGHAT_01,ZONE_CENTRAL_B,15.0,7.4,Hydraulic Line Burst,59.9,CRITICAL_MAINTENANCE,2026-03-11T18:00:00Z
EXC_KOM_PC450_02,Hydraulic Excavator 45T,MINE_BALAGHAT_01,ZONE_NORTH_A,23.2,0.0,None,91.1,OPTIMAL,2026-03-11T18:00:00Z
DMP_VOLVO_FMX_11,Rigid Haul Dumper 35T,MINE_BALAGHAT_01,ZONE_CENTRAL_B,22.6,0.0,None,87.7,OPTIMAL,2026-03-11T18:00:00Z
DMP_VOLVO_FMX_12,Rigid Haul Dumper 35T,MINE_BALAGHAT_01,ZONE_NORTH_A,14.0,8.2,Suspension Cylinder Leak,54.6,CRITICAL_MAINTENANCE,2026-03-11T18:00:00Z
DMP_VOLVO_FMX_13,Rigid Haul Dumper 35T,MINE_BALAGHAT_01,ZONE_SOUTH_C,21.9,1.4,Preventive Maintenance,88.3,OPTIMAL,2026-03-11T18:00:00Z
DRL_ATLAS_ROC_01,Top Hammer Drill Rig,MINE_BALAGHAT_01,ZONE_NORTH_A,22.9,0.0,None,86.6,OPTIMAL,2026-03-11T18:00:00Z
CRU_TELSMITH_01,Stationary Jaw Crusher,MINE_BALAGHAT_01,ZONE_CENTRAL_B,22.9,0.0,None,92.3,OPTIMAL,2026-03-11T18:00:00Z
WTR_TRK_TATA_01,Dust Suppression Bowser,MINE_BALAGHAT_01,ZONE_CENTRAL_B,23.1,0.0,None,82.3,OPTIMAL,2026-03-11T18:00:00Z
EXC_CAT_349_01,Hydraulic Excavator 50T,MINE_BALAGHAT_01,ZONE_CENTRAL_B,16.2,6.3,Hydraulic Line Burst,59.1,CRITICAL_MAINTENANCE,2026-03-12T18:00:00Z
EXC_KOM_PC450_02,Hydraulic Excavator 45T,MINE_BALAGHAT_01,ZONE_NORTH_A,22.0,1.2,Preventive Maintenance,91.7,OPTIMAL,2026-03-12T18:00:00Z
DMP_VOLVO_FMX_11,Rigid Haul Dumper 35T,MINE_BALAGHAT_01,ZONE_CENTRAL_B,21.4,1.2,Preventive Maintenance,84.1,OPTIMAL,2026-03-12T18:00:00Z
DMP_VOLVO_FMX_12,Rigid Haul Dumper 35T,MINE_BALAGHAT_01,ZONE_NORTH_A,17.3,5.6,Suspension Cylinder Leak,48.6,CRITICAL_MAINTENANCE,2026-03-12T18:00:00Z
DMP_VOLVO_FMX_13,Rigid Haul Dumper 35T,MINE_BALAGHAT_01,ZONE_SOUTH_C,22.9,0.0,None,90.9,OPTIMAL,2026-03-12T18:00:00Z
DRL_ATLAS_ROC_01,Top Hammer Drill Rig,MINE_BALAGHAT_01,ZONE_NORTH_A,22.1,1.1,Preventive Maintenance,94.4,OPTIMAL,2026-03-12T18:00:00Z
CRU_TELSMITH_01,Stationary Jaw Crusher,MINE_BALAGHAT_01,ZONE_CENTRAL_B,20.7,1.9,Preventive Maintenance,84.4,OPTIMAL,2026-03-12T18:00:00Z
WTR_TRK_TATA_01,Dust Suppression Bowser,MINE_BALAGHAT_01,ZONE_CENTRAL_B,22.4,1.1,Preventive Maintenance,92.3,OPTIMAL,2026-03-12T18:00:00Z
EXC_CAT_349_01,Hydraulic Excavator 50T,MINE_BALAGHAT_01,ZONE_CENTRAL_B,15.4,7.3,Hydraulic Line Burst,53.2,CRITICAL_MAINTENANCE,2026-03-13T18:00:00Z
EXC_KOM_PC450_02,Hydraulic Excavator 45T,MINE_BALAGHAT_01,ZONE_NORTH_A,22.6,0.0,None,86.4,OPTIMAL,2026-03-13T18:00:00Z
DMP_VOLVO_FMX_11,Rigid Haul Dumper 35T,MINE_BALAGHAT_01,ZONE_CENTRAL_B,22.6,0.8,Preventive Maintenance,89.0,OPTIMAL,2026-03-13T18:00:00Z
DMP_VOLVO_FMX_12,Rigid Haul Dumper 35T,MINE_BALAGHAT_01,ZONE_NORTH_A,14.5,7.8,Suspension Cylinder Leak,46.6,CRITICAL_MAINTENANCE,2026-03-13T18:00:00Z
DMP_VOLVO_FMX_13,Rigid Haul Dumper 35T,MINE_BALAGHAT_01,ZONE_SOUTH_C,22.6,0.0,None,90.7,OPTIMAL,2026-03-13T18:00:00Z
DRL_ATLAS_ROC_01,Top Hammer Drill Rig,MINE_BALAGHAT_01,ZONE_NORTH_A,21.2,1.7,Preventive Maintenance,88.0,OPTIMAL,2026-03-13T18:00:00Z
CRU_TELSMITH_01,Stationary Jaw Crusher,MINE_BALAGHAT_01,ZONE_CENTRAL_B,22.3,1.1,Preventive Maintenance,83.5,OPTIMAL,2026-03-13T18:00:00Z
WTR_TRK_TATA_01,Dust Suppression Bowser,MINE_BALAGHAT_01,ZONE_CENTRAL_B,22.3,1.1,Preventive Maintenance,90.6,OPTIMAL,2026-03-13T18:00:00Z
EXC_HIT_ZX470_01,Hydraulic Excavator,MINE_GUMGAON_02,ZONE_GMG_01,22.6,0.3,None,97.5,OPTIMAL,2025-12-15T19:00:00Z
DMP_CAT_773E_01,Haul Dumper,MINE_GUMGAON_02,ZONE_GMG_01,20.8,1.5,Track shoe tension adjustment,73.8,WARNING,2025-12-15T22:00:00Z
DMP_CAT_773E_02,Haul Dumper,MINE_GUMGAON_02,ZONE_GMG_02,22.9,0.1,None,94.3,OPTIMAL,2025-12-15T20:00:00Z
DRL_SND_DX800_01,Blast Drill Rig,MINE_GUMGAON_02,ZONE_GMG_02,23.1,0.2,None,96.4,OPTIMAL,2025-12-15T23:00:00Z
EXC_CAT_349_02,Hydraulic Excavator,MINE_TIRODI_03,ZONE_TRD_01,22.0,0.8,None,90.7,OPTIMAL,2025-12-15T19:00:00Z
EXC_KOM_PC300_01,Hydraulic Excavator,MINE_TIRODI_03,ZONE_TRD_02,22.8,0.6,None,92.6,OPTIMAL,2025-12-15T22:00:00Z
DMP_BEML_BH35_01,Haul Dumper,MINE_TIRODI_03,ZONE_TRD_01,23.0,0.3,None,88.8,OPTIMAL,2025-12-15T20:00:00Z
DMP_BEML_BH35_02,Haul Dumper,MINE_TIRODI_03,ZONE_TRD_02,22.6,0.1,None,92.1,OPTIMAL,2025-12-15T21:00:00Z
DOZ_CAT_D8R_01,Track-Type Dozer,MINE_TIRODI_03,ZONE_TRD_05,20.0,2.9,Fuel refill & shift inspection,75.8,WARNING,2025-12-15T19:00:00Z
EXC_HIT_EX1200_01,Hydraulic Mining Shovel,MINE_DONGRI_04,ZONE_DGB_01,20.7,1.9,Track shoe tension adjustment,79.3,WARNING,2025-12-15T18:00:00Z
DMP_VOLVO_FMX_21,Haul Dumper,MINE_DONGRI_04,ZONE_DGB_01,22.4,0.5,None,93.5,OPTIMAL,2025-12-15T19:00:00Z
DMP_VOLVO_FMX_22,Haul Dumper,MINE_DONGRI_04,ZONE_DGB_02,22.8,0.1,None,93.4,OPTIMAL,2025-12-15T22:00:00Z
CRU_METSO_C120_01,Primary Jaw Crusher,MINE_DONGRI_04,ZONE_DGB_01,22.5,0.9,None,90.2,OPTIMAL,2025-12-15T20:00:00Z
WTR_TRK_TATA_02,Dust Suppression Bowser,MINE_DONGRI_04,ZONE_DGB_02,20.4,2.9,Air intake filter clogging,75.3,WARNING,2025-12-15T18:00:00Z
EXC_KOM_PC450_03,Hydraulic Excavator,MINE_KANDRI_05,ZONE_KND_01,22.5,0.3,None,93.0,OPTIMAL,2025-12-15T22:00:00Z
DMP_VOLVO_FMX_31,Haul Dumper,MINE_KANDRI_05,ZONE_KND_01,23.0,0.3,None,96.5,OPTIMAL,2025-12-15T23:00:00Z
DMP_VOLVO_FMX_32,Haul Dumper,MINE_KANDRI_05,ZONE_KND_02,22.1,0.6,None,91.1,OPTIMAL,2025-12-15T19:00:00Z
DRL_ATLAS_ROC_02,Blast Drill Rig,MINE_KANDRI_05,ZONE_KND_01,22.2,0.9,None,95.5,OPTIMAL,2025-12-15T20:00:00Z
EXC_CAT_349_03,Hydraulic Excavator,MINE_MANSAR_06,ZONE_MSR_01,22.5,0.4,None,91.7,OPTIMAL,2025-12-15T23:00:00Z
DMP_BEML_BH35_03,Haul Dumper,MINE_MANSAR_06,ZONE_MSR_01,21.6,0.9,None,90.5,OPTIMAL,2025-12-15T21:00:00Z
DMP_BEML_BH35_04,Haul Dumper,MINE_MANSAR_06,ZONE_MSR_02,21.9,0.6,None,91.5,OPTIMAL,2025-12-15T18:00:00Z
WTR_TRK_TATA_03,Dust Suppression Bowser,MINE_MANSAR_06,ZONE_MSR_01,22.9,0.4,None,90.5,OPTIMAL,2025-12-15T19:00:00Z
EXC_HIT_ZX470_02,Hydraulic Excavator,MINE_CHIKLA_07,ZONE_CHK_01,22.6,0.8,None,91.2,OPTIMAL,2025-12-15T18:00:00Z
DMP_VOLVO_FMX_41,Haul Dumper,MINE_CHIKLA_07,ZONE_CHK_01,22.6,0.6,None,90.3,OPTIMAL,2025-12-15T18:00:00Z
DMP_VOLVO_FMX_42,Haul Dumper,MINE_CHIKLA_07,ZONE_CHK_02,22.9,0.5,None,90.8,OPTIMAL,2025-12-15T22:00:00Z
DRL_SND_DX800_02,Blast Drill Rig,MINE_CHIKLA_07,ZONE_CHK_01,22.2,0.7,None,94.5,OPTIMAL,2025-12-15T23:00:00Z
DOZ_KOM_D155_01,Track-Type Dozer,MINE_CHIKLA_07,ZONE_CHK_05,23.0,0.3,None,96.0,OPTIMAL,2025-12-15T21:00:00Z
EXC_KOM_PC450_04,Hydraulic Excavator,MINE_UKWA_08,ZONE_UKW_01,17.1,5.0,Engine cooling circuit rupture,60.0,CRITICAL_MAINTENANCE,2025-12-15T21:00:00Z
DMP_CAT_773E_03,Haul Dumper,MINE_UKWA_08,ZONE_UKW_01,20.8,1.5,Track shoe tension adjustment,78.9,WARNING,2025-12-15T21:00:00Z
DMP_CAT_773E_04,Haul Dumper,MINE_UKWA_08,ZONE_UKW_02,22.2,0.4,None,97.2,OPTIMAL,2025-12-15T18:00:00Z
DRL_ATLAS_ROC_03,Blast Drill Rig,MINE_UKWA_08,ZONE_UKW_01,19.9,2.4,Haul road dust water spraying pause,77.0,WARNING,2025-12-15T20:00:00Z
WTR_TRK_TATA_04,Dust Suppression Bowser,MINE_UKWA_08,ZONE_UKW_02,22.6,0.1,None,92.9,OPTIMAL,2025-12-15T18:00:00Z
EXC_HIT_ZX470_01,Hydraulic Excavator,MINE_GUMGAON_02,ZONE_GMG_01,22.2,0.5,None,97.7,OPTIMAL,2025-12-16T18:00:00Z
DMP_CAT_773E_01,Haul Dumper,MINE_GUMGAON_02,ZONE_GMG_01,23.2,0.1,None,96.3,OPTIMAL,2025-12-16T19:00:00Z
DMP_CAT_773E_02,Haul Dumper,MINE_GUMGAON_02,ZONE_GMG_02,22.4,0.7,None,89.7,OPTIMAL,2025-12-16T19:00:00Z
DRL_SND_DX800_01,Blast Drill Rig,MINE_GUMGAON_02,ZONE_GMG_02,22.2,0.8,None,88.0,OPTIMAL,2025-12-16T23:00:00Z
EXC_CAT_349_02,Hydraulic Excavator,MINE_TIRODI_03,ZONE_TRD_01,22.6,0.8,None,97.5,OPTIMAL,2025-12-16T18:00:00Z
EXC_KOM_PC300_01,Hydraulic Excavator,MINE_TIRODI_03,ZONE_TRD_02,22.3,0.8,None,95.0,OPTIMAL,2025-12-16T19:00:00Z
DMP_BEML_BH35_01,Haul Dumper,MINE_TIRODI_03,ZONE_TRD_01,21.2,2.1,Fuel refill & shift inspection,79.0,WARNING,2025-12-16T23:00:00Z
DMP_BEML_BH35_02,Haul Dumper,MINE_TIRODI_03,ZONE_TRD_02,22.4,0.5,None,94.6,OPTIMAL,2025-12-16T20:00:00Z
DOZ_CAT_D8R_01,Track-Type Dozer,MINE_TIRODI_03,ZONE_TRD_05,23.0,0.2,None,91.0,OPTIMAL,2025-12-16T18:00:00Z
EXC_HIT_EX1200_01,Hydraulic Mining Shovel,MINE_DONGRI_04,ZONE_DGB_01,22.7,0.2,None,96.6,OPTIMAL,2025-12-16T23:00:00Z
DMP_VOLVO_FMX_21,Haul Dumper,MINE_DONGRI_04,ZONE_DGB_01,23.4,0.1,None,90.2,OPTIMAL,2025-12-16T21:00:00Z
DMP_VOLVO_FMX_22,Haul Dumper,MINE_DONGRI_04,ZONE_DGB_02,20.7,1.9,Haul road dust water spraying pause,78.3,WARNING,2025-12-16T20:00:00Z
CRU_METSO_C120_01,Primary Jaw Crusher,MINE_DONGRI_04,ZONE_DGB_01,22.6,0.8,None,89.3,OPTIMAL,2025-12-16T20:00:00Z
WTR_TRK_TATA_02,Dust Suppression Bowser,MINE_DONGRI_04,ZONE_DGB_02,22.7,0.6,None,92.0,OPTIMAL,2025-12-16T18:00:00Z
EXC_KOM_PC450_03,Hydraulic Excavator,MINE_KANDRI_05,ZONE_KND_01,22.3,0.3,None,94.5,OPTIMAL,2025-12-16T19:00:00Z
DMP_VOLVO_FMX_31,Haul Dumper,MINE_KANDRI_05,ZONE_KND_01,21.8,1.7,Haul road dust water spraying pause,77.5,WARNING,2025-12-16T18:00:00Z
DMP_VOLVO_FMX_32,Haul Dumper,MINE_KANDRI_05,ZONE_KND_02,23.0,0.4,None,93.5,OPTIMAL,2025-12-16T20:00:00Z
DRL_ATLAS_ROC_02,Blast Drill Rig,MINE_KANDRI_05,ZONE_KND_01,22.5,0.5,None,88.5,OPTIMAL,2025-12-16T20:00:00Z
EXC_CAT_349_03,Hydraulic Excavator,MINE_MANSAR_06,ZONE_MSR_01,19.8,2.3,Air intake filter clogging,74.3,WARNING,2025-12-16T21:00:00Z
DMP_BEML_BH35_03,Haul Dumper,MINE_MANSAR_06,ZONE_MSR_01,22.4,0.6,None,89.1,OPTIMAL,2025-12-16T18:00:00Z
DMP_BEML_BH35_04,Haul Dumper,MINE_MANSAR_06,ZONE_MSR_02,23.2,0.2,None,88.4,OPTIMAL,2025-12-16T20:00:00Z
WTR_TRK_TATA_03,Dust Suppression Bowser,MINE_MANSAR_06,ZONE_MSR_01,22.3,0.3,None,95.0,OPTIMAL,2025-12-16T21:00:00Z
EXC_HIT_ZX470_02,Hydraulic Excavator,MINE_CHIKLA_07,ZONE_CHK_01,19.2,3.0,Air intake filter clogging,75.2,WARNING,2025-12-16T19:00:00Z
DMP_VOLVO_FMX_41,Haul Dumper,MINE_CHIKLA_07,ZONE_CHK_01,22.6,0.3,None,95.3,OPTIMAL,2025-12-16T18:00:00Z
DMP_VOLVO_FMX_42,Haul Dumper,MINE_CHIKLA_07,ZONE_CHK_02,22.2,0.6,None,96.5,OPTIMAL,2025-12-16T23:00:00Z
DRL_SND_DX800_02,Blast Drill Rig,MINE_CHIKLA_07,ZONE_CHK_01,23.2,0.1,None,97.0,OPTIMAL,2025-12-16T19:00:00Z
DOZ_KOM_D155_01,Track-Type Dozer,MINE_CHIKLA_07,ZONE_CHK_05,23.1,0.4,None,97.7,OPTIMAL,2025-12-16T18:00:00Z
EXC_KOM_PC450_04,Hydraulic Excavator,MINE_UKWA_08,ZONE_UKW_01,23.1,0.0,None,92.7,OPTIMAL,2025-12-16T18:00:00Z
DMP_CAT_773E_03,Haul Dumper,MINE_UKWA_08,ZONE_UKW_01,22.6,0.1,None,93.7,OPTIMAL,2025-12-16T20:00:00Z
DMP_CAT_773E_04,Haul Dumper,MINE_UKWA_08,ZONE_UKW_02,23.2,0.2,None,88.9,OPTIMAL,2025-12-16T20:00:00Z
DRL_ATLAS_ROC_03,Blast Drill Rig,MINE_UKWA_08,ZONE_UKW_01,22.6,0.5,None,93.5,OPTIMAL,2025-12-16T23:00:00Z
WTR_TRK_TATA_04,Dust Suppression Bowser,MINE_UKWA_08,ZONE_UKW_02,23.1,0.0,None,95.1,OPTIMAL,2025-12-16T22:00:00Z
EXC_HIT_ZX470_01,Hydraulic Excavator,MINE_GUMGAON_02,ZONE_GMG_01,22.0,0.9,None,89.1,OPTIMAL,2025-12-17T23:00:00Z
DMP_CAT_773E_01,Haul Dumper,MINE_GUMGAON_02,ZONE_GMG_01,23.0,0.1,None,90.2,OPTIMAL,2025-12-17T19:00:00Z
DMP_CAT_773E_02,Haul Dumper,MINE_GUMGAON_02,ZONE_GMG_02,19.8,2.7,Air intake filter clogging,77.2,WARNING,2025-12-17T23:00:00Z
DRL_SND_DX800_01,Blast Drill Rig,MINE_GUMGAON_02,ZONE_GMG_02,23.0,0.4,None,90.7,OPTIMAL,2025-12-17T23:00:00Z
EXC_CAT_349_02,Hydraulic Excavator,MINE_TIRODI_03,ZONE_TRD_01,22.1,0.4,None,93.3,OPTIMAL,2025-12-17T20:00:00Z
EXC_KOM_PC300_01,Hydraulic Excavator,MINE_TIRODI_03,ZONE_TRD_02,22.6,0.3,None,97.5,OPTIMAL,2025-12-17T20:00:00Z
DMP_BEML_BH35_01,Haul Dumper,MINE_TIRODI_03,ZONE_TRD_01,20.5,2.5,Fuel refill & shift inspection,79.3,WARNING,2025-12-17T21:00:00Z
DMP_BEML_BH35_02,Haul Dumper,MINE_TIRODI_03,ZONE_TRD_02,23.1,0.3,None,88.1,OPTIMAL,2025-12-17T23:00:00Z
DOZ_CAT_D8R_01,Track-Type Dozer,MINE_TIRODI_03,ZONE_TRD_05,22.7,0.5,None,93.6,OPTIMAL,2025-12-17T19:00:00Z
EXC_HIT_EX1200_01,Hydraulic Mining Shovel,MINE_DONGRI_04,ZONE_DGB_01,22.7,0.8,None,88.4,OPTIMAL,2025-12-17T20:00:00Z
DMP_VOLVO_FMX_21,Haul Dumper,MINE_DONGRI_04,ZONE_DGB_01,23.0,0.5,None,91.5,OPTIMAL,2025-12-17T18:00:00Z
DMP_VOLVO_FMX_22,Haul Dumper,MINE_DONGRI_04,ZONE_DGB_02,13.4,8.0,Engine cooling circuit rupture,58.0,CRITICAL_MAINTENANCE,2025-12-17T19:00:00Z
CRU_METSO_C120_01,Primary Jaw Crusher,MINE_DONGRI_04,ZONE_DGB_01,22.7,0.1,None,92.3,OPTIMAL,2025-12-17T18:00:00Z
WTR_TRK_TATA_02,Dust Suppression Bowser,MINE_DONGRI_04,ZONE_DGB_02,19.7,3.4,Fuel refill & shift inspection,80.1,WARNING,2025-12-17T21:00:00Z
EXC_KOM_PC450_03,Hydraulic Excavator,MINE_KANDRI_05,ZONE_KND_01,21.7,0.9,None,94.0,OPTIMAL,2025-12-17T19:00:00Z
DMP_VOLVO_FMX_31,Haul Dumper,MINE_KANDRI_05,ZONE_KND_01,22.6,0.3,None,94.8,OPTIMAL,2025-12-17T19:00:00Z
DMP_VOLVO_FMX_32,Haul Dumper,MINE_KANDRI_05,ZONE_KND_02,23.0,0.2,None,91.0,OPTIMAL,2025-12-17T23:00:00Z
DRL_ATLAS_ROC_02,Blast Drill Rig,MINE_KANDRI_05,ZONE_KND_01,21.9,0.8,None,89.0,OPTIMAL,2025-12-17T22:00:00Z
EXC_CAT_349_03,Hydraulic Excavator,MINE_MANSAR_06,ZONE_MSR_01,21.9,0.9,None,92.7,OPTIMAL,2025-12-17T21:00:00Z
DMP_BEML_BH35_03,Haul Dumper,MINE_MANSAR_06,ZONE_MSR_01,22.1,0.5,None,88.3,OPTIMAL,2025-12-17T21:00:00Z
DMP_BEML_BH35_04,Haul Dumper,MINE_MANSAR_06,ZONE_MSR_02,21.8,0.9,None,93.8,OPTIMAL,2025-12-17T20:00:00Z
WTR_TRK_TATA_03,Dust Suppression Bowser,MINE_MANSAR_06,ZONE_MSR_01,22.6,0.6,None,95.6,OPTIMAL,2025-12-17T21:00:00Z
EXC_HIT_ZX470_02,Hydraulic Excavator,MINE_CHIKLA_07,ZONE_CHK_01,22.2,0.5,None,93.2,OPTIMAL,2025-12-17T18:00:00Z
DMP_VOLVO_FMX_41,Haul Dumper,MINE_CHIKLA_07,ZONE_CHK_01,22.4,1.0,None,93.9,OPTIMAL,2025-12-17T20:00:00Z
DMP_VOLVO_FMX_42,Haul Dumper,MINE_CHIKLA_07,ZONE_CHK_02,22.5,0.9,None,93.8,OPTIMAL,2025-12-17T22:00:00Z
DRL_SND_DX800_02,Blast Drill Rig,MINE_CHIKLA_07,ZONE_CHK_01,21.4,1.9,Fuel refill & shift inspection,80.9,WARNING,2025-12-17T19:00:00Z
DOZ_KOM_D155_01,Track-Type Dozer,MINE_CHIKLA_07,ZONE_CHK_05,22.3,0.9,None,91.1,OPTIMAL,2025-12-17T18:00:00Z
EXC_KOM_PC450_04,Hydraulic Excavator,MINE_UKWA_08,ZONE_UKW_01,23.2,0.2,None,89.5,OPTIMAL,2025-12-17T18:00:00Z
DMP_CAT_773E_03,Haul Dumper,MINE_UKWA_08,ZONE_UKW_01,23.4,0.1,None,93.1,OPTIMAL,2025-12-17T21:00:00Z
DMP_CAT_773E_04,Haul Dumper,MINE_UKWA_08,ZONE_UKW_02,22.1,0.4,None,96.2,OPTIMAL,2025-12-17T22:00:00Z
DRL_ATLAS_ROC_03,Blast Drill Rig,MINE_UKWA_08,ZONE_UKW_01,22.4,0.4,None,89.2,OPTIMAL,2025-12-17T19:00:00Z
WTR_TRK_TATA_04,Dust Suppression Bowser,MINE_UKWA_08,ZONE_UKW_02,22.0,0.8,None,89.7,OPTIMAL,2025-12-17T23:00:00Z
EXC_HIT_ZX470_01,Hydraulic Excavator,MINE_GUMGAON_02,ZONE_GMG_01,22.7,0.5,None,89.0,OPTIMAL,2025-12-18T22:00:00Z
DMP_CAT_773E_01,Haul Dumper,MINE_GUMGAON_02,ZONE_GMG_01,22.4,0.4,None,89.1,OPTIMAL,2025-12-18T21:00:00Z
DMP_CAT_773E_02,Haul Dumper,MINE_GUMGAON_02,ZONE_GMG_02,23.1,0.3,None,91.9,OPTIMAL,2025-12-18T22:00:00Z
DRL_SND_DX800_01,Blast Drill Rig,MINE_GUMGAON_02,ZONE_GMG_02,22.0,0.9,None,88.4,OPTIMAL,2025-12-18T20:00:00Z
EXC_CAT_349_02,Hydraulic Excavator,MINE_TIRODI_03,ZONE_TRD_01,22.5,0.7,None,97.8,OPTIMAL,2025-12-18T20:00:00Z
EXC_KOM_PC300_01,Hydraulic Excavator,MINE_TIRODI_03,ZONE_TRD_02,22.4,0.2,None,93.3,OPTIMAL,2025-12-18T22:00:00Z
DMP_BEML_BH35_01,Haul Dumper,MINE_TIRODI_03,ZONE_TRD_01,22.4,0.4,None,91.4,OPTIMAL,2025-12-18T23:00:00Z
DMP_BEML_BH35_02,Haul Dumper,MINE_TIRODI_03,ZONE_TRD_02,22.0,0.8,None,97.2,OPTIMAL,2025-12-18T18:00:00Z
DOZ_CAT_D8R_01,Track-Type Dozer,MINE_TIRODI_03,ZONE_TRD_05,22.6,0.4,None,94.6,OPTIMAL,2025-12-18T22:00:00Z
EXC_HIT_EX1200_01,Hydraulic Mining Shovel,MINE_DONGRI_04,ZONE_DGB_01,22.5,0.7,None,95.0,OPTIMAL,2025-12-18T22:00:00Z
DMP_VOLVO_FMX_21,Haul Dumper,MINE_DONGRI_04,ZONE_DGB_01,22.5,0.6,None,88.4,OPTIMAL,2025-12-18T23:00:00Z
DMP_VOLVO_FMX_22,Haul Dumper,MINE_DONGRI_04,ZONE_DGB_02,20.4,1.7,Air intake filter clogging,77.7,WARNING,2025-12-18T23:00:00Z
CRU_METSO_C120_01,Primary Jaw Crusher,MINE_DONGRI_04,ZONE_DGB_01,19.1,3.3,Fuel refill & shift inspection,76.6,WARNING,2025-12-18T18:00:00Z
WTR_TRK_TATA_02,Dust Suppression Bowser,MINE_DONGRI_04,ZONE_DGB_02,22.8,0.0,None,92.4,OPTIMAL,2025-12-18T20:00:00Z
EXC_KOM_PC450_03,Hydraulic Excavator,MINE_KANDRI_05,ZONE_KND_01,22.3,0.9,None,95.0,OPTIMAL,2025-12-18T21:00:00Z
DMP_VOLVO_FMX_31,Haul Dumper,MINE_KANDRI_05,ZONE_KND_01,22.7,0.6,None,92.9,OPTIMAL,2025-12-18T23:00:00Z
DMP_VOLVO_FMX_32,Haul Dumper,MINE_KANDRI_05,ZONE_KND_02,22.5,0.2,None,96.1,OPTIMAL,2025-12-18T19:00:00Z
DRL_ATLAS_ROC_02,Blast Drill Rig,MINE_KANDRI_05,ZONE_KND_01,20.0,3.4,Air intake filter clogging,72.4,WARNING,2025-12-18T18:00:00Z
EXC_CAT_349_03,Hydraulic Excavator,MINE_MANSAR_06,ZONE_MSR_01,22.9,0.5,None,89.9,OPTIMAL,2025-12-18T23:00:00Z
DMP_BEML_BH35_03,Haul Dumper,MINE_MANSAR_06,ZONE_MSR_01,22.8,0.5,None,90.1,OPTIMAL,2025-12-18T21:00:00Z
DMP_BEML_BH35_04,Haul Dumper,MINE_MANSAR_06,ZONE_MSR_02,21.7,0.9,None,96.0,OPTIMAL,2025-12-18T21:00:00Z
WTR_TRK_TATA_03,Dust Suppression Bowser,MINE_MANSAR_06,ZONE_MSR_01,23.3,0.1,None,95.8,OPTIMAL,2025-12-18T20:00:00Z
EXC_HIT_ZX470_02,Hydraulic Excavator,MINE_CHIKLA_07,ZONE_CHK_01,22.9,0.1,None,88.2,OPTIMAL,2025-12-18T20:00:00Z
DMP_VOLVO_FMX_41,Haul Dumper,MINE_CHIKLA_07,ZONE_CHK_01,22.7,0.7,None,96.7,OPTIMAL,2025-12-18T20:00:00Z
DMP_VOLVO_FMX_42,Haul Dumper,MINE_CHIKLA_07,ZONE_CHK_02,21.7,0.9,None,93.0,OPTIMAL,2025-12-18T21:00:00Z
DRL_SND_DX800_02,Blast Drill Rig,MINE_CHIKLA_07,ZONE_CHK_01,22.0,0.9,None,97.4,OPTIMAL,2025-12-18T20:00:00Z
DOZ_KOM_D155_01,Track-Type Dozer,MINE_CHIKLA_07,ZONE_CHK_05,20.9,2.3,Track shoe tension adjustment,82.7,WARNING,2025-12-18T19:00:00Z
EXC_KOM_PC450_04,Hydraulic Excavator,MINE_UKWA_08,ZONE_UKW_01,22.4,0.3,None,97.1,OPTIMAL,2025-12-18T18:00:00Z
DMP_CAT_773E_03,Haul Dumper,MINE_UKWA_08,ZONE_UKW_01,18.7,3.4,Track shoe tension adjustment,80.4,WARNING,2025-12-18T20:00:00Z
DMP_CAT_773E_04,Haul Dumper,MINE_UKWA_08,ZONE_UKW_02,22.3,0.6,None,88.8,OPTIMAL,2025-12-18T22:00:00Z
DRL_ATLAS_ROC_03,Blast Drill Rig,MINE_UKWA_08,ZONE_UKW_01,22.7,0.7,None,93.0,OPTIMAL,2025-12-18T19:00:00Z
WTR_TRK_TATA_04,Dust Suppression Bowser,MINE_UKWA_08,ZONE_UKW_02,22.4,0.3,None,97.7,OPTIMAL,2025-12-18T18:00:00Z
EXC_HIT_ZX470_01,Hydraulic Excavator,MINE_GUMGAON_02,ZONE_GMG_01,20.1,3.1,Fuel refill & shift inspection,79.3,WARNING,2025-12-19T23:00:00Z
DMP_CAT_773E_01,Haul Dumper,MINE_GUMGAON_02,ZONE_GMG_01,20.4,2.5,Air intake filter clogging,76.5,WARNING,2025-12-19T21:00:00Z
DMP_CAT_773E_02,Haul Dumper,MINE_GUMGAON_02,ZONE_GMG_02,23.3,0.1,None,94.2,OPTIMAL,2025-12-19T20:00:00Z
DRL_SND_DX800_01,Blast Drill Rig,MINE_GUMGAON_02,ZONE_GMG_02,22.4,0.9,None,88.9,OPTIMAL,2025-12-19T18:00:00Z
EXC_CAT_349_02,Hydraulic Excavator,MINE_TIRODI_03,ZONE_TRD_01,21.8,0.9,None,93.7,OPTIMAL,2025-12-19T18:00:00Z
EXC_KOM_PC300_01,Hydraulic Excavator,MINE_TIRODI_03,ZONE_TRD_02,23.3,0.1,None,92.4,OPTIMAL,2025-12-19T20:00:00Z
DMP_BEML_BH35_01,Haul Dumper,MINE_TIRODI_03,ZONE_TRD_01,15.4,7.1,Engine cooling circuit rupture,53.8,CRITICAL_MAINTENANCE,2025-12-19T21:00:00Z
DMP_BEML_BH35_02,Haul Dumper,MINE_TIRODI_03,ZONE_TRD_02,23.1,0.1,None,93.4,OPTIMAL,2025-12-19T21:00:00Z
DOZ_CAT_D8R_01,Track-Type Dozer,MINE_TIRODI_03,ZONE_TRD_05,21.7,0.9,None,92.4,OPTIMAL,2025-12-19T20:00:00Z
EXC_HIT_EX1200_01,Hydraulic Mining Shovel,MINE_DONGRI_04,ZONE_DGB_01,22.5,0.3,None,93.3,OPTIMAL,2025-12-19T20:00:00Z
DMP_VOLVO_FMX_21,Haul Dumper,MINE_DONGRI_04,ZONE_DGB_01,23.1,0.1,None,92.1,OPTIMAL,2025-12-19T22:00:00Z
DMP_VOLVO_FMX_22,Haul Dumper,MINE_DONGRI_04,ZONE_DGB_02,18.9,3.3,Haul road dust water spraying pause,78.3,WARNING,2025-12-19T23:00:00Z
CRU_METSO_C120_01,Primary Jaw Crusher,MINE_DONGRI_04,ZONE_DGB_01,22.0,0.7,None,88.4,OPTIMAL,2025-12-19T19:00:00Z
WTR_TRK_TATA_02,Dust Suppression Bowser,MINE_DONGRI_04,ZONE_DGB_02,22.9,0.5,None,93.0,OPTIMAL,2025-12-19T18:00:00Z
EXC_KOM_PC450_03,Hydraulic Excavator,MINE_KANDRI_05,ZONE_KND_01,22.2,0.3,None,88.6,OPTIMAL,2025-12-19T22:00:00Z
DMP_VOLVO_FMX_31,Haul Dumper,MINE_KANDRI_05,ZONE_KND_01,20.5,2.3,Fuel refill & shift inspection,74.7,WARNING,2025-12-19T19:00:00Z
DMP_VOLVO_FMX_32,Haul Dumper,MINE_KANDRI_05,ZONE_KND_02,22.8,0.7,None,95.6,OPTIMAL,2025-12-19T18:00:00Z
DRL_ATLAS_ROC_02,Blast Drill Rig,MINE_KANDRI_05,ZONE_KND_01,22.4,0.3,None,90.6,OPTIMAL,2025-12-19T22:00:00Z
EXC_CAT_349_03,Hydraulic Excavator,MINE_MANSAR_06,ZONE_MSR_01,19.6,3.0,Track shoe tension adjustment,82.4,WARNING,2025-12-19T18:00:00Z
DMP_BEML_BH35_03,Haul Dumper,MINE_MANSAR_06,ZONE_MSR_01,22.3,0.9,None,97.9,OPTIMAL,2025-12-19T22:00:00Z
DMP_BEML_BH35_04,Haul Dumper,MINE_MANSAR_06,ZONE_MSR_02,22.4,0.6,None,89.6,OPTIMAL,2025-12-19T21:00:00Z
WTR_TRK_TATA_03,Dust Suppression Bowser,MINE_MANSAR_06,ZONE_MSR_01,22.4,0.2,None,90.8,OPTIMAL,2025-12-19T23:00:00Z
EXC_HIT_ZX470_02,Hydraulic Excavator,MINE_CHIKLA_07,ZONE_CHK_01,20.7,2.0,Fuel refill & shift inspection,76.1,WARNING,2025-12-19T18:00:00Z
DMP_VOLVO_FMX_41,Haul Dumper,MINE_CHIKLA_07,ZONE_CHK_01,22.0,0.7,None,96.1,OPTIMAL,2025-12-19T22:00:00Z
DMP_VOLVO_FMX_42,Haul Dumper,MINE_CHIKLA_07,ZONE_CHK_02,14.2,7.1,Drill rotary motor trip,65.0,CRITICAL_MAINTENANCE,2025-12-19T21:00:00Z
DRL_SND_DX800_02,Blast Drill Rig,MINE_CHIKLA_07,ZONE_CHK_01,17.7,4.6,Engine cooling circuit rupture,60.8,CRITICAL_MAINTENANCE,2025-12-19T19:00:00Z
DOZ_KOM_D155_01,Track-Type Dozer,MINE_CHIKLA_07,ZONE_CHK_05,22.5,0.1,None,93.5,OPTIMAL,2025-12-19T18:00:00Z
EXC_KOM_PC450_04,Hydraulic Excavator,MINE_UKWA_08,ZONE_UKW_01,22.4,0.8,None,92.9,OPTIMAL,2025-12-19T19:00:00Z
DMP_CAT_773E_03,Haul Dumper,MINE_UKWA_08,ZONE_UKW_01,22.9,0.6,None,89.1,OPTIMAL,2025-12-19T18:00:00Z
DMP_CAT_773E_04,Haul Dumper,MINE_UKWA_08,ZONE_UKW_02,22.8,0.4,None,93.5,OPTIMAL,2025-12-19T19:00:00Z
DRL_ATLAS_ROC_03,Blast Drill Rig,MINE_UKWA_08,ZONE_UKW_01,22.9,0.3,None,94.8,OPTIMAL,2025-12-19T20:00:00Z
WTR_TRK_TATA_04,Dust Suppression Bowser,MINE_UKWA_08,ZONE_UKW_02,21.3,2.0,Track shoe tension adjustment,78.1,WARNING,2025-12-19T22:00:00Z
EXC_HIT_ZX470_01,Hydraulic Excavator,MINE_GUMGAON_02,ZONE_GMG_01,22.1,0.6,None,94.8,OPTIMAL,2025-12-20T18:00:00Z
DMP_CAT_773E_01,Haul Dumper,MINE_GUMGAON_02,ZONE_GMG_01,23.1,0.1,None,95.9,OPTIMAL,2025-12-20T20:00:00Z
DMP_CAT_773E_02,Haul Dumper,MINE_GUMGAON_02,ZONE_GMG_02,22.2,0.4,None,90.9,OPTIMAL,2025-12-20T18:00:00Z
DRL_SND_DX800_01,Blast Drill Rig,MINE_GUMGAON_02,ZONE_GMG_02,18.7,3.4,Air intake filter clogging,72.3,WARNING,2025-12-20T20:00:00Z
EXC_CAT_349_02,Hydraulic Excavator,MINE_TIRODI_03,ZONE_TRD_01,22.4,0.5,None,91.4,OPTIMAL,2025-12-20T19:00:00Z
EXC_KOM_PC300_01,Hydraulic Excavator,MINE_TIRODI_03,ZONE_TRD_02,22.6,0.7,None,95.6,OPTIMAL,2025-12-20T23:00:00Z
DMP_BEML_BH35_01,Haul Dumper,MINE_TIRODI_03,ZONE_TRD_01,19.8,3.4,Fuel refill & shift inspection,78.0,WARNING,2025-12-20T22:00:00Z
DMP_BEML_BH35_02,Haul Dumper,MINE_TIRODI_03,ZONE_TRD_02,22.9,0.5,None,92.7,OPTIMAL,2025-12-20T22:00:00Z
DOZ_CAT_D8R_01,Track-Type Dozer,MINE_TIRODI_03,ZONE_TRD_05,22.7,0.2,None,97.1,OPTIMAL,2025-12-20T20:00:00Z
EXC_HIT_EX1200_01,Hydraulic Mining Shovel,MINE_DONGRI_04,ZONE_DGB_01,22.6,0.4,None,95.5,OPTIMAL,2025-12-20T18:00:00Z
DMP_VOLVO_FMX_21,Haul Dumper,MINE_DONGRI_04,ZONE_DGB_01,22.1,1.0,None,88.8,OPTIMAL,2025-12-20T22:00:00Z
DMP_VOLVO_FMX_22,Haul Dumper,MINE_DONGRI_04,ZONE_DGB_02,22.2,0.7,None,92.5,OPTIMAL,2025-12-20T21:00:00Z
CRU_METSO_C120_01,Primary Jaw Crusher,MINE_DONGRI_04,ZONE_DGB_01,21.6,1.0,None,90.4,OPTIMAL,2025-12-20T21:00:00Z
WTR_TRK_TATA_02,Dust Suppression Bowser,MINE_DONGRI_04,ZONE_DGB_02,22.1,0.6,None,91.4,OPTIMAL,2025-12-20T18:00:00Z
EXC_KOM_PC450_03,Hydraulic Excavator,MINE_KANDRI_05,ZONE_KND_01,21.9,1.0,None,94.3,OPTIMAL,2025-12-20T19:00:00Z
DMP_VOLVO_FMX_31,Haul Dumper,MINE_KANDRI_05,ZONE_KND_01,23.4,0.0,None,90.6,OPTIMAL,2025-12-20T22:00:00Z
DMP_VOLVO_FMX_32,Haul Dumper,MINE_KANDRI_05,ZONE_KND_02,22.5,0.1,None,96.3,OPTIMAL,2025-12-20T18:00:00Z
DRL_ATLAS_ROC_02,Blast Drill Rig,MINE_KANDRI_05,ZONE_KND_01,22.5,0.1,None,97.2,OPTIMAL,2025-12-20T21:00:00Z
EXC_CAT_349_03,Hydraulic Excavator,MINE_MANSAR_06,ZONE_MSR_01,22.2,0.6,None,89.2,OPTIMAL,2025-12-20T20:00:00Z
DMP_BEML_BH35_03,Haul Dumper,MINE_MANSAR_06,ZONE_MSR_01,22.5,1.0,None,95.4,OPTIMAL,2025-12-20T20:00:00Z
DMP_BEML_BH35_04,Haul Dumper,MINE_MANSAR_06,ZONE_MSR_02,22.2,0.6,None,92.4,OPTIMAL,2025-12-20T21:00:00Z
WTR_TRK_TATA_03,Dust Suppression Bowser,MINE_MANSAR_06,ZONE_MSR_01,22.2,0.7,None,96.2,OPTIMAL,2025-12-20T22:00:00Z
EXC_HIT_ZX470_02,Hydraulic Excavator,MINE_CHIKLA_07,ZONE_CHK_01,22.5,0.6,None,94.5,OPTIMAL,2025-12-20T21:00:00Z
DMP_VOLVO_FMX_41,Haul Dumper,MINE_CHIKLA_07,ZONE_CHK_01,22.5,0.7,None,95.7,OPTIMAL,2025-12-20T19:00:00Z
DMP_VOLVO_FMX_42,Haul Dumper,MINE_CHIKLA_07,ZONE_CHK_02,22.0,0.6,None,93.8,OPTIMAL,2025-12-20T21:00:00Z
DRL_SND_DX800_02,Blast Drill Rig,MINE_CHIKLA_07,ZONE_CHK_01,21.7,0.8,None,88.4,OPTIMAL,2025-12-20T23:00:00Z
DOZ_KOM_D155_01,Track-Type Dozer,MINE_CHIKLA_07,ZONE_CHK_05,22.8,0.4,None,96.8,OPTIMAL,2025-12-20T20:00:00Z
EXC_KOM_PC450_04,Hydraulic Excavator,MINE_UKWA_08,ZONE_UKW_01,23.1,0.1,None,92.4,OPTIMAL,2025-12-20T19:00:00Z
DMP_CAT_773E_03,Haul Dumper,MINE_UKWA_08,ZONE_UKW_01,21.7,1.0,None,97.2,OPTIMAL,2025-12-20T23:00:00Z
DMP_CAT_773E_04,Haul Dumper,MINE_UKWA_08,ZONE_UKW_02,20.1,2.6,Track shoe tension adjustment,74.0,WARNING,2025-12-20T22:00:00Z
DRL_ATLAS_ROC_03,Blast Drill Rig,MINE_UKWA_08,ZONE_UKW_01,22.2,0.5,None,91.7,OPTIMAL,2025-12-20T20:00:00Z
WTR_TRK_TATA_04,Dust Suppression Bowser,MINE_UKWA_08,ZONE_UKW_02,22.3,0.7,None,96.3,OPTIMAL,2025-12-20T20:00:00Z
EXC_HIT_ZX470_01,Hydraulic Excavator,MINE_GUMGAON_02,ZONE_GMG_01,22.5,0.9,None,96.9,OPTIMAL,2025-12-21T21:00:00Z
DMP_CAT_773E_01,Haul Dumper,MINE_GUMGAON_02,ZONE_GMG_01,21.8,1.0,None,89.2,OPTIMAL,2025-12-21T20:00:00Z
DMP_CAT_773E_02,Haul Dumper,MINE_GUMGAON_02,ZONE_GMG_02,23.2,0.2,None,89.6,OPTIMAL,2025-12-21T20:00:00Z
DRL_SND_DX800_01,Blast Drill Rig,MINE_GUMGAON_02,ZONE_GMG_02,22.2,0.5,None,95.1,OPTIMAL,2025-12-21T20:00:00Z
EXC_CAT_349_02,Hydraulic Excavator,MINE_TIRODI_03,ZONE_TRD_01,20.7,1.7,Air intake filter clogging,78.3,WARNING,2025-12-21T22:00:00Z
EXC_KOM_PC300_01,Hydraulic Excavator,MINE_TIRODI_03,ZONE_TRD_02,22.9,0.0,None,88.1,OPTIMAL,2025-12-21T19:00:00Z
DMP_BEML_BH35_01,Haul Dumper,MINE_TIRODI_03,ZONE_TRD_01,23.1,0.2,None,92.7,OPTIMAL,2025-12-21T21:00:00Z
DMP_BEML_BH35_02,Haul Dumper,MINE_TIRODI_03,ZONE_TRD_02,23.0,0.3,None,96.8,OPTIMAL,2025-12-21T22:00:00Z
DOZ_CAT_D8R_01,Track-Type Dozer,MINE_TIRODI_03,ZONE_TRD_05,23.4,0.0,None,93.6,OPTIMAL,2025-12-21T19:00:00Z
EXC_HIT_EX1200_01,Hydraulic Mining Shovel,MINE_DONGRI_04,ZONE_DGB_01,19.7,2.9,Air intake filter clogging,79.6,WARNING,2025-12-21T23:00:00Z
DMP_VOLVO_FMX_21,Haul Dumper,MINE_DONGRI_04,ZONE_DGB_01,21.6,1.0,None,96.4,OPTIMAL,2025-12-21T20:00:00Z
DMP_VOLVO_FMX_22,Haul Dumper,MINE_DONGRI_04,ZONE_DGB_02,22.3,0.6,None,93.4,OPTIMAL,2025-12-21T20:00:00Z
CRU_METSO_C120_01,Primary Jaw Crusher,MINE_DONGRI_04,ZONE_DGB_01,19.1,3.3,Fuel refill & shift inspection,75.4,WARNING,2025-12-21T20:00:00Z
WTR_TRK_TATA_02,Dust Suppression Bowser,MINE_DONGRI_04,ZONE_DGB_02,22.3,0.2,None,94.6,OPTIMAL,2025-12-21T20:00:00Z
EXC_KOM_PC450_03,Hydraulic Excavator,MINE_KANDRI_05,ZONE_KND_01,22.2,0.8,None,96.0,OPTIMAL,2025-12-21T21:00:00Z
DMP_VOLVO_FMX_31,Haul Dumper,MINE_KANDRI_05,ZONE_KND_01,23.2,0.0,None,90.2,OPTIMAL,2025-12-21T21:00:00Z
DMP_VOLVO_FMX_32,Haul Dumper,MINE_KANDRI_05,ZONE_KND_02,22.9,0.3,None,91.9,OPTIMAL,2025-12-21T21:00:00Z
DRL_ATLAS_ROC_02,Blast Drill Rig,MINE_KANDRI_05,ZONE_KND_01,22.9,0.1,None,90.2,OPTIMAL,2025-12-21T23:00:00Z
EXC_CAT_349_03,Hydraulic Excavator,MINE_MANSAR_06,ZONE_MSR_01,22.5,0.4,None,89.7,OPTIMAL,2025-12-21T19:00:00Z
DMP_BEML_BH35_03,Haul Dumper,MINE_MANSAR_06,ZONE_MSR_01,19.2,3.4,Track shoe tension adjustment,73.6,WARNING,2025-12-21T23:00:00Z
DMP_BEML_BH35_04,Haul Dumper,MINE_MANSAR_06,ZONE_MSR_02,14.7,7.6,Engine cooling circuit rupture,55.1,CRITICAL_MAINTENANCE,2025-12-21T18:00:00Z
WTR_TRK_TATA_03,Dust Suppression Bowser,MINE_MANSAR_06,ZONE_MSR_01,22.9,0.4,None,89.6,OPTIMAL,2025-12-21T22:00:00Z
EXC_HIT_ZX470_02,Hydraulic Excavator,MINE_CHIKLA_07,ZONE_CHK_01,23.0,0.3,None,91.7,OPTIMAL,2025-12-21T21:00:00Z
DMP_VOLVO_FMX_41,Haul Dumper,MINE_CHIKLA_07,ZONE_CHK_01,22.6,0.9,None,88.2,OPTIMAL,2025-12-21T22:00:00Z
DMP_VOLVO_FMX_42,Haul Dumper,MINE_CHIKLA_07,ZONE_CHK_02,22.8,0.5,None,91.0,OPTIMAL,2025-12-21T19:00:00Z
DRL_SND_DX800_02,Blast Drill Rig,MINE_CHIKLA_07,ZONE_CHK_01,22.8,0.0,None,96.1,OPTIMAL,2025-12-21T21:00:00Z
DOZ_KOM_D155_01,Track-Type Dozer,MINE_CHIKLA_07,ZONE_CHK_05,22.5,0.7,None,88.8,OPTIMAL,2025-12-21T18:00:00Z
EXC_KOM_PC450_04,Hydraulic Excavator,MINE_UKWA_08,ZONE_UKW_01,22.8,0.7,None,95.4,OPTIMAL,2025-12-21T22:00:00Z
DMP_CAT_773E_03,Haul Dumper,MINE_UKWA_08,ZONE_UKW_01,22.0,0.7,None,89.9,OPTIMAL,2025-12-21T22:00:00Z
DMP_CAT_773E_04,Haul Dumper,MINE_UKWA_08,ZONE_UKW_02,22.4,0.4,None,91.0,OPTIMAL,2025-12-21T21:00:00Z
DRL_ATLAS_ROC_03,Blast Drill Rig,MINE_UKWA_08,ZONE_UKW_01,22.3,0.7,None,90.9,OPTIMAL,2025-12-21T18:00:00Z
WTR_TRK_TATA_04,Dust Suppression Bowser,MINE_UKWA_08,ZONE_UKW_02,22.9,0.3,None,95.0,OPTIMAL,2025-12-21T22:00:00Z
EXC_HIT_ZX470_01,Hydraulic Excavator,MINE_GUMGAON_02,ZONE_GMG_01,20.4,2.5,Track shoe tension adjustment,76.5,WARNING,2025-12-22T21:00:00Z
DMP_CAT_773E_01,Haul Dumper,MINE_GUMGAON_02,ZONE_GMG_01,22.9,0.4,None,91.7,OPTIMAL,2025-12-22T22:00:00Z
DMP_CAT_773E_02,Haul Dumper,MINE_GUMGAON_02,ZONE_GMG_02,22.8,0.1,None,88.8,OPTIMAL,2025-12-22T22:00:00Z
DRL_SND_DX800_01,Blast Drill Rig,MINE_GUMGAON_02,ZONE_GMG_02,22.8,0.5,None,89.4,OPTIMAL,2025-12-22T22:00:00Z
EXC_CAT_349_02,Hydraulic Excavator,MINE_TIRODI_03,ZONE_TRD_01,21.9,0.8,None,88.6,OPTIMAL,2025-12-22T21:00:00Z
EXC_KOM_PC300_01,Hydraulic Excavator,MINE_TIRODI_03,ZONE_TRD_02,23.0,0.3,None,91.2,OPTIMAL,2025-12-22T22:00:00Z
DMP_BEML_BH35_01,Haul Dumper,MINE_TIRODI_03,ZONE_TRD_01,23.0,0.3,None,93.6,OPTIMAL,2025-12-22T21:00:00Z
DMP_BEML_BH35_02,Haul Dumper,MINE_TIRODI_03,ZONE_TRD_02,22.5,0.7,None,95.1,OPTIMAL,2025-12-22T22:00:00Z
DOZ_CAT_D8R_01,Track-Type Dozer,MINE_TIRODI_03,ZONE_TRD_05,21.9,0.7,None,92.3,OPTIMAL,2025-12-22T18:00:00Z
EXC_HIT_EX1200_01,Hydraulic Mining Shovel,MINE_DONGRI_04,ZONE_DGB_01,22.6,0.2,None,89.7,OPTIMAL,2025-12-22T21:00:00Z
DMP_VOLVO_FMX_21,Haul Dumper,MINE_DONGRI_04,ZONE_DGB_01,19.5,3.3,Fuel refill & shift inspection,79.5,WARNING,2025-12-22T19:00:00Z
DMP_VOLVO_FMX_22,Haul Dumper,MINE_DONGRI_04,ZONE_DGB_02,22.8,0.4,None,92.4,OPTIMAL,2025-12-22T20:00:00Z
CRU_METSO_C120_01,Primary Jaw Crusher,MINE_DONGRI_04,ZONE_DGB_01,22.9,0.3,None,96.9,OPTIMAL,2025-12-22T22:00:00Z
WTR_TRK_TATA_02,Dust Suppression Bowser,MINE_DONGRI_04,ZONE_DGB_02,22.8,0.5,None,94.1,OPTIMAL,2025-12-22T23:00:00Z
EXC_KOM_PC450_03,Hydraulic Excavator,MINE_KANDRI_05,ZONE_KND_01,22.8,0.5,None,91.3,OPTIMAL,2025-12-22T23:00:00Z
DMP_VOLVO_FMX_31,Haul Dumper,MINE_KANDRI_05,ZONE_KND_01,22.9,0.1,None,96.3,OPTIMAL,2025-12-22T18:00:00Z
DMP_VOLVO_FMX_32,Haul Dumper,MINE_KANDRI_05,ZONE_KND_02,22.0,0.5,None,88.1,OPTIMAL,2025-12-22T23:00:00Z
DRL_ATLAS_ROC_02,Blast Drill Rig,MINE_KANDRI_05,ZONE_KND_01,22.7,0.5,None,88.6,OPTIMAL,2025-12-22T21:00:00Z
EXC_CAT_349_03,Hydraulic Excavator,MINE_MANSAR_06,ZONE_MSR_01,19.4,2.8,Track shoe tension adjustment,76.1,WARNING,2025-12-22T19:00:00Z
DMP_BEML_BH35_03,Haul Dumper,MINE_MANSAR_06,ZONE_MSR_01,22.0,0.9,None,91.1,OPTIMAL,2025-12-22T22:00:00Z
DMP_BEML_BH35_04,Haul Dumper,MINE_MANSAR_06,ZONE_MSR_02,22.3,0.6,None,90.0,OPTIMAL,2025-12-22T22:00:00Z
WTR_TRK_TATA_03,Dust Suppression Bowser,MINE_MANSAR_06,ZONE_MSR_01,22.9,0.3,None,89.0,OPTIMAL,2025-12-22T22:00:00Z
EXC_HIT_ZX470_02,Hydraulic Excavator,MINE_CHIKLA_07,ZONE_CHK_01,22.4,0.3,None,93.9,OPTIMAL,2025-12-22T20:00:00Z
DMP_VOLVO_FMX_41,Haul Dumper,MINE_CHIKLA_07,ZONE_CHK_01,22.0,0.6,None,90.1,OPTIMAL,2025-12-22T18:00:00Z
DMP_VOLVO_FMX_42,Haul Dumper,MINE_CHIKLA_07,ZONE_CHK_02,22.6,0.1,None,89.5,OPTIMAL,2025-12-22T19:00:00Z
DRL_SND_DX800_02,Blast Drill Rig,MINE_CHIKLA_07,ZONE_CHK_01,20.3,1.7,Fuel refill & shift inspection,73.6,WARNING,2025-12-22T21:00:00Z
DOZ_KOM_D155_01,Track-Type Dozer,MINE_CHIKLA_07,ZONE_CHK_05,22.9,0.5,None,93.6,OPTIMAL,2025-12-22T21:00:00Z
EXC_KOM_PC450_04,Hydraulic Excavator,MINE_UKWA_08,ZONE_UKW_01,22.3,0.4,None,91.2,OPTIMAL,2025-12-22T18:00:00Z
DMP_CAT_773E_03,Haul Dumper,MINE_UKWA_08,ZONE_UKW_01,21.6,1.0,None,96.3,OPTIMAL,2025-12-22T23:00:00Z
DMP_CAT_773E_04,Haul Dumper,MINE_UKWA_08,ZONE_UKW_02,22.4,0.4,None,90.5,OPTIMAL,2025-12-22T18:00:00Z
DRL_ATLAS_ROC_03,Blast Drill Rig,MINE_UKWA_08,ZONE_UKW_01,23.2,0.3,None,91.7,OPTIMAL,2025-12-22T21:00:00Z
WTR_TRK_TATA_04,Dust Suppression Bowser,MINE_UKWA_08,ZONE_UKW_02,22.5,0.4,None,96.8,OPTIMAL,2025-12-22T19:00:00Z
EXC_HIT_ZX470_01,Hydraulic Excavator,MINE_GUMGAON_02,ZONE_GMG_01,22.8,0.7,None,92.4,OPTIMAL,2025-12-23T22:00:00Z
DMP_CAT_773E_01,Haul Dumper,MINE_GUMGAON_02,ZONE_GMG_01,22.3,0.3,None,97.2,OPTIMAL,2025-12-23T22:00:00Z
DMP_CAT_773E_02,Haul Dumper,MINE_GUMGAON_02,ZONE_GMG_02,23.2,0.0,None,92.8,OPTIMAL,2025-12-23T18:00:00Z
DRL_SND_DX800_01,Blast Drill Rig,MINE_GUMGAON_02,ZONE_GMG_02,23.1,0.3,None,93.7,OPTIMAL,2025-12-23T18:00:00Z
EXC_CAT_349_02,Hydraulic Excavator,MINE_TIRODI_03,ZONE_TRD_01,21.9,1.0,None,92.9,OPTIMAL,2025-12-23T21:00:00Z
EXC_KOM_PC300_01,Hydraulic Excavator,MINE_TIRODI_03,ZONE_TRD_02,22.9,0.5,None,91.7,OPTIMAL,2025-12-23T22:00:00Z
DMP_BEML_BH35_01,Haul Dumper,MINE_TIRODI_03,ZONE_TRD_01,21.9,0.7,None,89.3,OPTIMAL,2025-12-23T21:00:00Z
DMP_BEML_BH35_02,Haul Dumper,MINE_TIRODI_03,ZONE_TRD_02,20.0,2.4,Haul road dust water spraying pause,75.8,WARNING,2025-12-23T19:00:00Z
DOZ_CAT_D8R_01,Track-Type Dozer,MINE_TIRODI_03,ZONE_TRD_05,22.5,0.3,None,97.0,OPTIMAL,2025-12-23T23:00:00Z
EXC_HIT_EX1200_01,Hydraulic Mining Shovel,MINE_DONGRI_04,ZONE_DGB_01,22.4,0.7,None,88.1,OPTIMAL,2025-12-23T23:00:00Z
DMP_VOLVO_FMX_21,Haul Dumper,MINE_DONGRI_04,ZONE_DGB_01,22.7,0.7,None,96.3,OPTIMAL,2025-12-23T22:00:00Z
DMP_VOLVO_FMX_22,Haul Dumper,MINE_DONGRI_04,ZONE_DGB_02,23.3,0.2,None,94.1,OPTIMAL,2025-12-23T23:00:00Z
CRU_METSO_C120_01,Primary Jaw Crusher,MINE_DONGRI_04,ZONE_DGB_01,22.0,0.7,None,88.0,OPTIMAL,2025-12-23T20:00:00Z
WTR_TRK_TATA_02,Dust Suppression Bowser,MINE_DONGRI_04,ZONE_DGB_02,19.8,2.4,Fuel refill & shift inspection,73.0,WARNING,2025-12-23T18:00:00Z
EXC_KOM_PC450_03,Hydraulic Excavator,MINE_KANDRI_05,ZONE_KND_01,20.2,3.0,Track shoe tension adjustment,79.1,WARNING,2025-12-23T19:00:00Z
DMP_VOLVO_FMX_31,Haul Dumper,MINE_KANDRI_05,ZONE_KND_01,23.0,0.4,None,95.2,OPTIMAL,2025-12-23T19:00:00Z
DMP_VOLVO_FMX_32,Haul Dumper,MINE_KANDRI_05,ZONE_KND_02,21.7,0.9,None,95.5,OPTIMAL,2025-12-23T23:00:00Z
DRL_ATLAS_ROC_02,Blast Drill Rig,MINE_KANDRI_05,ZONE_KND_01,20.3,2.9,Haul road dust water spraying pause,73.7,WARNING,2025-12-23T21:00:00Z
EXC_CAT_349_03,Hydraulic Excavator,MINE_MANSAR_06,ZONE_MSR_01,22.4,0.9,None,90.9,OPTIMAL,2025-12-23T23:00:00Z
DMP_BEML_BH35_03,Haul Dumper,MINE_MANSAR_06,ZONE_MSR_01,20.8,2.2,Fuel refill & shift inspection,81.3,WARNING,2025-12-23T23:00:00Z
DMP_BEML_BH35_04,Haul Dumper,MINE_MANSAR_06,ZONE_MSR_02,22.0,0.9,None,89.6,OPTIMAL,2025-12-23T22:00:00Z
WTR_TRK_TATA_03,Dust Suppression Bowser,MINE_MANSAR_06,ZONE_MSR_01,22.4,0.3,None,96.0,OPTIMAL,2025-12-23T19:00:00Z
EXC_HIT_ZX470_02,Hydraulic Excavator,MINE_CHIKLA_07,ZONE_CHK_01,22.2,0.6,None,90.7,OPTIMAL,2025-12-23T22:00:00Z
DMP_VOLVO_FMX_41,Haul Dumper,MINE_CHIKLA_07,ZONE_CHK_01,23.0,0.5,None,89.2,OPTIMAL,2025-12-23T23:00:00Z
DMP_VOLVO_FMX_42,Haul Dumper,MINE_CHIKLA_07,ZONE_CHK_02,22.7,0.5,None,93.6,OPTIMAL,2025-12-23T23:00:00Z
DRL_SND_DX800_02,Blast Drill Rig,MINE_CHIKLA_07,ZONE_CHK_01,19.7,2.9,Track shoe tension adjustment,82.4,WARNING,2025-12-23T19:00:00Z
DOZ_KOM_D155_01,Track-Type Dozer,MINE_CHIKLA_07,ZONE_CHK_05,22.8,0.6,None,97.1,OPTIMAL,2025-12-23T20:00:00Z
EXC_KOM_PC450_04,Hydraulic Excavator,MINE_UKWA_08,ZONE_UKW_01,22.3,0.8,None,94.2,OPTIMAL,2025-12-23T22:00:00Z
DMP_CAT_773E_03,Haul Dumper,MINE_UKWA_08,ZONE_UKW_01,22.3,0.4,None,90.5,OPTIMAL,2025-12-23T20:00:00Z
DMP_CAT_773E_04,Haul Dumper,MINE_UKWA_08,ZONE_UKW_02,23.1,0.4,None,97.3,OPTIMAL,2025-12-23T19:00:00Z
DRL_ATLAS_ROC_03,Blast Drill Rig,MINE_UKWA_08,ZONE_UKW_01,22.6,0.5,None,95.7,OPTIMAL,2025-12-23T22:00:00Z
WTR_TRK_TATA_04,Dust Suppression Bowser,MINE_UKWA_08,ZONE_UKW_02,19.6,2.5,Air intake filter clogging,82.6,WARNING,2025-12-23T22:00:00Z
EXC_HIT_ZX470_01,Hydraulic Excavator,MINE_GUMGAON_02,ZONE_GMG_01,22.2,0.3,None,97.7,OPTIMAL,2025-12-24T20:00:00Z
DMP_CAT_773E_01,Haul Dumper,MINE_GUMGAON_02,ZONE_GMG_01,22.8,0.3,None,92.6,OPTIMAL,2025-12-24T23:00:00Z
DMP_CAT_773E_02,Haul Dumper,MINE_GUMGAON_02,ZONE_GMG_02,23.1,0.3,None,90.4,OPTIMAL,2025-12-24T19:00:00Z
DRL_SND_DX800_01,Blast Drill Rig,MINE_GUMGAON_02,ZONE_GMG_02,22.7,0.2,None,95.8,OPTIMAL,2025-12-24T18:00:00Z
EXC_CAT_349_02,Hydraulic Excavator,MINE_TIRODI_03,ZONE_TRD_01,22.3,0.5,None,95.0,OPTIMAL,2025-12-24T21:00:00Z
EXC_KOM_PC300_01,Hydraulic Excavator,MINE_TIRODI_03,ZONE_TRD_02,22.0,0.7,None,89.0,OPTIMAL,2025-12-24T19:00:00Z
DMP_BEML_BH35_01,Haul Dumper,MINE_TIRODI_03,ZONE_TRD_01,22.8,0.4,None,90.8,OPTIMAL,2025-12-24T23:00:00Z
DMP_BEML_BH35_02,Haul Dumper,MINE_TIRODI_03,ZONE_TRD_02,23.0,0.4,None,92.9,OPTIMAL,2025-12-24T23:00:00Z
DOZ_CAT_D8R_01,Track-Type Dozer,MINE_TIRODI_03,ZONE_TRD_05,19.9,3.3,Haul road dust water spraying pause,74.8,WARNING,2025-12-24T20:00:00Z
EXC_HIT_EX1200_01,Hydraulic Mining Shovel,MINE_DONGRI_04,ZONE_DGB_01,20.2,2.7,Air intake filter clogging,72.9,WARNING,2025-12-24T19:00:00Z
DMP_VOLVO_FMX_21,Haul Dumper,MINE_DONGRI_04,ZONE_DGB_01,21.3,2.1,Air intake filter clogging,76.6,WARNING,2025-12-24T21:00:00Z
DMP_VOLVO_FMX_22,Haul Dumper,MINE_DONGRI_04,ZONE_DGB_02,22.3,0.7,None,90.6,OPTIMAL,2025-12-24T21:00:00Z
CRU_METSO_C120_01,Primary Jaw Crusher,MINE_DONGRI_04,ZONE_DGB_01,22.9,0.5,None,96.1,OPTIMAL,2025-12-24T20:00:00Z
WTR_TRK_TATA_02,Dust Suppression Bowser,MINE_DONGRI_04,ZONE_DGB_02,19.1,3.2,Haul road dust water spraying pause,72.1,WARNING,2025-12-24T19:00:00Z
EXC_KOM_PC450_03,Hydraulic Excavator,MINE_KANDRI_05,ZONE_KND_01,22.5,0.5,None,97.6,OPTIMAL,2025-12-24T21:00:00Z
DMP_VOLVO_FMX_31,Haul Dumper,MINE_KANDRI_05,ZONE_KND_01,20.1,2.3,Fuel refill & shift inspection,73.4,WARNING,2025-12-24T22:00:00Z
DMP_VOLVO_FMX_32,Haul Dumper,MINE_KANDRI_05,ZONE_KND_02,22.7,0.3,None,91.6,OPTIMAL,2025-12-24T19:00:00Z
DRL_ATLAS_ROC_02,Blast Drill Rig,MINE_KANDRI_05,ZONE_KND_01,22.4,0.4,None,89.5,OPTIMAL,2025-12-24T20:00:00Z
EXC_CAT_349_03,Hydraulic Excavator,MINE_MANSAR_06,ZONE_MSR_01,22.7,0.3,None,94.1,OPTIMAL,2025-12-24T21:00:00Z
DMP_BEML_BH35_03,Haul Dumper,MINE_MANSAR_06,ZONE_MSR_01,22.6,0.0,None,92.6,OPTIMAL,2025-12-24T18:00:00Z
DMP_BEML_BH35_04,Haul Dumper,MINE_MANSAR_06,ZONE_MSR_02,22.9,0.3,None,91.0,OPTIMAL,2025-12-24T18:00:00Z
WTR_TRK_TATA_03,Dust Suppression Bowser,MINE_MANSAR_06,ZONE_MSR_01,23.1,0.4,None,91.2,OPTIMAL,2025-12-24T23:00:00Z
EXC_HIT_ZX470_02,Hydraulic Excavator,MINE_CHIKLA_07,ZONE_CHK_01,14.5,7.4,Excavator boom cylinder leak,55.9,CRITICAL_MAINTENANCE,2025-12-24T18:00:00Z
DMP_VOLVO_FMX_41,Haul Dumper,MINE_CHIKLA_07,ZONE_CHK_01,22.9,0.1,None,96.9,OPTIMAL,2025-12-24T20:00:00Z
DMP_VOLVO_FMX_42,Haul Dumper,MINE_CHIKLA_07,ZONE_CHK_02,22.5,0.2,None,96.3,OPTIMAL,2025-12-24T23:00:00Z
DRL_SND_DX800_02,Blast Drill Rig,MINE_CHIKLA_07,ZONE_CHK_01,23.2,0.0,None,88.4,OPTIMAL,2025-12-24T22:00:00Z
DOZ_KOM_D155_01,Track-Type Dozer,MINE_CHIKLA_07,ZONE_CHK_05,22.2,0.9,None,97.8,OPTIMAL,2025-12-24T18:00:00Z
EXC_KOM_PC450_04,Hydraulic Excavator,MINE_UKWA_08,ZONE_UKW_01,22.8,0.3,None,89.8,OPTIMAL,2025-12-24T23:00:00Z
DMP_CAT_773E_03,Haul Dumper,MINE_UKWA_08,ZONE_UKW_01,21.8,0.9,None,92.3,OPTIMAL,2025-12-24T18:00:00Z
DMP_CAT_773E_04,Haul Dumper,MINE_UKWA_08,ZONE_UKW_02,21.9,1.0,None,93.4,OPTIMAL,2025-12-24T19:00:00Z
DRL_ATLAS_ROC_03,Blast Drill Rig,MINE_UKWA_08,ZONE_UKW_01,20.6,2.6,Haul road dust water spraying pause,83.2,WARNING,2025-12-24T23:00:00Z
WTR_TRK_TATA_04,Dust Suppression Bowser,MINE_UKWA_08,ZONE_UKW_02,23.0,0.5,None,92.0,OPTIMAL,2025-12-24T19:00:00Z
EXC_HIT_ZX470_01,Hydraulic Excavator,MINE_GUMGAON_02,ZONE_GMG_01,23.1,0.4,None,92.1,OPTIMAL,2025-12-25T19:00:00Z
DMP_CAT_773E_01,Haul Dumper,MINE_GUMGAON_02,ZONE_GMG_01,22.1,0.8,None,89.0,OPTIMAL,2025-12-25T19:00:00Z
DMP_CAT_773E_02,Haul Dumper,MINE_GUMGAON_02,ZONE_GMG_02,17.6,4.8,Drill rotary motor trip,62.2,CRITICAL_MAINTENANCE,2025-12-25T22:00:00Z
DRL_SND_DX800_01,Blast Drill Rig,MINE_GUMGAON_02,ZONE_GMG_02,22.5,0.5,None,93.6,OPTIMAL,2025-12-25T20:00:00Z
EXC_CAT_349_02,Hydraulic Excavator,MINE_TIRODI_03,ZONE_TRD_01,22.6,0.4,None,95.4,OPTIMAL,2025-12-25T19:00:00Z
EXC_KOM_PC300_01,Hydraulic Excavator,MINE_TIRODI_03,ZONE_TRD_02,22.7,0.4,None,94.6,OPTIMAL,2025-12-25T22:00:00Z
DMP_BEML_BH35_01,Haul Dumper,MINE_TIRODI_03,ZONE_TRD_01,22.6,0.6,None,90.1,OPTIMAL,2025-12-25T22:00:00Z
DMP_BEML_BH35_02,Haul Dumper,MINE_TIRODI_03,ZONE_TRD_02,22.5,0.3,None,88.3,OPTIMAL,2025-12-25T22:00:00Z
DOZ_CAT_D8R_01,Track-Type Dozer,MINE_TIRODI_03,ZONE_TRD_05,22.5,0.6,None,95.6,OPTIMAL,2025-12-25T20:00:00Z
EXC_HIT_EX1200_01,Hydraulic Mining Shovel,MINE_DONGRI_04,ZONE_DGB_01,22.4,0.2,None,89.3,OPTIMAL,2025-12-25T22:00:00Z
DMP_VOLVO_FMX_21,Haul Dumper,MINE_DONGRI_04,ZONE_DGB_01,22.9,0.4,None,89.1,OPTIMAL,2025-12-25T20:00:00Z
DMP_VOLVO_FMX_22,Haul Dumper,MINE_DONGRI_04,ZONE_DGB_02,22.0,0.8,None,92.0,OPTIMAL,2025-12-25T21:00:00Z
CRU_METSO_C120_01,Primary Jaw Crusher,MINE_DONGRI_04,ZONE_DGB_01,22.3,0.9,None,95.7,OPTIMAL,2025-12-25T23:00:00Z
WTR_TRK_TATA_02,Dust Suppression Bowser,MINE_DONGRI_04,ZONE_DGB_02,21.7,1.0,None,91.2,OPTIMAL,2025-12-25T22:00:00Z
EXC_KOM_PC450_03,Hydraulic Excavator,MINE_KANDRI_05,ZONE_KND_01,22.3,0.4,None,90.9,OPTIMAL,2025-12-25T21:00:00Z
DMP_VOLVO_FMX_31,Haul Dumper,MINE_KANDRI_05,ZONE_KND_01,23.1,0.4,None,96.3,OPTIMAL,2025-12-25T21:00:00Z
DMP_VOLVO_FMX_32,Haul Dumper,MINE_KANDRI_05,ZONE_KND_02,22.8,0.1,None,92.2,OPTIMAL,2025-12-25T21:00:00Z
DRL_ATLAS_ROC_02,Blast Drill Rig,MINE_KANDRI_05,ZONE_KND_01,22.8,0.6,None,94.2,OPTIMAL,2025-12-25T18:00:00Z
EXC_CAT_349_03,Hydraulic Excavator,MINE_MANSAR_06,ZONE_MSR_01,22.3,0.9,None,90.5,OPTIMAL,2025-12-25T22:00:00Z
DMP_BEML_BH35_03,Haul Dumper,MINE_MANSAR_06,ZONE_MSR_01,22.5,1.0,None,94.0,OPTIMAL,2025-12-25T23:00:00Z
DMP_BEML_BH35_04,Haul Dumper,MINE_MANSAR_06,ZONE_MSR_02,22.4,0.2,None,92.6,OPTIMAL,2025-12-25T23:00:00Z
WTR_TRK_TATA_03,Dust Suppression Bowser,MINE_MANSAR_06,ZONE_MSR_01,21.7,0.9,None,91.2,OPTIMAL,2025-12-25T20:00:00Z
EXC_HIT_ZX470_02,Hydraulic Excavator,MINE_CHIKLA_07,ZONE_CHK_01,20.1,2.7,Fuel refill & shift inspection,80.2,WARNING,2025-12-25T19:00:00Z
DMP_VOLVO_FMX_41,Haul Dumper,MINE_CHIKLA_07,ZONE_CHK_01,22.9,0.5,None,94.0,OPTIMAL,2025-12-25T20:00:00Z
DMP_VOLVO_FMX_42,Haul Dumper,MINE_CHIKLA_07,ZONE_CHK_02,22.6,0.2,None,88.7,OPTIMAL,2025-12-25T23:00:00Z
DRL_SND_DX800_02,Blast Drill Rig,MINE_CHIKLA_07,ZONE_CHK_01,13.0,8.0,Hydraulic pump seal burst,65.2,CRITICAL_MAINTENANCE,2025-12-25T21:00:00Z
DOZ_KOM_D155_01,Track-Type Dozer,MINE_CHIKLA_07,ZONE_CHK_05,22.3,0.5,None,94.1,OPTIMAL,2025-12-25T22:00:00Z
EXC_KOM_PC450_04,Hydraulic Excavator,MINE_UKWA_08,ZONE_UKW_01,22.6,0.8,None,96.1,OPTIMAL,2025-12-25T23:00:00Z
DMP_CAT_773E_03,Haul Dumper,MINE_UKWA_08,ZONE_UKW_01,22.3,0.7,None,94.5,OPTIMAL,2025-12-25T21:00:00Z
DMP_CAT_773E_04,Haul Dumper,MINE_UKWA_08,ZONE_UKW_02,19.2,3.2,Track shoe tension adjustment,79.0,WARNING,2025-12-25T23:00:00Z
DRL_ATLAS_ROC_03,Blast Drill Rig,MINE_UKWA_08,ZONE_UKW_01,22.3,0.3,None,96.0,OPTIMAL,2025-12-25T19:00:00Z
WTR_TRK_TATA_04,Dust Suppression Bowser,MINE_UKWA_08,ZONE_UKW_02,22.3,0.7,None,95.1,OPTIMAL,2025-12-25T19:00:00Z
EXC_HIT_ZX470_01,Hydraulic Excavator,MINE_GUMGAON_02,ZONE_GMG_01,22.5,0.7,None,92.5,OPTIMAL,2025-12-26T20:00:00Z
DMP_CAT_773E_01,Haul Dumper,MINE_GUMGAON_02,ZONE_GMG_01,22.6,0.8,None,90.9,OPTIMAL,2025-12-26T19:00:00Z
DMP_CAT_773E_02,Haul Dumper,MINE_GUMGAON_02,ZONE_GMG_02,22.5,0.7,None,95.2,OPTIMAL,2025-12-26T22:00:00Z
DRL_SND_DX800_01,Blast Drill Rig,MINE_GUMGAON_02,ZONE_GMG_02,22.8,0.4,None,95.4,OPTIMAL,2025-12-26T23:00:00Z
EXC_CAT_349_02,Hydraulic Excavator,MINE_TIRODI_03,ZONE_TRD_01,22.3,0.9,None,90.3,OPTIMAL,2025-12-26T19:00:00Z
EXC_KOM_PC300_01,Hydraulic Excavator,MINE_TIRODI_03,ZONE_TRD_02,23.1,0.0,None,93.1,OPTIMAL,2025-12-26T22:00:00Z
DMP_BEML_BH35_01,Haul Dumper,MINE_TIRODI_03,ZONE_TRD_01,23.0,0.2,None,89.6,OPTIMAL,2025-12-26T22:00:00Z
DMP_BEML_BH35_02,Haul Dumper,MINE_TIRODI_03,ZONE_TRD_02,22.1,0.9,None,89.7,OPTIMAL,2025-12-26T22:00:00Z
DOZ_CAT_D8R_01,Track-Type Dozer,MINE_TIRODI_03,ZONE_TRD_05,22.4,0.4,None,88.6,OPTIMAL,2025-12-26T19:00:00Z
EXC_HIT_EX1200_01,Hydraulic Mining Shovel,MINE_DONGRI_04,ZONE_DGB_01,22.4,0.3,None,95.9,OPTIMAL,2025-12-26T23:00:00Z
DMP_VOLVO_FMX_21,Haul Dumper,MINE_DONGRI_04,ZONE_DGB_01,22.3,0.6,None,88.1,OPTIMAL,2025-12-26T23:00:00Z
DMP_VOLVO_FMX_22,Haul Dumper,MINE_DONGRI_04,ZONE_DGB_02,22.8,0.5,None,90.0,OPTIMAL,2025-12-26T23:00:00Z
CRU_METSO_C120_01,Primary Jaw Crusher,MINE_DONGRI_04,ZONE_DGB_01,13.7,8.3,Engine cooling circuit rupture,53.4,CRITICAL_MAINTENANCE,2025-12-26T23:00:00Z
WTR_TRK_TATA_02,Dust Suppression Bowser,MINE_DONGRI_04,ZONE_DGB_02,19.7,3.1,Air intake filter clogging,78.3,WARNING,2025-12-26T20:00:00Z
EXC_KOM_PC450_03,Hydraulic Excavator,MINE_KANDRI_05,ZONE_KND_01,21.7,0.9,None,90.3,OPTIMAL,2025-12-26T23:00:00Z
DMP_VOLVO_FMX_31,Haul Dumper,MINE_KANDRI_05,ZONE_KND_01,20.0,2.7,Air intake filter clogging,73.1,WARNING,2025-12-26T23:00:00Z
DMP_VOLVO_FMX_32,Haul Dumper,MINE_KANDRI_05,ZONE_KND_02,19.4,3.3,Air intake filter clogging,72.7,WARNING,2025-12-26T19:00:00Z
DRL_ATLAS_ROC_02,Blast Drill Rig,MINE_KANDRI_05,ZONE_KND_01,22.5,0.5,None,95.8,OPTIMAL,2025-12-26T20:00:00Z
EXC_CAT_349_03,Hydraulic Excavator,MINE_MANSAR_06,ZONE_MSR_01,20.3,2.5,Track shoe tension adjustment,77.7,WARNING,2025-12-26T22:00:00Z
DMP_BEML_BH35_03,Haul Dumper,MINE_MANSAR_06,ZONE_MSR_01,23.2,0.3,None,92.3,OPTIMAL,2025-12-26T18:00:00Z
DMP_BEML_BH35_04,Haul Dumper,MINE_MANSAR_06,ZONE_MSR_02,22.3,0.6,None,94.3,OPTIMAL,2025-12-26T21:00:00Z
WTR_TRK_TATA_03,Dust Suppression Bowser,MINE_MANSAR_06,ZONE_MSR_01,22.8,0.4,None,94.3,OPTIMAL,2025-12-26T20:00:00Z
EXC_HIT_ZX470_02,Hydraulic Excavator,MINE_CHIKLA_07,ZONE_CHK_01,22.2,1.0,None,96.7,OPTIMAL,2025-12-26T19:00:00Z
DMP_VOLVO_FMX_41,Haul Dumper,MINE_CHIKLA_07,ZONE_CHK_01,22.4,0.5,None,89.1,OPTIMAL,2025-12-26T19:00:00Z
DMP_VOLVO_FMX_42,Haul Dumper,MINE_CHIKLA_07,ZONE_CHK_02,22.0,1.0,None,89.6,OPTIMAL,2025-12-26T18:00:00Z
DRL_SND_DX800_02,Blast Drill Rig,MINE_CHIKLA_07,ZONE_CHK_01,22.5,0.1,None,91.4,OPTIMAL,2025-12-26T23:00:00Z
DOZ_KOM_D155_01,Track-Type Dozer,MINE_CHIKLA_07,ZONE_CHK_05,21.9,0.8,None,90.1,OPTIMAL,2025-12-26T22:00:00Z
EXC_KOM_PC450_04,Hydraulic Excavator,MINE_UKWA_08,ZONE_UKW_01,22.3,0.5,None,97.3,OPTIMAL,2025-12-26T19:00:00Z
DMP_CAT_773E_03,Haul Dumper,MINE_UKWA_08,ZONE_UKW_01,22.5,0.2,None,95.9,OPTIMAL,2025-12-26T19:00:00Z
DMP_CAT_773E_04,Haul Dumper,MINE_UKWA_08,ZONE_UKW_02,21.5,1.0,None,94.5,OPTIMAL,2025-12-26T21:00:00Z
DRL_ATLAS_ROC_03,Blast Drill Rig,MINE_UKWA_08,ZONE_UKW_01,22.1,0.9,None,96.6,OPTIMAL,2025-12-26T20:00:00Z
WTR_TRK_TATA_04,Dust Suppression Bowser,MINE_UKWA_08,ZONE_UKW_02,22.0,0.7,None,91.2,OPTIMAL,2025-12-26T20:00:00Z
EXC_HIT_ZX470_01,Hydraulic Excavator,MINE_GUMGAON_02,ZONE_GMG_01,22.3,0.4,None,92.0,OPTIMAL,2025-12-27T21:00:00Z
DMP_CAT_773E_01,Haul Dumper,MINE_GUMGAON_02,ZONE_GMG_01,21.7,1.0,None,88.2,OPTIMAL,2025-12-27T23:00:00Z
DMP_CAT_773E_02,Haul Dumper,MINE_GUMGAON_02,ZONE_GMG_02,22.4,0.3,None,88.2,OPTIMAL,2025-12-27T21:00:00Z
DRL_SND_DX800_01,Blast Drill Rig,MINE_GUMGAON_02,ZONE_GMG_02,22.7,0.6,None,90.1,OPTIMAL,2025-12-27T22:00:00Z
EXC_CAT_349_02,Hydraulic Excavator,MINE_TIRODI_03,ZONE_TRD_01,23.2,0.1,None,95.2,OPTIMAL,2025-12-27T23:00:00Z
EXC_KOM_PC300_01,Hydraulic Excavator,MINE_TIRODI_03,ZONE_TRD_02,21.8,0.9,None,91.9,OPTIMAL,2025-12-27T23:00:00Z
DMP_BEML_BH35_01,Haul Dumper,MINE_TIRODI_03,ZONE_TRD_01,22.5,0.6,None,89.0,OPTIMAL,2025-12-27T23:00:00Z
DMP_BEML_BH35_02,Haul Dumper,MINE_TIRODI_03,ZONE_TRD_02,22.8,0.4,None,92.7,OPTIMAL,2025-12-27T23:00:00Z
DOZ_CAT_D8R_01,Track-Type Dozer,MINE_TIRODI_03,ZONE_TRD_05,22.0,0.7,None,96.7,OPTIMAL,2025-12-27T22:00:00Z
EXC_HIT_EX1200_01,Hydraulic Mining Shovel,MINE_DONGRI_04,ZONE_DGB_01,23.2,0.1,None,93.7,OPTIMAL,2025-12-27T23:00:00Z
DMP_VOLVO_FMX_21,Haul Dumper,MINE_DONGRI_04,ZONE_DGB_01,23.2,0.3,None,95.7,OPTIMAL,2025-12-27T18:00:00Z
DMP_VOLVO_FMX_22,Haul Dumper,MINE_DONGRI_04,ZONE_DGB_02,21.8,0.7,None,91.6,OPTIMAL,2025-12-27T21:00:00Z
CRU_METSO_C120_01,Primary Jaw Crusher,MINE_DONGRI_04,ZONE_DGB_01,23.0,0.3,None,91.6,OPTIMAL,2025-12-27T19:00:00Z
WTR_TRK_TATA_02,Dust Suppression Bowser,MINE_DONGRI_04,ZONE_DGB_02,22.5,0.3,None,88.2,OPTIMAL,2025-12-27T18:00:00Z
EXC_KOM_PC450_03,Hydraulic Excavator,MINE_KANDRI_05,ZONE_KND_01,21.9,0.8,None,96.3,OPTIMAL,2025-12-27T18:00:00Z
DMP_VOLVO_FMX_31,Haul Dumper,MINE_KANDRI_05,ZONE_KND_01,23.1,0.0,None,88.3,OPTIMAL,2025-12-27T22:00:00Z
DMP_VOLVO_FMX_32,Haul Dumper,MINE_KANDRI_05,ZONE_KND_02,22.7,0.5,None,91.3,OPTIMAL,2025-12-27T18:00:00Z
DRL_ATLAS_ROC_02,Blast Drill Rig,MINE_KANDRI_05,ZONE_KND_01,21.7,1.0,None,93.3,OPTIMAL,2025-12-27T22:00:00Z
EXC_CAT_349_03,Hydraulic Excavator,MINE_MANSAR_06,ZONE_MSR_01,19.3,3.3,Track shoe tension adjustment,83.9,WARNING,2025-12-27T23:00:00Z
DMP_BEML_BH35_03,Haul Dumper,MINE_MANSAR_06,ZONE_MSR_01,22.1,0.5,None,95.4,OPTIMAL,2025-12-27T23:00:00Z
DMP_BEML_BH35_04,Haul Dumper,MINE_MANSAR_06,ZONE_MSR_02,22.4,0.6,None,95.8,OPTIMAL,2025-12-27T23:00:00Z
WTR_TRK_TATA_03,Dust Suppression Bowser,MINE_MANSAR_06,ZONE_MSR_01,22.9,0.0,None,88.1,OPTIMAL,2025-12-27T21:00:00Z
EXC_HIT_ZX470_02,Hydraulic Excavator,MINE_CHIKLA_07,ZONE_CHK_01,16.3,6.2,Dumper planetary hub failure,52.5,CRITICAL_MAINTENANCE,2025-12-27T22:00:00Z
DMP_VOLVO_FMX_41,Haul Dumper,MINE_CHIKLA_07,ZONE_CHK_01,22.1,0.8,None,91.5,OPTIMAL,2025-12-27T23:00:00Z
DMP_VOLVO_FMX_42,Haul Dumper,MINE_CHIKLA_07,ZONE_CHK_02,22.5,0.8,None,89.8,OPTIMAL,2025-12-27T18:00:00Z
DRL_SND_DX800_02,Blast Drill Rig,MINE_CHIKLA_07,ZONE_CHK_01,23.4,0.0,None,91.5,OPTIMAL,2025-12-27T18:00:00Z
DOZ_KOM_D155_01,Track-Type Dozer,MINE_CHIKLA_07,ZONE_CHK_05,23.1,0.2,None,91.0,OPTIMAL,2025-12-27T21:00:00Z
EXC_KOM_PC450_04,Hydraulic Excavator,MINE_UKWA_08,ZONE_UKW_01,21.8,0.9,None,88.3,OPTIMAL,2025-12-27T21:00:00Z
DMP_CAT_773E_03,Haul Dumper,MINE_UKWA_08,ZONE_UKW_01,22.6,0.0,None,96.5,OPTIMAL,2025-12-27T19:00:00Z
DMP_CAT_773E_04,Haul Dumper,MINE_UKWA_08,ZONE_UKW_02,22.9,0.4,None,91.8,OPTIMAL,2025-12-27T18:00:00Z
DRL_ATLAS_ROC_03,Blast Drill Rig,MINE_UKWA_08,ZONE_UKW_01,21.9,0.9,None,89.2,OPTIMAL,2025-12-27T19:00:00Z
WTR_TRK_TATA_04,Dust Suppression Bowser,MINE_UKWA_08,ZONE_UKW_02,22.2,0.6,None,91.2,OPTIMAL,2025-12-27T19:00:00Z
EXC_HIT_ZX470_01,Hydraulic Excavator,MINE_GUMGAON_02,ZONE_GMG_01,20.3,2.5,Fuel refill & shift inspection,78.1,WARNING,2025-12-28T18:00:00Z
DMP_CAT_773E_01,Haul Dumper,MINE_GUMGAON_02,ZONE_GMG_01,15.2,6.1,Dumper planetary hub failure,55.1,CRITICAL_MAINTENANCE,2025-12-28T18:00:00Z
DMP_CAT_773E_02,Haul Dumper,MINE_GUMGAON_02,ZONE_GMG_02,22.2,0.3,None,88.8,OPTIMAL,2025-12-28T23:00:00Z
DRL_SND_DX800_01,Blast Drill Rig,MINE_GUMGAON_02,ZONE_GMG_02,22.5,0.0,None,95.3,OPTIMAL,2025-12-28T20:00:00Z
EXC_CAT_349_02,Hydraulic Excavator,MINE_TIRODI_03,ZONE_TRD_01,17.8,5.2,Excavator boom cylinder leak,58.4,CRITICAL_MAINTENANCE,2025-12-28T23:00:00Z
EXC_KOM_PC300_01,Hydraulic Excavator,MINE_TIRODI_03,ZONE_TRD_02,20.5,2.7,Haul road dust water spraying pause,80.9,WARNING,2025-12-28T20:00:00Z
DMP_BEML_BH35_01,Haul Dumper,MINE_TIRODI_03,ZONE_TRD_01,22.9,0.4,None,93.2,OPTIMAL,2025-12-28T19:00:00Z
DMP_BEML_BH35_02,Haul Dumper,MINE_TIRODI_03,ZONE_TRD_02,22.4,0.2,None,89.1,OPTIMAL,2025-12-28T19:00:00Z
DOZ_CAT_D8R_01,Track-Type Dozer,MINE_TIRODI_03,ZONE_TRD_05,16.2,6.1,Engine cooling circuit rupture,64.8,CRITICAL_MAINTENANCE,2025-12-28T20:00:00Z
EXC_HIT_EX1200_01,Hydraulic Mining Shovel,MINE_DONGRI_04,ZONE_DGB_01,17.5,4.6,Excavator boom cylinder leak,62.7,CRITICAL_MAINTENANCE,2025-12-28T21:00:00Z
DMP_VOLVO_FMX_21,Haul Dumper,MINE_DONGRI_04,ZONE_DGB_01,15.0,6.9,Hydraulic pump seal burst,51.2,CRITICAL_MAINTENANCE,2025-12-28T20:00:00Z
DMP_VOLVO_FMX_22,Haul Dumper,MINE_DONGRI_04,ZONE_DGB_02,19.8,3.5,Fuel refill & shift inspection,77.7,WARNING,2025-12-28T22:00:00Z
CRU_METSO_C120_01,Primary Jaw Crusher,MINE_DONGRI_04,ZONE_DGB_01,22.7,0.8,None,92.8,OPTIMAL,2025-12-28T20:00:00Z
WTR_TRK_TATA_02,Dust Suppression Bowser,MINE_DONGRI_04,ZONE_DGB_02,22.5,0.4,None,95.2,OPTIMAL,2025-12-28T21:00:00Z
EXC_KOM_PC450_03,Hydraulic Excavator,MINE_KANDRI_05,ZONE_KND_01,22.8,0.6,None,93.1,OPTIMAL,2025-12-28T19:00:00Z
DMP_VOLVO_FMX_31,Haul Dumper,MINE_KANDRI_05,ZONE_KND_01,21.2,1.7,Track shoe tension adjustment,82.6,WARNING,2025-12-28T19:00:00Z
DMP_VOLVO_FMX_32,Haul Dumper,MINE_KANDRI_05,ZONE_KND_02,22.5,0.7,None,97.7,OPTIMAL,2025-12-28T23:00:00Z
DRL_ATLAS_ROC_02,Blast Drill Rig,MINE_KANDRI_05,ZONE_KND_01,22.2,1.0,None,97.0,OPTIMAL,2025-12-28T20:00:00Z
EXC_CAT_349_03,Hydraulic Excavator,MINE_MANSAR_06,ZONE_MSR_01,22.0,0.6,None,88.3,OPTIMAL,2025-12-28T21:00:00Z
DMP_BEML_BH35_03,Haul Dumper,MINE_MANSAR_06,ZONE_MSR_01,22.5,1.0,None,94.3,OPTIMAL,2025-12-28T19:00:00Z
DMP_BEML_BH35_04,Haul Dumper,MINE_MANSAR_06,ZONE_MSR_02,22.4,0.6,None,91.4,OPTIMAL,2025-12-28T23:00:00Z
WTR_TRK_TATA_03,Dust Suppression Bowser,MINE_MANSAR_06,ZONE_MSR_01,22.1,0.4,None,92.5,OPTIMAL,2025-12-28T20:00:00Z
EXC_HIT_ZX470_02,Hydraulic Excavator,MINE_CHIKLA_07,ZONE_CHK_01,20.2,2.1,Haul road dust water spraying pause,83.1,WARNING,2025-12-28T19:00:00Z
DMP_VOLVO_FMX_41,Haul Dumper,MINE_CHIKLA_07,ZONE_CHK_01,22.5,0.5,None,94.6,OPTIMAL,2025-12-28T23:00:00Z
DMP_VOLVO_FMX_42,Haul Dumper,MINE_CHIKLA_07,ZONE_CHK_02,22.4,0.3,None,92.3,OPTIMAL,2025-12-28T18:00:00Z
DRL_SND_DX800_02,Blast Drill Rig,MINE_CHIKLA_07,ZONE_CHK_01,22.8,0.2,None,89.1,OPTIMAL,2025-12-28T22:00:00Z
DOZ_KOM_D155_01,Track-Type Dozer,MINE_CHIKLA_07,ZONE_CHK_05,22.7,0.3,None,93.5,OPTIMAL,2025-12-28T18:00:00Z
EXC_KOM_PC450_04,Hydraulic Excavator,MINE_UKWA_08,ZONE_UKW_01,22.5,0.2,None,96.9,OPTIMAL,2025-12-28T22:00:00Z
DMP_CAT_773E_03,Haul Dumper,MINE_UKWA_08,ZONE_UKW_01,23.3,0.2,None,95.3,OPTIMAL,2025-12-28T20:00:00Z
DMP_CAT_773E_04,Haul Dumper,MINE_UKWA_08,ZONE_UKW_02,22.4,0.6,None,88.5,OPTIMAL,2025-12-28T22:00:00Z
DRL_ATLAS_ROC_03,Blast Drill Rig,MINE_UKWA_08,ZONE_UKW_01,22.1,0.9,None,91.7,OPTIMAL,2025-12-28T18:00:00Z
WTR_TRK_TATA_04,Dust Suppression Bowser,MINE_UKWA_08,ZONE_UKW_02,22.4,0.9,None,97.3,OPTIMAL,2025-12-28T23:00:00Z
EXC_HIT_ZX470_01,Hydraulic Excavator,MINE_GUMGAON_02,ZONE_GMG_01,22.0,0.6,None,90.8,OPTIMAL,2025-12-29T21:00:00Z
DMP_CAT_773E_01,Haul Dumper,MINE_GUMGAON_02,ZONE_GMG_01,21.6,1.0,None,92.7,OPTIMAL,2025-12-29T19:00:00Z
DMP_CAT_773E_02,Haul Dumper,MINE_GUMGAON_02,ZONE_GMG_02,22.7,0.1,None,94.7,OPTIMAL,2025-12-29T19:00:00Z
DRL_SND_DX800_01,Blast Drill Rig,MINE_GUMGAON_02,ZONE_GMG_02,22.4,1.0,None,92.1,OPTIMAL,2025-12-29T19:00:00Z
EXC_CAT_349_02,Hydraulic Excavator,MINE_TIRODI_03,ZONE_TRD_01,21.5,1.0,None,97.8,OPTIMAL,2025-12-29T21:00:00Z
EXC_KOM_PC300_01,Hydraulic Excavator,MINE_TIRODI_03,ZONE_TRD_02,22.9,0.4,None,96.3,OPTIMAL,2025-12-29T18:00:00Z
DMP_BEML_BH35_01,Haul Dumper,MINE_TIRODI_03,ZONE_TRD_01,23.0,0.1,None,95.3,OPTIMAL,2025-12-29T22:00:00Z
DMP_BEML_BH35_02,Haul Dumper,MINE_TIRODI_03,ZONE_TRD_02,22.4,0.4,None,95.6,OPTIMAL,2025-12-29T18:00:00Z
DOZ_CAT_D8R_01,Track-Type Dozer,MINE_TIRODI_03,ZONE_TRD_05,22.2,0.5,None,94.0,OPTIMAL,2025-12-29T19:00:00Z
EXC_HIT_EX1200_01,Hydraulic Mining Shovel,MINE_DONGRI_04,ZONE_DGB_01,22.7,0.1,None,92.5,OPTIMAL,2025-12-29T18:00:00Z
DMP_VOLVO_FMX_21,Haul Dumper,MINE_DONGRI_04,ZONE_DGB_01,21.9,0.7,None,97.5,OPTIMAL,2025-12-29T18:00:00Z
DMP_VOLVO_FMX_22,Haul Dumper,MINE_DONGRI_04,ZONE_DGB_02,22.9,0.1,None,93.8,OPTIMAL,2025-12-29T23:00:00Z
CRU_METSO_C120_01,Primary Jaw Crusher,MINE_DONGRI_04,ZONE_DGB_01,22.5,0.8,None,89.0,OPTIMAL,2025-12-29T23:00:00Z
WTR_TRK_TATA_02,Dust Suppression Bowser,MINE_DONGRI_04,ZONE_DGB_02,22.2,0.4,None,94.6,OPTIMAL,2025-12-29T23:00:00Z
EXC_KOM_PC450_03,Hydraulic Excavator,MINE_KANDRI_05,ZONE_KND_01,22.0,0.6,None,90.8,OPTIMAL,2025-12-29T23:00:00Z
DMP_VOLVO_FMX_31,Haul Dumper,MINE_KANDRI_05,ZONE_KND_01,22.6,0.6,None,94.7,OPTIMAL,2025-12-29T20:00:00Z
DMP_VOLVO_FMX_32,Haul Dumper,MINE_KANDRI_05,ZONE_KND_02,20.6,1.7,Fuel refill & shift inspection,74.9,WARNING,2025-12-29T19:00:00Z
DRL_ATLAS_ROC_02,Blast Drill Rig,MINE_KANDRI_05,ZONE_KND_01,22.6,0.1,None,95.1,OPTIMAL,2025-12-29T22:00:00Z
EXC_CAT_349_03,Hydraulic Excavator,MINE_MANSAR_06,ZONE_MSR_01,22.0,0.6,None,94.7,OPTIMAL,2025-12-29T18:00:00Z
DMP_BEML_BH35_03,Haul Dumper,MINE_MANSAR_06,ZONE_MSR_01,21.7,0.8,None,93.8,OPTIMAL,2025-12-29T18:00:00Z
DMP_BEML_BH35_04,Haul Dumper,MINE_MANSAR_06,ZONE_MSR_02,22.2,0.6,None,94.0,OPTIMAL,2025-12-29T21:00:00Z
WTR_TRK_TATA_03,Dust Suppression Bowser,MINE_MANSAR_06,ZONE_MSR_01,20.0,2.8,Track shoe tension adjustment,77.5,WARNING,2025-12-29T21:00:00Z
EXC_HIT_ZX470_02,Hydraulic Excavator,MINE_CHIKLA_07,ZONE_CHK_01,22.0,0.8,None,88.3,OPTIMAL,2025-12-29T22:00:00Z
DMP_VOLVO_FMX_41,Haul Dumper,MINE_CHIKLA_07,ZONE_CHK_01,22.9,0.3,None,92.1,OPTIMAL,2025-12-29T18:00:00Z
DMP_VOLVO_FMX_42,Haul Dumper,MINE_CHIKLA_07,ZONE_CHK_02,22.4,0.3,None,91.4,OPTIMAL,2025-12-29T19:00:00Z
DRL_SND_DX800_02,Blast Drill Rig,MINE_CHIKLA_07,ZONE_CHK_01,22.5,0.3,None,94.3,OPTIMAL,2025-12-29T19:00:00Z
DOZ_KOM_D155_01,Track-Type Dozer,MINE_CHIKLA_07,ZONE_CHK_05,22.7,0.5,None,92.0,OPTIMAL,2025-12-29T20:00:00Z
EXC_KOM_PC450_04,Hydraulic Excavator,MINE_UKWA_08,ZONE_UKW_01,22.9,0.5,None,91.5,OPTIMAL,2025-12-29T22:00:00Z
DMP_CAT_773E_03,Haul Dumper,MINE_UKWA_08,ZONE_UKW_01,22.5,0.2,None,89.0,OPTIMAL,2025-12-29T23:00:00Z
DMP_CAT_773E_04,Haul Dumper,MINE_UKWA_08,ZONE_UKW_02,22.3,0.6,None,95.6,OPTIMAL,2025-12-29T19:00:00Z
DRL_ATLAS_ROC_03,Blast Drill Rig,MINE_UKWA_08,ZONE_UKW_01,22.3,0.4,None,97.0,OPTIMAL,2025-12-29T19:00:00Z
WTR_TRK_TATA_04,Dust Suppression Bowser,MINE_UKWA_08,ZONE_UKW_02,22.8,0.1,None,97.1,OPTIMAL,2025-12-29T23:00:00Z
EXC_HIT_ZX470_01,Hydraulic Excavator,MINE_GUMGAON_02,ZONE_GMG_01,22.7,0.6,None,94.2,OPTIMAL,2025-12-30T18:00:00Z
DMP_CAT_773E_01,Haul Dumper,MINE_GUMGAON_02,ZONE_GMG_01,19.5,2.7,Haul road dust water spraying pause,76.9,WARNING,2025-12-30T19:00:00Z
DMP_CAT_773E_02,Haul Dumper,MINE_GUMGAON_02,ZONE_GMG_02,22.2,0.4,None,89.0,OPTIMAL,2025-12-30T23:00:00Z
DRL_SND_DX800_01,Blast Drill Rig,MINE_GUMGAON_02,ZONE_GMG_02,22.6,0.3,None,88.8,OPTIMAL,2025-12-30T19:00:00Z
EXC_CAT_349_02,Hydraulic Excavator,MINE_TIRODI_03,ZONE_TRD_01,19.9,2.6,Fuel refill & shift inspection,75.3,WARNING,2025-12-30T19:00:00Z
EXC_KOM_PC300_01,Hydraulic Excavator,MINE_TIRODI_03,ZONE_TRD_02,23.1,0.2,None,94.5,OPTIMAL,2025-12-30T19:00:00Z
DMP_BEML_BH35_01,Haul Dumper,MINE_TIRODI_03,ZONE_TRD_01,21.6,1.0,None,92.8,OPTIMAL,2025-12-30T21:00:00Z
DMP_BEML_BH35_02,Haul Dumper,MINE_TIRODI_03,ZONE_TRD_02,22.5,0.6,None,96.5,OPTIMAL,2025-12-30T22:00:00Z
DOZ_CAT_D8R_01,Track-Type Dozer,MINE_TIRODI_03,ZONE_TRD_05,22.2,0.9,None,90.6,OPTIMAL,2025-12-30T20:00:00Z
EXC_HIT_EX1200_01,Hydraulic Mining Shovel,MINE_DONGRI_04,ZONE_DGB_01,22.2,0.4,None,97.4,OPTIMAL,2025-12-30T20:00:00Z
DMP_VOLVO_FMX_21,Haul Dumper,MINE_DONGRI_04,ZONE_DGB_01,20.1,2.9,Air intake filter clogging,81.9,WARNING,2025-12-30T22:00:00Z
DMP_VOLVO_FMX_22,Haul Dumper,MINE_DONGRI_04,ZONE_DGB_02,18.7,3.3,Haul road dust water spraying pause,80.5,WARNING,2025-12-30T18:00:00Z
CRU_METSO_C120_01,Primary Jaw Crusher,MINE_DONGRI_04,ZONE_DGB_01,22.1,0.7,None,94.4,OPTIMAL,2025-12-30T22:00:00Z
WTR_TRK_TATA_02,Dust Suppression Bowser,MINE_DONGRI_04,ZONE_DGB_02,22.4,0.3,None,92.6,OPTIMAL,2025-12-30T21:00:00Z
EXC_KOM_PC450_03,Hydraulic Excavator,MINE_KANDRI_05,ZONE_KND_01,22.3,1.0,None,93.6,OPTIMAL,2025-12-30T22:00:00Z
DMP_VOLVO_FMX_31,Haul Dumper,MINE_KANDRI_05,ZONE_KND_01,22.3,0.5,None,88.6,OPTIMAL,2025-12-30T20:00:00Z
DMP_VOLVO_FMX_32,Haul Dumper,MINE_KANDRI_05,ZONE_KND_02,22.0,0.6,None,95.3,OPTIMAL,2025-12-30T23:00:00Z
DRL_ATLAS_ROC_02,Blast Drill Rig,MINE_KANDRI_05,ZONE_KND_01,22.6,0.8,None,92.0,OPTIMAL,2025-12-30T23:00:00Z
EXC_CAT_349_03,Hydraulic Excavator,MINE_MANSAR_06,ZONE_MSR_01,22.5,0.7,None,93.7,OPTIMAL,2025-12-30T22:00:00Z
DMP_BEML_BH35_03,Haul Dumper,MINE_MANSAR_06,ZONE_MSR_01,22.3,0.5,None,91.1,OPTIMAL,2025-12-30T18:00:00Z
DMP_BEML_BH35_04,Haul Dumper,MINE_MANSAR_06,ZONE_MSR_02,19.6,3.0,Track shoe tension adjustment,81.3,WARNING,2025-12-30T22:00:00Z
WTR_TRK_TATA_03,Dust Suppression Bowser,MINE_MANSAR_06,ZONE_MSR_01,23.1,0.2,None,97.8,OPTIMAL,2025-12-30T19:00:00Z
EXC_HIT_ZX470_02,Hydraulic Excavator,MINE_CHIKLA_07,ZONE_CHK_01,19.0,3.4,Track shoe tension adjustment,76.0,WARNING,2025-12-30T21:00:00Z
DMP_VOLVO_FMX_41,Haul Dumper,MINE_CHIKLA_07,ZONE_CHK_01,22.7,0.4,None,95.0,OPTIMAL,2025-12-30T19:00:00Z
DMP_VOLVO_FMX_42,Haul Dumper,MINE_CHIKLA_07,ZONE_CHK_02,23.0,0.3,None,92.3,OPTIMAL,2025-12-30T20:00:00Z
DRL_SND_DX800_02,Blast Drill Rig,MINE_CHIKLA_07,ZONE_CHK_01,22.9,0.4,None,97.9,OPTIMAL,2025-12-30T23:00:00Z
DOZ_KOM_D155_01,Track-Type Dozer,MINE_CHIKLA_07,ZONE_CHK_05,23.1,0.1,None,96.8,OPTIMAL,2025-12-30T18:00:00Z
EXC_KOM_PC450_04,Hydraulic Excavator,MINE_UKWA_08,ZONE_UKW_01,21.0,2.2,Track shoe tension adjustment,83.6,WARNING,2025-12-30T18:00:00Z
DMP_CAT_773E_03,Haul Dumper,MINE_UKWA_08,ZONE_UKW_01,22.1,0.8,None,91.7,OPTIMAL,2025-12-30T18:00:00Z
DMP_CAT_773E_04,Haul Dumper,MINE_UKWA_08,ZONE_UKW_02,22.7,0.6,None,90.2,OPTIMAL,2025-12-30T20:00:00Z
DRL_ATLAS_ROC_03,Blast Drill Rig,MINE_UKWA_08,ZONE_UKW_01,22.9,0.2,None,89.8,OPTIMAL,2025-12-30T21:00:00Z
WTR_TRK_TATA_04,Dust Suppression Bowser,MINE_UKWA_08,ZONE_UKW_02,23.2,0.2,None,96.2,OPTIMAL,2025-12-30T18:00:00Z
EXC_HIT_ZX470_01,Hydraulic Excavator,MINE_GUMGAON_02,ZONE_GMG_01,21.8,0.9,None,89.2,OPTIMAL,2025-12-31T20:00:00Z
DMP_CAT_773E_01,Haul Dumper,MINE_GUMGAON_02,ZONE_GMG_01,19.7,2.9,Track shoe tension adjustment,74.0,WARNING,2025-12-31T21:00:00Z
DMP_CAT_773E_02,Haul Dumper,MINE_GUMGAON_02,ZONE_GMG_02,22.6,0.6,None,92.5,OPTIMAL,2025-12-31T23:00:00Z
DRL_SND_DX800_01,Blast Drill Rig,MINE_GUMGAON_02,ZONE_GMG_02,23.0,0.4,None,93.5,OPTIMAL,2025-12-31T20:00:00Z
EXC_CAT_349_02,Hydraulic Excavator,MINE_TIRODI_03,ZONE_TRD_01,22.0,1.0,None,95.9,OPTIMAL,2025-12-31T18:00:00Z
EXC_KOM_PC300_01,Hydraulic Excavator,MINE_TIRODI_03,ZONE_TRD_02,21.8,0.9,None,97.1,OPTIMAL,2025-12-31T23:00:00Z
DMP_BEML_BH35_01,Haul Dumper,MINE_TIRODI_03,ZONE_TRD_01,22.6,0.8,None,94.5,OPTIMAL,2025-12-31T22:00:00Z
DMP_BEML_BH35_02,Haul Dumper,MINE_TIRODI_03,ZONE_TRD_02,22.2,0.5,None,94.4,OPTIMAL,2025-12-31T20:00:00Z
DOZ_CAT_D8R_01,Track-Type Dozer,MINE_TIRODI_03,ZONE_TRD_05,22.4,0.2,None,92.3,OPTIMAL,2025-12-31T21:00:00Z
EXC_HIT_EX1200_01,Hydraulic Mining Shovel,MINE_DONGRI_04,ZONE_DGB_01,22.7,0.5,None,92.8,OPTIMAL,2025-12-31T21:00:00Z
DMP_VOLVO_FMX_21,Haul Dumper,MINE_DONGRI_04,ZONE_DGB_01,21.9,0.8,None,95.0,OPTIMAL,2025-12-31T22:00:00Z
DMP_VOLVO_FMX_22,Haul Dumper,MINE_DONGRI_04,ZONE_DGB_02,22.5,0.1,None,95.5,OPTIMAL,2025-12-31T22:00:00Z
CRU_METSO_C120_01,Primary Jaw Crusher,MINE_DONGRI_04,ZONE_DGB_01,22.3,0.7,None,88.5,OPTIMAL,2025-12-31T20:00:00Z
WTR_TRK_TATA_02,Dust Suppression Bowser,MINE_DONGRI_04,ZONE_DGB_02,22.2,0.5,None,94.8,OPTIMAL,2025-12-31T21:00:00Z
EXC_KOM_PC450_03,Hydraulic Excavator,MINE_KANDRI_05,ZONE_KND_01,22.9,0.2,None,95.0,OPTIMAL,2025-12-31T19:00:00Z
DMP_VOLVO_FMX_31,Haul Dumper,MINE_KANDRI_05,ZONE_KND_01,21.9,0.9,None,88.7,OPTIMAL,2025-12-31T19:00:00Z
DMP_VOLVO_FMX_32,Haul Dumper,MINE_KANDRI_05,ZONE_KND_02,22.9,0.6,None,91.8,OPTIMAL,2025-12-31T23:00:00Z
DRL_ATLAS_ROC_02,Blast Drill Rig,MINE_KANDRI_05,ZONE_KND_01,21.9,0.9,None,97.2,OPTIMAL,2025-12-31T20:00:00Z
EXC_CAT_349_03,Hydraulic Excavator,MINE_MANSAR_06,ZONE_MSR_01,22.3,0.8,None,96.4,OPTIMAL,2025-12-31T18:00:00Z
DMP_BEML_BH35_03,Haul Dumper,MINE_MANSAR_06,ZONE_MSR_01,22.6,0.6,None,97.2,OPTIMAL,2025-12-31T23:00:00Z
DMP_BEML_BH35_04,Haul Dumper,MINE_MANSAR_06,ZONE_MSR_02,22.7,0.6,None,96.8,OPTIMAL,2025-12-31T23:00:00Z
WTR_TRK_TATA_03,Dust Suppression Bowser,MINE_MANSAR_06,ZONE_MSR_01,22.7,0.0,None,91.8,OPTIMAL,2025-12-31T19:00:00Z
EXC_HIT_ZX470_02,Hydraulic Excavator,MINE_CHIKLA_07,ZONE_CHK_01,22.3,0.6,None,92.0,OPTIMAL,2025-12-31T23:00:00Z
DMP_VOLVO_FMX_41,Haul Dumper,MINE_CHIKLA_07,ZONE_CHK_01,22.7,0.7,None,89.1,OPTIMAL,2025-12-31T19:00:00Z
DMP_VOLVO_FMX_42,Haul Dumper,MINE_CHIKLA_07,ZONE_CHK_02,23.0,0.2,None,97.4,OPTIMAL,2025-12-31T20:00:00Z
DRL_SND_DX800_02,Blast Drill Rig,MINE_CHIKLA_07,ZONE_CHK_01,22.5,0.7,None,90.9,OPTIMAL,2025-12-31T22:00:00Z
DOZ_KOM_D155_01,Track-Type Dozer,MINE_CHIKLA_07,ZONE_CHK_05,22.2,0.4,None,90.0,OPTIMAL,2025-12-31T18:00:00Z
EXC_KOM_PC450_04,Hydraulic Excavator,MINE_UKWA_08,ZONE_UKW_01,22.4,0.1,None,92.7,OPTIMAL,2025-12-31T18:00:00Z
DMP_CAT_773E_03,Haul Dumper,MINE_UKWA_08,ZONE_UKW_01,21.1,2.3,Track shoe tension adjustment,80.3,WARNING,2025-12-31T19:00:00Z
DMP_CAT_773E_04,Haul Dumper,MINE_UKWA_08,ZONE_UKW_02,22.4,0.7,None,95.7,OPTIMAL,2025-12-31T23:00:00Z
DRL_ATLAS_ROC_03,Blast Drill Rig,MINE_UKWA_08,ZONE_UKW_01,23.1,0.2,None,91.2,OPTIMAL,2025-12-31T22:00:00Z
WTR_TRK_TATA_04,Dust Suppression Bowser,MINE_UKWA_08,ZONE_UKW_02,14.6,7.9,Drill rotary motor trip,51.5,CRITICAL_MAINTENANCE,2025-12-31T19:00:00Z
EXC_HIT_ZX470_01,Hydraulic Excavator,MINE_GUMGAON_02,ZONE_GMG_01,19.8,2.3,Air intake filter clogging,78.1,WARNING,2026-01-01T19:00:00Z
DMP_CAT_773E_01,Haul Dumper,MINE_GUMGAON_02,ZONE_GMG_01,22.8,0.7,None,92.4,OPTIMAL,2026-01-01T19:00:00Z
DMP_CAT_773E_02,Haul Dumper,MINE_GUMGAON_02,ZONE_GMG_02,22.8,0.2,None,91.2,OPTIMAL,2026-01-01T18:00:00Z
DRL_SND_DX800_01,Blast Drill Rig,MINE_GUMGAON_02,ZONE_GMG_02,22.4,0.5,None,89.7,OPTIMAL,2026-01-01T20:00:00Z
EXC_CAT_349_02,Hydraulic Excavator,MINE_TIRODI_03,ZONE_TRD_01,23.2,0.1,None,91.8,OPTIMAL,2026-01-01T22:00:00Z
EXC_KOM_PC300_01,Hydraulic Excavator,MINE_TIRODI_03,ZONE_TRD_02,22.0,0.6,None,95.6,OPTIMAL,2026-01-01T18:00:00Z
DMP_BEML_BH35_01,Haul Dumper,MINE_TIRODI_03,ZONE_TRD_01,19.3,2.8,Fuel refill & shift inspection,83.2,WARNING,2026-01-01T20:00:00Z
DMP_BEML_BH35_02,Haul Dumper,MINE_TIRODI_03,ZONE_TRD_02,22.4,0.9,None,92.9,OPTIMAL,2026-01-01T20:00:00Z
DOZ_CAT_D8R_01,Track-Type Dozer,MINE_TIRODI_03,ZONE_TRD_05,22.1,0.5,None,89.5,OPTIMAL,2026-01-01T22:00:00Z
EXC_HIT_EX1200_01,Hydraulic Mining Shovel,MINE_DONGRI_04,ZONE_DGB_01,22.5,0.3,None,97.6,OPTIMAL,2026-01-01T21:00:00Z
DMP_VOLVO_FMX_21,Haul Dumper,MINE_DONGRI_04,ZONE_DGB_01,23.1,0.4,None,96.1,OPTIMAL,2026-01-01T19:00:00Z
DMP_VOLVO_FMX_22,Haul Dumper,MINE_DONGRI_04,ZONE_DGB_02,13.3,8.0,Excavator boom cylinder leak,67.7,CRITICAL_MAINTENANCE,2026-01-01T23:00:00Z
CRU_METSO_C120_01,Primary Jaw Crusher,MINE_DONGRI_04,ZONE_DGB_01,22.7,0.4,None,95.3,OPTIMAL,2026-01-01T21:00:00Z
WTR_TRK_TATA_02,Dust Suppression Bowser,MINE_DONGRI_04,ZONE_DGB_02,22.5,0.3,None,89.3,OPTIMAL,2026-01-01T22:00:00Z
EXC_KOM_PC450_03,Hydraulic Excavator,MINE_KANDRI_05,ZONE_KND_01,23.1,0.2,None,96.7,OPTIMAL,2026-01-01T23:00:00Z
DMP_VOLVO_FMX_31,Haul Dumper,MINE_KANDRI_05,ZONE_KND_01,22.1,0.5,None,95.9,OPTIMAL,2026-01-01T20:00:00Z
DMP_VOLVO_FMX_32,Haul Dumper,MINE_KANDRI_05,ZONE_KND_02,23.3,0.1,None,94.5,OPTIMAL,2026-01-01T20:00:00Z
DRL_ATLAS_ROC_02,Blast Drill Rig,MINE_KANDRI_05,ZONE_KND_01,22.2,0.9,None,90.0,OPTIMAL,2026-01-01T20:00:00Z
EXC_CAT_349_03,Hydraulic Excavator,MINE_MANSAR_06,ZONE_MSR_01,22.6,0.4,None,89.8,OPTIMAL,2026-01-01T21:00:00Z
DMP_BEML_BH35_03,Haul Dumper,MINE_MANSAR_06,ZONE_MSR_01,15.9,6.8,Engine cooling circuit rupture,67.7,CRITICAL_MAINTENANCE,2026-01-01T19:00:00Z
DMP_BEML_BH35_04,Haul Dumper,MINE_MANSAR_06,ZONE_MSR_02,22.5,0.8,None,91.2,OPTIMAL,2026-01-01T19:00:00Z
WTR_TRK_TATA_03,Dust Suppression Bowser,MINE_MANSAR_06,ZONE_MSR_01,22.3,0.9,None,97.3,OPTIMAL,2026-01-01T22:00:00Z
EXC_HIT_ZX470_02,Hydraulic Excavator,MINE_CHIKLA_07,ZONE_CHK_01,23.4,0.0,None,88.7,OPTIMAL,2026-01-01T18:00:00Z
DMP_VOLVO_FMX_41,Haul Dumper,MINE_CHIKLA_07,ZONE_CHK_01,16.6,4.7,Dumper planetary hub failure,54.3,CRITICAL_MAINTENANCE,2026-01-01T19:00:00Z
DMP_VOLVO_FMX_42,Haul Dumper,MINE_CHIKLA_07,ZONE_CHK_02,23.1,0.3,None,94.2,OPTIMAL,2026-01-01T20:00:00Z
DRL_SND_DX800_02,Blast Drill Rig,MINE_CHIKLA_07,ZONE_CHK_01,22.3,0.5,None,90.9,OPTIMAL,2026-01-01T18:00:00Z
DOZ_KOM_D155_01,Track-Type Dozer,MINE_CHIKLA_07,ZONE_CHK_05,22.4,0.9,None,89.2,OPTIMAL,2026-01-01T22:00:00Z
EXC_KOM_PC450_04,Hydraulic Excavator,MINE_UKWA_08,ZONE_UKW_01,22.2,0.6,None,90.8,OPTIMAL,2026-01-01T19:00:00Z
DMP_CAT_773E_03,Haul Dumper,MINE_UKWA_08,ZONE_UKW_01,23.0,0.1,None,95.6,OPTIMAL,2026-01-01T19:00:00Z
DMP_CAT_773E_04,Haul Dumper,MINE_UKWA_08,ZONE_UKW_02,22.2,0.5,None,93.9,OPTIMAL,2026-01-01T20:00:00Z
DRL_ATLAS_ROC_03,Blast Drill Rig,MINE_UKWA_08,ZONE_UKW_01,22.4,0.2,None,97.7,OPTIMAL,2026-01-01T23:00:00Z
WTR_TRK_TATA_04,Dust Suppression Bowser,MINE_UKWA_08,ZONE_UKW_02,21.6,1.0,None,88.7,OPTIMAL,2026-01-01T19:00:00Z
EXC_HIT_ZX470_01,Hydraulic Excavator,MINE_GUMGAON_02,ZONE_GMG_01,22.5,0.9,None,97.4,OPTIMAL,2026-01-02T23:00:00Z
DMP_CAT_773E_01,Haul Dumper,MINE_GUMGAON_02,ZONE_GMG_01,22.4,0.3,None,95.9,OPTIMAL,2026-01-02T20:00:00Z
DMP_CAT_773E_02,Haul Dumper,MINE_GUMGAON_02,ZONE_GMG_02,22.6,0.0,None,92.2,OPTIMAL,2026-01-02T19:00:00Z
DRL_SND_DX800_01,Blast Drill Rig,MINE_GUMGAON_02,ZONE_GMG_02,22.0,0.5,None,97.0,OPTIMAL,2026-01-02T18:00:00Z
EXC_CAT_349_02,Hydraulic Excavator,MINE_TIRODI_03,ZONE_TRD_01,23.2,0.1,None,91.1,OPTIMAL,2026-01-02T21:00:00Z
EXC_KOM_PC300_01,Hydraulic Excavator,MINE_TIRODI_03,ZONE_TRD_02,22.2,0.3,None,94.6,OPTIMAL,2026-01-02T23:00:00Z
DMP_BEML_BH35_01,Haul Dumper,MINE_TIRODI_03,ZONE_TRD_01,22.4,0.1,None,94.2,OPTIMAL,2026-01-02T23:00:00Z
DMP_BEML_BH35_02,Haul Dumper,MINE_TIRODI_03,ZONE_TRD_02,22.8,0.2,None,91.9,OPTIMAL,2026-01-02T23:00:00Z
DOZ_CAT_D8R_01,Track-Type Dozer,MINE_TIRODI_03,ZONE_TRD_05,22.4,0.3,None,96.5,OPTIMAL,2026-01-02T21:00:00Z
EXC_HIT_EX1200_01,Hydraulic Mining Shovel,MINE_DONGRI_04,ZONE_DGB_01,21.9,0.9,None,93.5,OPTIMAL,2026-01-02T21:00:00Z
DMP_VOLVO_FMX_21,Haul Dumper,MINE_DONGRI_04,ZONE_DGB_01,20.1,2.4,Haul road dust water spraying pause,81.7,WARNING,2026-01-02T22:00:00Z
DMP_VOLVO_FMX_22,Haul Dumper,MINE_DONGRI_04,ZONE_DGB_02,20.6,1.8,Air intake filter clogging,74.9,WARNING,2026-01-02T20:00:00Z
CRU_METSO_C120_01,Primary Jaw Crusher,MINE_DONGRI_04,ZONE_DGB_01,23.2,0.2,None,88.8,OPTIMAL,2026-01-02T23:00:00Z
WTR_TRK_TATA_02,Dust Suppression Bowser,MINE_DONGRI_04,ZONE_DGB_02,13.8,8.0,Drill rotary motor trip,51.1,CRITICAL_MAINTENANCE,2026-01-02T23:00:00Z
EXC_KOM_PC450_03,Hydraulic Excavator,MINE_KANDRI_05,ZONE_KND_01,23.3,0.1,None,95.0,OPTIMAL,2026-01-02T19:00:00Z
DMP_VOLVO_FMX_31,Haul Dumper,MINE_KANDRI_05,ZONE_KND_01,22.6,0.2,None,88.9,OPTIMAL,2026-01-02T21:00:00Z
DMP_VOLVO_FMX_32,Haul Dumper,MINE_KANDRI_05,ZONE_KND_02,23.4,0.0,None,91.2,OPTIMAL,2026-01-02T22:00:00Z
DRL_ATLAS_ROC_02,Blast Drill Rig,MINE_KANDRI_05,ZONE_KND_01,22.3,0.7,None,95.1,OPTIMAL,2026-01-02T21:00:00Z
EXC_CAT_349_03,Hydraulic Excavator,MINE_MANSAR_06,ZONE_MSR_01,22.5,0.9,None,89.8,OPTIMAL,2026-01-02T18:00:00Z
DMP_BEML_BH35_03,Haul Dumper,MINE_MANSAR_06,ZONE_MSR_01,22.3,0.3,None,93.8,OPTIMAL,2026-01-02T19:00:00Z
DMP_BEML_BH35_04,Haul Dumper,MINE_MANSAR_06,ZONE_MSR_02,23.2,0.1,None,91.2,OPTIMAL,2026-01-02T19:00:00Z
WTR_TRK_TATA_03,Dust Suppression Bowser,MINE_MANSAR_06,ZONE_MSR_01,22.3,0.6,None,93.1,OPTIMAL,2026-01-02T20:00:00Z
EXC_HIT_ZX470_02,Hydraulic Excavator,MINE_CHIKLA_07,ZONE_CHK_01,23.0,0.3,None,88.1,OPTIMAL,2026-01-02T23:00:00Z
DMP_VOLVO_FMX_41,Haul Dumper,MINE_CHIKLA_07,ZONE_CHK_01,23.3,0.1,None,91.4,OPTIMAL,2026-01-02T23:00:00Z
DMP_VOLVO_FMX_42,Haul Dumper,MINE_CHIKLA_07,ZONE_CHK_02,22.4,0.4,None,97.0,OPTIMAL,2026-01-02T21:00:00Z
DRL_SND_DX800_02,Blast Drill Rig,MINE_CHIKLA_07,ZONE_CHK_01,16.9,4.9,Dumper planetary hub failure,66.3,CRITICAL_MAINTENANCE,2026-01-02T23:00:00Z
DOZ_KOM_D155_01,Track-Type Dozer,MINE_CHIKLA_07,ZONE_CHK_05,23.1,0.1,None,96.4,OPTIMAL,2026-01-02T21:00:00Z
EXC_KOM_PC450_04,Hydraulic Excavator,MINE_UKWA_08,ZONE_UKW_01,22.8,0.4,None,92.9,OPTIMAL,2026-01-02T22:00:00Z
DMP_CAT_773E_03,Haul Dumper,MINE_UKWA_08,ZONE_UKW_01,22.9,0.6,None,91.5,OPTIMAL,2026-01-02T21:00:00Z
DMP_CAT_773E_04,Haul Dumper,MINE_UKWA_08,ZONE_UKW_02,21.8,0.8,None,92.0,OPTIMAL,2026-01-02T21:00:00Z
DRL_ATLAS_ROC_03,Blast Drill Rig,MINE_UKWA_08,ZONE_UKW_01,22.3,0.8,None,88.2,OPTIMAL,2026-01-02T19:00:00Z
WTR_TRK_TATA_04,Dust Suppression Bowser,MINE_UKWA_08,ZONE_UKW_02,22.5,0.9,None,91.7,OPTIMAL,2026-01-02T21:00:00Z
EXC_HIT_ZX470_01,Hydraulic Excavator,MINE_GUMGAON_02,ZONE_GMG_01,22.7,0.2,None,89.8,OPTIMAL,2026-01-03T18:00:00Z
DMP_CAT_773E_01,Haul Dumper,MINE_GUMGAON_02,ZONE_GMG_01,17.0,5.6,Excavator boom cylinder leak,57.9,CRITICAL_MAINTENANCE,2026-01-03T20:00:00Z
DMP_CAT_773E_02,Haul Dumper,MINE_GUMGAON_02,ZONE_GMG_02,23.0,0.3,None,94.1,OPTIMAL,2026-01-03T21:00:00Z
DRL_SND_DX800_01,Blast Drill Rig,MINE_GUMGAON_02,ZONE_GMG_02,22.3,0.2,None,88.6,OPTIMAL,2026-01-03T18:00:00Z
EXC_CAT_349_02,Hydraulic Excavator,MINE_TIRODI_03,ZONE_TRD_01,22.7,0.5,None,90.4,OPTIMAL,2026-01-03T21:00:00Z
EXC_KOM_PC300_01,Hydraulic Excavator,MINE_TIRODI_03,ZONE_TRD_02,23.2,0.0,None,89.6,OPTIMAL,2026-01-03T23:00:00Z
DMP_BEML_BH35_01,Haul Dumper,MINE_TIRODI_03,ZONE_TRD_01,22.3,0.6,None,93.3,OPTIMAL,2026-01-03T20:00:00Z
DMP_BEML_BH35_02,Haul Dumper,MINE_TIRODI_03,ZONE_TRD_02,22.2,0.9,None,97.7,OPTIMAL,2026-01-03T18:00:00Z
DOZ_CAT_D8R_01,Track-Type Dozer,MINE_TIRODI_03,ZONE_TRD_05,15.6,5.5,Dumper planetary hub failure,61.8,CRITICAL_MAINTENANCE,2026-01-03T23:00:00Z
EXC_HIT_EX1200_01,Hydraulic Mining Shovel,MINE_DONGRI_04,ZONE_DGB_01,22.1,0.8,None,93.8,OPTIMAL,2026-01-03T20:00:00Z
DMP_VOLVO_FMX_21,Haul Dumper,MINE_DONGRI_04,ZONE_DGB_01,21.7,1.0,None,93.7,OPTIMAL,2026-01-03T19:00:00Z
DMP_VOLVO_FMX_22,Haul Dumper,MINE_DONGRI_04,ZONE_DGB_02,22.5,0.8,None,93.6,OPTIMAL,2026-01-03T18:00:00Z
CRU_METSO_C120_01,Primary Jaw Crusher,MINE_DONGRI_04,ZONE_DGB_01,23.0,0.4,None,91.2,OPTIMAL,2026-01-03T22:00:00Z
WTR_TRK_TATA_02,Dust Suppression Bowser,MINE_DONGRI_04,ZONE_DGB_02,21.6,0.9,None,90.7,OPTIMAL,2026-01-03T21:00:00Z
EXC_KOM_PC450_03,Hydraulic Excavator,MINE_KANDRI_05,ZONE_KND_01,22.0,0.8,None,91.6,OPTIMAL,2026-01-03T18:00:00Z
DMP_VOLVO_FMX_31,Haul Dumper,MINE_KANDRI_05,ZONE_KND_01,23.1,0.0,None,94.2,OPTIMAL,2026-01-03T22:00:00Z
DMP_VOLVO_FMX_32,Haul Dumper,MINE_KANDRI_05,ZONE_KND_02,22.2,0.3,None,94.0,OPTIMAL,2026-01-03T22:00:00Z
DRL_ATLAS_ROC_02,Blast Drill Rig,MINE_KANDRI_05,ZONE_KND_01,22.4,0.2,None,94.1,OPTIMAL,2026-01-03T20:00:00Z
EXC_CAT_349_03,Hydraulic Excavator,MINE_MANSAR_06,ZONE_MSR_01,22.5,0.2,None,90.8,OPTIMAL,2026-01-03T21:00:00Z
DMP_BEML_BH35_03,Haul Dumper,MINE_MANSAR_06,ZONE_MSR_01,23.2,0.0,None,89.4,OPTIMAL,2026-01-03T18:00:00Z
DMP_BEML_BH35_04,Haul Dumper,MINE_MANSAR_06,ZONE_MSR_02,16.1,6.2,Excavator boom cylinder leak,63.5,CRITICAL_MAINTENANCE,2026-01-03T21:00:00Z
WTR_TRK_TATA_03,Dust Suppression Bowser,MINE_MANSAR_06,ZONE_MSR_01,22.1,0.6,None,89.1,OPTIMAL,2026-01-03T20:00:00Z
EXC_HIT_ZX470_02,Hydraulic Excavator,MINE_CHIKLA_07,ZONE_CHK_01,22.6,0.6,None,93.9,OPTIMAL,2026-01-03T20:00:00Z
DMP_VOLVO_FMX_41,Haul Dumper,MINE_CHIKLA_07,ZONE_CHK_01,22.0,0.9,None,91.7,OPTIMAL,2026-01-03T20:00:00Z
DMP_VOLVO_FMX_42,Haul Dumper,MINE_CHIKLA_07,ZONE_CHK_02,23.1,0.0,None,91.2,OPTIMAL,2026-01-03T19:00:00Z
DRL_SND_DX800_02,Blast Drill Rig,MINE_CHIKLA_07,ZONE_CHK_01,23.2,0.0,None,93.7,OPTIMAL,2026-01-03T22:00:00Z
DOZ_KOM_D155_01,Track-Type Dozer,MINE_CHIKLA_07,ZONE_CHK_05,14.2,7.4,Hydraulic pump seal burst,57.9,CRITICAL_MAINTENANCE,2026-01-03T19:00:00Z
EXC_KOM_PC450_04,Hydraulic Excavator,MINE_UKWA_08,ZONE_UKW_01,22.4,0.9,None,95.5,OPTIMAL,2026-01-03T20:00:00Z
DMP_CAT_773E_03,Haul Dumper,MINE_UKWA_08,ZONE_UKW_01,22.2,0.8,None,93.5,OPTIMAL,2026-01-03T22:00:00Z
DMP_CAT_773E_04,Haul Dumper,MINE_UKWA_08,ZONE_UKW_02,22.3,0.7,None,88.9,OPTIMAL,2026-01-03T19:00:00Z
DRL_ATLAS_ROC_03,Blast Drill Rig,MINE_UKWA_08,ZONE_UKW_01,19.8,3.3,Track shoe tension adjustment,74.9,WARNING,2026-01-03T18:00:00Z
WTR_TRK_TATA_04,Dust Suppression Bowser,MINE_UKWA_08,ZONE_UKW_02,23.0,0.5,None,95.6,OPTIMAL,2026-01-03T19:00:00Z
EXC_HIT_ZX470_01,Hydraulic Excavator,MINE_GUMGAON_02,ZONE_GMG_01,22.8,0.3,None,94.3,OPTIMAL,2026-01-04T21:00:00Z
DMP_CAT_773E_01,Haul Dumper,MINE_GUMGAON_02,ZONE_GMG_01,15.2,6.5,Engine cooling circuit rupture,61.9,CRITICAL_MAINTENANCE,2026-01-04T18:00:00Z
DMP_CAT_773E_02,Haul Dumper,MINE_GUMGAON_02,ZONE_GMG_02,16.5,5.3,Hydraulic pump seal burst,48.1,CRITICAL_MAINTENANCE,2026-01-04T22:00:00Z
DRL_SND_DX800_01,Blast Drill Rig,MINE_GUMGAON_02,ZONE_GMG_02,22.3,0.8,None,89.5,OPTIMAL,2026-01-04T18:00:00Z
EXC_CAT_349_02,Hydraulic Excavator,MINE_TIRODI_03,ZONE_TRD_01,22.6,0.3,None,93.1,OPTIMAL,2026-01-04T19:00:00Z
EXC_KOM_PC300_01,Hydraulic Excavator,MINE_TIRODI_03,ZONE_TRD_02,23.0,0.3,None,97.0,OPTIMAL,2026-01-04T21:00:00Z
DMP_BEML_BH35_01,Haul Dumper,MINE_TIRODI_03,ZONE_TRD_01,22.9,0.0,None,94.5,OPTIMAL,2026-01-04T22:00:00Z
DMP_BEML_BH35_02,Haul Dumper,MINE_TIRODI_03,ZONE_TRD_02,23.0,0.1,None,89.1,OPTIMAL,2026-01-04T19:00:00Z
DOZ_CAT_D8R_01,Track-Type Dozer,MINE_TIRODI_03,ZONE_TRD_05,22.0,0.7,None,94.7,OPTIMAL,2026-01-04T22:00:00Z
EXC_HIT_EX1200_01,Hydraulic Mining Shovel,MINE_DONGRI_04,ZONE_DGB_01,22.8,0.1,None,93.7,OPTIMAL,2026-01-04T20:00:00Z
DMP_VOLVO_FMX_21,Haul Dumper,MINE_DONGRI_04,ZONE_DGB_01,20.8,1.5,Air intake filter clogging,82.3,WARNING,2026-01-04T21:00:00Z
DMP_VOLVO_FMX_22,Haul Dumper,MINE_DONGRI_04,ZONE_DGB_02,22.2,0.3,None,94.0,OPTIMAL,2026-01-04T19:00:00Z
CRU_METSO_C120_01,Primary Jaw Crusher,MINE_DONGRI_04,ZONE_DGB_01,22.1,0.6,None,94.7,OPTIMAL,2026-01-04T19:00:00Z
WTR_TRK_TATA_02,Dust Suppression Bowser,MINE_DONGRI_04,ZONE_DGB_02,22.0,1.5,Track shoe tension adjustment,72.6,WARNING,2026-01-04T20:00:00Z
EXC_KOM_PC450_03,Hydraulic Excavator,MINE_KANDRI_05,ZONE_KND_01,22.5,0.4,None,89.6,OPTIMAL,2026-01-04T18:00:00Z
DMP_VOLVO_FMX_31,Haul Dumper,MINE_KANDRI_05,ZONE_KND_01,21.8,1.0,None,91.7,OPTIMAL,2026-01-04T20:00:00Z
DMP_VOLVO_FMX_32,Haul Dumper,MINE_KANDRI_05,ZONE_KND_02,19.2,3.0,Haul road dust water spraying pause,75.6,WARNING,2026-01-04T21:00:00Z
DRL_ATLAS_ROC_02,Blast Drill Rig,MINE_KANDRI_05,ZONE_KND_01,22.5,0.8,None,97.2,OPTIMAL,2026-01-04T23:00:00Z
EXC_CAT_349_03,Hydraulic Excavator,MINE_MANSAR_06,ZONE_MSR_01,21.7,0.9,None,89.7,OPTIMAL,2026-01-04T18:00:00Z
DMP_BEML_BH35_03,Haul Dumper,MINE_MANSAR_06,ZONE_MSR_01,22.0,0.9,None,93.6,OPTIMAL,2026-01-04T20:00:00Z
DMP_BEML_BH35_04,Haul Dumper,MINE_MANSAR_06,ZONE_MSR_02,16.8,4.8,Drill rotary motor trip,52.3,CRITICAL_MAINTENANCE,2026-01-04T23:00:00Z
WTR_TRK_TATA_03,Dust Suppression Bowser,MINE_MANSAR_06,ZONE_MSR_01,20.4,2.4,Track shoe tension adjustment,74.1,WARNING,2026-01-04T22:00:00Z
EXC_HIT_ZX470_02,Hydraulic Excavator,MINE_CHIKLA_07,ZONE_CHK_01,21.6,1.0,None,95.1,OPTIMAL,2026-01-04T23:00:00Z
DMP_VOLVO_FMX_41,Haul Dumper,MINE_CHIKLA_07,ZONE_CHK_01,23.2,0.0,None,96.7,OPTIMAL,2026-01-04T19:00:00Z
DMP_VOLVO_FMX_42,Haul Dumper,MINE_CHIKLA_07,ZONE_CHK_02,22.5,1.0,None,93.6,OPTIMAL,2026-01-04T21:00:00Z
DRL_SND_DX800_02,Blast Drill Rig,MINE_CHIKLA_07,ZONE_CHK_01,22.0,0.8,None,95.4,OPTIMAL,2026-01-04T20:00:00Z
DOZ_KOM_D155_01,Track-Type Dozer,MINE_CHIKLA_07,ZONE_CHK_05,22.5,0.5,None,89.6,OPTIMAL,2026-01-04T23:00:00Z
EXC_KOM_PC450_04,Hydraulic Excavator,MINE_UKWA_08,ZONE_UKW_01,22.7,0.5,None,94.4,OPTIMAL,2026-01-04T21:00:00Z
DMP_CAT_773E_03,Haul Dumper,MINE_UKWA_08,ZONE_UKW_01,22.7,0.5,None,90.9,OPTIMAL,2026-01-04T23:00:00Z
DMP_CAT_773E_04,Haul Dumper,MINE_UKWA_08,ZONE_UKW_02,22.6,0.5,None,92.3,OPTIMAL,2026-01-04T22:00:00Z
DRL_ATLAS_ROC_03,Blast Drill Rig,MINE_UKWA_08,ZONE_UKW_01,22.0,0.9,None,92.5,OPTIMAL,2026-01-04T22:00:00Z
WTR_TRK_TATA_04,Dust Suppression Bowser,MINE_UKWA_08,ZONE_UKW_02,23.0,0.0,None,96.6,OPTIMAL,2026-01-04T23:00:00Z
EXC_HIT_ZX470_01,Hydraulic Excavator,MINE_GUMGAON_02,ZONE_GMG_01,22.2,0.6,None,96.5,OPTIMAL,2026-01-05T22:00:00Z
DMP_CAT_773E_01,Haul Dumper,MINE_GUMGAON_02,ZONE_GMG_01,22.6,0.2,None,88.8,OPTIMAL,2026-01-05T21:00:00Z
DMP_CAT_773E_02,Haul Dumper,MINE_GUMGAON_02,ZONE_GMG_02,22.5,0.5,None,93.8,OPTIMAL,2026-01-05T20:00:00Z
DRL_SND_DX800_01,Blast Drill Rig,MINE_GUMGAON_02,ZONE_GMG_02,23.1,0.2,None,95.1,OPTIMAL,2026-01-05T20:00:00Z
EXC_CAT_349_02,Hydraulic Excavator,MINE_TIRODI_03,ZONE_TRD_01,22.3,0.8,None,97.4,OPTIMAL,2026-01-05T22:00:00Z
EXC_KOM_PC300_01,Hydraulic Excavator,MINE_TIRODI_03,ZONE_TRD_02,22.2,0.6,None,94.9,OPTIMAL,2026-01-05T18:00:00Z
DMP_BEML_BH35_01,Haul Dumper,MINE_TIRODI_03,ZONE_TRD_01,22.6,0.2,None,95.5,OPTIMAL,2026-01-05T23:00:00Z
DMP_BEML_BH35_02,Haul Dumper,MINE_TIRODI_03,ZONE_TRD_02,16.3,6.5,Hydraulic pump seal burst,50.9,CRITICAL_MAINTENANCE,2026-01-05T23:00:00Z
DOZ_CAT_D8R_01,Track-Type Dozer,MINE_TIRODI_03,ZONE_TRD_05,22.3,0.4,None,93.4,OPTIMAL,2026-01-05T18:00:00Z
EXC_HIT_EX1200_01,Hydraulic Mining Shovel,MINE_DONGRI_04,ZONE_DGB_01,23.2,0.0,None,90.1,OPTIMAL,2026-01-05T23:00:00Z
DMP_VOLVO_FMX_21,Haul Dumper,MINE_DONGRI_04,ZONE_DGB_01,22.1,1.0,None,91.6,OPTIMAL,2026-01-05T21:00:00Z
DMP_VOLVO_FMX_22,Haul Dumper,MINE_DONGRI_04,ZONE_DGB_02,16.4,5.9,Engine cooling circuit rupture,54.1,CRITICAL_MAINTENANCE,2026-01-05T22:00:00Z
CRU_METSO_C120_01,Primary Jaw Crusher,MINE_DONGRI_04,ZONE_DGB_01,22.2,0.6,None,97.8,OPTIMAL,2026-01-05T21:00:00Z
WTR_TRK_TATA_02,Dust Suppression Bowser,MINE_DONGRI_04,ZONE_DGB_02,19.3,2.9,Track shoe tension adjustment,76.6,WARNING,2026-01-05T21:00:00Z
EXC_KOM_PC450_03,Hydraulic Excavator,MINE_KANDRI_05,ZONE_KND_01,22.1,0.4,None,92.9,OPTIMAL,2026-01-05T18:00:00Z
DMP_VOLVO_FMX_31,Haul Dumper,MINE_KANDRI_05,ZONE_KND_01,22.6,0.8,None,90.5,OPTIMAL,2026-01-05T18:00:00Z
DMP_VOLVO_FMX_32,Haul Dumper,MINE_KANDRI_05,ZONE_KND_02,21.9,0.7,None,92.5,OPTIMAL,2026-01-05T23:00:00Z
DRL_ATLAS_ROC_02,Blast Drill Rig,MINE_KANDRI_05,ZONE_KND_01,22.7,0.5,None,93.5,OPTIMAL,2026-01-05T23:00:00Z
EXC_CAT_349_03,Hydraulic Excavator,MINE_MANSAR_06,ZONE_MSR_01,23.1,0.4,None,89.3,OPTIMAL,2026-01-05T23:00:00Z
DMP_BEML_BH35_03,Haul Dumper,MINE_MANSAR_06,ZONE_MSR_01,22.6,0.4,None,92.6,OPTIMAL,2026-01-05T23:00:00Z
DMP_BEML_BH35_04,Haul Dumper,MINE_MANSAR_06,ZONE_MSR_02,22.3,0.5,None,90.5,OPTIMAL,2026-01-05T18:00:00Z
WTR_TRK_TATA_03,Dust Suppression Bowser,MINE_MANSAR_06,ZONE_MSR_01,22.3,0.9,None,89.6,OPTIMAL,2026-01-05T20:00:00Z
EXC_HIT_ZX470_02,Hydraulic Excavator,MINE_CHIKLA_07,ZONE_CHK_01,21.8,0.7,None,88.8,OPTIMAL,2026-01-05T21:00:00Z
DMP_VOLVO_FMX_41,Haul Dumper,MINE_CHIKLA_07,ZONE_CHK_01,19.2,3.1,Fuel refill & shift inspection,82.9,WARNING,2026-01-05T18:00:00Z
DMP_VOLVO_FMX_42,Haul Dumper,MINE_CHIKLA_07,ZONE_CHK_02,22.0,0.9,None,92.9,OPTIMAL,2026-01-05T23:00:00Z
DRL_SND_DX800_02,Blast Drill Rig,MINE_CHIKLA_07,ZONE_CHK_01,22.5,0.9,None,89.4,OPTIMAL,2026-01-05T23:00:00Z
DOZ_KOM_D155_01,Track-Type Dozer,MINE_CHIKLA_07,ZONE_CHK_05,23.0,0.0,None,95.9,OPTIMAL,2026-01-05T21:00:00Z
EXC_KOM_PC450_04,Hydraulic Excavator,MINE_UKWA_08,ZONE_UKW_01,14.4,7.3,Drill rotary motor trip,50.1,CRITICAL_MAINTENANCE,2026-01-05T18:00:00Z
DMP_CAT_773E_03,Haul Dumper,MINE_UKWA_08,ZONE_UKW_01,23.0,0.4,None,90.6,OPTIMAL,2026-01-05T23:00:00Z
DMP_CAT_773E_04,Haul Dumper,MINE_UKWA_08,ZONE_UKW_02,21.7,0.9,None,96.8,OPTIMAL,2026-01-05T18:00:00Z
DRL_ATLAS_ROC_03,Blast Drill Rig,MINE_UKWA_08,ZONE_UKW_01,17.4,5.2,Engine cooling circuit rupture,61.2,CRITICAL_MAINTENANCE,2026-01-05T20:00:00Z
WTR_TRK_TATA_04,Dust Suppression Bowser,MINE_UKWA_08,ZONE_UKW_02,21.8,1.0,None,93.8,OPTIMAL,2026-01-05T18:00:00Z
EXC_HIT_ZX470_01,Hydraulic Excavator,MINE_GUMGAON_02,ZONE_GMG_01,23.3,0.1,None,95.0,OPTIMAL,2026-01-06T18:00:00Z
DMP_CAT_773E_01,Haul Dumper,MINE_GUMGAON_02,ZONE_GMG_01,23.0,0.0,None,90.7,OPTIMAL,2026-01-06T22:00:00Z
DMP_CAT_773E_02,Haul Dumper,MINE_GUMGAON_02,ZONE_GMG_02,16.2,5.0,Excavator boom cylinder leak,65.2,CRITICAL_MAINTENANCE,2026-01-06T19:00:00Z
DRL_SND_DX800_01,Blast Drill Rig,MINE_GUMGAON_02,ZONE_GMG_02,23.1,0.2,None,93.5,OPTIMAL,2026-01-06T23:00:00Z
EXC_CAT_349_02,Hydraulic Excavator,MINE_TIRODI_03,ZONE_TRD_01,23.3,0.1,None,93.1,OPTIMAL,2026-01-06T18:00:00Z
EXC_KOM_PC300_01,Hydraulic Excavator,MINE_TIRODI_03,ZONE_TRD_02,23.2,0.1,None,94.3,OPTIMAL,2026-01-06T21:00:00Z
DMP_BEML_BH35_01,Haul Dumper,MINE_TIRODI_03,ZONE_TRD_01,23.0,0.2,None,88.6,OPTIMAL,2026-01-06T21:00:00Z
DMP_BEML_BH35_02,Haul Dumper,MINE_TIRODI_03,ZONE_TRD_02,16.5,6.1,Dumper planetary hub failure,62.5,CRITICAL_MAINTENANCE,2026-01-06T21:00:00Z
DOZ_CAT_D8R_01,Track-Type Dozer,MINE_TIRODI_03,ZONE_TRD_05,22.4,0.2,None,92.8,OPTIMAL,2026-01-06T22:00:00Z
EXC_HIT_EX1200_01,Hydraulic Mining Shovel,MINE_DONGRI_04,ZONE_DGB_01,22.5,0.8,None,94.0,OPTIMAL,2026-01-06T20:00:00Z
DMP_VOLVO_FMX_21,Haul Dumper,MINE_DONGRI_04,ZONE_DGB_01,20.2,2.7,Air intake filter clogging,78.7,WARNING,2026-01-06T23:00:00Z
DMP_VOLVO_FMX_22,Haul Dumper,MINE_DONGRI_04,ZONE_DGB_02,16.1,5.6,Dumper planetary hub failure,67.7,CRITICAL_MAINTENANCE,2026-01-06T20:00:00Z
CRU_METSO_C120_01,Primary Jaw Crusher,MINE_DONGRI_04,ZONE_DGB_01,21.7,0.9,None,92.7,OPTIMAL,2026-01-06T21:00:00Z
WTR_TRK_TATA_02,Dust Suppression Bowser,MINE_DONGRI_04,ZONE_DGB_02,22.1,0.7,None,97.2,OPTIMAL,2026-01-06T22:00:00Z
EXC_KOM_PC450_03,Hydraulic Excavator,MINE_KANDRI_05,ZONE_KND_01,23.1,0.1,None,94.9,OPTIMAL,2026-01-06T20:00:00Z
DMP_VOLVO_FMX_31,Haul Dumper,MINE_KANDRI_05,ZONE_KND_01,22.8,0.1,None,97.3,OPTIMAL,2026-01-06T20:00:00Z
DMP_VOLVO_FMX_32,Haul Dumper,MINE_KANDRI_05,ZONE_KND_02,22.3,0.9,None,90.4,OPTIMAL,2026-01-06T19:00:00Z
DRL_ATLAS_ROC_02,Blast Drill Rig,MINE_KANDRI_05,ZONE_KND_01,22.2,0.8,None,92.1,OPTIMAL,2026-01-06T20:00:00Z
EXC_CAT_349_03,Hydraulic Excavator,MINE_MANSAR_06,ZONE_MSR_01,22.7,0.2,None,95.9,OPTIMAL,2026-01-06T23:00:00Z
DMP_BEML_BH35_03,Haul Dumper,MINE_MANSAR_06,ZONE_MSR_01,22.6,0.4,None,91.2,OPTIMAL,2026-01-06T21:00:00Z
DMP_BEML_BH35_04,Haul Dumper,MINE_MANSAR_06,ZONE_MSR_02,21.9,0.7,None,94.4,OPTIMAL,2026-01-06T19:00:00Z
WTR_TRK_TATA_03,Dust Suppression Bowser,MINE_MANSAR_06,ZONE_MSR_01,22.3,0.3,None,96.1,OPTIMAL,2026-01-06T20:00:00Z
EXC_HIT_ZX470_02,Hydraulic Excavator,MINE_CHIKLA_07,ZONE_CHK_01,22.6,0.3,None,93.4,OPTIMAL,2026-01-06T19:00:00Z
DMP_VOLVO_FMX_41,Haul Dumper,MINE_CHIKLA_07,ZONE_CHK_01,21.2,1.7,Fuel refill & shift inspection,78.6,WARNING,2026-01-06T18:00:00Z
DMP_VOLVO_FMX_42,Haul Dumper,MINE_CHIKLA_07,ZONE_CHK_02,22.7,0.3,None,97.3,OPTIMAL,2026-01-06T22:00:00Z
DRL_SND_DX800_02,Blast Drill Rig,MINE_CHIKLA_07,ZONE_CHK_01,22.7,0.6,None,88.5,OPTIMAL,2026-01-06T21:00:00Z
DOZ_KOM_D155_01,Track-Type Dozer,MINE_CHIKLA_07,ZONE_CHK_05,23.0,0.1,None,91.1,OPTIMAL,2026-01-06T19:00:00Z
EXC_KOM_PC450_04,Hydraulic Excavator,MINE_UKWA_08,ZONE_UKW_01,22.6,0.8,None,96.5,OPTIMAL,2026-01-06T20:00:00Z
DMP_CAT_773E_03,Haul Dumper,MINE_UKWA_08,ZONE_UKW_01,23.3,0.1,None,95.4,OPTIMAL,2026-01-06T21:00:00Z
DMP_CAT_773E_04,Haul Dumper,MINE_UKWA_08,ZONE_UKW_02,22.9,0.6,None,91.4,OPTIMAL,2026-01-06T22:00:00Z
DRL_ATLAS_ROC_03,Blast Drill Rig,MINE_UKWA_08,ZONE_UKW_01,23.1,0.2,None,94.0,OPTIMAL,2026-01-06T20:00:00Z
WTR_TRK_TATA_04,Dust Suppression Bowser,MINE_UKWA_08,ZONE_UKW_02,23.3,0.2,None,93.8,OPTIMAL,2026-01-06T19:00:00Z
EXC_HIT_ZX470_01,Hydraulic Excavator,MINE_GUMGAON_02,ZONE_GMG_01,22.6,0.4,None,88.2,OPTIMAL,2026-01-07T19:00:00Z
DMP_CAT_773E_01,Haul Dumper,MINE_GUMGAON_02,ZONE_GMG_01,22.2,1.0,None,92.9,OPTIMAL,2026-01-07T18:00:00Z
DMP_CAT_773E_02,Haul Dumper,MINE_GUMGAON_02,ZONE_GMG_02,22.7,0.2,None,96.9,OPTIMAL,2026-01-07T19:00:00Z
DRL_SND_DX800_01,Blast Drill Rig,MINE_GUMGAON_02,ZONE_GMG_02,20.0,2.8,Fuel refill & shift inspection,82.3,WARNING,2026-01-07T21:00:00Z
EXC_CAT_349_02,Hydraulic Excavator,MINE_TIRODI_03,ZONE_TRD_01,20.7,1.7,Fuel refill & shift inspection,77.3,WARNING,2026-01-07T22:00:00Z
EXC_KOM_PC300_01,Hydraulic Excavator,MINE_TIRODI_03,ZONE_TRD_02,20.2,3.0,Fuel refill & shift inspection,80.1,WARNING,2026-01-07T22:00:00Z
DMP_BEML_BH35_01,Haul Dumper,MINE_TIRODI_03,ZONE_TRD_01,20.4,2.5,Air intake filter clogging,77.3,WARNING,2026-01-07T20:00:00Z
DMP_BEML_BH35_02,Haul Dumper,MINE_TIRODI_03,ZONE_TRD_02,19.3,3.2,Fuel refill & shift inspection,74.0,WARNING,2026-01-07T19:00:00Z
DOZ_CAT_D8R_01,Track-Type Dozer,MINE_TIRODI_03,ZONE_TRD_05,22.5,0.3,None,97.0,OPTIMAL,2026-01-07T21:00:00Z
EXC_HIT_EX1200_01,Hydraulic Mining Shovel,MINE_DONGRI_04,ZONE_DGB_01,22.6,0.0,None,90.4,OPTIMAL,2026-01-07T23:00:00Z
DMP_VOLVO_FMX_21,Haul Dumper,MINE_DONGRI_04,ZONE_DGB_01,22.9,0.0,None,91.6,OPTIMAL,2026-01-07T18:00:00Z
DMP_VOLVO_FMX_22,Haul Dumper,MINE_DONGRI_04,ZONE_DGB_02,22.5,0.9,None,90.5,OPTIMAL,2026-01-07T19:00:00Z
CRU_METSO_C120_01,Primary Jaw Crusher,MINE_DONGRI_04,ZONE_DGB_01,23.0,0.3,None,90.2,OPTIMAL,2026-01-07T22:00:00Z
WTR_TRK_TATA_02,Dust Suppression Bowser,MINE_DONGRI_04,ZONE_DGB_02,21.9,0.8,None,97.8,OPTIMAL,2026-01-07T20:00:00Z
EXC_KOM_PC450_03,Hydraulic Excavator,MINE_KANDRI_05,ZONE_KND_01,15.4,7.3,Engine cooling circuit rupture,60.3,CRITICAL_MAINTENANCE,2026-01-07T18:00:00Z
DMP_VOLVO_FMX_31,Haul Dumper,MINE_KANDRI_05,ZONE_KND_01,23.1,0.3,None,89.4,OPTIMAL,2026-01-07T21:00:00Z
DMP_VOLVO_FMX_32,Haul Dumper,MINE_KANDRI_05,ZONE_KND_02,23.0,0.2,None,93.2,OPTIMAL,2026-01-07T19:00:00Z
DRL_ATLAS_ROC_02,Blast Drill Rig,MINE_KANDRI_05,ZONE_KND_01,22.1,0.6,None,96.7,OPTIMAL,2026-01-07T23:00:00Z
EXC_CAT_349_03,Hydraulic Excavator,MINE_MANSAR_06,ZONE_MSR_01,21.7,0.9,None,90.4,OPTIMAL,2026-01-07T19:00:00Z
DMP_BEML_BH35_03,Haul Dumper,MINE_MANSAR_06,ZONE_MSR_01,20.1,3.0,Track shoe tension adjustment,81.4,WARNING,2026-01-07T21:00:00Z
DMP_BEML_BH35_04,Haul Dumper,MINE_MANSAR_06,ZONE_MSR_02,22.8,0.2,None,89.9,OPTIMAL,2026-01-07T18:00:00Z
WTR_TRK_TATA_03,Dust Suppression Bowser,MINE_MANSAR_06,ZONE_MSR_01,22.4,0.3,None,93.0,OPTIMAL,2026-01-07T18:00:00Z
EXC_HIT_ZX470_02,Hydraulic Excavator,MINE_CHIKLA_07,ZONE_CHK_01,22.2,0.5,None,90.4,OPTIMAL,2026-01-07T22:00:00Z
DMP_VOLVO_FMX_41,Haul Dumper,MINE_CHIKLA_07,ZONE_CHK_01,23.0,0.3,None,89.8,OPTIMAL,2026-01-07T18:00:00Z
DMP_VOLVO_FMX_42,Haul Dumper,MINE_CHIKLA_07,ZONE_CHK_02,22.9,0.6,None,97.8,OPTIMAL,2026-01-07T19:00:00Z
DRL_SND_DX800_02,Blast Drill Rig,MINE_CHIKLA_07,ZONE_CHK_01,13.9,7.7,Engine cooling circuit rupture,55.9,CRITICAL_MAINTENANCE,2026-01-07T23:00:00Z
DOZ_KOM_D155_01,Track-Type Dozer,MINE_CHIKLA_07,ZONE_CHK_05,21.6,1.0,None,91.5,OPTIMAL,2026-01-07T22:00:00Z
EXC_KOM_PC450_04,Hydraulic Excavator,MINE_UKWA_08,ZONE_UKW_01,22.8,0.4,None,97.4,OPTIMAL,2026-01-07T19:00:00Z
DMP_CAT_773E_03,Haul Dumper,MINE_UKWA_08,ZONE_UKW_01,22.5,0.8,None,94.0,OPTIMAL,2026-01-07T20:00:00Z
DMP_CAT_773E_04,Haul Dumper,MINE_UKWA_08,ZONE_UKW_02,19.6,3.3,Track shoe tension adjustment,75.6,WARNING,2026-01-07T20:00:00Z
DRL_ATLAS_ROC_03,Blast Drill Rig,MINE_UKWA_08,ZONE_UKW_01,22.5,0.2,None,95.5,OPTIMAL,2026-01-07T21:00:00Z
WTR_TRK_TATA_04,Dust Suppression Bowser,MINE_UKWA_08,ZONE_UKW_02,22.2,0.7,None,91.0,OPTIMAL,2026-01-07T19:00:00Z
EXC_HIT_ZX470_01,Hydraulic Excavator,MINE_GUMGAON_02,ZONE_GMG_01,22.3,0.9,None,92.0,OPTIMAL,2026-01-08T23:00:00Z
DMP_CAT_773E_01,Haul Dumper,MINE_GUMGAON_02,ZONE_GMG_01,22.6,0.5,None,88.5,OPTIMAL,2026-01-08T19:00:00Z
DMP_CAT_773E_02,Haul Dumper,MINE_GUMGAON_02,ZONE_GMG_02,23.1,0.3,None,92.7,OPTIMAL,2026-01-08T21:00:00Z
DRL_SND_DX800_01,Blast Drill Rig,MINE_GUMGAON_02,ZONE_GMG_02,23.1,0.1,None,96.2,OPTIMAL,2026-01-08T22:00:00Z
EXC_CAT_349_02,Hydraulic Excavator,MINE_TIRODI_03,ZONE_TRD_01,22.1,0.9,None,91.5,OPTIMAL,2026-01-08T19:00:00Z
EXC_KOM_PC300_01,Hydraulic Excavator,MINE_TIRODI_03,ZONE_TRD_02,23.4,0.0,None,95.4,OPTIMAL,2026-01-08T22:00:00Z
DMP_BEML_BH35_01,Haul Dumper,MINE_TIRODI_03,ZONE_TRD_01,20.8,1.9,Fuel refill & shift inspection,72.3,WARNING,2026-01-08T20:00:00Z
DMP_BEML_BH35_02,Haul Dumper,MINE_TIRODI_03,ZONE_TRD_02,22.6,0.6,None,88.5,OPTIMAL,2026-01-08T22:00:00Z
DOZ_CAT_D8R_01,Track-Type Dozer,MINE_TIRODI_03,ZONE_TRD_05,22.3,0.8,None,93.1,OPTIMAL,2026-01-08T23:00:00Z
EXC_HIT_EX1200_01,Hydraulic Mining Shovel,MINE_DONGRI_04,ZONE_DGB_01,22.8,0.6,None,97.7,OPTIMAL,2026-01-08T21:00:00Z
DMP_VOLVO_FMX_21,Haul Dumper,MINE_DONGRI_04,ZONE_DGB_01,22.2,0.7,None,89.4,OPTIMAL,2026-01-08T19:00:00Z
DMP_VOLVO_FMX_22,Haul Dumper,MINE_DONGRI_04,ZONE_DGB_02,23.1,0.4,None,91.0,OPTIMAL,2026-01-08T19:00:00Z
CRU_METSO_C120_01,Primary Jaw Crusher,MINE_DONGRI_04,ZONE_DGB_01,22.3,0.4,None,89.5,OPTIMAL,2026-01-08T22:00:00Z
WTR_TRK_TATA_02,Dust Suppression Bowser,MINE_DONGRI_04,ZONE_DGB_02,22.3,0.2,None,89.6,OPTIMAL,2026-01-08T18:00:00Z
EXC_KOM_PC450_03,Hydraulic Excavator,MINE_KANDRI_05,ZONE_KND_01,22.9,0.1,None,97.8,OPTIMAL,2026-01-08T23:00:00Z
DMP_VOLVO_FMX_31,Haul Dumper,MINE_KANDRI_05,ZONE_KND_01,19.8,2.4,Haul road dust water spraying pause,79.4,WARNING,2026-01-08T21:00:00Z
DMP_VOLVO_FMX_32,Haul Dumper,MINE_KANDRI_05,ZONE_KND_02,22.0,0.6,None,96.1,OPTIMAL,2026-01-08T20:00:00Z
DRL_ATLAS_ROC_02,Blast Drill Rig,MINE_KANDRI_05,ZONE_KND_01,22.6,0.2,None,95.2,OPTIMAL,2026-01-08T22:00:00Z
EXC_CAT_349_03,Hydraulic Excavator,MINE_MANSAR_06,ZONE_MSR_01,22.5,0.8,None,96.1,OPTIMAL,2026-01-08T21:00:00Z
DMP_BEML_BH35_03,Haul Dumper,MINE_MANSAR_06,ZONE_MSR_01,22.5,0.5,None,95.2,OPTIMAL,2026-01-08T21:00:00Z
DMP_BEML_BH35_04,Haul Dumper,MINE_MANSAR_06,ZONE_MSR_02,22.4,0.8,None,96.2,OPTIMAL,2026-01-08T22:00:00Z
WTR_TRK_TATA_03,Dust Suppression Bowser,MINE_MANSAR_06,ZONE_MSR_01,22.4,0.9,None,97.1,OPTIMAL,2026-01-08T18:00:00Z
EXC_HIT_ZX470_02,Hydraulic Excavator,MINE_CHIKLA_07,ZONE_CHK_01,22.7,0.4,None,93.7,OPTIMAL,2026-01-08T20:00:00Z
DMP_VOLVO_FMX_41,Haul Dumper,MINE_CHIKLA_07,ZONE_CHK_01,22.1,0.5,None,88.7,OPTIMAL,2026-01-08T20:00:00Z
DMP_VOLVO_FMX_42,Haul Dumper,MINE_CHIKLA_07,ZONE_CHK_02,20.6,2.3,Track shoe tension adjustment,77.0,WARNING,2026-01-08T20:00:00Z
DRL_SND_DX800_02,Blast Drill Rig,MINE_CHIKLA_07,ZONE_CHK_01,20.2,2.0,Fuel refill & shift inspection,77.9,WARNING,2026-01-08T22:00:00Z
DOZ_KOM_D155_01,Track-Type Dozer,MINE_CHIKLA_07,ZONE_CHK_05,23.1,0.2,None,96.0,OPTIMAL,2026-01-08T20:00:00Z
EXC_KOM_PC450_04,Hydraulic Excavator,MINE_UKWA_08,ZONE_UKW_01,23.0,0.4,None,88.8,OPTIMAL,2026-01-08T23:00:00Z
DMP_CAT_773E_03,Haul Dumper,MINE_UKWA_08,ZONE_UKW_01,16.3,6.5,Excavator boom cylinder leak,67.4,CRITICAL_MAINTENANCE,2026-01-08T18:00:00Z
DMP_CAT_773E_04,Haul Dumper,MINE_UKWA_08,ZONE_UKW_02,16.0,5.0,Dumper planetary hub failure,55.3,CRITICAL_MAINTENANCE,2026-01-08T23:00:00Z
DRL_ATLAS_ROC_03,Blast Drill Rig,MINE_UKWA_08,ZONE_UKW_01,19.7,3.3,Track shoe tension adjustment,72.5,WARNING,2026-01-08T18:00:00Z
WTR_TRK_TATA_04,Dust Suppression Bowser,MINE_UKWA_08,ZONE_UKW_02,23.1,0.2,None,91.9,OPTIMAL,2026-01-08T21:00:00Z
EXC_HIT_ZX470_01,Hydraulic Excavator,MINE_GUMGAON_02,ZONE_GMG_01,22.4,0.6,None,96.3,OPTIMAL,2026-01-09T20:00:00Z
DMP_CAT_773E_01,Haul Dumper,MINE_GUMGAON_02,ZONE_GMG_01,22.4,0.9,None,95.8,OPTIMAL,2026-01-09T22:00:00Z
DMP_CAT_773E_02,Haul Dumper,MINE_GUMGAON_02,ZONE_GMG_02,22.8,0.7,None,96.5,OPTIMAL,2026-01-09T23:00:00Z
DRL_SND_DX800_01,Blast Drill Rig,MINE_GUMGAON_02,ZONE_GMG_02,22.0,0.5,None,91.1,OPTIMAL,2026-01-09T23:00:00Z
EXC_CAT_349_02,Hydraulic Excavator,MINE_TIRODI_03,ZONE_TRD_01,22.5,0.8,None,97.8,OPTIMAL,2026-01-09T20:00:00Z
EXC_KOM_PC300_01,Hydraulic Excavator,MINE_TIRODI_03,ZONE_TRD_02,22.3,0.5,None,88.4,OPTIMAL,2026-01-09T18:00:00Z
DMP_BEML_BH35_01,Haul Dumper,MINE_TIRODI_03,ZONE_TRD_01,21.1,1.7,Track shoe tension adjustment,73.8,WARNING,2026-01-09T20:00:00Z
DMP_BEML_BH35_02,Haul Dumper,MINE_TIRODI_03,ZONE_TRD_02,22.2,0.6,None,92.4,OPTIMAL,2026-01-09T18:00:00Z
DOZ_CAT_D8R_01,Track-Type Dozer,MINE_TIRODI_03,ZONE_TRD_05,22.1,0.7,None,91.0,OPTIMAL,2026-01-09T23:00:00Z
EXC_HIT_EX1200_01,Hydraulic Mining Shovel,MINE_DONGRI_04,ZONE_DGB_01,23.3,0.0,None,89.9,OPTIMAL,2026-01-09T18:00:00Z
DMP_VOLVO_FMX_21,Haul Dumper,MINE_DONGRI_04,ZONE_DGB_01,14.5,7.7,Drill rotary motor trip,64.3,CRITICAL_MAINTENANCE,2026-01-09T23:00:00Z
DMP_VOLVO_FMX_22,Haul Dumper,MINE_DONGRI_04,ZONE_DGB_02,22.2,0.9,None,96.2,OPTIMAL,2026-01-09T23:00:00Z
CRU_METSO_C120_01,Primary Jaw Crusher,MINE_DONGRI_04,ZONE_DGB_01,22.3,0.3,None,93.7,OPTIMAL,2026-01-09T23:00:00Z
WTR_TRK_TATA_02,Dust Suppression Bowser,MINE_DONGRI_04,ZONE_DGB_02,23.0,0.2,None,88.9,OPTIMAL,2026-01-09T20:00:00Z
EXC_KOM_PC450_03,Hydraulic Excavator,MINE_KANDRI_05,ZONE_KND_01,22.7,0.2,None,97.6,OPTIMAL,2026-01-09T19:00:00Z
DMP_VOLVO_FMX_31,Haul Dumper,MINE_KANDRI_05,ZONE_KND_01,22.1,0.8,None,95.1,OPTIMAL,2026-01-09T22:00:00Z
DMP_VOLVO_FMX_32,Haul Dumper,MINE_KANDRI_05,ZONE_KND_02,19.8,2.5,Air intake filter clogging,78.0,WARNING,2026-01-09T19:00:00Z
DRL_ATLAS_ROC_02,Blast Drill Rig,MINE_KANDRI_05,ZONE_KND_01,22.3,0.7,None,93.3,OPTIMAL,2026-01-09T22:00:00Z
EXC_CAT_349_03,Hydraulic Excavator,MINE_MANSAR_06,ZONE_MSR_01,22.5,0.6,None,97.5,OPTIMAL,2026-01-09T18:00:00Z
DMP_BEML_BH35_03,Haul Dumper,MINE_MANSAR_06,ZONE_MSR_01,22.5,0.5,None,95.6,OPTIMAL,2026-01-09T18:00:00Z
DMP_BEML_BH35_04,Haul Dumper,MINE_MANSAR_06,ZONE_MSR_02,19.4,2.7,Fuel refill & shift inspection,72.8,WARNING,2026-01-09T21:00:00Z
WTR_TRK_TATA_03,Dust Suppression Bowser,MINE_MANSAR_06,ZONE_MSR_01,23.0,0.2,None,93.9,OPTIMAL,2026-01-09T21:00:00Z
EXC_HIT_ZX470_02,Hydraulic Excavator,MINE_CHIKLA_07,ZONE_CHK_01,21.8,0.9,None,94.7,OPTIMAL,2026-01-09T22:00:00Z
DMP_VOLVO_FMX_41,Haul Dumper,MINE_CHIKLA_07,ZONE_CHK_01,23.0,0.5,None,97.5,OPTIMAL,2026-01-09T21:00:00Z
DMP_VOLVO_FMX_42,Haul Dumper,MINE_CHIKLA_07,ZONE_CHK_02,21.8,1.6,Fuel refill & shift inspection,81.6,WARNING,2026-01-09T18:00:00Z
DRL_SND_DX800_02,Blast Drill Rig,MINE_CHIKLA_07,ZONE_CHK_01,22.1,0.8,None,91.1,OPTIMAL,2026-01-09T22:00:00Z
DOZ_KOM_D155_01,Track-Type Dozer,MINE_CHIKLA_07,ZONE_CHK_05,22.4,0.6,None,93.5,OPTIMAL,2026-01-09T18:00:00Z
EXC_KOM_PC450_04,Hydraulic Excavator,MINE_UKWA_08,ZONE_UKW_01,22.4,0.4,None,89.8,OPTIMAL,2026-01-09T23:00:00Z
DMP_CAT_773E_03,Haul Dumper,MINE_UKWA_08,ZONE_UKW_01,22.8,0.1,None,97.5,OPTIMAL,2026-01-09T18:00:00Z
DMP_CAT_773E_04,Haul Dumper,MINE_UKWA_08,ZONE_UKW_02,22.6,0.7,None,90.9,OPTIMAL,2026-01-09T20:00:00Z
DRL_ATLAS_ROC_03,Blast Drill Rig,MINE_UKWA_08,ZONE_UKW_01,23.1,0.2,None,89.0,OPTIMAL,2026-01-09T20:00:00Z
WTR_TRK_TATA_04,Dust Suppression Bowser,MINE_UKWA_08,ZONE_UKW_02,22.9,0.5,None,97.8,OPTIMAL,2026-01-09T18:00:00Z
EXC_HIT_ZX470_01,Hydraulic Excavator,MINE_GUMGAON_02,ZONE_GMG_01,20.3,2.0,Haul road dust water spraying pause,81.5,WARNING,2026-01-10T19:00:00Z
DMP_CAT_773E_01,Haul Dumper,MINE_GUMGAON_02,ZONE_GMG_01,22.6,0.1,None,95.8,OPTIMAL,2026-01-10T21:00:00Z
DMP_CAT_773E_02,Haul Dumper,MINE_GUMGAON_02,ZONE_GMG_02,22.1,0.6,None,91.6,OPTIMAL,2026-01-10T18:00:00Z
DRL_SND_DX800_01,Blast Drill Rig,MINE_GUMGAON_02,ZONE_GMG_02,22.4,0.2,None,95.3,OPTIMAL,2026-01-10T22:00:00Z
EXC_CAT_349_02,Hydraulic Excavator,MINE_TIRODI_03,ZONE_TRD_01,23.3,0.1,None,89.5,OPTIMAL,2026-01-10T19:00:00Z
EXC_KOM_PC300_01,Hydraulic Excavator,MINE_TIRODI_03,ZONE_TRD_02,22.3,0.2,None,95.6,OPTIMAL,2026-01-10T20:00:00Z
DMP_BEML_BH35_01,Haul Dumper,MINE_TIRODI_03,ZONE_TRD_01,14.4,7.7,Drill rotary motor trip,64.1,CRITICAL_MAINTENANCE,2026-01-10T19:00:00Z
DMP_BEML_BH35_02,Haul Dumper,MINE_TIRODI_03,ZONE_TRD_02,22.4,0.5,None,95.0,OPTIMAL,2026-01-10T23:00:00Z
DOZ_CAT_D8R_01,Track-Type Dozer,MINE_TIRODI_03,ZONE_TRD_05,22.1,0.9,None,95.7,OPTIMAL,2026-01-10T21:00:00Z
EXC_HIT_EX1200_01,Hydraulic Mining Shovel,MINE_DONGRI_04,ZONE_DGB_01,22.6,0.9,None,89.9,OPTIMAL,2026-01-10T22:00:00Z
DMP_VOLVO_FMX_21,Haul Dumper,MINE_DONGRI_04,ZONE_DGB_01,22.0,0.9,None,92.2,OPTIMAL,2026-01-10T18:00:00Z
DMP_VOLVO_FMX_22,Haul Dumper,MINE_DONGRI_04,ZONE_DGB_02,22.6,0.1,None,93.9,OPTIMAL,2026-01-10T22:00:00Z
CRU_METSO_C120_01,Primary Jaw Crusher,MINE_DONGRI_04,ZONE_DGB_01,22.4,0.5,None,93.5,OPTIMAL,2026-01-10T20:00:00Z
WTR_TRK_TATA_02,Dust Suppression Bowser,MINE_DONGRI_04,ZONE_DGB_02,22.1,0.8,None,90.5,OPTIMAL,2026-01-10T22:00:00Z
EXC_KOM_PC450_03,Hydraulic Excavator,MINE_KANDRI_05,ZONE_KND_01,22.5,0.9,None,91.0,OPTIMAL,2026-01-10T19:00:00Z
DMP_VOLVO_FMX_31,Haul Dumper,MINE_KANDRI_05,ZONE_KND_01,22.2,1.0,None,96.5,OPTIMAL,2026-01-10T18:00:00Z
DMP_VOLVO_FMX_32,Haul Dumper,MINE_KANDRI_05,ZONE_KND_02,22.3,0.5,None,92.1,OPTIMAL,2026-01-10T18:00:00Z
DRL_ATLAS_ROC_02,Blast Drill Rig,MINE_KANDRI_05,ZONE_KND_01,21.9,0.7,None,97.3,OPTIMAL,2026-01-10T22:00:00Z
EXC_CAT_349_03,Hydraulic Excavator,MINE_MANSAR_06,ZONE_MSR_01,20.3,1.7,Haul road dust water spraying pause,81.2,WARNING,2026-01-10T18:00:00Z
DMP_BEML_BH35_03,Haul Dumper,MINE_MANSAR_06,ZONE_MSR_01,22.5,0.8,None,90.8,OPTIMAL,2026-01-10T22:00:00Z
DMP_BEML_BH35_04,Haul Dumper,MINE_MANSAR_06,ZONE_MSR_02,22.7,0.1,None,97.4,OPTIMAL,2026-01-10T23:00:00Z
WTR_TRK_TATA_03,Dust Suppression Bowser,MINE_MANSAR_06,ZONE_MSR_01,22.7,0.7,None,92.0,OPTIMAL,2026-01-10T18:00:00Z
EXC_HIT_ZX470_02,Hydraulic Excavator,MINE_CHIKLA_07,ZONE_CHK_01,23.1,0.1,None,95.4,OPTIMAL,2026-01-10T19:00:00Z
DMP_VOLVO_FMX_41,Haul Dumper,MINE_CHIKLA_07,ZONE_CHK_01,22.8,0.6,None,92.8,OPTIMAL,2026-01-10T21:00:00Z
DMP_VOLVO_FMX_42,Haul Dumper,MINE_CHIKLA_07,ZONE_CHK_02,23.2,0.1,None,97.4,OPTIMAL,2026-01-10T19:00:00Z
DRL_SND_DX800_02,Blast Drill Rig,MINE_CHIKLA_07,ZONE_CHK_01,22.3,0.6,None,96.7,OPTIMAL,2026-01-10T23:00:00Z
DOZ_KOM_D155_01,Track-Type Dozer,MINE_CHIKLA_07,ZONE_CHK_05,22.7,0.7,None,95.4,OPTIMAL,2026-01-10T23:00:00Z
EXC_KOM_PC450_04,Hydraulic Excavator,MINE_UKWA_08,ZONE_UKW_01,23.0,0.0,None,90.7,OPTIMAL,2026-01-10T23:00:00Z
DMP_CAT_773E_03,Haul Dumper,MINE_UKWA_08,ZONE_UKW_01,22.9,0.5,None,90.1,OPTIMAL,2026-01-10T23:00:00Z
DMP_CAT_773E_04,Haul Dumper,MINE_UKWA_08,ZONE_UKW_02,23.1,0.3,None,97.7,OPTIMAL,2026-01-10T21:00:00Z
DRL_ATLAS_ROC_03,Blast Drill Rig,MINE_UKWA_08,ZONE_UKW_01,22.4,0.2,None,89.2,OPTIMAL,2026-01-10T21:00:00Z
WTR_TRK_TATA_04,Dust Suppression Bowser,MINE_UKWA_08,ZONE_UKW_02,23.4,0.0,None,93.9,OPTIMAL,2026-01-10T23:00:00Z
EXC_HIT_ZX470_01,Hydraulic Excavator,MINE_GUMGAON_02,ZONE_GMG_01,22.7,0.2,None,89.2,OPTIMAL,2026-01-11T23:00:00Z
DMP_CAT_773E_01,Haul Dumper,MINE_GUMGAON_02,ZONE_GMG_01,23.1,0.2,None,88.5,OPTIMAL,2026-01-11T18:00:00Z
DMP_CAT_773E_02,Haul Dumper,MINE_GUMGAON_02,ZONE_GMG_02,22.3,0.2,None,93.7,OPTIMAL,2026-01-11T23:00:00Z
DRL_SND_DX800_01,Blast Drill Rig,MINE_GUMGAON_02,ZONE_GMG_02,20.0,2.9,Fuel refill & shift inspection,76.1,WARNING,2026-01-11T19:00:00Z
EXC_CAT_349_02,Hydraulic Excavator,MINE_TIRODI_03,ZONE_TRD_01,23.0,0.1,None,97.8,OPTIMAL,2026-01-11T21:00:00Z
EXC_KOM_PC300_01,Hydraulic Excavator,MINE_TIRODI_03,ZONE_TRD_02,22.9,0.4,None,94.4,OPTIMAL,2026-01-11T19:00:00Z
DMP_BEML_BH35_01,Haul Dumper,MINE_TIRODI_03,ZONE_TRD_01,21.9,0.7,None,90.4,OPTIMAL,2026-01-11T21:00:00Z
DMP_BEML_BH35_02,Haul Dumper,MINE_TIRODI_03,ZONE_TRD_02,22.8,0.3,None,89.6,OPTIMAL,2026-01-11T18:00:00Z
DOZ_CAT_D8R_01,Track-Type Dozer,MINE_TIRODI_03,ZONE_TRD_05,23.2,0.2,None,90.9,OPTIMAL,2026-01-11T20:00:00Z
EXC_HIT_EX1200_01,Hydraulic Mining Shovel,MINE_DONGRI_04,ZONE_DGB_01,22.7,0.0,None,93.3,OPTIMAL,2026-01-11T22:00:00Z
DMP_VOLVO_FMX_21,Haul Dumper,MINE_DONGRI_04,ZONE_DGB_01,23.1,0.2,None,96.6,OPTIMAL,2026-01-11T21:00:00Z
DMP_VOLVO_FMX_22,Haul Dumper,MINE_DONGRI_04,ZONE_DGB_02,22.6,0.5,None,89.3,OPTIMAL,2026-01-11T19:00:00Z
CRU_METSO_C120_01,Primary Jaw Crusher,MINE_DONGRI_04,ZONE_DGB_01,21.9,1.0,None,94.4,OPTIMAL,2026-01-11T19:00:00Z
WTR_TRK_TATA_02,Dust Suppression Bowser,MINE_DONGRI_04,ZONE_DGB_02,22.3,0.5,None,90.7,OPTIMAL,2026-01-11T23:00:00Z
EXC_KOM_PC450_03,Hydraulic Excavator,MINE_KANDRI_05,ZONE_KND_01,23.0,0.4,None,97.6,OPTIMAL,2026-01-11T18:00:00Z
DMP_VOLVO_FMX_31,Haul Dumper,MINE_KANDRI_05,ZONE_KND_01,21.9,0.8,None,94.7,OPTIMAL,2026-01-11T22:00:00Z
DMP_VOLVO_FMX_32,Haul Dumper,MINE_KANDRI_05,ZONE_KND_02,21.7,0.9,None,94.3,OPTIMAL,2026-01-11T22:00:00Z
DRL_ATLAS_ROC_02,Blast Drill Rig,MINE_KANDRI_05,ZONE_KND_01,15.8,5.8,Engine cooling circuit rupture,59.1,CRITICAL_MAINTENANCE,2026-01-11T20:00:00Z
EXC_CAT_349_03,Hydraulic Excavator,MINE_MANSAR_06,ZONE_MSR_01,17.5,4.9,Dumper planetary hub failure,63.3,CRITICAL_MAINTENANCE,2026-01-11T23:00:00Z
DMP_BEML_BH35_03,Haul Dumper,MINE_MANSAR_06,ZONE_MSR_01,22.2,0.6,None,97.6,OPTIMAL,2026-01-11T22:00:00Z
DMP_BEML_BH35_04,Haul Dumper,MINE_MANSAR_06,ZONE_MSR_02,20.8,2.4,Track shoe tension adjustment,74.9,WARNING,2026-01-11T20:00:00Z
WTR_TRK_TATA_03,Dust Suppression Bowser,MINE_MANSAR_06,ZONE_MSR_01,22.5,0.5,None,92.3,OPTIMAL,2026-01-11T22:00:00Z
EXC_HIT_ZX470_02,Hydraulic Excavator,MINE_CHIKLA_07,ZONE_CHK_01,15.9,6.8,Hydraulic pump seal burst,56.2,CRITICAL_MAINTENANCE,2026-01-11T19:00:00Z
DMP_VOLVO_FMX_41,Haul Dumper,MINE_CHIKLA_07,ZONE_CHK_01,22.7,0.7,None,97.9,OPTIMAL,2026-01-11T22:00:00Z
DMP_VOLVO_FMX_42,Haul Dumper,MINE_CHIKLA_07,ZONE_CHK_02,22.6,0.7,None,89.0,OPTIMAL,2026-01-11T20:00:00Z
DRL_SND_DX800_02,Blast Drill Rig,MINE_CHIKLA_07,ZONE_CHK_01,17.4,5.0,Drill rotary motor trip,59.8,CRITICAL_MAINTENANCE,2026-01-11T19:00:00Z
DOZ_KOM_D155_01,Track-Type Dozer,MINE_CHIKLA_07,ZONE_CHK_05,22.8,0.6,None,90.5,OPTIMAL,2026-01-11T22:00:00Z
EXC_KOM_PC450_04,Hydraulic Excavator,MINE_UKWA_08,ZONE_UKW_01,22.7,0.8,None,94.9,OPTIMAL,2026-01-11T22:00:00Z
DMP_CAT_773E_03,Haul Dumper,MINE_UKWA_08,ZONE_UKW_01,21.9,0.7,None,92.9,OPTIMAL,2026-01-11T19:00:00Z
DMP_CAT_773E_04,Haul Dumper,MINE_UKWA_08,ZONE_UKW_02,22.9,0.1,None,90.3,OPTIMAL,2026-01-11T22:00:00Z
DRL_ATLAS_ROC_03,Blast Drill Rig,MINE_UKWA_08,ZONE_UKW_01,22.8,0.3,None,92.5,OPTIMAL,2026-01-11T23:00:00Z
WTR_TRK_TATA_04,Dust Suppression Bowser,MINE_UKWA_08,ZONE_UKW_02,21.9,1.0,None,94.7,OPTIMAL,2026-01-11T19:00:00Z
EXC_HIT_ZX470_01,Hydraulic Excavator,MINE_GUMGAON_02,ZONE_GMG_01,22.1,0.7,None,90.0,OPTIMAL,2026-01-12T19:00:00Z
DMP_CAT_773E_01,Haul Dumper,MINE_GUMGAON_02,ZONE_GMG_01,23.0,0.1,None,94.2,OPTIMAL,2026-01-12T18:00:00Z
DMP_CAT_773E_02,Haul Dumper,MINE_GUMGAON_02,ZONE_GMG_02,22.7,0.2,None,96.8,OPTIMAL,2026-01-12T20:00:00Z
DRL_SND_DX800_01,Blast Drill Rig,MINE_GUMGAON_02,ZONE_GMG_02,22.0,0.7,None,89.6,OPTIMAL,2026-01-12T21:00:00Z
EXC_CAT_349_02,Hydraulic Excavator,MINE_TIRODI_03,ZONE_TRD_01,15.0,6.6,Hydraulic pump seal burst,65.9,CRITICAL_MAINTENANCE,2026-01-12T18:00:00Z
EXC_KOM_PC300_01,Hydraulic Excavator,MINE_TIRODI_03,ZONE_TRD_02,23.2,0.2,None,90.3,OPTIMAL,2026-01-12T19:00:00Z
DMP_BEML_BH35_01,Haul Dumper,MINE_TIRODI_03,ZONE_TRD_01,22.2,0.6,None,97.5,OPTIMAL,2026-01-12T22:00:00Z
DMP_BEML_BH35_02,Haul Dumper,MINE_TIRODI_03,ZONE_TRD_02,21.6,1.0,None,89.6,OPTIMAL,2026-01-12T22:00:00Z
DOZ_CAT_D8R_01,Track-Type Dozer,MINE_TIRODI_03,ZONE_TRD_05,22.1,1.0,None,94.1,OPTIMAL,2026-01-12T21:00:00Z
EXC_HIT_EX1200_01,Hydraulic Mining Shovel,MINE_DONGRI_04,ZONE_DGB_01,22.6,0.2,None,95.7,OPTIMAL,2026-01-12T18:00:00Z
DMP_VOLVO_FMX_21,Haul Dumper,MINE_DONGRI_04,ZONE_DGB_01,22.2,0.8,None,88.9,OPTIMAL,2026-01-12T22:00:00Z
DMP_VOLVO_FMX_22,Haul Dumper,MINE_DONGRI_04,ZONE_DGB_02,22.4,0.9,None,95.0,OPTIMAL,2026-01-12T18:00:00Z
CRU_METSO_C120_01,Primary Jaw Crusher,MINE_DONGRI_04,ZONE_DGB_01,22.2,0.6,None,96.2,OPTIMAL,2026-01-12T18:00:00Z
WTR_TRK_TATA_02,Dust Suppression Bowser,MINE_DONGRI_04,ZONE_DGB_02,23.2,0.2,None,97.1,OPTIMAL,2026-01-12T22:00:00Z
EXC_KOM_PC450_03,Hydraulic Excavator,MINE_KANDRI_05,ZONE_KND_01,22.9,0.1,None,88.8,OPTIMAL,2026-01-12T22:00:00Z
DMP_VOLVO_FMX_31,Haul Dumper,MINE_KANDRI_05,ZONE_KND_01,23.1,0.3,None,89.8,OPTIMAL,2026-01-12T21:00:00Z
DMP_VOLVO_FMX_32,Haul Dumper,MINE_KANDRI_05,ZONE_KND_02,22.6,0.1,None,95.0,OPTIMAL,2026-01-12T18:00:00Z
DRL_ATLAS_ROC_02,Blast Drill Rig,MINE_KANDRI_05,ZONE_KND_01,22.7,0.1,None,93.5,OPTIMAL,2026-01-12T23:00:00Z
EXC_CAT_349_03,Hydraulic Excavator,MINE_MANSAR_06,ZONE_MSR_01,21.8,0.7,None,91.4,OPTIMAL,2026-01-12T18:00:00Z
DMP_BEML_BH35_03,Haul Dumper,MINE_MANSAR_06,ZONE_MSR_01,22.0,0.8,None,96.6,OPTIMAL,2026-01-12T23:00:00Z
DMP_BEML_BH35_04,Haul Dumper,MINE_MANSAR_06,ZONE_MSR_02,13.9,7.5,Hydraulic pump seal burst,59.7,CRITICAL_MAINTENANCE,2026-01-12T23:00:00Z
WTR_TRK_TATA_03,Dust Suppression Bowser,MINE_MANSAR_06,ZONE_MSR_01,22.6,0.1,None,93.4,OPTIMAL,2026-01-12T20:00:00Z
EXC_HIT_ZX470_02,Hydraulic Excavator,MINE_CHIKLA_07,ZONE_CHK_01,22.5,1.0,None,89.5,OPTIMAL,2026-01-12T20:00:00Z
DMP_VOLVO_FMX_41,Haul Dumper,MINE_CHIKLA_07,ZONE_CHK_01,22.2,0.8,None,90.9,OPTIMAL,2026-01-12T20:00:00Z
DMP_VOLVO_FMX_42,Haul Dumper,MINE_CHIKLA_07,ZONE_CHK_02,19.5,3.1,Fuel refill & shift inspection,78.9,WARNING,2026-01-12T20:00:00Z
DRL_SND_DX800_02,Blast Drill Rig,MINE_CHIKLA_07,ZONE_CHK_01,23.2,0.1,None,95.6,OPTIMAL,2026-01-12T22:00:00Z
DOZ_KOM_D155_01,Track-Type Dozer,MINE_CHIKLA_07,ZONE_CHK_05,21.1,2.3,Track shoe tension adjustment,77.2,WARNING,2026-01-12T18:00:00Z
EXC_KOM_PC450_04,Hydraulic Excavator,MINE_UKWA_08,ZONE_UKW_01,21.1,2.0,Haul road dust water spraying pause,76.1,WARNING,2026-01-12T18:00:00Z
DMP_CAT_773E_03,Haul Dumper,MINE_UKWA_08,ZONE_UKW_01,22.6,0.5,None,93.6,OPTIMAL,2026-01-12T19:00:00Z
DMP_CAT_773E_04,Haul Dumper,MINE_UKWA_08,ZONE_UKW_02,22.0,0.5,None,91.7,OPTIMAL,2026-01-12T18:00:00Z
DRL_ATLAS_ROC_03,Blast Drill Rig,MINE_UKWA_08,ZONE_UKW_01,22.3,0.8,None,88.4,OPTIMAL,2026-01-12T23:00:00Z
WTR_TRK_TATA_04,Dust Suppression Bowser,MINE_UKWA_08,ZONE_UKW_02,16.4,6.1,Engine cooling circuit rupture,60.0,CRITICAL_MAINTENANCE,2026-01-12T22:00:00Z
EXC_HIT_ZX470_01,Hydraulic Excavator,MINE_GUMGAON_02,ZONE_GMG_01,21.7,1.0,None,95.8,OPTIMAL,2026-01-13T22:00:00Z
DMP_CAT_773E_01,Haul Dumper,MINE_GUMGAON_02,ZONE_GMG_01,21.4,2.0,Fuel refill & shift inspection,73.5,WARNING,2026-01-13T20:00:00Z
DMP_CAT_773E_02,Haul Dumper,MINE_GUMGAON_02,ZONE_GMG_02,22.4,0.6,None,88.0,OPTIMAL,2026-01-13T23:00:00Z
DRL_SND_DX800_01,Blast Drill Rig,MINE_GUMGAON_02,ZONE_GMG_02,22.4,0.6,None,92.7,OPTIMAL,2026-01-13T19:00:00Z
EXC_CAT_349_02,Hydraulic Excavator,MINE_TIRODI_03,ZONE_TRD_01,22.2,0.8,None,88.6,OPTIMAL,2026-01-13T20:00:00Z
EXC_KOM_PC300_01,Hydraulic Excavator,MINE_TIRODI_03,ZONE_TRD_02,23.0,0.1,None,94.8,OPTIMAL,2026-01-13T23:00:00Z
DMP_BEML_BH35_01,Haul Dumper,MINE_TIRODI_03,ZONE_TRD_01,22.1,0.7,None,92.1,OPTIMAL,2026-01-13T19:00:00Z
DMP_BEML_BH35_02,Haul Dumper,MINE_TIRODI_03,ZONE_TRD_02,15.2,7.5,Engine cooling circuit rupture,62.4,CRITICAL_MAINTENANCE,2026-01-13T21:00:00Z
DOZ_CAT_D8R_01,Track-Type Dozer,MINE_TIRODI_03,ZONE_TRD_05,22.6,0.8,None,96.7,OPTIMAL,2026-01-13T21:00:00Z
EXC_HIT_EX1200_01,Hydraulic Mining Shovel,MINE_DONGRI_04,ZONE_DGB_01,22.7,0.4,None,95.5,OPTIMAL,2026-01-13T20:00:00Z
DMP_VOLVO_FMX_21,Haul Dumper,MINE_DONGRI_04,ZONE_DGB_01,20.9,2.3,Haul road dust water spraying pause,80.1,WARNING,2026-01-13T22:00:00Z
DMP_VOLVO_FMX_22,Haul Dumper,MINE_DONGRI_04,ZONE_DGB_02,21.6,1.0,None,88.2,OPTIMAL,2026-01-13T18:00:00Z
CRU_METSO_C120_01,Primary Jaw Crusher,MINE_DONGRI_04,ZONE_DGB_01,21.8,0.8,None,93.1,OPTIMAL,2026-01-13T22:00:00Z
WTR_TRK_TATA_02,Dust Suppression Bowser,MINE_DONGRI_04,ZONE_DGB_02,22.0,0.8,None,91.7,OPTIMAL,2026-01-13T22:00:00Z
EXC_KOM_PC450_03,Hydraulic Excavator,MINE_KANDRI_05,ZONE_KND_01,22.4,0.8,None,95.3,OPTIMAL,2026-01-13T19:00:00Z
DMP_VOLVO_FMX_31,Haul Dumper,MINE_KANDRI_05,ZONE_KND_01,22.7,0.1,None,88.4,OPTIMAL,2026-01-13T23:00:00Z
DMP_VOLVO_FMX_32,Haul Dumper,MINE_KANDRI_05,ZONE_KND_02,23.0,0.3,None,90.2,OPTIMAL,2026-01-13T20:00:00Z
DRL_ATLAS_ROC_02,Blast Drill Rig,MINE_KANDRI_05,ZONE_KND_01,22.0,0.6,None,89.2,OPTIMAL,2026-01-13T23:00:00Z
EXC_CAT_349_03,Hydraulic Excavator,MINE_MANSAR_06,ZONE_MSR_01,23.3,0.1,None,94.0,OPTIMAL,2026-01-13T22:00:00Z
DMP_BEML_BH35_03,Haul Dumper,MINE_MANSAR_06,ZONE_MSR_01,23.4,0.1,None,97.8,OPTIMAL,2026-01-13T19:00:00Z
DMP_BEML_BH35_04,Haul Dumper,MINE_MANSAR_06,ZONE_MSR_02,23.1,0.2,None,92.0,OPTIMAL,2026-01-13T20:00:00Z
WTR_TRK_TATA_03,Dust Suppression Bowser,MINE_MANSAR_06,ZONE_MSR_01,21.1,2.3,Track shoe tension adjustment,72.9,WARNING,2026-01-13T22:00:00Z
EXC_HIT_ZX470_02,Hydraulic Excavator,MINE_CHIKLA_07,ZONE_CHK_01,21.5,1.0,None,89.0,OPTIMAL,2026-01-13T22:00:00Z
DMP_VOLVO_FMX_41,Haul Dumper,MINE_CHIKLA_07,ZONE_CHK_01,22.3,0.7,None,88.1,OPTIMAL,2026-01-13T19:00:00Z
DMP_VOLVO_FMX_42,Haul Dumper,MINE_CHIKLA_07,ZONE_CHK_02,19.5,3.1,Fuel refill & shift inspection,76.0,WARNING,2026-01-13T18:00:00Z
DRL_SND_DX800_02,Blast Drill Rig,MINE_CHIKLA_07,ZONE_CHK_01,23.0,0.5,None,94.9,OPTIMAL,2026-01-13T20:00:00Z
DOZ_KOM_D155_01,Track-Type Dozer,MINE_CHIKLA_07,ZONE_CHK_05,22.9,0.3,None,97.8,OPTIMAL,2026-01-13T18:00:00Z
EXC_KOM_PC450_04,Hydraulic Excavator,MINE_UKWA_08,ZONE_UKW_01,21.7,0.9,None,94.8,OPTIMAL,2026-01-13T21:00:00Z
DMP_CAT_773E_03,Haul Dumper,MINE_UKWA_08,ZONE_UKW_01,23.3,0.1,None,91.1,OPTIMAL,2026-01-13T18:00:00Z
DMP_CAT_773E_04,Haul Dumper,MINE_UKWA_08,ZONE_UKW_02,22.3,0.6,None,89.1,OPTIMAL,2026-01-13T20:00:00Z
DRL_ATLAS_ROC_03,Blast Drill Rig,MINE_UKWA_08,ZONE_UKW_01,22.2,0.5,None,93.9,OPTIMAL,2026-01-13T21:00:00Z
WTR_TRK_TATA_04,Dust Suppression Bowser,MINE_UKWA_08,ZONE_UKW_02,23.1,0.2,None,94.0,OPTIMAL,2026-01-13T19:00:00Z
EXC_HIT_ZX470_01,Hydraulic Excavator,MINE_GUMGAON_02,ZONE_GMG_01,22.8,0.3,None,88.9,OPTIMAL,2026-01-14T18:00:00Z
DMP_CAT_773E_01,Haul Dumper,MINE_GUMGAON_02,ZONE_GMG_01,22.7,0.3,None,92.1,OPTIMAL,2026-01-14T23:00:00Z
DMP_CAT_773E_02,Haul Dumper,MINE_GUMGAON_02,ZONE_GMG_02,16.8,4.6,Drill rotary motor trip,52.8,CRITICAL_MAINTENANCE,2026-01-14T21:00:00Z
DRL_SND_DX800_01,Blast Drill Rig,MINE_GUMGAON_02,ZONE_GMG_02,22.8,0.0,None,89.2,OPTIMAL,2026-01-14T19:00:00Z
EXC_CAT_349_02,Hydraulic Excavator,MINE_TIRODI_03,ZONE_TRD_01,21.7,0.9,None,96.7,OPTIMAL,2026-01-14T18:00:00Z
EXC_KOM_PC300_01,Hydraulic Excavator,MINE_TIRODI_03,ZONE_TRD_02,22.2,0.4,None,88.9,OPTIMAL,2026-01-14T18:00:00Z
DMP_BEML_BH35_01,Haul Dumper,MINE_TIRODI_03,ZONE_TRD_01,22.5,0.1,None,90.1,OPTIMAL,2026-01-14T19:00:00Z
DMP_BEML_BH35_02,Haul Dumper,MINE_TIRODI_03,ZONE_TRD_02,23.1,0.3,None,92.3,OPTIMAL,2026-01-14T22:00:00Z
DOZ_CAT_D8R_01,Track-Type Dozer,MINE_TIRODI_03,ZONE_TRD_05,22.2,0.5,None,92.2,OPTIMAL,2026-01-14T22:00:00Z
EXC_HIT_EX1200_01,Hydraulic Mining Shovel,MINE_DONGRI_04,ZONE_DGB_01,22.8,0.2,None,90.6,OPTIMAL,2026-01-14T23:00:00Z
DMP_VOLVO_FMX_21,Haul Dumper,MINE_DONGRI_04,ZONE_DGB_01,20.6,2.1,Fuel refill & shift inspection,81.5,WARNING,2026-01-14T19:00:00Z
DMP_VOLVO_FMX_22,Haul Dumper,MINE_DONGRI_04,ZONE_DGB_02,21.7,0.9,None,95.4,OPTIMAL,2026-01-14T22:00:00Z
CRU_METSO_C120_01,Primary Jaw Crusher,MINE_DONGRI_04,ZONE_DGB_01,20.9,2.0,Track shoe tension adjustment,80.7,WARNING,2026-01-14T18:00:00Z
WTR_TRK_TATA_02,Dust Suppression Bowser,MINE_DONGRI_04,ZONE_DGB_02,22.2,0.7,None,88.5,OPTIMAL,2026-01-14T20:00:00Z
EXC_KOM_PC450_03,Hydraulic Excavator,MINE_KANDRI_05,ZONE_KND_01,23.1,0.1,None,93.7,OPTIMAL,2026-01-14T18:00:00Z
DMP_VOLVO_FMX_31,Haul Dumper,MINE_KANDRI_05,ZONE_KND_01,22.4,0.3,None,92.0,OPTIMAL,2026-01-14T22:00:00Z
DMP_VOLVO_FMX_32,Haul Dumper,MINE_KANDRI_05,ZONE_KND_02,22.1,0.6,None,93.7,OPTIMAL,2026-01-14T21:00:00Z
DRL_ATLAS_ROC_02,Blast Drill Rig,MINE_KANDRI_05,ZONE_KND_01,22.1,0.8,None,95.6,OPTIMAL,2026-01-14T23:00:00Z
EXC_CAT_349_03,Hydraulic Excavator,MINE_MANSAR_06,ZONE_MSR_01,22.0,1.0,None,96.9,OPTIMAL,2026-01-14T20:00:00Z
DMP_BEML_BH35_03,Haul Dumper,MINE_MANSAR_06,ZONE_MSR_01,22.3,0.6,None,93.7,OPTIMAL,2026-01-14T19:00:00Z
DMP_BEML_BH35_04,Haul Dumper,MINE_MANSAR_06,ZONE_MSR_02,21.2,1.5,Air intake filter clogging,75.7,WARNING,2026-01-14T19:00:00Z
WTR_TRK_TATA_03,Dust Suppression Bowser,MINE_MANSAR_06,ZONE_MSR_01,19.1,3.2,Air intake filter clogging,74.7,WARNING,2026-01-14T21:00:00Z
EXC_HIT_ZX470_02,Hydraulic Excavator,MINE_CHIKLA_07,ZONE_CHK_01,22.2,0.9,None,95.0,OPTIMAL,2026-01-14T22:00:00Z
DMP_VOLVO_FMX_41,Haul Dumper,MINE_CHIKLA_07,ZONE_CHK_01,22.6,0.1,None,97.7,OPTIMAL,2026-01-14T18:00:00Z
DMP_VOLVO_FMX_42,Haul Dumper,MINE_CHIKLA_07,ZONE_CHK_02,22.7,0.2,None,97.9,OPTIMAL,2026-01-14T19:00:00Z
DRL_SND_DX800_02,Blast Drill Rig,MINE_CHIKLA_07,ZONE_CHK_01,22.2,0.7,None,91.6,OPTIMAL,2026-01-14T19:00:00Z
DOZ_KOM_D155_01,Track-Type Dozer,MINE_CHIKLA_07,ZONE_CHK_05,22.2,0.7,None,88.2,OPTIMAL,2026-01-14T20:00:00Z
EXC_KOM_PC450_04,Hydraulic Excavator,MINE_UKWA_08,ZONE_UKW_01,21.6,1.0,None,89.2,OPTIMAL,2026-01-14T19:00:00Z
DMP_CAT_773E_03,Haul Dumper,MINE_UKWA_08,ZONE_UKW_01,23.1,0.4,None,96.0,OPTIMAL,2026-01-14T19:00:00Z
DMP_CAT_773E_04,Haul Dumper,MINE_UKWA_08,ZONE_UKW_02,22.9,0.5,None,94.6,OPTIMAL,2026-01-14T18:00:00Z
DRL_ATLAS_ROC_03,Blast Drill Rig,MINE_UKWA_08,ZONE_UKW_01,22.7,0.4,None,88.7,OPTIMAL,2026-01-14T19:00:00Z
WTR_TRK_TATA_04,Dust Suppression Bowser,MINE_UKWA_08,ZONE_UKW_02,15.5,6.2,Excavator boom cylinder leak,61.7,CRITICAL_MAINTENANCE,2026-01-14T19:00:00Z
EXC_HIT_ZX470_01,Hydraulic Excavator,MINE_GUMGAON_02,ZONE_GMG_01,22.3,0.3,None,89.2,OPTIMAL,2026-01-15T19:00:00Z
DMP_CAT_773E_01,Haul Dumper,MINE_GUMGAON_02,ZONE_GMG_01,22.8,0.1,None,95.7,OPTIMAL,2026-01-15T22:00:00Z
DMP_CAT_773E_02,Haul Dumper,MINE_GUMGAON_02,ZONE_GMG_02,21.8,0.9,None,89.6,OPTIMAL,2026-01-15T19:00:00Z
DRL_SND_DX800_01,Blast Drill Rig,MINE_GUMGAON_02,ZONE_GMG_02,15.2,6.6,Drill rotary motor trip,66.1,CRITICAL_MAINTENANCE,2026-01-15T18:00:00Z
EXC_CAT_349_02,Hydraulic Excavator,MINE_TIRODI_03,ZONE_TRD_01,19.4,3.5,Track shoe tension adjustment,74.4,WARNING,2026-01-15T23:00:00Z
EXC_KOM_PC300_01,Hydraulic Excavator,MINE_TIRODI_03,ZONE_TRD_02,21.9,0.8,None,88.3,OPTIMAL,2026-01-15T18:00:00Z
DMP_BEML_BH35_01,Haul Dumper,MINE_TIRODI_03,ZONE_TRD_01,20.6,2.8,Track shoe tension adjustment,79.6,WARNING,2026-01-15T23:00:00Z
DMP_BEML_BH35_02,Haul Dumper,MINE_TIRODI_03,ZONE_TRD_02,21.8,0.8,None,93.2,OPTIMAL,2026-01-15T22:00:00Z
DOZ_CAT_D8R_01,Track-Type Dozer,MINE_TIRODI_03,ZONE_TRD_05,22.8,0.6,None,91.7,OPTIMAL,2026-01-15T23:00:00Z
EXC_HIT_EX1200_01,Hydraulic Mining Shovel,MINE_DONGRI_04,ZONE_DGB_01,20.3,2.5,Air intake filter clogging,75.4,WARNING,2026-01-15T18:00:00Z
DMP_VOLVO_FMX_21,Haul Dumper,MINE_DONGRI_04,ZONE_DGB_01,23.0,0.1,None,96.6,OPTIMAL,2026-01-15T23:00:00Z
DMP_VOLVO_FMX_22,Haul Dumper,MINE_DONGRI_04,ZONE_DGB_02,22.7,0.0,None,95.5,OPTIMAL,2026-01-15T21:00:00Z
CRU_METSO_C120_01,Primary Jaw Crusher,MINE_DONGRI_04,ZONE_DGB_01,21.7,0.9,None,97.8,OPTIMAL,2026-01-15T22:00:00Z
WTR_TRK_TATA_02,Dust Suppression Bowser,MINE_DONGRI_04,ZONE_DGB_02,22.4,0.8,None,92.0,OPTIMAL,2026-01-15T22:00:00Z
EXC_KOM_PC450_03,Hydraulic Excavator,MINE_KANDRI_05,ZONE_KND_01,22.3,1.0,None,92.5,OPTIMAL,2026-01-15T18:00:00Z
DMP_VOLVO_FMX_31,Haul Dumper,MINE_KANDRI_05,ZONE_KND_01,22.5,0.3,None,89.7,OPTIMAL,2026-01-15T20:00:00Z
DMP_VOLVO_FMX_32,Haul Dumper,MINE_KANDRI_05,ZONE_KND_02,22.1,0.5,None,92.6,OPTIMAL,2026-01-15T19:00:00Z
DRL_ATLAS_ROC_02,Blast Drill Rig,MINE_KANDRI_05,ZONE_KND_01,23.2,0.2,None,94.0,OPTIMAL,2026-01-15T18:00:00Z
EXC_CAT_349_03,Hydraulic Excavator,MINE_MANSAR_06,ZONE_MSR_01,22.3,0.4,None,97.8,OPTIMAL,2026-01-15T20:00:00Z
DMP_BEML_BH35_03,Haul Dumper,MINE_MANSAR_06,ZONE_MSR_01,22.6,0.6,None,89.2,OPTIMAL,2026-01-15T19:00:00Z
DMP_BEML_BH35_04,Haul Dumper,MINE_MANSAR_06,ZONE_MSR_02,22.7,0.5,None,93.9,OPTIMAL,2026-01-15T23:00:00Z
WTR_TRK_TATA_03,Dust Suppression Bowser,MINE_MANSAR_06,ZONE_MSR_01,23.1,0.3,None,92.0,OPTIMAL,2026-01-15T22:00:00Z
EXC_HIT_ZX470_02,Hydraulic Excavator,MINE_CHIKLA_07,ZONE_CHK_01,16.2,6.2,Drill rotary motor trip,49.1,CRITICAL_MAINTENANCE,2026-01-15T19:00:00Z
DMP_VOLVO_FMX_41,Haul Dumper,MINE_CHIKLA_07,ZONE_CHK_01,22.6,0.4,None,97.3,OPTIMAL,2026-01-15T21:00:00Z
DMP_VOLVO_FMX_42,Haul Dumper,MINE_CHIKLA_07,ZONE_CHK_02,22.1,0.5,None,88.8,OPTIMAL,2026-01-15T19:00:00Z
DRL_SND_DX800_02,Blast Drill Rig,MINE_CHIKLA_07,ZONE_CHK_01,22.0,0.9,None,96.3,OPTIMAL,2026-01-15T18:00:00Z
DOZ_KOM_D155_01,Track-Type Dozer,MINE_CHIKLA_07,ZONE_CHK_05,22.2,0.9,None,93.7,OPTIMAL,2026-01-15T20:00:00Z
EXC_KOM_PC450_04,Hydraulic Excavator,MINE_UKWA_08,ZONE_UKW_01,22.2,0.7,None,90.3,OPTIMAL,2026-01-15T21:00:00Z
DMP_CAT_773E_03,Haul Dumper,MINE_UKWA_08,ZONE_UKW_01,22.5,0.8,None,89.1,OPTIMAL,2026-01-15T22:00:00Z
DMP_CAT_773E_04,Haul Dumper,MINE_UKWA_08,ZONE_UKW_02,23.2,0.3,None,90.3,OPTIMAL,2026-01-15T21:00:00Z
DRL_ATLAS_ROC_03,Blast Drill Rig,MINE_UKWA_08,ZONE_UKW_01,19.5,3.1,Fuel refill & shift inspection,80.6,WARNING,2026-01-15T21:00:00Z
WTR_TRK_TATA_04,Dust Suppression Bowser,MINE_UKWA_08,ZONE_UKW_02,22.3,0.5,None,92.0,OPTIMAL,2026-01-15T21:00:00Z
EXC_HIT_ZX470_01,Hydraulic Excavator,MINE_GUMGAON_02,ZONE_GMG_01,22.6,0.8,None,95.9,OPTIMAL,2026-01-16T20:00:00Z
DMP_CAT_773E_01,Haul Dumper,MINE_GUMGAON_02,ZONE_GMG_01,22.7,0.1,None,89.7,OPTIMAL,2026-01-16T19:00:00Z
DMP_CAT_773E_02,Haul Dumper,MINE_GUMGAON_02,ZONE_GMG_02,22.3,0.2,None,94.8,OPTIMAL,2026-01-16T23:00:00Z
DRL_SND_DX800_01,Blast Drill Rig,MINE_GUMGAON_02,ZONE_GMG_02,22.6,0.5,None,89.0,OPTIMAL,2026-01-16T20:00:00Z
EXC_CAT_349_02,Hydraulic Excavator,MINE_TIRODI_03,ZONE_TRD_01,22.7,0.1,None,97.4,OPTIMAL,2026-01-16T18:00:00Z
EXC_KOM_PC300_01,Hydraulic Excavator,MINE_TIRODI_03,ZONE_TRD_02,21.9,0.6,None,95.5,OPTIMAL,2026-01-16T18:00:00Z
DMP_BEML_BH35_01,Haul Dumper,MINE_TIRODI_03,ZONE_TRD_01,22.6,0.7,None,94.2,OPTIMAL,2026-01-16T22:00:00Z
DMP_BEML_BH35_02,Haul Dumper,MINE_TIRODI_03,ZONE_TRD_02,23.3,0.0,None,96.9,OPTIMAL,2026-01-16T18:00:00Z
DOZ_CAT_D8R_01,Track-Type Dozer,MINE_TIRODI_03,ZONE_TRD_05,21.8,1.0,None,90.3,OPTIMAL,2026-01-16T22:00:00Z
EXC_HIT_EX1200_01,Hydraulic Mining Shovel,MINE_DONGRI_04,ZONE_DGB_01,22.5,0.7,None,97.7,OPTIMAL,2026-01-16T23:00:00Z
DMP_VOLVO_FMX_21,Haul Dumper,MINE_DONGRI_04,ZONE_DGB_01,22.5,0.3,None,93.1,OPTIMAL,2026-01-16T23:00:00Z
DMP_VOLVO_FMX_22,Haul Dumper,MINE_DONGRI_04,ZONE_DGB_02,20.4,2.2,Track shoe tension adjustment,78.1,WARNING,2026-01-16T23:00:00Z
CRU_METSO_C120_01,Primary Jaw Crusher,MINE_DONGRI_04,ZONE_DGB_01,19.8,3.3,Fuel refill & shift inspection,78.5,WARNING,2026-01-16T21:00:00Z
WTR_TRK_TATA_02,Dust Suppression Bowser,MINE_DONGRI_04,ZONE_DGB_02,22.3,1.0,None,97.3,OPTIMAL,2026-01-16T21:00:00Z
EXC_KOM_PC450_03,Hydraulic Excavator,MINE_KANDRI_05,ZONE_KND_01,22.4,1.0,None,94.3,OPTIMAL,2026-01-16T21:00:00Z
DMP_VOLVO_FMX_31,Haul Dumper,MINE_KANDRI_05,ZONE_KND_01,23.0,0.4,None,94.2,OPTIMAL,2026-01-16T21:00:00Z
DMP_VOLVO_FMX_32,Haul Dumper,MINE_KANDRI_05,ZONE_KND_02,22.5,0.2,None,91.2,OPTIMAL,2026-01-16T22:00:00Z
DRL_ATLAS_ROC_02,Blast Drill Rig,MINE_KANDRI_05,ZONE_KND_01,22.9,0.0,None,91.2,OPTIMAL,2026-01-16T22:00:00Z
EXC_CAT_349_03,Hydraulic Excavator,MINE_MANSAR_06,ZONE_MSR_01,14.2,7.2,Dumper planetary hub failure,55.4,CRITICAL_MAINTENANCE,2026-01-16T18:00:00Z
DMP_BEML_BH35_03,Haul Dumper,MINE_MANSAR_06,ZONE_MSR_01,22.3,0.8,None,95.3,OPTIMAL,2026-01-16T20:00:00Z
DMP_BEML_BH35_04,Haul Dumper,MINE_MANSAR_06,ZONE_MSR_02,23.4,0.0,None,90.8,OPTIMAL,2026-01-16T22:00:00Z
WTR_TRK_TATA_03,Dust Suppression Bowser,MINE_MANSAR_06,ZONE_MSR_01,22.3,0.9,None,89.8,OPTIMAL,2026-01-16T22:00:00Z
EXC_HIT_ZX470_02,Hydraulic Excavator,MINE_CHIKLA_07,ZONE_CHK_01,22.9,0.2,None,96.2,OPTIMAL,2026-01-16T20:00:00Z
DMP_VOLVO_FMX_41,Haul Dumper,MINE_CHIKLA_07,ZONE_CHK_01,21.8,1.0,None,95.4,OPTIMAL,2026-01-16T20:00:00Z
DMP_VOLVO_FMX_42,Haul Dumper,MINE_CHIKLA_07,ZONE_CHK_02,22.4,0.2,None,93.5,OPTIMAL,2026-01-16T22:00:00Z
DRL_SND_DX800_02,Blast Drill Rig,MINE_CHIKLA_07,ZONE_CHK_01,23.2,0.2,None,94.8,OPTIMAL,2026-01-16T20:00:00Z
DOZ_KOM_D155_01,Track-Type Dozer,MINE_CHIKLA_07,ZONE_CHK_05,21.9,0.7,None,89.8,OPTIMAL,2026-01-16T20:00:00Z
EXC_KOM_PC450_04,Hydraulic Excavator,MINE_UKWA_08,ZONE_UKW_01,22.4,0.2,None,90.2,OPTIMAL,2026-01-16T23:00:00Z
DMP_CAT_773E_03,Haul Dumper,MINE_UKWA_08,ZONE_UKW_01,22.3,0.8,None,90.2,OPTIMAL,2026-01-16T22:00:00Z
DMP_CAT_773E_04,Haul Dumper,MINE_UKWA_08,ZONE_UKW_02,23.1,0.4,None,94.5,OPTIMAL,2026-01-16T22:00:00Z
DRL_ATLAS_ROC_03,Blast Drill Rig,MINE_UKWA_08,ZONE_UKW_01,22.3,0.9,None,94.1,OPTIMAL,2026-01-16T21:00:00Z
WTR_TRK_TATA_04,Dust Suppression Bowser,MINE_UKWA_08,ZONE_UKW_02,23.2,0.3,None,91.1,OPTIMAL,2026-01-16T22:00:00Z
EXC_HIT_ZX470_01,Hydraulic Excavator,MINE_GUMGAON_02,ZONE_GMG_01,22.4,0.5,None,97.3,OPTIMAL,2026-01-17T18:00:00Z
DMP_CAT_773E_01,Haul Dumper,MINE_GUMGAON_02,ZONE_GMG_01,23.1,0.2,None,96.3,OPTIMAL,2026-01-17T20:00:00Z
DMP_CAT_773E_02,Haul Dumper,MINE_GUMGAON_02,ZONE_GMG_02,22.7,0.0,None,90.1,OPTIMAL,2026-01-17T20:00:00Z
DRL_SND_DX800_01,Blast Drill Rig,MINE_GUMGAON_02,ZONE_GMG_02,22.6,0.1,None,90.0,OPTIMAL,2026-01-17T19:00:00Z
EXC_CAT_349_02,Hydraulic Excavator,MINE_TIRODI_03,ZONE_TRD_01,21.8,0.9,None,92.8,OPTIMAL,2026-01-17T22:00:00Z
EXC_KOM_PC300_01,Hydraulic Excavator,MINE_TIRODI_03,ZONE_TRD_02,22.8,0.4,None,88.2,OPTIMAL,2026-01-17T22:00:00Z
DMP_BEML_BH35_01,Haul Dumper,MINE_TIRODI_03,ZONE_TRD_01,22.2,0.7,None,89.1,OPTIMAL,2026-01-17T18:00:00Z
DMP_BEML_BH35_02,Haul Dumper,MINE_TIRODI_03,ZONE_TRD_02,15.5,6.3,Hydraulic pump seal burst,67.0,CRITICAL_MAINTENANCE,2026-01-17T23:00:00Z
DOZ_CAT_D8R_01,Track-Type Dozer,MINE_TIRODI_03,ZONE_TRD_05,22.7,0.1,None,89.3,OPTIMAL,2026-01-17T21:00:00Z
EXC_HIT_EX1200_01,Hydraulic Mining Shovel,MINE_DONGRI_04,ZONE_DGB_01,16.6,5.4,Dumper planetary hub failure,59.2,CRITICAL_MAINTENANCE,2026-01-17T21:00:00Z
DMP_VOLVO_FMX_21,Haul Dumper,MINE_DONGRI_04,ZONE_DGB_01,22.4,0.3,None,96.1,OPTIMAL,2026-01-17T21:00:00Z
DMP_VOLVO_FMX_22,Haul Dumper,MINE_DONGRI_04,ZONE_DGB_02,22.0,0.9,None,92.2,OPTIMAL,2026-01-17T21:00:00Z
CRU_METSO_C120_01,Primary Jaw Crusher,MINE_DONGRI_04,ZONE_DGB_01,22.5,0.9,None,95.1,OPTIMAL,2026-01-17T22:00:00Z
WTR_TRK_TATA_02,Dust Suppression Bowser,MINE_DONGRI_04,ZONE_DGB_02,22.3,0.7,None,91.4,OPTIMAL,2026-01-17T22:00:00Z
EXC_KOM_PC450_03,Hydraulic Excavator,MINE_KANDRI_05,ZONE_KND_01,21.8,0.9,None,96.4,OPTIMAL,2026-01-17T20:00:00Z
DMP_VOLVO_FMX_31,Haul Dumper,MINE_KANDRI_05,ZONE_KND_01,21.6,1.0,None,97.7,OPTIMAL,2026-01-17T23:00:00Z
DMP_VOLVO_FMX_32,Haul Dumper,MINE_KANDRI_05,ZONE_KND_02,22.5,0.1,None,96.8,OPTIMAL,2026-01-17T18:00:00Z
DRL_ATLAS_ROC_02,Blast Drill Rig,MINE_KANDRI_05,ZONE_KND_01,22.3,0.6,None,96.8,OPTIMAL,2026-01-17T18:00:00Z
EXC_CAT_349_03,Hydraulic Excavator,MINE_MANSAR_06,ZONE_MSR_01,21.7,0.9,None,96.3,OPTIMAL,2026-01-17T20:00:00Z
DMP_BEML_BH35_03,Haul Dumper,MINE_MANSAR_06,ZONE_MSR_01,21.5,1.5,Air intake filter clogging,72.4,WARNING,2026-01-17T23:00:00Z
DMP_BEML_BH35_04,Haul Dumper,MINE_MANSAR_06,ZONE_MSR_02,23.2,0.2,None,91.0,OPTIMAL,2026-01-17T22:00:00Z
WTR_TRK_TATA_03,Dust Suppression Bowser,MINE_MANSAR_06,ZONE_MSR_01,21.9,0.6,None,92.9,OPTIMAL,2026-01-17T21:00:00Z
EXC_HIT_ZX470_02,Hydraulic Excavator,MINE_CHIKLA_07,ZONE_CHK_01,22.2,0.9,None,97.0,OPTIMAL,2026-01-17T21:00:00Z
DMP_VOLVO_FMX_41,Haul Dumper,MINE_CHIKLA_07,ZONE_CHK_01,22.4,0.4,None,89.3,OPTIMAL,2026-01-17T22:00:00Z
DMP_VOLVO_FMX_42,Haul Dumper,MINE_CHIKLA_07,ZONE_CHK_02,22.3,0.9,None,97.5,OPTIMAL,2026-01-17T18:00:00Z
DRL_SND_DX800_02,Blast Drill Rig,MINE_CHIKLA_07,ZONE_CHK_01,22.8,0.2,None,96.2,OPTIMAL,2026-01-17T23:00:00Z
DOZ_KOM_D155_01,Track-Type Dozer,MINE_CHIKLA_07,ZONE_CHK_05,22.8,0.1,None,96.8,OPTIMAL,2026-01-17T23:00:00Z
EXC_KOM_PC450_04,Hydraulic Excavator,MINE_UKWA_08,ZONE_UKW_01,17.3,4.9,Hydraulic pump seal burst,48.2,CRITICAL_MAINTENANCE,2026-01-17T22:00:00Z
DMP_CAT_773E_03,Haul Dumper,MINE_UKWA_08,ZONE_UKW_01,22.6,0.2,None,92.6,OPTIMAL,2026-01-17T18:00:00Z
DMP_CAT_773E_04,Haul Dumper,MINE_UKWA_08,ZONE_UKW_02,22.4,0.4,None,94.7,OPTIMAL,2026-01-17T19:00:00Z
DRL_ATLAS_ROC_03,Blast Drill Rig,MINE_UKWA_08,ZONE_UKW_01,22.7,0.5,None,95.5,OPTIMAL,2026-01-17T20:00:00Z
WTR_TRK_TATA_04,Dust Suppression Bowser,MINE_UKWA_08,ZONE_UKW_02,23.2,0.1,None,93.7,OPTIMAL,2026-01-17T18:00:00Z
EXC_HIT_ZX470_01,Hydraulic Excavator,MINE_GUMGAON_02,ZONE_GMG_01,22.2,0.5,None,94.7,OPTIMAL,2026-01-18T21:00:00Z
DMP_CAT_773E_01,Haul Dumper,MINE_GUMGAON_02,ZONE_GMG_01,23.2,0.2,None,88.5,OPTIMAL,2026-01-18T19:00:00Z
DMP_CAT_773E_02,Haul Dumper,MINE_GUMGAON_02,ZONE_GMG_02,22.7,0.6,None,92.6,OPTIMAL,2026-01-18T19:00:00Z
DRL_SND_DX800_01,Blast Drill Rig,MINE_GUMGAON_02,ZONE_GMG_02,21.9,0.7,None,94.6,OPTIMAL,2026-01-18T19:00:00Z
EXC_CAT_349_02,Hydraulic Excavator,MINE_TIRODI_03,ZONE_TRD_01,23.0,0.3,None,93.8,OPTIMAL,2026-01-18T22:00:00Z
EXC_KOM_PC300_01,Hydraulic Excavator,MINE_TIRODI_03,ZONE_TRD_02,22.9,0.4,None,89.0,OPTIMAL,2026-01-18T21:00:00Z
DMP_BEML_BH35_01,Haul Dumper,MINE_TIRODI_03,ZONE_TRD_01,22.3,0.6,None,90.4,OPTIMAL,2026-01-18T22:00:00Z
DMP_BEML_BH35_02,Haul Dumper,MINE_TIRODI_03,ZONE_TRD_02,22.8,0.3,None,97.6,OPTIMAL,2026-01-18T22:00:00Z
DOZ_CAT_D8R_01,Track-Type Dozer,MINE_TIRODI_03,ZONE_TRD_05,22.3,0.3,None,90.7,OPTIMAL,2026-01-18T18:00:00Z
EXC_HIT_EX1200_01,Hydraulic Mining Shovel,MINE_DONGRI_04,ZONE_DGB_01,21.9,0.7,None,90.2,OPTIMAL,2026-01-18T21:00:00Z
DMP_VOLVO_FMX_21,Haul Dumper,MINE_DONGRI_04,ZONE_DGB_01,22.6,0.6,None,90.5,OPTIMAL,2026-01-18T21:00:00Z
DMP_VOLVO_FMX_22,Haul Dumper,MINE_DONGRI_04,ZONE_DGB_02,22.9,0.2,None,96.2,OPTIMAL,2026-01-18T22:00:00Z
CRU_METSO_C120_01,Primary Jaw Crusher,MINE_DONGRI_04,ZONE_DGB_01,23.2,0.2,None,88.6,OPTIMAL,2026-01-18T19:00:00Z
WTR_TRK_TATA_02,Dust Suppression Bowser,MINE_DONGRI_04,ZONE_DGB_02,21.8,0.8,None,95.2,OPTIMAL,2026-01-18T19:00:00Z
EXC_KOM_PC450_03,Hydraulic Excavator,MINE_KANDRI_05,ZONE_KND_01,22.6,0.3,None,93.6,OPTIMAL,2026-01-18T22:00:00Z
DMP_VOLVO_FMX_31,Haul Dumper,MINE_KANDRI_05,ZONE_KND_01,21.9,0.8,None,89.0,OPTIMAL,2026-01-18T20:00:00Z
DMP_VOLVO_FMX_32,Haul Dumper,MINE_KANDRI_05,ZONE_KND_02,22.1,0.9,None,89.7,OPTIMAL,2026-01-18T18:00:00Z
DRL_ATLAS_ROC_02,Blast Drill Rig,MINE_KANDRI_05,ZONE_KND_01,22.0,0.6,None,96.8,OPTIMAL,2026-01-18T22:00:00Z
EXC_CAT_349_03,Hydraulic Excavator,MINE_MANSAR_06,ZONE_MSR_01,22.4,0.4,None,94.9,OPTIMAL,2026-01-18T23:00:00Z
DMP_BEML_BH35_03,Haul Dumper,MINE_MANSAR_06,ZONE_MSR_01,22.8,0.5,None,94.4,OPTIMAL,2026-01-18T21:00:00Z
DMP_BEML_BH35_04,Haul Dumper,MINE_MANSAR_06,ZONE_MSR_02,21.8,0.9,None,96.1,OPTIMAL,2026-01-18T18:00:00Z
WTR_TRK_TATA_03,Dust Suppression Bowser,MINE_MANSAR_06,ZONE_MSR_01,22.3,0.3,None,94.5,OPTIMAL,2026-01-18T22:00:00Z
EXC_HIT_ZX470_02,Hydraulic Excavator,MINE_CHIKLA_07,ZONE_CHK_01,23.3,0.1,None,96.4,OPTIMAL,2026-01-18T19:00:00Z
DMP_VOLVO_FMX_41,Haul Dumper,MINE_CHIKLA_07,ZONE_CHK_01,22.0,0.6,None,88.9,OPTIMAL,2026-01-18T19:00:00Z
DMP_VOLVO_FMX_42,Haul Dumper,MINE_CHIKLA_07,ZONE_CHK_02,21.7,0.9,None,95.5,OPTIMAL,2026-01-18T23:00:00Z
DRL_SND_DX800_02,Blast Drill Rig,MINE_CHIKLA_07,ZONE_CHK_01,15.3,6.4,Excavator boom cylinder leak,62.7,CRITICAL_MAINTENANCE,2026-01-18T18:00:00Z
DOZ_KOM_D155_01,Track-Type Dozer,MINE_CHIKLA_07,ZONE_CHK_05,23.1,0.0,None,92.7,OPTIMAL,2026-01-18T19:00:00Z
EXC_KOM_PC450_04,Hydraulic Excavator,MINE_UKWA_08,ZONE_UKW_01,22.8,0.6,None,92.0,OPTIMAL,2026-01-18T23:00:00Z
DMP_CAT_773E_03,Haul Dumper,MINE_UKWA_08,ZONE_UKW_01,23.2,0.2,None,94.9,OPTIMAL,2026-01-18T23:00:00Z
DMP_CAT_773E_04,Haul Dumper,MINE_UKWA_08,ZONE_UKW_02,22.6,0.8,None,89.2,OPTIMAL,2026-01-18T23:00:00Z
DRL_ATLAS_ROC_03,Blast Drill Rig,MINE_UKWA_08,ZONE_UKW_01,21.0,2.3,Track shoe tension adjustment,83.0,WARNING,2026-01-18T18:00:00Z
WTR_TRK_TATA_04,Dust Suppression Bowser,MINE_UKWA_08,ZONE_UKW_02,21.2,1.8,Fuel refill & shift inspection,80.9,WARNING,2026-01-18T19:00:00Z
EXC_HIT_ZX470_01,Hydraulic Excavator,MINE_GUMGAON_02,ZONE_GMG_01,22.8,0.7,None,93.7,OPTIMAL,2026-01-19T21:00:00Z
DMP_CAT_773E_01,Haul Dumper,MINE_GUMGAON_02,ZONE_GMG_01,23.3,0.0,None,94.5,OPTIMAL,2026-01-19T23:00:00Z
DMP_CAT_773E_02,Haul Dumper,MINE_GUMGAON_02,ZONE_GMG_02,22.6,0.1,None,90.8,OPTIMAL,2026-01-19T18:00:00Z
DRL_SND_DX800_01,Blast Drill Rig,MINE_GUMGAON_02,ZONE_GMG_02,20.3,2.6,Haul road dust water spraying pause,78.3,WARNING,2026-01-19T18:00:00Z
EXC_CAT_349_02,Hydraulic Excavator,MINE_TIRODI_03,ZONE_TRD_01,22.8,0.1,None,91.8,OPTIMAL,2026-01-19T18:00:00Z
EXC_KOM_PC300_01,Hydraulic Excavator,MINE_TIRODI_03,ZONE_TRD_02,22.4,0.7,None,97.7,OPTIMAL,2026-01-19T23:00:00Z
DMP_BEML_BH35_01,Haul Dumper,MINE_TIRODI_03,ZONE_TRD_01,22.0,0.8,None,88.0,OPTIMAL,2026-01-19T19:00:00Z
DMP_BEML_BH35_02,Haul Dumper,MINE_TIRODI_03,ZONE_TRD_02,22.4,0.3,None,93.8,OPTIMAL,2026-01-19T18:00:00Z
DOZ_CAT_D8R_01,Track-Type Dozer,MINE_TIRODI_03,ZONE_TRD_05,22.9,0.5,None,89.9,OPTIMAL,2026-01-19T20:00:00Z
EXC_HIT_EX1200_01,Hydraulic Mining Shovel,MINE_DONGRI_04,ZONE_DGB_01,22.3,0.4,None,89.3,OPTIMAL,2026-01-19T18:00:00Z
DMP_VOLVO_FMX_21,Haul Dumper,MINE_DONGRI_04,ZONE_DGB_01,20.3,3.0,Fuel refill & shift inspection,73.7,WARNING,2026-01-19T18:00:00Z
DMP_VOLVO_FMX_22,Haul Dumper,MINE_DONGRI_04,ZONE_DGB_02,23.1,0.2,None,92.9,OPTIMAL,2026-01-19T18:00:00Z
CRU_METSO_C120_01,Primary Jaw Crusher,MINE_DONGRI_04,ZONE_DGB_01,22.4,0.4,None,88.9,OPTIMAL,2026-01-19T21:00:00Z
WTR_TRK_TATA_02,Dust Suppression Bowser,MINE_DONGRI_04,ZONE_DGB_02,21.3,2.0,Track shoe tension adjustment,75.4,WARNING,2026-01-19T20:00:00Z
EXC_KOM_PC450_03,Hydraulic Excavator,MINE_KANDRI_05,ZONE_KND_01,22.4,0.2,None,94.3,OPTIMAL,2026-01-19T18:00:00Z
DMP_VOLVO_FMX_31,Haul Dumper,MINE_KANDRI_05,ZONE_KND_01,23.0,0.3,None,89.2,OPTIMAL,2026-01-19T22:00:00Z
DMP_VOLVO_FMX_32,Haul Dumper,MINE_KANDRI_05,ZONE_KND_02,21.9,1.0,None,95.7,OPTIMAL,2026-01-19T21:00:00Z
DRL_ATLAS_ROC_02,Blast Drill Rig,MINE_KANDRI_05,ZONE_KND_01,23.1,0.3,None,92.4,OPTIMAL,2026-01-19T23:00:00Z
EXC_CAT_349_03,Hydraulic Excavator,MINE_MANSAR_06,ZONE_MSR_01,22.4,0.3,None,97.5,OPTIMAL,2026-01-19T20:00:00Z
DMP_BEML_BH35_03,Haul Dumper,MINE_MANSAR_06,ZONE_MSR_01,19.9,3.2,Track shoe tension adjustment,77.2,WARNING,2026-01-19T18:00:00Z
DMP_BEML_BH35_04,Haul Dumper,MINE_MANSAR_06,ZONE_MSR_02,22.2,0.8,None,88.4,OPTIMAL,2026-01-19T18:00:00Z
WTR_TRK_TATA_03,Dust Suppression Bowser,MINE_MANSAR_06,ZONE_MSR_01,22.9,0.4,None,92.5,OPTIMAL,2026-01-19T20:00:00Z
EXC_HIT_ZX470_02,Hydraulic Excavator,MINE_CHIKLA_07,ZONE_CHK_01,20.9,1.8,Track shoe tension adjustment,78.5,WARNING,2026-01-19T23:00:00Z
DMP_VOLVO_FMX_41,Haul Dumper,MINE_CHIKLA_07,ZONE_CHK_01,23.4,0.1,None,95.2,OPTIMAL,2026-01-19T20:00:00Z
DMP_VOLVO_FMX_42,Haul Dumper,MINE_CHIKLA_07,ZONE_CHK_02,23.3,0.2,None,92.5,OPTIMAL,2026-01-19T19:00:00Z
DRL_SND_DX800_02,Blast Drill Rig,MINE_CHIKLA_07,ZONE_CHK_01,22.2,0.3,None,96.1,OPTIMAL,2026-01-19T20:00:00Z
DOZ_KOM_D155_01,Track-Type Dozer,MINE_CHIKLA_07,ZONE_CHK_05,22.9,0.3,None,96.0,OPTIMAL,2026-01-19T19:00:00Z
EXC_KOM_PC450_04,Hydraulic Excavator,MINE_UKWA_08,ZONE_UKW_01,23.1,0.0,None,91.5,OPTIMAL,2026-01-19T22:00:00Z
DMP_CAT_773E_03,Haul Dumper,MINE_UKWA_08,ZONE_UKW_01,22.2,0.7,None,93.0,OPTIMAL,2026-01-19T19:00:00Z
DMP_CAT_773E_04,Haul Dumper,MINE_UKWA_08,ZONE_UKW_02,20.6,1.9,Air intake filter clogging,82.5,WARNING,2026-01-19T22:00:00Z
DRL_ATLAS_ROC_03,Blast Drill Rig,MINE_UKWA_08,ZONE_UKW_01,22.2,0.9,None,90.5,OPTIMAL,2026-01-19T21:00:00Z
WTR_TRK_TATA_04,Dust Suppression Bowser,MINE_UKWA_08,ZONE_UKW_02,23.0,0.1,None,88.6,OPTIMAL,2026-01-19T19:00:00Z
EXC_HIT_ZX470_01,Hydraulic Excavator,MINE_GUMGAON_02,ZONE_GMG_01,23.0,0.5,None,97.8,OPTIMAL,2026-01-20T21:00:00Z
DMP_CAT_773E_01,Haul Dumper,MINE_GUMGAON_02,ZONE_GMG_01,19.2,3.4,Track shoe tension adjustment,72.3,WARNING,2026-01-20T18:00:00Z
DMP_CAT_773E_02,Haul Dumper,MINE_GUMGAON_02,ZONE_GMG_02,22.7,0.7,None,90.5,OPTIMAL,2026-01-20T18:00:00Z
DRL_SND_DX800_01,Blast Drill Rig,MINE_GUMGAON_02,ZONE_GMG_02,22.5,0.2,None,93.5,OPTIMAL,2026-01-20T23:00:00Z
EXC_CAT_349_02,Hydraulic Excavator,MINE_TIRODI_03,ZONE_TRD_01,22.1,0.7,None,93.7,OPTIMAL,2026-01-20T20:00:00Z
EXC_KOM_PC300_01,Hydraulic Excavator,MINE_TIRODI_03,ZONE_TRD_02,22.6,0.1,None,88.4,OPTIMAL,2026-01-20T22:00:00Z
DMP_BEML_BH35_01,Haul Dumper,MINE_TIRODI_03,ZONE_TRD_01,19.8,2.7,Fuel refill & shift inspection,79.2,WARNING,2026-01-20T21:00:00Z
DMP_BEML_BH35_02,Haul Dumper,MINE_TIRODI_03,ZONE_TRD_02,22.8,0.5,None,88.7,OPTIMAL,2026-01-20T21:00:00Z
DOZ_CAT_D8R_01,Track-Type Dozer,MINE_TIRODI_03,ZONE_TRD_05,22.3,0.8,None,93.6,OPTIMAL,2026-01-20T20:00:00Z
EXC_HIT_EX1200_01,Hydraulic Mining Shovel,MINE_DONGRI_04,ZONE_DGB_01,22.4,1.0,None,92.8,OPTIMAL,2026-01-20T18:00:00Z
DMP_VOLVO_FMX_21,Haul Dumper,MINE_DONGRI_04,ZONE_DGB_01,22.5,0.2,None,95.6,OPTIMAL,2026-01-20T21:00:00Z
DMP_VOLVO_FMX_22,Haul Dumper,MINE_DONGRI_04,ZONE_DGB_02,21.8,1.0,None,94.0,OPTIMAL,2026-01-20T22:00:00Z
CRU_METSO_C120_01,Primary Jaw Crusher,MINE_DONGRI_04,ZONE_DGB_01,19.6,2.7,Haul road dust water spraying pause,72.8,WARNING,2026-01-20T19:00:00Z
WTR_TRK_TATA_02,Dust Suppression Bowser,MINE_DONGRI_04,ZONE_DGB_02,22.4,1.0,None,90.1,OPTIMAL,2026-01-20T18:00:00Z
EXC_KOM_PC450_03,Hydraulic Excavator,MINE_KANDRI_05,ZONE_KND_01,22.8,0.5,None,88.9,OPTIMAL,2026-01-20T18:00:00Z
DMP_VOLVO_FMX_31,Haul Dumper,MINE_KANDRI_05,ZONE_KND_01,22.2,0.7,None,94.6,OPTIMAL,2026-01-20T20:00:00Z
DMP_VOLVO_FMX_32,Haul Dumper,MINE_KANDRI_05,ZONE_KND_02,21.7,0.9,None,96.0,OPTIMAL,2026-01-20T19:00:00Z
DRL_ATLAS_ROC_02,Blast Drill Rig,MINE_KANDRI_05,ZONE_KND_01,22.4,0.6,None,93.0,OPTIMAL,2026-01-20T22:00:00Z
EXC_CAT_349_03,Hydraulic Excavator,MINE_MANSAR_06,ZONE_MSR_01,22.4,0.1,None,97.6,OPTIMAL,2026-01-20T23:00:00Z
DMP_BEML_BH35_03,Haul Dumper,MINE_MANSAR_06,ZONE_MSR_01,22.6,0.6,None,94.6,OPTIMAL,2026-01-20T18:00:00Z
DMP_BEML_BH35_04,Haul Dumper,MINE_MANSAR_06,ZONE_MSR_02,21.6,1.0,None,96.9,OPTIMAL,2026-01-20T20:00:00Z
WTR_TRK_TATA_03,Dust Suppression Bowser,MINE_MANSAR_06,ZONE_MSR_01,22.5,0.1,None,96.8,OPTIMAL,2026-01-20T22:00:00Z
EXC_HIT_ZX470_02,Hydraulic Excavator,MINE_CHIKLA_07,ZONE_CHK_01,22.5,0.6,None,93.1,OPTIMAL,2026-01-20T21:00:00Z
DMP_VOLVO_FMX_41,Haul Dumper,MINE_CHIKLA_07,ZONE_CHK_01,23.4,0.1,None,93.4,OPTIMAL,2026-01-20T21:00:00Z
DMP_VOLVO_FMX_42,Haul Dumper,MINE_CHIKLA_07,ZONE_CHK_02,22.6,0.1,None,96.4,OPTIMAL,2026-01-20T21:00:00Z
DRL_SND_DX800_02,Blast Drill Rig,MINE_CHIKLA_07,ZONE_CHK_01,22.3,0.4,None,94.7,OPTIMAL,2026-01-20T19:00:00Z
DOZ_KOM_D155_01,Track-Type Dozer,MINE_CHIKLA_07,ZONE_CHK_05,22.4,0.8,None,89.7,OPTIMAL,2026-01-20T23:00:00Z
EXC_KOM_PC450_04,Hydraulic Excavator,MINE_UKWA_08,ZONE_UKW_01,22.6,0.2,None,91.9,OPTIMAL,2026-01-20T23:00:00Z
DMP_CAT_773E_03,Haul Dumper,MINE_UKWA_08,ZONE_UKW_01,22.6,0.6,None,93.9,OPTIMAL,2026-01-20T19:00:00Z
DMP_CAT_773E_04,Haul Dumper,MINE_UKWA_08,ZONE_UKW_02,21.9,0.8,None,92.2,OPTIMAL,2026-01-20T20:00:00Z
DRL_ATLAS_ROC_03,Blast Drill Rig,MINE_UKWA_08,ZONE_UKW_01,22.7,0.6,None,92.9,OPTIMAL,2026-01-20T23:00:00Z
WTR_TRK_TATA_04,Dust Suppression Bowser,MINE_UKWA_08,ZONE_UKW_02,22.6,0.6,None,91.8,OPTIMAL,2026-01-20T18:00:00Z
EXC_HIT_ZX470_01,Hydraulic Excavator,MINE_GUMGAON_02,ZONE_GMG_01,21.9,0.8,None,94.7,OPTIMAL,2026-01-21T21:00:00Z
DMP_CAT_773E_01,Haul Dumper,MINE_GUMGAON_02,ZONE_GMG_01,21.7,0.9,None,95.0,OPTIMAL,2026-01-21T20:00:00Z
DMP_CAT_773E_02,Haul Dumper,MINE_GUMGAON_02,ZONE_GMG_02,22.3,0.5,None,97.4,OPTIMAL,2026-01-21T21:00:00Z
DRL_SND_DX800_01,Blast Drill Rig,MINE_GUMGAON_02,ZONE_GMG_02,17.2,5.7,Engine cooling circuit rupture,48.2,CRITICAL_MAINTENANCE,2026-01-21T20:00:00Z
EXC_CAT_349_02,Hydraulic Excavator,MINE_TIRODI_03,ZONE_TRD_01,22.1,1.0,None,95.6,OPTIMAL,2026-01-21T23:00:00Z
EXC_KOM_PC300_01,Hydraulic Excavator,MINE_TIRODI_03,ZONE_TRD_02,22.9,0.1,None,93.7,OPTIMAL,2026-01-21T19:00:00Z
DMP_BEML_BH35_01,Haul Dumper,MINE_TIRODI_03,ZONE_TRD_01,22.6,0.7,None,88.4,OPTIMAL,2026-01-21T21:00:00Z
DMP_BEML_BH35_02,Haul Dumper,MINE_TIRODI_03,ZONE_TRD_02,22.0,0.5,None,95.5,OPTIMAL,2026-01-21T21:00:00Z
DOZ_CAT_D8R_01,Track-Type Dozer,MINE_TIRODI_03,ZONE_TRD_05,20.8,1.5,Track shoe tension adjustment,73.1,WARNING,2026-01-21T19:00:00Z
EXC_HIT_EX1200_01,Hydraulic Mining Shovel,MINE_DONGRI_04,ZONE_DGB_01,18.7,3.3,Air intake filter clogging,75.0,WARNING,2026-01-21T19:00:00Z
DMP_VOLVO_FMX_21,Haul Dumper,MINE_DONGRI_04,ZONE_DGB_01,20.5,1.9,Haul road dust water spraying pause,82.7,WARNING,2026-01-21T19:00:00Z
DMP_VOLVO_FMX_22,Haul Dumper,MINE_DONGRI_04,ZONE_DGB_02,20.7,2.0,Haul road dust water spraying pause,73.1,WARNING,2026-01-21T23:00:00Z
CRU_METSO_C120_01,Primary Jaw Crusher,MINE_DONGRI_04,ZONE_DGB_01,14.3,8.1,Excavator boom cylinder leak,54.0,CRITICAL_MAINTENANCE,2026-01-21T20:00:00Z
WTR_TRK_TATA_02,Dust Suppression Bowser,MINE_DONGRI_04,ZONE_DGB_02,21.4,2.1,Haul road dust water spraying pause,74.3,WARNING,2026-01-21T20:00:00Z
EXC_KOM_PC450_03,Hydraulic Excavator,MINE_KANDRI_05,ZONE_KND_01,16.8,6.1,Drill rotary motor trip,63.1,CRITICAL_MAINTENANCE,2026-01-21T23:00:00Z
DMP_VOLVO_FMX_31,Haul Dumper,MINE_KANDRI_05,ZONE_KND_01,22.2,0.7,None,93.7,OPTIMAL,2026-01-21T22:00:00Z
DMP_VOLVO_FMX_32,Haul Dumper,MINE_KANDRI_05,ZONE_KND_02,21.8,1.0,None,96.7,OPTIMAL,2026-01-21T21:00:00Z
DRL_ATLAS_ROC_02,Blast Drill Rig,MINE_KANDRI_05,ZONE_KND_01,22.8,0.3,None,92.1,OPTIMAL,2026-01-21T18:00:00Z
EXC_CAT_349_03,Hydraulic Excavator,MINE_MANSAR_06,ZONE_MSR_01,22.0,0.6,None,94.3,OPTIMAL,2026-01-21T20:00:00Z
DMP_BEML_BH35_03,Haul Dumper,MINE_MANSAR_06,ZONE_MSR_01,22.2,0.5,None,90.5,OPTIMAL,2026-01-21T22:00:00Z
DMP_BEML_BH35_04,Haul Dumper,MINE_MANSAR_06,ZONE_MSR_02,22.2,0.4,None,91.8,OPTIMAL,2026-01-21T20:00:00Z
WTR_TRK_TATA_03,Dust Suppression Bowser,MINE_MANSAR_06,ZONE_MSR_01,22.6,0.3,None,97.8,OPTIMAL,2026-01-21T23:00:00Z
EXC_HIT_ZX470_02,Hydraulic Excavator,MINE_CHIKLA_07,ZONE_CHK_01,16.8,5.0,Drill rotary motor trip,51.6,CRITICAL_MAINTENANCE,2026-01-21T20:00:00Z
DMP_VOLVO_FMX_41,Haul Dumper,MINE_CHIKLA_07,ZONE_CHK_01,22.6,0.9,None,89.1,OPTIMAL,2026-01-21T21:00:00Z
DMP_VOLVO_FMX_42,Haul Dumper,MINE_CHIKLA_07,ZONE_CHK_02,22.6,0.1,None,93.4,OPTIMAL,2026-01-21T22:00:00Z
DRL_SND_DX800_02,Blast Drill Rig,MINE_CHIKLA_07,ZONE_CHK_01,22.8,0.3,None,95.1,OPTIMAL,2026-01-21T19:00:00Z
DOZ_KOM_D155_01,Track-Type Dozer,MINE_CHIKLA_07,ZONE_CHK_05,22.6,0.3,None,91.8,OPTIMAL,2026-01-21T18:00:00Z
EXC_KOM_PC450_04,Hydraulic Excavator,MINE_UKWA_08,ZONE_UKW_01,15.3,7.1,Engine cooling circuit rupture,50.7,CRITICAL_MAINTENANCE,2026-01-21T22:00:00Z
DMP_CAT_773E_03,Haul Dumper,MINE_UKWA_08,ZONE_UKW_01,18.7,3.3,Haul road dust water spraying pause,80.2,WARNING,2026-01-21T23:00:00Z
DMP_CAT_773E_04,Haul Dumper,MINE_UKWA_08,ZONE_UKW_02,22.7,0.4,None,91.3,OPTIMAL,2026-01-21T21:00:00Z
DRL_ATLAS_ROC_03,Blast Drill Rig,MINE_UKWA_08,ZONE_UKW_01,19.9,3.1,Haul road dust water spraying pause,77.1,WARNING,2026-01-21T21:00:00Z
WTR_TRK_TATA_04,Dust Suppression Bowser,MINE_UKWA_08,ZONE_UKW_02,22.0,0.9,None,95.8,OPTIMAL,2026-01-21T20:00:00Z
EXC_HIT_ZX470_01,Hydraulic Excavator,MINE_GUMGAON_02,ZONE_GMG_01,22.8,0.2,None,94.1,OPTIMAL,2026-01-22T21:00:00Z
DMP_CAT_773E_01,Haul Dumper,MINE_GUMGAON_02,ZONE_GMG_01,22.3,0.4,None,96.8,OPTIMAL,2026-01-22T19:00:00Z
DMP_CAT_773E_02,Haul Dumper,MINE_GUMGAON_02,ZONE_GMG_02,22.4,0.4,None,88.5,OPTIMAL,2026-01-22T21:00:00Z
DRL_SND_DX800_01,Blast Drill Rig,MINE_GUMGAON_02,ZONE_GMG_02,22.3,0.3,None,88.1,OPTIMAL,2026-01-22T23:00:00Z
EXC_CAT_349_02,Hydraulic Excavator,MINE_TIRODI_03,ZONE_TRD_01,23.2,0.1,None,89.8,OPTIMAL,2026-01-22T21:00:00Z
EXC_KOM_PC300_01,Hydraulic Excavator,MINE_TIRODI_03,ZONE_TRD_02,22.3,0.7,None,92.0,OPTIMAL,2026-01-22T20:00:00Z
DMP_BEML_BH35_01,Haul Dumper,MINE_TIRODI_03,ZONE_TRD_01,23.2,0.1,None,95.1,OPTIMAL,2026-01-22T18:00:00Z
DMP_BEML_BH35_02,Haul Dumper,MINE_TIRODI_03,ZONE_TRD_02,21.8,0.9,None,90.5,OPTIMAL,2026-01-22T22:00:00Z
DOZ_CAT_D8R_01,Track-Type Dozer,MINE_TIRODI_03,ZONE_TRD_05,22.6,0.0,None,93.4,OPTIMAL,2026-01-22T18:00:00Z
EXC_HIT_EX1200_01,Hydraulic Mining Shovel,MINE_DONGRI_04,ZONE_DGB_01,22.4,0.4,None,97.9,OPTIMAL,2026-01-22T19:00:00Z
DMP_VOLVO_FMX_21,Haul Dumper,MINE_DONGRI_04,ZONE_DGB_01,19.5,2.7,Track shoe tension adjustment,76.3,WARNING,2026-01-22T20:00:00Z
DMP_VOLVO_FMX_22,Haul Dumper,MINE_DONGRI_04,ZONE_DGB_02,22.8,0.4,None,89.6,OPTIMAL,2026-01-22T21:00:00Z
CRU_METSO_C120_01,Primary Jaw Crusher,MINE_DONGRI_04,ZONE_DGB_01,22.5,0.9,None,93.3,OPTIMAL,2026-01-22T19:00:00Z
WTR_TRK_TATA_02,Dust Suppression Bowser,MINE_DONGRI_04,ZONE_DGB_02,22.8,0.3,None,95.0,OPTIMAL,2026-01-22T23:00:00Z
EXC_KOM_PC450_03,Hydraulic Excavator,MINE_KANDRI_05,ZONE_KND_01,22.9,0.0,None,97.7,OPTIMAL,2026-01-22T23:00:00Z
DMP_VOLVO_FMX_31,Haul Dumper,MINE_KANDRI_05,ZONE_KND_01,22.4,0.9,None,89.3,OPTIMAL,2026-01-22T23:00:00Z
DMP_VOLVO_FMX_32,Haul Dumper,MINE_KANDRI_05,ZONE_KND_02,22.1,0.5,None,91.6,OPTIMAL,2026-01-22T20:00:00Z
DRL_ATLAS_ROC_02,Blast Drill Rig,MINE_KANDRI_05,ZONE_KND_01,16.2,6.2,Drill rotary motor trip,55.3,CRITICAL_MAINTENANCE,2026-01-22T20:00:00Z
EXC_CAT_349_03,Hydraulic Excavator,MINE_MANSAR_06,ZONE_MSR_01,22.6,0.8,None,89.4,OPTIMAL,2026-01-22T19:00:00Z
DMP_BEML_BH35_03,Haul Dumper,MINE_MANSAR_06,ZONE_MSR_01,22.3,0.4,None,94.1,OPTIMAL,2026-01-22T23:00:00Z
DMP_BEML_BH35_04,Haul Dumper,MINE_MANSAR_06,ZONE_MSR_02,21.9,0.9,None,97.8,OPTIMAL,2026-01-22T21:00:00Z
WTR_TRK_TATA_03,Dust Suppression Bowser,MINE_MANSAR_06,ZONE_MSR_01,22.5,0.8,None,90.9,OPTIMAL,2026-01-22T23:00:00Z
EXC_HIT_ZX470_02,Hydraulic Excavator,MINE_CHIKLA_07,ZONE_CHK_01,23.1,0.2,None,96.3,OPTIMAL,2026-01-22T22:00:00Z
DMP_VOLVO_FMX_41,Haul Dumper,MINE_CHIKLA_07,ZONE_CHK_01,22.9,0.1,None,95.1,OPTIMAL,2026-01-22T23:00:00Z
DMP_VOLVO_FMX_42,Haul Dumper,MINE_CHIKLA_07,ZONE_CHK_02,22.6,0.1,None,97.6,OPTIMAL,2026-01-22T18:00:00Z
DRL_SND_DX800_02,Blast Drill Rig,MINE_CHIKLA_07,ZONE_CHK_01,22.9,0.2,None,97.9,OPTIMAL,2026-01-22T19:00:00Z
DOZ_KOM_D155_01,Track-Type Dozer,MINE_CHIKLA_07,ZONE_CHK_05,22.4,0.8,None,96.9,OPTIMAL,2026-01-22T20:00:00Z
EXC_KOM_PC450_04,Hydraulic Excavator,MINE_UKWA_08,ZONE_UKW_01,22.6,0.0,None,96.6,OPTIMAL,2026-01-22T23:00:00Z
DMP_CAT_773E_03,Haul Dumper,MINE_UKWA_08,ZONE_UKW_01,22.4,0.7,None,92.7,OPTIMAL,2026-01-22T20:00:00Z
DMP_CAT_773E_04,Haul Dumper,MINE_UKWA_08,ZONE_UKW_02,19.7,2.3,Haul road dust water spraying pause,75.3,WARNING,2026-01-22T23:00:00Z
DRL_ATLAS_ROC_03,Blast Drill Rig,MINE_UKWA_08,ZONE_UKW_01,22.3,0.4,None,90.1,OPTIMAL,2026-01-22T22:00:00Z
WTR_TRK_TATA_04,Dust Suppression Bowser,MINE_UKWA_08,ZONE_UKW_02,22.4,0.5,None,92.5,OPTIMAL,2026-01-22T22:00:00Z
EXC_HIT_ZX470_01,Hydraulic Excavator,MINE_GUMGAON_02,ZONE_GMG_01,21.9,0.7,None,95.3,OPTIMAL,2026-01-23T20:00:00Z
DMP_CAT_773E_01,Haul Dumper,MINE_GUMGAON_02,ZONE_GMG_01,22.9,0.1,None,93.0,OPTIMAL,2026-01-23T23:00:00Z
DMP_CAT_773E_02,Haul Dumper,MINE_GUMGAON_02,ZONE_GMG_02,22.5,0.4,None,93.8,OPTIMAL,2026-01-23T22:00:00Z
DRL_SND_DX800_01,Blast Drill Rig,MINE_GUMGAON_02,ZONE_GMG_02,21.8,0.9,None,94.0,OPTIMAL,2026-01-23T20:00:00Z
EXC_CAT_349_02,Hydraulic Excavator,MINE_TIRODI_03,ZONE_TRD_01,22.8,0.6,None,92.8,OPTIMAL,2026-01-23T20:00:00Z
EXC_KOM_PC300_01,Hydraulic Excavator,MINE_TIRODI_03,ZONE_TRD_02,23.0,0.3,None,96.1,OPTIMAL,2026-01-23T23:00:00Z
DMP_BEML_BH35_01,Haul Dumper,MINE_TIRODI_03,ZONE_TRD_01,21.8,1.0,None,89.8,OPTIMAL,2026-01-23T19:00:00Z
DMP_BEML_BH35_02,Haul Dumper,MINE_TIRODI_03,ZONE_TRD_02,22.3,0.6,None,89.6,OPTIMAL,2026-01-23T19:00:00Z
DOZ_CAT_D8R_01,Track-Type Dozer,MINE_TIRODI_03,ZONE_TRD_05,23.2,0.2,None,94.5,OPTIMAL,2026-01-23T22:00:00Z
EXC_HIT_EX1200_01,Hydraulic Mining Shovel,MINE_DONGRI_04,ZONE_DGB_01,21.8,0.8,None,93.7,OPTIMAL,2026-01-23T19:00:00Z
DMP_VOLVO_FMX_21,Haul Dumper,MINE_DONGRI_04,ZONE_DGB_01,22.9,0.0,None,97.2,OPTIMAL,2026-01-23T19:00:00Z
DMP_VOLVO_FMX_22,Haul Dumper,MINE_DONGRI_04,ZONE_DGB_02,21.5,1.7,Track shoe tension adjustment,74.1,WARNING,2026-01-23T18:00:00Z
CRU_METSO_C120_01,Primary Jaw Crusher,MINE_DONGRI_04,ZONE_DGB_01,22.6,0.5,None,88.5,OPTIMAL,2026-01-23T18:00:00Z
WTR_TRK_TATA_02,Dust Suppression Bowser,MINE_DONGRI_04,ZONE_DGB_02,22.2,0.7,None,96.0,OPTIMAL,2026-01-23T21:00:00Z
EXC_KOM_PC450_03,Hydraulic Excavator,MINE_KANDRI_05,ZONE_KND_01,22.2,0.5,None,89.9,OPTIMAL,2026-01-23T21:00:00Z
DMP_VOLVO_FMX_31,Haul Dumper,MINE_KANDRI_05,ZONE_KND_01,22.4,0.9,None,93.5,OPTIMAL,2026-01-23T20:00:00Z
DMP_VOLVO_FMX_32,Haul Dumper,MINE_KANDRI_05,ZONE_KND_02,22.9,0.1,None,88.5,OPTIMAL,2026-01-23T21:00:00Z
DRL_ATLAS_ROC_02,Blast Drill Rig,MINE_KANDRI_05,ZONE_KND_01,22.1,0.8,None,89.4,OPTIMAL,2026-01-23T20:00:00Z
EXC_CAT_349_03,Hydraulic Excavator,MINE_MANSAR_06,ZONE_MSR_01,22.1,0.6,None,95.9,OPTIMAL,2026-01-23T18:00:00Z
DMP_BEML_BH35_03,Haul Dumper,MINE_MANSAR_06,ZONE_MSR_01,13.6,8.5,Excavator boom cylinder leak,63.0,CRITICAL_MAINTENANCE,2026-01-23T18:00:00Z
DMP_BEML_BH35_04,Haul Dumper,MINE_MANSAR_06,ZONE_MSR_02,21.6,0.9,None,93.9,OPTIMAL,2026-01-23T21:00:00Z
WTR_TRK_TATA_03,Dust Suppression Bowser,MINE_MANSAR_06,ZONE_MSR_01,22.6,0.9,None,92.3,OPTIMAL,2026-01-23T23:00:00Z
EXC_HIT_ZX470_02,Hydraulic Excavator,MINE_CHIKLA_07,ZONE_CHK_01,22.5,0.1,None,91.9,OPTIMAL,2026-01-23T20:00:00Z
DMP_VOLVO_FMX_41,Haul Dumper,MINE_CHIKLA_07,ZONE_CHK_01,20.5,1.7,Air intake filter clogging,83.9,WARNING,2026-01-23T20:00:00Z
DMP_VOLVO_FMX_42,Haul Dumper,MINE_CHIKLA_07,ZONE_CHK_02,16.4,5.8,Engine cooling circuit rupture,64.4,CRITICAL_MAINTENANCE,2026-01-23T20:00:00Z
DRL_SND_DX800_02,Blast Drill Rig,MINE_CHIKLA_07,ZONE_CHK_01,23.0,0.5,None,95.7,OPTIMAL,2026-01-23T19:00:00Z
DOZ_KOM_D155_01,Track-Type Dozer,MINE_CHIKLA_07,ZONE_CHK_05,23.1,0.3,None,93.3,OPTIMAL,2026-01-23T22:00:00Z
EXC_KOM_PC450_04,Hydraulic Excavator,MINE_UKWA_08,ZONE_UKW_01,22.6,0.4,None,88.2,OPTIMAL,2026-01-23T19:00:00Z
DMP_CAT_773E_03,Haul Dumper,MINE_UKWA_08,ZONE_UKW_01,22.4,0.5,None,89.2,OPTIMAL,2026-01-23T22:00:00Z
DMP_CAT_773E_04,Haul Dumper,MINE_UKWA_08,ZONE_UKW_02,22.4,0.5,None,91.6,OPTIMAL,2026-01-23T20:00:00Z
DRL_ATLAS_ROC_03,Blast Drill Rig,MINE_UKWA_08,ZONE_UKW_01,22.3,0.4,None,93.7,OPTIMAL,2026-01-23T21:00:00Z
WTR_TRK_TATA_04,Dust Suppression Bowser,MINE_UKWA_08,ZONE_UKW_02,16.1,5.0,Dumper planetary hub failure,50.7,CRITICAL_MAINTENANCE,2026-01-23T21:00:00Z
EXC_HIT_ZX470_01,Hydraulic Excavator,MINE_GUMGAON_02,ZONE_GMG_01,22.1,0.6,None,89.9,OPTIMAL,2026-01-24T18:00:00Z
DMP_CAT_773E_01,Haul Dumper,MINE_GUMGAON_02,ZONE_GMG_01,19.2,3.2,Haul road dust water spraying pause,83.8,WARNING,2026-01-24T19:00:00Z
DMP_CAT_773E_02,Haul Dumper,MINE_GUMGAON_02,ZONE_GMG_02,22.6,0.4,None,97.7,OPTIMAL,2026-01-24T18:00:00Z
DRL_SND_DX800_01,Blast Drill Rig,MINE_GUMGAON_02,ZONE_GMG_02,22.1,0.7,None,89.4,OPTIMAL,2026-01-24T20:00:00Z
EXC_CAT_349_02,Hydraulic Excavator,MINE_TIRODI_03,ZONE_TRD_01,22.9,0.1,None,96.0,OPTIMAL,2026-01-24T23:00:00Z
EXC_KOM_PC300_01,Hydraulic Excavator,MINE_TIRODI_03,ZONE_TRD_02,22.3,0.6,None,97.4,OPTIMAL,2026-01-24T21:00:00Z
DMP_BEML_BH35_01,Haul Dumper,MINE_TIRODI_03,ZONE_TRD_01,22.4,0.6,None,93.1,OPTIMAL,2026-01-24T18:00:00Z
DMP_BEML_BH35_02,Haul Dumper,MINE_TIRODI_03,ZONE_TRD_02,21.7,0.9,None,90.6,OPTIMAL,2026-01-24T23:00:00Z
DOZ_CAT_D8R_01,Track-Type Dozer,MINE_TIRODI_03,ZONE_TRD_05,22.8,0.1,None,94.8,OPTIMAL,2026-01-24T20:00:00Z
EXC_HIT_EX1200_01,Hydraulic Mining Shovel,MINE_DONGRI_04,ZONE_DGB_01,22.4,0.3,None,89.3,OPTIMAL,2026-01-24T22:00:00Z
DMP_VOLVO_FMX_21,Haul Dumper,MINE_DONGRI_04,ZONE_DGB_01,22.3,0.4,None,95.1,OPTIMAL,2026-01-24T18:00:00Z
DMP_VOLVO_FMX_22,Haul Dumper,MINE_DONGRI_04,ZONE_DGB_02,20.4,2.8,Haul road dust water spraying pause,80.4,WARNING,2026-01-24T21:00:00Z
CRU_METSO_C120_01,Primary Jaw Crusher,MINE_DONGRI_04,ZONE_DGB_01,20.5,1.8,Fuel refill & shift inspection,75.3,WARNING,2026-01-24T19:00:00Z
WTR_TRK_TATA_02,Dust Suppression Bowser,MINE_DONGRI_04,ZONE_DGB_02,22.0,0.6,None,96.9,OPTIMAL,2026-01-24T20:00:00Z
EXC_KOM_PC450_03,Hydraulic Excavator,MINE_KANDRI_05,ZONE_KND_01,14.5,6.6,Excavator boom cylinder leak,64.3,CRITICAL_MAINTENANCE,2026-01-24T19:00:00Z
DMP_VOLVO_FMX_31,Haul Dumper,MINE_KANDRI_05,ZONE_KND_01,23.2,0.2,None,92.2,OPTIMAL,2026-01-24T21:00:00Z
DMP_VOLVO_FMX_32,Haul Dumper,MINE_KANDRI_05,ZONE_KND_02,21.8,0.9,None,88.1,OPTIMAL,2026-01-24T18:00:00Z
DRL_ATLAS_ROC_02,Blast Drill Rig,MINE_KANDRI_05,ZONE_KND_01,22.2,0.6,None,97.5,OPTIMAL,2026-01-24T18:00:00Z
EXC_CAT_349_03,Hydraulic Excavator,MINE_MANSAR_06,ZONE_MSR_01,23.3,0.0,None,92.6,OPTIMAL,2026-01-24T18:00:00Z
DMP_BEML_BH35_03,Haul Dumper,MINE_MANSAR_06,ZONE_MSR_01,22.8,0.3,None,95.5,OPTIMAL,2026-01-24T18:00:00Z
DMP_BEML_BH35_04,Haul Dumper,MINE_MANSAR_06,ZONE_MSR_02,21.9,0.8,None,88.5,OPTIMAL,2026-01-24T22:00:00Z
WTR_TRK_TATA_03,Dust Suppression Bowser,MINE_MANSAR_06,ZONE_MSR_01,19.9,2.4,Track shoe tension adjustment,79.1,WARNING,2026-01-24T18:00:00Z
EXC_HIT_ZX470_02,Hydraulic Excavator,MINE_CHIKLA_07,ZONE_CHK_01,21.8,0.7,None,88.9,OPTIMAL,2026-01-24T22:00:00Z
DMP_VOLVO_FMX_41,Haul Dumper,MINE_CHIKLA_07,ZONE_CHK_01,22.1,0.7,None,90.3,OPTIMAL,2026-01-24T23:00:00Z
DMP_VOLVO_FMX_42,Haul Dumper,MINE_CHIKLA_07,ZONE_CHK_02,22.4,0.5,None,93.7,OPTIMAL,2026-01-24T21:00:00Z
DRL_SND_DX800_02,Blast Drill Rig,MINE_CHIKLA_07,ZONE_CHK_01,22.7,0.3,None,89.2,OPTIMAL,2026-01-24T23:00:00Z
DOZ_KOM_D155_01,Track-Type Dozer,MINE_CHIKLA_07,ZONE_CHK_05,21.9,0.7,None,97.8,OPTIMAL,2026-01-24T19:00:00Z
EXC_KOM_PC450_04,Hydraulic Excavator,MINE_UKWA_08,ZONE_UKW_01,22.5,0.1,None,95.3,OPTIMAL,2026-01-24T18:00:00Z
DMP_CAT_773E_03,Haul Dumper,MINE_UKWA_08,ZONE_UKW_01,16.4,5.1,Drill rotary motor trip,61.3,CRITICAL_MAINTENANCE,2026-01-24T19:00:00Z
DMP_CAT_773E_04,Haul Dumper,MINE_UKWA_08,ZONE_UKW_02,19.9,3.3,Haul road dust water spraying pause,82.6,WARNING,2026-01-24T21:00:00Z
DRL_ATLAS_ROC_03,Blast Drill Rig,MINE_UKWA_08,ZONE_UKW_01,22.4,0.8,None,97.2,OPTIMAL,2026-01-24T21:00:00Z
WTR_TRK_TATA_04,Dust Suppression Bowser,MINE_UKWA_08,ZONE_UKW_02,22.7,0.3,None,88.4,OPTIMAL,2026-01-24T21:00:00Z
EXC_HIT_ZX470_01,Hydraulic Excavator,MINE_GUMGAON_02,ZONE_GMG_01,22.6,0.2,None,90.5,OPTIMAL,2026-01-25T20:00:00Z
DMP_CAT_773E_01,Haul Dumper,MINE_GUMGAON_02,ZONE_GMG_01,22.0,0.5,None,91.2,OPTIMAL,2026-01-25T19:00:00Z
DMP_CAT_773E_02,Haul Dumper,MINE_GUMGAON_02,ZONE_GMG_02,21.6,0.9,None,91.0,OPTIMAL,2026-01-25T19:00:00Z
DRL_SND_DX800_01,Blast Drill Rig,MINE_GUMGAON_02,ZONE_GMG_02,22.6,0.1,None,97.3,OPTIMAL,2026-01-25T23:00:00Z
EXC_CAT_349_02,Hydraulic Excavator,MINE_TIRODI_03,ZONE_TRD_01,22.5,0.6,None,91.6,OPTIMAL,2026-01-25T21:00:00Z
EXC_KOM_PC300_01,Hydraulic Excavator,MINE_TIRODI_03,ZONE_TRD_02,22.8,0.7,None,88.3,OPTIMAL,2026-01-25T20:00:00Z
DMP_BEML_BH35_01,Haul Dumper,MINE_TIRODI_03,ZONE_TRD_01,22.9,0.0,None,91.1,OPTIMAL,2026-01-25T18:00:00Z
DMP_BEML_BH35_02,Haul Dumper,MINE_TIRODI_03,ZONE_TRD_02,22.5,0.9,None,88.8,OPTIMAL,2026-01-25T18:00:00Z
DOZ_CAT_D8R_01,Track-Type Dozer,MINE_TIRODI_03,ZONE_TRD_05,22.5,0.4,None,94.9,OPTIMAL,2026-01-25T19:00:00Z
EXC_HIT_EX1200_01,Hydraulic Mining Shovel,MINE_DONGRI_04,ZONE_DGB_01,21.9,0.9,None,88.5,OPTIMAL,2026-01-25T23:00:00Z
DMP_VOLVO_FMX_21,Haul Dumper,MINE_DONGRI_04,ZONE_DGB_01,22.5,0.4,None,97.2,OPTIMAL,2026-01-25T20:00:00Z
DMP_VOLVO_FMX_22,Haul Dumper,MINE_DONGRI_04,ZONE_DGB_02,22.7,0.7,None,89.8,OPTIMAL,2026-01-25T18:00:00Z
CRU_METSO_C120_01,Primary Jaw Crusher,MINE_DONGRI_04,ZONE_DGB_01,22.4,0.2,None,95.8,OPTIMAL,2026-01-25T22:00:00Z
WTR_TRK_TATA_02,Dust Suppression Bowser,MINE_DONGRI_04,ZONE_DGB_02,22.6,0.0,None,95.6,OPTIMAL,2026-01-25T23:00:00Z
EXC_KOM_PC450_03,Hydraulic Excavator,MINE_KANDRI_05,ZONE_KND_01,21.5,1.7,Air intake filter clogging,80.6,WARNING,2026-01-25T20:00:00Z
DMP_VOLVO_FMX_31,Haul Dumper,MINE_KANDRI_05,ZONE_KND_01,22.5,0.7,None,94.3,OPTIMAL,2026-01-25T22:00:00Z
DMP_VOLVO_FMX_32,Haul Dumper,MINE_KANDRI_05,ZONE_KND_02,22.7,0.0,None,89.0,OPTIMAL,2026-01-25T21:00:00Z
DRL_ATLAS_ROC_02,Blast Drill Rig,MINE_KANDRI_05,ZONE_KND_01,22.4,0.5,None,97.3,OPTIMAL,2026-01-25T23:00:00Z
EXC_CAT_349_03,Hydraulic Excavator,MINE_MANSAR_06,ZONE_MSR_01,22.0,0.6,None,94.7,OPTIMAL,2026-01-25T18:00:00Z
DMP_BEML_BH35_03,Haul Dumper,MINE_MANSAR_06,ZONE_MSR_01,15.9,5.7,Dumper planetary hub failure,52.3,CRITICAL_MAINTENANCE,2026-01-25T23:00:00Z
DMP_BEML_BH35_04,Haul Dumper,MINE_MANSAR_06,ZONE_MSR_02,16.2,6.8,Hydraulic pump seal burst,55.0,CRITICAL_MAINTENANCE,2026-01-25T19:00:00Z
WTR_TRK_TATA_03,Dust Suppression Bowser,MINE_MANSAR_06,ZONE_MSR_01,22.0,0.7,None,88.6,OPTIMAL,2026-01-25T22:00:00Z
EXC_HIT_ZX470_02,Hydraulic Excavator,MINE_CHIKLA_07,ZONE_CHK_01,23.2,0.1,None,94.5,OPTIMAL,2026-01-25T22:00:00Z
DMP_VOLVO_FMX_41,Haul Dumper,MINE_CHIKLA_07,ZONE_CHK_01,22.7,0.5,None,95.5,OPTIMAL,2026-01-25T20:00:00Z
DMP_VOLVO_FMX_42,Haul Dumper,MINE_CHIKLA_07,ZONE_CHK_02,23.1,0.0,None,88.3,OPTIMAL,2026-01-25T21:00:00Z
DRL_SND_DX800_02,Blast Drill Rig,MINE_CHIKLA_07,ZONE_CHK_01,22.3,0.6,None,92.0,OPTIMAL,2026-01-25T21:00:00Z
DOZ_KOM_D155_01,Track-Type Dozer,MINE_CHIKLA_07,ZONE_CHK_05,22.9,0.5,None,91.9,OPTIMAL,2026-01-25T21:00:00Z
EXC_KOM_PC450_04,Hydraulic Excavator,MINE_UKWA_08,ZONE_UKW_01,20.2,2.9,Haul road dust water spraying pause,77.7,WARNING,2026-01-25T23:00:00Z
DMP_CAT_773E_03,Haul Dumper,MINE_UKWA_08,ZONE_UKW_01,21.8,1.0,None,93.7,OPTIMAL,2026-01-25T20:00:00Z
DMP_CAT_773E_04,Haul Dumper,MINE_UKWA_08,ZONE_UKW_02,21.6,1.0,None,88.2,OPTIMAL,2026-01-25T21:00:00Z
DRL_ATLAS_ROC_03,Blast Drill Rig,MINE_UKWA_08,ZONE_UKW_01,22.5,0.8,None,91.3,OPTIMAL,2026-01-25T19:00:00Z
WTR_TRK_TATA_04,Dust Suppression Bowser,MINE_UKWA_08,ZONE_UKW_02,23.0,0.0,None,97.9,OPTIMAL,2026-01-25T20:00:00Z
EXC_HIT_ZX470_01,Hydraulic Excavator,MINE_GUMGAON_02,ZONE_GMG_01,23.2,0.2,None,93.4,OPTIMAL,2026-01-26T19:00:00Z
DMP_CAT_773E_01,Haul Dumper,MINE_GUMGAON_02,ZONE_GMG_01,22.2,0.7,None,95.8,OPTIMAL,2026-01-26T19:00:00Z
DMP_CAT_773E_02,Haul Dumper,MINE_GUMGAON_02,ZONE_GMG_02,22.5,0.9,None,95.4,OPTIMAL,2026-01-26T18:00:00Z
DRL_SND_DX800_01,Blast Drill Rig,MINE_GUMGAON_02,ZONE_GMG_02,21.8,0.9,None,88.5,OPTIMAL,2026-01-26T19:00:00Z
EXC_CAT_349_02,Hydraulic Excavator,MINE_TIRODI_03,ZONE_TRD_01,14.5,6.7,Excavator boom cylinder leak,58.2,CRITICAL_MAINTENANCE,2026-01-26T18:00:00Z
EXC_KOM_PC300_01,Hydraulic Excavator,MINE_TIRODI_03,ZONE_TRD_02,23.0,0.1,None,90.2,OPTIMAL,2026-01-26T19:00:00Z
DMP_BEML_BH35_01,Haul Dumper,MINE_TIRODI_03,ZONE_TRD_01,19.7,3.3,Fuel refill & shift inspection,83.7,WARNING,2026-01-26T20:00:00Z
DMP_BEML_BH35_02,Haul Dumper,MINE_TIRODI_03,ZONE_TRD_02,21.9,0.6,None,92.5,OPTIMAL,2026-01-26T22:00:00Z
DOZ_CAT_D8R_01,Track-Type Dozer,MINE_TIRODI_03,ZONE_TRD_05,19.9,2.7,Air intake filter clogging,77.1,WARNING,2026-01-26T21:00:00Z
EXC_HIT_EX1200_01,Hydraulic Mining Shovel,MINE_DONGRI_04,ZONE_DGB_01,16.2,5.5,Hydraulic pump seal burst,65.6,CRITICAL_MAINTENANCE,2026-01-26T23:00:00Z
DMP_VOLVO_FMX_21,Haul Dumper,MINE_DONGRI_04,ZONE_DGB_01,22.9,0.5,None,92.6,OPTIMAL,2026-01-26T21:00:00Z
DMP_VOLVO_FMX_22,Haul Dumper,MINE_DONGRI_04,ZONE_DGB_02,22.5,0.1,None,89.1,OPTIMAL,2026-01-26T20:00:00Z
CRU_METSO_C120_01,Primary Jaw Crusher,MINE_DONGRI_04,ZONE_DGB_01,22.7,0.8,None,89.9,OPTIMAL,2026-01-26T23:00:00Z
WTR_TRK_TATA_02,Dust Suppression Bowser,MINE_DONGRI_04,ZONE_DGB_02,19.3,3.1,Haul road dust water spraying pause,74.1,WARNING,2026-01-26T22:00:00Z
EXC_KOM_PC450_03,Hydraulic Excavator,MINE_KANDRI_05,ZONE_KND_01,21.9,0.9,None,94.9,OPTIMAL,2026-01-26T22:00:00Z
DMP_VOLVO_FMX_31,Haul Dumper,MINE_KANDRI_05,ZONE_KND_01,21.1,1.7,Haul road dust water spraying pause,78.4,WARNING,2026-01-26T22:00:00Z
DMP_VOLVO_FMX_32,Haul Dumper,MINE_KANDRI_05,ZONE_KND_02,22.0,0.9,None,92.6,OPTIMAL,2026-01-26T21:00:00Z
DRL_ATLAS_ROC_02,Blast Drill Rig,MINE_KANDRI_05,ZONE_KND_01,22.6,0.4,None,95.1,OPTIMAL,2026-01-26T20:00:00Z
EXC_CAT_349_03,Hydraulic Excavator,MINE_MANSAR_06,ZONE_MSR_01,22.0,0.8,None,96.6,OPTIMAL,2026-01-26T18:00:00Z
DMP_BEML_BH35_03,Haul Dumper,MINE_MANSAR_06,ZONE_MSR_01,22.1,0.9,None,93.8,OPTIMAL,2026-01-26T19:00:00Z
DMP_BEML_BH35_04,Haul Dumper,MINE_MANSAR_06,ZONE_MSR_02,22.2,1.0,None,88.5,OPTIMAL,2026-01-26T18:00:00Z
WTR_TRK_TATA_03,Dust Suppression Bowser,MINE_MANSAR_06,ZONE_MSR_01,22.3,0.7,None,88.0,OPTIMAL,2026-01-26T19:00:00Z
EXC_HIT_ZX470_02,Hydraulic Excavator,MINE_CHIKLA_07,ZONE_CHK_01,22.4,0.5,None,96.4,OPTIMAL,2026-01-26T19:00:00Z
DMP_VOLVO_FMX_41,Haul Dumper,MINE_CHIKLA_07,ZONE_CHK_01,23.3,0.1,None,90.8,OPTIMAL,2026-01-26T20:00:00Z
DMP_VOLVO_FMX_42,Haul Dumper,MINE_CHIKLA_07,ZONE_CHK_02,21.7,0.9,None,95.5,OPTIMAL,2026-01-26T18:00:00Z
DRL_SND_DX800_02,Blast Drill Rig,MINE_CHIKLA_07,ZONE_CHK_01,22.5,0.4,None,90.0,OPTIMAL,2026-01-26T18:00:00Z
DOZ_KOM_D155_01,Track-Type Dozer,MINE_CHIKLA_07,ZONE_CHK_05,22.7,0.7,None,94.3,OPTIMAL,2026-01-26T18:00:00Z
EXC_KOM_PC450_04,Hydraulic Excavator,MINE_UKWA_08,ZONE_UKW_01,22.5,0.1,None,89.3,OPTIMAL,2026-01-26T21:00:00Z
DMP_CAT_773E_03,Haul Dumper,MINE_UKWA_08,ZONE_UKW_01,22.5,0.1,None,90.4,OPTIMAL,2026-01-26T23:00:00Z
DMP_CAT_773E_04,Haul Dumper,MINE_UKWA_08,ZONE_UKW_02,22.2,0.8,None,92.2,OPTIMAL,2026-01-26T18:00:00Z
DRL_ATLAS_ROC_03,Blast Drill Rig,MINE_UKWA_08,ZONE_UKW_01,22.5,0.0,None,88.6,OPTIMAL,2026-01-26T23:00:00Z
WTR_TRK_TATA_04,Dust Suppression Bowser,MINE_UKWA_08,ZONE_UKW_02,22.2,0.8,None,91.6,OPTIMAL,2026-01-26T22:00:00Z
EXC_HIT_ZX470_01,Hydraulic Excavator,MINE_GUMGAON_02,ZONE_GMG_01,23.3,0.1,None,88.2,OPTIMAL,2026-01-27T19:00:00Z
DMP_CAT_773E_01,Haul Dumper,MINE_GUMGAON_02,ZONE_GMG_01,19.4,2.9,Track shoe tension adjustment,83.7,WARNING,2026-01-27T21:00:00Z
DMP_CAT_773E_02,Haul Dumper,MINE_GUMGAON_02,ZONE_GMG_02,22.6,0.0,None,93.8,OPTIMAL,2026-01-27T22:00:00Z
DRL_SND_DX800_01,Blast Drill Rig,MINE_GUMGAON_02,ZONE_GMG_02,23.3,0.0,None,97.7,OPTIMAL,2026-01-27T22:00:00Z
EXC_CAT_349_02,Hydraulic Excavator,MINE_TIRODI_03,ZONE_TRD_01,21.0,2.3,Air intake filter clogging,78.8,WARNING,2026-01-27T18:00:00Z
EXC_KOM_PC300_01,Hydraulic Excavator,MINE_TIRODI_03,ZONE_TRD_02,21.3,1.6,Fuel refill & shift inspection,82.6,WARNING,2026-01-27T21:00:00Z
DMP_BEML_BH35_01,Haul Dumper,MINE_TIRODI_03,ZONE_TRD_01,22.2,0.9,None,95.0,OPTIMAL,2026-01-27T19:00:00Z
DMP_BEML_BH35_02,Haul Dumper,MINE_TIRODI_03,ZONE_TRD_02,22.7,0.4,None,91.0,OPTIMAL,2026-01-27T20:00:00Z
DOZ_CAT_D8R_01,Track-Type Dozer,MINE_TIRODI_03,ZONE_TRD_05,23.2,0.3,None,97.7,OPTIMAL,2026-01-27T21:00:00Z
EXC_HIT_EX1200_01,Hydraulic Mining Shovel,MINE_DONGRI_04,ZONE_DGB_01,22.7,0.6,None,90.2,OPTIMAL,2026-01-27T21:00:00Z
DMP_VOLVO_FMX_21,Haul Dumper,MINE_DONGRI_04,ZONE_DGB_01,22.7,0.6,None,89.9,OPTIMAL,2026-01-27T19:00:00Z
DMP_VOLVO_FMX_22,Haul Dumper,MINE_DONGRI_04,ZONE_DGB_02,22.6,0.8,None,97.7,OPTIMAL,2026-01-27T20:00:00Z
CRU_METSO_C120_01,Primary Jaw Crusher,MINE_DONGRI_04,ZONE_DGB_01,22.6,0.1,None,91.4,OPTIMAL,2026-01-27T23:00:00Z
WTR_TRK_TATA_02,Dust Suppression Bowser,MINE_DONGRI_04,ZONE_DGB_02,22.7,0.7,None,93.1,OPTIMAL,2026-01-27T22:00:00Z
EXC_KOM_PC450_03,Hydraulic Excavator,MINE_KANDRI_05,ZONE_KND_01,22.5,0.5,None,97.9,OPTIMAL,2026-01-27T23:00:00Z
DMP_VOLVO_FMX_31,Haul Dumper,MINE_KANDRI_05,ZONE_KND_01,22.5,0.9,None,90.4,OPTIMAL,2026-01-27T20:00:00Z
DMP_VOLVO_FMX_32,Haul Dumper,MINE_KANDRI_05,ZONE_KND_02,22.2,0.7,None,91.8,OPTIMAL,2026-01-27T19:00:00Z
DRL_ATLAS_ROC_02,Blast Drill Rig,MINE_KANDRI_05,ZONE_KND_01,23.2,0.2,None,97.7,OPTIMAL,2026-01-27T20:00:00Z
EXC_CAT_349_03,Hydraulic Excavator,MINE_MANSAR_06,ZONE_MSR_01,22.9,0.2,None,88.6,OPTIMAL,2026-01-27T22:00:00Z
DMP_BEML_BH35_03,Haul Dumper,MINE_MANSAR_06,ZONE_MSR_01,21.7,0.9,None,88.3,OPTIMAL,2026-01-27T23:00:00Z
DMP_BEML_BH35_04,Haul Dumper,MINE_MANSAR_06,ZONE_MSR_02,19.0,3.2,Fuel refill & shift inspection,78.3,WARNING,2026-01-27T18:00:00Z
WTR_TRK_TATA_03,Dust Suppression Bowser,MINE_MANSAR_06,ZONE_MSR_01,22.6,0.4,None,95.3,OPTIMAL,2026-01-27T23:00:00Z
EXC_HIT_ZX470_02,Hydraulic Excavator,MINE_CHIKLA_07,ZONE_CHK_01,22.7,0.3,None,93.9,OPTIMAL,2026-01-27T23:00:00Z
DMP_VOLVO_FMX_41,Haul Dumper,MINE_CHIKLA_07,ZONE_CHK_01,21.8,0.8,None,94.4,OPTIMAL,2026-01-27T19:00:00Z
DMP_VOLVO_FMX_42,Haul Dumper,MINE_CHIKLA_07,ZONE_CHK_02,22.6,0.4,None,96.6,OPTIMAL,2026-01-27T21:00:00Z
DRL_SND_DX800_02,Blast Drill Rig,MINE_CHIKLA_07,ZONE_CHK_01,22.3,0.8,None,96.1,OPTIMAL,2026-01-27T21:00:00Z
DOZ_KOM_D155_01,Track-Type Dozer,MINE_CHIKLA_07,ZONE_CHK_05,23.1,0.1,None,91.7,OPTIMAL,2026-01-27T22:00:00Z
EXC_KOM_PC450_04,Hydraulic Excavator,MINE_UKWA_08,ZONE_UKW_01,20.0,2.2,Haul road dust water spraying pause,79.4,WARNING,2026-01-27T22:00:00Z
DMP_CAT_773E_03,Haul Dumper,MINE_UKWA_08,ZONE_UKW_01,22.1,0.8,None,91.2,OPTIMAL,2026-01-27T20:00:00Z
DMP_CAT_773E_04,Haul Dumper,MINE_UKWA_08,ZONE_UKW_02,22.5,0.8,None,96.5,OPTIMAL,2026-01-27T19:00:00Z
DRL_ATLAS_ROC_03,Blast Drill Rig,MINE_UKWA_08,ZONE_UKW_01,16.9,5.6,Engine cooling circuit rupture,63.5,CRITICAL_MAINTENANCE,2026-01-27T18:00:00Z
WTR_TRK_TATA_04,Dust Suppression Bowser,MINE_UKWA_08,ZONE_UKW_02,22.3,0.9,None,98.0,OPTIMAL,2026-01-27T20:00:00Z
EXC_HIT_ZX470_01,Hydraulic Excavator,MINE_GUMGAON_02,ZONE_GMG_01,22.4,0.2,None,97.4,OPTIMAL,2026-01-28T18:00:00Z
DMP_CAT_773E_01,Haul Dumper,MINE_GUMGAON_02,ZONE_GMG_01,22.5,0.3,None,88.6,OPTIMAL,2026-01-28T22:00:00Z
DMP_CAT_773E_02,Haul Dumper,MINE_GUMGAON_02,ZONE_GMG_02,22.9,0.5,None,97.1,OPTIMAL,2026-01-28T18:00:00Z
DRL_SND_DX800_01,Blast Drill Rig,MINE_GUMGAON_02,ZONE_GMG_02,14.6,7.4,Dumper planetary hub failure,58.6,CRITICAL_MAINTENANCE,2026-01-28T19:00:00Z
EXC_CAT_349_02,Hydraulic Excavator,MINE_TIRODI_03,ZONE_TRD_01,22.6,0.4,None,88.9,OPTIMAL,2026-01-28T22:00:00Z
EXC_KOM_PC300_01,Hydraulic Excavator,MINE_TIRODI_03,ZONE_TRD_02,22.1,0.4,None,90.8,OPTIMAL,2026-01-28T19:00:00Z
DMP_BEML_BH35_01,Haul Dumper,MINE_TIRODI_03,ZONE_TRD_01,22.4,0.8,None,96.4,OPTIMAL,2026-01-28T23:00:00Z
DMP_BEML_BH35_02,Haul Dumper,MINE_TIRODI_03,ZONE_TRD_02,23.2,0.1,None,97.6,OPTIMAL,2026-01-28T23:00:00Z
DOZ_CAT_D8R_01,Track-Type Dozer,MINE_TIRODI_03,ZONE_TRD_05,22.4,0.7,None,91.4,OPTIMAL,2026-01-28T23:00:00Z
EXC_HIT_EX1200_01,Hydraulic Mining Shovel,MINE_DONGRI_04,ZONE_DGB_01,22.6,0.4,None,93.8,OPTIMAL,2026-01-28T21:00:00Z
DMP_VOLVO_FMX_21,Haul Dumper,MINE_DONGRI_04,ZONE_DGB_01,23.3,0.2,None,90.8,OPTIMAL,2026-01-28T18:00:00Z
DMP_VOLVO_FMX_22,Haul Dumper,MINE_DONGRI_04,ZONE_DGB_02,19.4,3.0,Fuel refill & shift inspection,81.8,WARNING,2026-01-28T22:00:00Z
CRU_METSO_C120_01,Primary Jaw Crusher,MINE_DONGRI_04,ZONE_DGB_01,22.5,0.4,None,94.6,OPTIMAL,2026-01-28T18:00:00Z
WTR_TRK_TATA_02,Dust Suppression Bowser,MINE_DONGRI_04,ZONE_DGB_02,15.2,6.4,Hydraulic pump seal burst,62.6,CRITICAL_MAINTENANCE,2026-01-28T20:00:00Z
EXC_KOM_PC450_03,Hydraulic Excavator,MINE_KANDRI_05,ZONE_KND_01,22.5,0.8,None,92.3,OPTIMAL,2026-01-28T22:00:00Z
DMP_VOLVO_FMX_31,Haul Dumper,MINE_KANDRI_05,ZONE_KND_01,22.7,0.7,None,97.2,OPTIMAL,2026-01-28T21:00:00Z
DMP_VOLVO_FMX_32,Haul Dumper,MINE_KANDRI_05,ZONE_KND_02,22.4,0.1,None,97.1,OPTIMAL,2026-01-28T19:00:00Z
DRL_ATLAS_ROC_02,Blast Drill Rig,MINE_KANDRI_05,ZONE_KND_01,22.5,0.3,None,93.2,OPTIMAL,2026-01-28T21:00:00Z
EXC_CAT_349_03,Hydraulic Excavator,MINE_MANSAR_06,ZONE_MSR_01,22.7,0.6,None,95.3,OPTIMAL,2026-01-28T21:00:00Z
DMP_BEML_BH35_03,Haul Dumper,MINE_MANSAR_06,ZONE_MSR_01,21.8,0.7,None,91.5,OPTIMAL,2026-01-28T23:00:00Z
DMP_BEML_BH35_04,Haul Dumper,MINE_MANSAR_06,ZONE_MSR_02,23.2,0.1,None,94.9,OPTIMAL,2026-01-28T21:00:00Z
WTR_TRK_TATA_03,Dust Suppression Bowser,MINE_MANSAR_06,ZONE_MSR_01,22.0,0.9,None,89.7,OPTIMAL,2026-01-28T20:00:00Z
EXC_HIT_ZX470_02,Hydraulic Excavator,MINE_CHIKLA_07,ZONE_CHK_01,21.9,0.7,None,96.3,OPTIMAL,2026-01-28T20:00:00Z
DMP_VOLVO_FMX_41,Haul Dumper,MINE_CHIKLA_07,ZONE_CHK_01,22.6,0.4,None,97.7,OPTIMAL,2026-01-28T21:00:00Z
DMP_VOLVO_FMX_42,Haul Dumper,MINE_CHIKLA_07,ZONE_CHK_02,22.4,0.6,None,93.1,OPTIMAL,2026-01-28T21:00:00Z
DRL_SND_DX800_02,Blast Drill Rig,MINE_CHIKLA_07,ZONE_CHK_01,22.9,0.1,None,89.6,OPTIMAL,2026-01-28T19:00:00Z
DOZ_KOM_D155_01,Track-Type Dozer,MINE_CHIKLA_07,ZONE_CHK_05,20.8,2.5,Air intake filter clogging,73.2,WARNING,2026-01-28T22:00:00Z
EXC_KOM_PC450_04,Hydraulic Excavator,MINE_UKWA_08,ZONE_UKW_01,23.2,0.2,None,96.6,OPTIMAL,2026-01-28T23:00:00Z
DMP_CAT_773E_03,Haul Dumper,MINE_UKWA_08,ZONE_UKW_01,21.8,0.9,None,93.3,OPTIMAL,2026-01-28T20:00:00Z
DMP_CAT_773E_04,Haul Dumper,MINE_UKWA_08,ZONE_UKW_02,22.4,0.3,None,89.3,OPTIMAL,2026-01-28T19:00:00Z
DRL_ATLAS_ROC_03,Blast Drill Rig,MINE_UKWA_08,ZONE_UKW_01,21.5,1.0,None,89.4,OPTIMAL,2026-01-28T19:00:00Z
WTR_TRK_TATA_04,Dust Suppression Bowser,MINE_UKWA_08,ZONE_UKW_02,22.1,0.6,None,90.9,OPTIMAL,2026-01-28T19:00:00Z
EXC_HIT_ZX470_01,Hydraulic Excavator,MINE_GUMGAON_02,ZONE_GMG_01,22.0,0.9,None,95.2,OPTIMAL,2026-01-29T23:00:00Z
DMP_CAT_773E_01,Haul Dumper,MINE_GUMGAON_02,ZONE_GMG_01,22.6,0.2,None,91.5,OPTIMAL,2026-01-29T18:00:00Z
DMP_CAT_773E_02,Haul Dumper,MINE_GUMGAON_02,ZONE_GMG_02,21.9,0.6,None,90.1,OPTIMAL,2026-01-29T23:00:00Z
DRL_SND_DX800_01,Blast Drill Rig,MINE_GUMGAON_02,ZONE_GMG_02,13.9,7.8,Excavator boom cylinder leak,62.4,CRITICAL_MAINTENANCE,2026-01-29T18:00:00Z
EXC_CAT_349_02,Hydraulic Excavator,MINE_TIRODI_03,ZONE_TRD_01,21.3,1.6,Haul road dust water spraying pause,81.5,WARNING,2026-01-29T18:00:00Z
EXC_KOM_PC300_01,Hydraulic Excavator,MINE_TIRODI_03,ZONE_TRD_02,20.4,2.8,Haul road dust water spraying pause,78.7,WARNING,2026-01-29T18:00:00Z
DMP_BEML_BH35_01,Haul Dumper,MINE_TIRODI_03,ZONE_TRD_01,22.8,0.0,None,90.2,OPTIMAL,2026-01-29T21:00:00Z
DMP_BEML_BH35_02,Haul Dumper,MINE_TIRODI_03,ZONE_TRD_02,22.7,0.5,None,92.0,OPTIMAL,2026-01-29T22:00:00Z
DOZ_CAT_D8R_01,Track-Type Dozer,MINE_TIRODI_03,ZONE_TRD_05,23.0,0.4,None,95.3,OPTIMAL,2026-01-29T21:00:00Z
EXC_HIT_EX1200_01,Hydraulic Mining Shovel,MINE_DONGRI_04,ZONE_DGB_01,14.6,6.8,Hydraulic pump seal burst,66.7,CRITICAL_MAINTENANCE,2026-01-29T20:00:00Z
DMP_VOLVO_FMX_21,Haul Dumper,MINE_DONGRI_04,ZONE_DGB_01,23.1,0.3,None,95.7,OPTIMAL,2026-01-29T23:00:00Z
DMP_VOLVO_FMX_22,Haul Dumper,MINE_DONGRI_04,ZONE_DGB_02,22.6,0.0,None,88.9,OPTIMAL,2026-01-29T23:00:00Z
CRU_METSO_C120_01,Primary Jaw Crusher,MINE_DONGRI_04,ZONE_DGB_01,22.4,0.6,None,93.0,OPTIMAL,2026-01-29T19:00:00Z
WTR_TRK_TATA_02,Dust Suppression Bowser,MINE_DONGRI_04,ZONE_DGB_02,22.7,0.8,None,89.7,OPTIMAL,2026-01-29T19:00:00Z
EXC_KOM_PC450_03,Hydraulic Excavator,MINE_KANDRI_05,ZONE_KND_01,19.6,3.2,Track shoe tension adjustment,73.6,WARNING,2026-01-29T19:00:00Z
DMP_VOLVO_FMX_31,Haul Dumper,MINE_KANDRI_05,ZONE_KND_01,22.1,0.6,None,92.3,OPTIMAL,2026-01-29T22:00:00Z
DMP_VOLVO_FMX_32,Haul Dumper,MINE_KANDRI_05,ZONE_KND_02,22.5,0.6,None,93.7,OPTIMAL,2026-01-29T22:00:00Z
DRL_ATLAS_ROC_02,Blast Drill Rig,MINE_KANDRI_05,ZONE_KND_01,19.8,2.4,Air intake filter clogging,74.8,WARNING,2026-01-29T19:00:00Z
EXC_CAT_349_03,Hydraulic Excavator,MINE_MANSAR_06,ZONE_MSR_01,22.2,0.8,None,91.4,OPTIMAL,2026-01-29T22:00:00Z
DMP_BEML_BH35_03,Haul Dumper,MINE_MANSAR_06,ZONE_MSR_01,22.5,0.5,None,91.5,OPTIMAL,2026-01-29T23:00:00Z
DMP_BEML_BH35_04,Haul Dumper,MINE_MANSAR_06,ZONE_MSR_02,21.9,0.7,None,95.0,OPTIMAL,2026-01-29T20:00:00Z
WTR_TRK_TATA_03,Dust Suppression Bowser,MINE_MANSAR_06,ZONE_MSR_01,22.5,0.6,None,91.1,OPTIMAL,2026-01-29T18:00:00Z
EXC_HIT_ZX470_02,Hydraulic Excavator,MINE_CHIKLA_07,ZONE_CHK_01,22.1,0.8,None,89.8,OPTIMAL,2026-01-29T18:00:00Z
DMP_VOLVO_FMX_41,Haul Dumper,MINE_CHIKLA_07,ZONE_CHK_01,22.5,0.6,None,88.2,OPTIMAL,2026-01-29T20:00:00Z
DMP_VOLVO_FMX_42,Haul Dumper,MINE_CHIKLA_07,ZONE_CHK_02,21.9,1.0,None,92.6,OPTIMAL,2026-01-29T20:00:00Z
DRL_SND_DX800_02,Blast Drill Rig,MINE_CHIKLA_07,ZONE_CHK_01,23.1,0.0,None,93.6,OPTIMAL,2026-01-29T21:00:00Z
DOZ_KOM_D155_01,Track-Type Dozer,MINE_CHIKLA_07,ZONE_CHK_05,22.2,0.8,None,91.0,OPTIMAL,2026-01-29T21:00:00Z
EXC_KOM_PC450_04,Hydraulic Excavator,MINE_UKWA_08,ZONE_UKW_01,22.5,0.9,None,96.2,OPTIMAL,2026-01-29T21:00:00Z
DMP_CAT_773E_03,Haul Dumper,MINE_UKWA_08,ZONE_UKW_01,22.2,1.0,None,91.3,OPTIMAL,2026-01-29T18:00:00Z
DMP_CAT_773E_04,Haul Dumper,MINE_UKWA_08,ZONE_UKW_02,22.3,0.7,None,88.4,OPTIMAL,2026-01-29T23:00:00Z
DRL_ATLAS_ROC_03,Blast Drill Rig,MINE_UKWA_08,ZONE_UKW_01,22.9,0.4,None,92.6,OPTIMAL,2026-01-29T18:00:00Z
WTR_TRK_TATA_04,Dust Suppression Bowser,MINE_UKWA_08,ZONE_UKW_02,22.7,0.7,None,95.0,OPTIMAL,2026-01-29T19:00:00Z
EXC_HIT_ZX470_01,Hydraulic Excavator,MINE_GUMGAON_02,ZONE_GMG_01,20.6,2.2,Haul road dust water spraying pause,72.1,WARNING,2026-01-30T20:00:00Z
DMP_CAT_773E_01,Haul Dumper,MINE_GUMGAON_02,ZONE_GMG_01,22.3,0.5,None,92.3,OPTIMAL,2026-01-30T19:00:00Z
DMP_CAT_773E_02,Haul Dumper,MINE_GUMGAON_02,ZONE_GMG_02,22.0,0.6,None,94.2,OPTIMAL,2026-01-30T22:00:00Z
DRL_SND_DX800_01,Blast Drill Rig,MINE_GUMGAON_02,ZONE_GMG_02,22.6,0.6,None,90.8,OPTIMAL,2026-01-30T23:00:00Z
EXC_CAT_349_02,Hydraulic Excavator,MINE_TIRODI_03,ZONE_TRD_01,22.9,0.3,None,97.0,OPTIMAL,2026-01-30T20:00:00Z
EXC_KOM_PC300_01,Hydraulic Excavator,MINE_TIRODI_03,ZONE_TRD_02,23.1,0.3,None,97.0,OPTIMAL,2026-01-30T22:00:00Z
DMP_BEML_BH35_01,Haul Dumper,MINE_TIRODI_03,ZONE_TRD_01,22.7,0.6,None,94.1,OPTIMAL,2026-01-30T23:00:00Z
DMP_BEML_BH35_02,Haul Dumper,MINE_TIRODI_03,ZONE_TRD_02,22.6,0.6,None,93.7,OPTIMAL,2026-01-30T20:00:00Z
DOZ_CAT_D8R_01,Track-Type Dozer,MINE_TIRODI_03,ZONE_TRD_05,22.3,0.5,None,94.6,OPTIMAL,2026-01-30T22:00:00Z
EXC_HIT_EX1200_01,Hydraulic Mining Shovel,MINE_DONGRI_04,ZONE_DGB_01,22.4,0.6,None,89.3,OPTIMAL,2026-01-30T23:00:00Z
DMP_VOLVO_FMX_21,Haul Dumper,MINE_DONGRI_04,ZONE_DGB_01,21.8,1.0,None,93.3,OPTIMAL,2026-01-30T22:00:00Z
DMP_VOLVO_FMX_22,Haul Dumper,MINE_DONGRI_04,ZONE_DGB_02,23.2,0.1,None,97.7,OPTIMAL,2026-01-30T22:00:00Z
CRU_METSO_C120_01,Primary Jaw Crusher,MINE_DONGRI_04,ZONE_DGB_01,20.4,1.8,Fuel refill & shift inspection,81.1,WARNING,2026-01-30T20:00:00Z
WTR_TRK_TATA_02,Dust Suppression Bowser,MINE_DONGRI_04,ZONE_DGB_02,22.9,0.3,None,95.1,OPTIMAL,2026-01-30T21:00:00Z
EXC_KOM_PC450_03,Hydraulic Excavator,MINE_KANDRI_05,ZONE_KND_01,22.0,0.6,None,89.3,OPTIMAL,2026-01-30T19:00:00Z
DMP_VOLVO_FMX_31,Haul Dumper,MINE_KANDRI_05,ZONE_KND_01,14.5,6.8,Hydraulic pump seal burst,55.6,CRITICAL_MAINTENANCE,2026-01-30T19:00:00Z
DMP_VOLVO_FMX_32,Haul Dumper,MINE_KANDRI_05,ZONE_KND_02,23.4,0.1,None,97.0,OPTIMAL,2026-01-30T20:00:00Z
DRL_ATLAS_ROC_02,Blast Drill Rig,MINE_KANDRI_05,ZONE_KND_01,22.4,0.2,None,91.3,OPTIMAL,2026-01-30T21:00:00Z
EXC_CAT_349_03,Hydraulic Excavator,MINE_MANSAR_06,ZONE_MSR_01,22.7,0.6,None,93.8,OPTIMAL,2026-01-30T23:00:00Z
DMP_BEML_BH35_03,Haul Dumper,MINE_MANSAR_06,ZONE_MSR_01,22.6,0.0,None,97.7,OPTIMAL,2026-01-30T18:00:00Z
DMP_BEML_BH35_04,Haul Dumper,MINE_MANSAR_06,ZONE_MSR_02,22.3,0.9,None,91.6,OPTIMAL,2026-01-30T20:00:00Z
WTR_TRK_TATA_03,Dust Suppression Bowser,MINE_MANSAR_06,ZONE_MSR_01,22.9,0.4,None,88.7,OPTIMAL,2026-01-30T22:00:00Z
EXC_HIT_ZX470_02,Hydraulic Excavator,MINE_CHIKLA_07,ZONE_CHK_01,20.3,1.9,Fuel refill & shift inspection,74.3,WARNING,2026-01-30T19:00:00Z
DMP_VOLVO_FMX_41,Haul Dumper,MINE_CHIKLA_07,ZONE_CHK_01,23.3,0.0,None,91.1,OPTIMAL,2026-01-30T20:00:00Z
DMP_VOLVO_FMX_42,Haul Dumper,MINE_CHIKLA_07,ZONE_CHK_02,22.8,0.7,None,90.3,OPTIMAL,2026-01-30T21:00:00Z
DRL_SND_DX800_02,Blast Drill Rig,MINE_CHIKLA_07,ZONE_CHK_01,22.1,0.7,None,94.6,OPTIMAL,2026-01-30T22:00:00Z
DOZ_KOM_D155_01,Track-Type Dozer,MINE_CHIKLA_07,ZONE_CHK_05,18.9,3.1,Air intake filter clogging,79.8,WARNING,2026-01-30T22:00:00Z
EXC_KOM_PC450_04,Hydraulic Excavator,MINE_UKWA_08,ZONE_UKW_01,22.8,0.6,None,96.9,OPTIMAL,2026-01-30T23:00:00Z
DMP_CAT_773E_03,Haul Dumper,MINE_UKWA_08,ZONE_UKW_01,22.1,0.5,None,88.6,OPTIMAL,2026-01-30T20:00:00Z
DMP_CAT_773E_04,Haul Dumper,MINE_UKWA_08,ZONE_UKW_02,21.1,1.9,Haul road dust water spraying pause,73.9,WARNING,2026-01-30T18:00:00Z
DRL_ATLAS_ROC_03,Blast Drill Rig,MINE_UKWA_08,ZONE_UKW_01,22.6,0.6,None,91.9,OPTIMAL,2026-01-30T19:00:00Z
WTR_TRK_TATA_04,Dust Suppression Bowser,MINE_UKWA_08,ZONE_UKW_02,21.7,0.9,None,89.6,OPTIMAL,2026-01-30T19:00:00Z
EXC_HIT_ZX470_01,Hydraulic Excavator,MINE_GUMGAON_02,ZONE_GMG_01,22.7,0.6,None,89.4,OPTIMAL,2026-01-31T19:00:00Z
DMP_CAT_773E_01,Haul Dumper,MINE_GUMGAON_02,ZONE_GMG_01,23.2,0.1,None,88.1,OPTIMAL,2026-01-31T18:00:00Z
DMP_CAT_773E_02,Haul Dumper,MINE_GUMGAON_02,ZONE_GMG_02,22.9,0.5,None,94.9,OPTIMAL,2026-01-31T23:00:00Z
DRL_SND_DX800_01,Blast Drill Rig,MINE_GUMGAON_02,ZONE_GMG_02,22.3,0.4,None,92.4,OPTIMAL,2026-01-31T21:00:00Z
EXC_CAT_349_02,Hydraulic Excavator,MINE_TIRODI_03,ZONE_TRD_01,22.1,0.6,None,91.2,OPTIMAL,2026-01-31T23:00:00Z
EXC_KOM_PC300_01,Hydraulic Excavator,MINE_TIRODI_03,ZONE_TRD_02,23.0,0.4,None,97.4,OPTIMAL,2026-01-31T19:00:00Z
DMP_BEML_BH35_01,Haul Dumper,MINE_TIRODI_03,ZONE_TRD_01,22.6,0.6,None,92.9,OPTIMAL,2026-01-31T19:00:00Z
DMP_BEML_BH35_02,Haul Dumper,MINE_TIRODI_03,ZONE_TRD_02,13.2,8.2,Engine cooling circuit rupture,48.9,CRITICAL_MAINTENANCE,2026-01-31T20:00:00Z
DOZ_CAT_D8R_01,Track-Type Dozer,MINE_TIRODI_03,ZONE_TRD_05,21.9,0.8,None,96.0,OPTIMAL,2026-01-31T18:00:00Z
EXC_HIT_EX1200_01,Hydraulic Mining Shovel,MINE_DONGRI_04,ZONE_DGB_01,21.8,1.0,None,89.3,OPTIMAL,2026-01-31T18:00:00Z
DMP_VOLVO_FMX_21,Haul Dumper,MINE_DONGRI_04,ZONE_DGB_01,19.3,3.1,Haul road dust water spraying pause,83.0,WARNING,2026-01-31T23:00:00Z
DMP_VOLVO_FMX_22,Haul Dumper,MINE_DONGRI_04,ZONE_DGB_02,22.6,0.8,None,97.2,OPTIMAL,2026-01-31T23:00:00Z
CRU_METSO_C120_01,Primary Jaw Crusher,MINE_DONGRI_04,ZONE_DGB_01,22.3,0.8,None,94.2,OPTIMAL,2026-01-31T22:00:00Z
WTR_TRK_TATA_02,Dust Suppression Bowser,MINE_DONGRI_04,ZONE_DGB_02,22.8,0.3,None,94.4,OPTIMAL,2026-01-31T19:00:00Z
EXC_KOM_PC450_03,Hydraulic Excavator,MINE_KANDRI_05,ZONE_KND_01,22.6,0.2,None,94.3,OPTIMAL,2026-01-31T20:00:00Z
DMP_VOLVO_FMX_31,Haul Dumper,MINE_KANDRI_05,ZONE_KND_01,23.0,0.2,None,88.4,OPTIMAL,2026-01-31T22:00:00Z
DMP_VOLVO_FMX_32,Haul Dumper,MINE_KANDRI_05,ZONE_KND_02,22.6,0.4,None,95.1,OPTIMAL,2026-01-31T22:00:00Z
DRL_ATLAS_ROC_02,Blast Drill Rig,MINE_KANDRI_05,ZONE_KND_01,23.1,0.2,None,89.9,OPTIMAL,2026-01-31T22:00:00Z
EXC_CAT_349_03,Hydraulic Excavator,MINE_MANSAR_06,ZONE_MSR_01,21.4,1.9,Track shoe tension adjustment,73.0,WARNING,2026-01-31T18:00:00Z
DMP_BEML_BH35_03,Haul Dumper,MINE_MANSAR_06,ZONE_MSR_01,22.8,0.0,None,97.8,OPTIMAL,2026-01-31T22:00:00Z
DMP_BEML_BH35_04,Haul Dumper,MINE_MANSAR_06,ZONE_MSR_02,22.2,0.6,None,96.9,OPTIMAL,2026-01-31T18:00:00Z
WTR_TRK_TATA_03,Dust Suppression Bowser,MINE_MANSAR_06,ZONE_MSR_01,20.0,3.1,Air intake filter clogging,72.4,WARNING,2026-01-31T22:00:00Z
EXC_HIT_ZX470_02,Hydraulic Excavator,MINE_CHIKLA_07,ZONE_CHK_01,19.2,3.4,Air intake filter clogging,80.3,WARNING,2026-01-31T22:00:00Z
DMP_VOLVO_FMX_41,Haul Dumper,MINE_CHIKLA_07,ZONE_CHK_01,22.2,0.8,None,89.7,OPTIMAL,2026-01-31T19:00:00Z
DMP_VOLVO_FMX_42,Haul Dumper,MINE_CHIKLA_07,ZONE_CHK_02,22.6,0.7,None,93.6,OPTIMAL,2026-01-31T19:00:00Z
DRL_SND_DX800_02,Blast Drill Rig,MINE_CHIKLA_07,ZONE_CHK_01,23.1,0.3,None,91.8,OPTIMAL,2026-01-31T21:00:00Z
DOZ_KOM_D155_01,Track-Type Dozer,MINE_CHIKLA_07,ZONE_CHK_05,22.3,0.3,None,91.8,OPTIMAL,2026-01-31T19:00:00Z
EXC_KOM_PC450_04,Hydraulic Excavator,MINE_UKWA_08,ZONE_UKW_01,23.0,0.0,None,90.0,OPTIMAL,2026-01-31T20:00:00Z
DMP_CAT_773E_03,Haul Dumper,MINE_UKWA_08,ZONE_UKW_01,22.6,0.9,None,93.0,OPTIMAL,2026-01-31T22:00:00Z
DMP_CAT_773E_04,Haul Dumper,MINE_UKWA_08,ZONE_UKW_02,22.6,0.9,None,92.6,OPTIMAL,2026-01-31T19:00:00Z
DRL_ATLAS_ROC_03,Blast Drill Rig,MINE_UKWA_08,ZONE_UKW_01,14.3,7.2,Hydraulic pump seal burst,61.7,CRITICAL_MAINTENANCE,2026-01-31T22:00:00Z
WTR_TRK_TATA_04,Dust Suppression Bowser,MINE_UKWA_08,ZONE_UKW_02,22.3,0.8,None,90.6,OPTIMAL,2026-01-31T23:00:00Z
EXC_HIT_ZX470_01,Hydraulic Excavator,MINE_GUMGAON_02,ZONE_GMG_01,22.7,0.6,None,97.5,OPTIMAL,2026-02-01T22:00:00Z
DMP_CAT_773E_01,Haul Dumper,MINE_GUMGAON_02,ZONE_GMG_01,22.7,0.3,None,93.0,OPTIMAL,2026-02-01T20:00:00Z
DMP_CAT_773E_02,Haul Dumper,MINE_GUMGAON_02,ZONE_GMG_02,22.9,0.4,None,92.2,OPTIMAL,2026-02-01T21:00:00Z
DRL_SND_DX800_01,Blast Drill Rig,MINE_GUMGAON_02,ZONE_GMG_02,20.2,3.1,Air intake filter clogging,79.8,WARNING,2026-02-01T19:00:00Z
EXC_CAT_349_02,Hydraulic Excavator,MINE_TIRODI_03,ZONE_TRD_01,20.1,2.1,Fuel refill & shift inspection,83.1,WARNING,2026-02-01T19:00:00Z
EXC_KOM_PC300_01,Hydraulic Excavator,MINE_TIRODI_03,ZONE_TRD_02,15.9,5.8,Excavator boom cylinder leak,59.6,CRITICAL_MAINTENANCE,2026-02-01T21:00:00Z
DMP_BEML_BH35_01,Haul Dumper,MINE_TIRODI_03,ZONE_TRD_01,22.1,0.8,None,89.7,OPTIMAL,2026-02-01T22:00:00Z
DMP_BEML_BH35_02,Haul Dumper,MINE_TIRODI_03,ZONE_TRD_02,22.5,1.0,None,91.8,OPTIMAL,2026-02-01T20:00:00Z
DOZ_CAT_D8R_01,Track-Type Dozer,MINE_TIRODI_03,ZONE_TRD_05,22.8,0.0,None,91.4,OPTIMAL,2026-02-01T19:00:00Z
EXC_HIT_EX1200_01,Hydraulic Mining Shovel,MINE_DONGRI_04,ZONE_DGB_01,19.6,2.8,Haul road dust water spraying pause,72.5,WARNING,2026-02-01T22:00:00Z
DMP_VOLVO_FMX_21,Haul Dumper,MINE_DONGRI_04,ZONE_DGB_01,22.6,0.7,None,96.2,OPTIMAL,2026-02-01T18:00:00Z
DMP_VOLVO_FMX_22,Haul Dumper,MINE_DONGRI_04,ZONE_DGB_02,22.4,0.9,None,88.8,OPTIMAL,2026-02-01T23:00:00Z
CRU_METSO_C120_01,Primary Jaw Crusher,MINE_DONGRI_04,ZONE_DGB_01,21.9,0.9,None,93.4,OPTIMAL,2026-02-01T21:00:00Z
WTR_TRK_TATA_02,Dust Suppression Bowser,MINE_DONGRI_04,ZONE_DGB_02,22.2,1.0,None,88.1,OPTIMAL,2026-02-01T22:00:00Z
EXC_KOM_PC450_03,Hydraulic Excavator,MINE_KANDRI_05,ZONE_KND_01,22.8,0.6,None,91.1,OPTIMAL,2026-02-01T20:00:00Z
DMP_VOLVO_FMX_31,Haul Dumper,MINE_KANDRI_05,ZONE_KND_01,22.8,0.7,None,91.9,OPTIMAL,2026-02-01T22:00:00Z
DMP_VOLVO_FMX_32,Haul Dumper,MINE_KANDRI_05,ZONE_KND_02,22.4,0.5,None,92.8,OPTIMAL,2026-02-01T20:00:00Z
DRL_ATLAS_ROC_02,Blast Drill Rig,MINE_KANDRI_05,ZONE_KND_01,21.9,1.0,None,90.8,OPTIMAL,2026-02-01T21:00:00Z
EXC_CAT_349_03,Hydraulic Excavator,MINE_MANSAR_06,ZONE_MSR_01,23.0,0.1,None,89.3,OPTIMAL,2026-02-01T20:00:00Z
DMP_BEML_BH35_03,Haul Dumper,MINE_MANSAR_06,ZONE_MSR_01,20.3,1.8,Air intake filter clogging,81.7,WARNING,2026-02-01T18:00:00Z
DMP_BEML_BH35_04,Haul Dumper,MINE_MANSAR_06,ZONE_MSR_02,20.5,2.9,Haul road dust water spraying pause,74.0,WARNING,2026-02-01T22:00:00Z
WTR_TRK_TATA_03,Dust Suppression Bowser,MINE_MANSAR_06,ZONE_MSR_01,22.7,0.3,None,93.1,OPTIMAL,2026-02-01T22:00:00Z
EXC_HIT_ZX470_02,Hydraulic Excavator,MINE_CHIKLA_07,ZONE_CHK_01,22.9,0.1,None,94.1,OPTIMAL,2026-02-01T19:00:00Z
DMP_VOLVO_FMX_41,Haul Dumper,MINE_CHIKLA_07,ZONE_CHK_01,21.9,0.6,None,90.8,OPTIMAL,2026-02-01T23:00:00Z
DMP_VOLVO_FMX_42,Haul Dumper,MINE_CHIKLA_07,ZONE_CHK_02,22.8,0.5,None,95.4,OPTIMAL,2026-02-01T18:00:00Z
DRL_SND_DX800_02,Blast Drill Rig,MINE_CHIKLA_07,ZONE_CHK_01,23.1,0.4,None,94.9,OPTIMAL,2026-02-01T19:00:00Z
DOZ_KOM_D155_01,Track-Type Dozer,MINE_CHIKLA_07,ZONE_CHK_05,21.0,2.2,Haul road dust water spraying pause,73.9,WARNING,2026-02-01T19:00:00Z
EXC_KOM_PC450_04,Hydraulic Excavator,MINE_UKWA_08,ZONE_UKW_01,23.1,0.1,None,88.5,OPTIMAL,2026-02-01T19:00:00Z
DMP_CAT_773E_03,Haul Dumper,MINE_UKWA_08,ZONE_UKW_01,22.1,0.9,None,88.0,OPTIMAL,2026-02-01T20:00:00Z
DMP_CAT_773E_04,Haul Dumper,MINE_UKWA_08,ZONE_UKW_02,22.3,0.4,None,89.7,OPTIMAL,2026-02-01T22:00:00Z
DRL_ATLAS_ROC_03,Blast Drill Rig,MINE_UKWA_08,ZONE_UKW_01,20.3,2.4,Fuel refill & shift inspection,77.2,WARNING,2026-02-01T21:00:00Z
WTR_TRK_TATA_04,Dust Suppression Bowser,MINE_UKWA_08,ZONE_UKW_02,22.7,0.2,None,96.9,OPTIMAL,2026-02-01T22:00:00Z
EXC_HIT_ZX470_01,Hydraulic Excavator,MINE_GUMGAON_02,ZONE_GMG_01,21.7,0.8,None,90.1,OPTIMAL,2026-02-02T21:00:00Z
DMP_CAT_773E_01,Haul Dumper,MINE_GUMGAON_02,ZONE_GMG_01,22.4,0.5,None,96.8,OPTIMAL,2026-02-02T22:00:00Z
DMP_CAT_773E_02,Haul Dumper,MINE_GUMGAON_02,ZONE_GMG_02,22.5,0.8,None,92.5,OPTIMAL,2026-02-02T19:00:00Z
DRL_SND_DX800_01,Blast Drill Rig,MINE_GUMGAON_02,ZONE_GMG_02,22.7,0.8,None,88.7,OPTIMAL,2026-02-02T19:00:00Z
EXC_CAT_349_02,Hydraulic Excavator,MINE_TIRODI_03,ZONE_TRD_01,23.1,0.2,None,94.1,OPTIMAL,2026-02-02T18:00:00Z
EXC_KOM_PC300_01,Hydraulic Excavator,MINE_TIRODI_03,ZONE_TRD_02,22.6,0.7,None,97.0,OPTIMAL,2026-02-02T21:00:00Z
DMP_BEML_BH35_01,Haul Dumper,MINE_TIRODI_03,ZONE_TRD_01,22.9,0.1,None,95.1,OPTIMAL,2026-02-02T23:00:00Z
DMP_BEML_BH35_02,Haul Dumper,MINE_TIRODI_03,ZONE_TRD_02,19.4,3.4,Track shoe tension adjustment,76.6,WARNING,2026-02-02T21:00:00Z
DOZ_CAT_D8R_01,Track-Type Dozer,MINE_TIRODI_03,ZONE_TRD_05,22.5,0.8,None,94.3,OPTIMAL,2026-02-02T22:00:00Z
EXC_HIT_EX1200_01,Hydraulic Mining Shovel,MINE_DONGRI_04,ZONE_DGB_01,22.5,0.8,None,88.8,OPTIMAL,2026-02-02T19:00:00Z
DMP_VOLVO_FMX_21,Haul Dumper,MINE_DONGRI_04,ZONE_DGB_01,22.6,0.4,None,93.0,OPTIMAL,2026-02-02T18:00:00Z
DMP_VOLVO_FMX_22,Haul Dumper,MINE_DONGRI_04,ZONE_DGB_02,22.4,0.6,None,90.5,OPTIMAL,2026-02-02T23:00:00Z
CRU_METSO_C120_01,Primary Jaw Crusher,MINE_DONGRI_04,ZONE_DGB_01,22.6,0.2,None,97.9,OPTIMAL,2026-02-02T23:00:00Z
WTR_TRK_TATA_02,Dust Suppression Bowser,MINE_DONGRI_04,ZONE_DGB_02,22.1,0.4,None,92.0,OPTIMAL,2026-02-02T21:00:00Z
EXC_KOM_PC450_03,Hydraulic Excavator,MINE_KANDRI_05,ZONE_KND_01,22.3,0.4,None,89.4,OPTIMAL,2026-02-02T21:00:00Z
DMP_VOLVO_FMX_31,Haul Dumper,MINE_KANDRI_05,ZONE_KND_01,22.0,0.6,None,89.6,OPTIMAL,2026-02-02T20:00:00Z
DMP_VOLVO_FMX_32,Haul Dumper,MINE_KANDRI_05,ZONE_KND_02,22.5,0.4,None,95.6,OPTIMAL,2026-02-02T23:00:00Z
DRL_ATLAS_ROC_02,Blast Drill Rig,MINE_KANDRI_05,ZONE_KND_01,22.6,0.9,None,90.7,OPTIMAL,2026-02-02T21:00:00Z
EXC_CAT_349_03,Hydraulic Excavator,MINE_MANSAR_06,ZONE_MSR_01,22.1,0.4,None,91.0,OPTIMAL,2026-02-02T21:00:00Z
DMP_BEML_BH35_03,Haul Dumper,MINE_MANSAR_06,ZONE_MSR_01,23.5,0.0,None,95.8,OPTIMAL,2026-02-02T21:00:00Z
DMP_BEML_BH35_04,Haul Dumper,MINE_MANSAR_06,ZONE_MSR_02,22.8,0.3,None,94.2,OPTIMAL,2026-02-02T22:00:00Z
WTR_TRK_TATA_03,Dust Suppression Bowser,MINE_MANSAR_06,ZONE_MSR_01,22.3,1.0,None,94.1,OPTIMAL,2026-02-02T22:00:00Z
EXC_HIT_ZX470_02,Hydraulic Excavator,MINE_CHIKLA_07,ZONE_CHK_01,20.7,2.4,Haul road dust water spraying pause,77.5,WARNING,2026-02-02T19:00:00Z
DMP_VOLVO_FMX_41,Haul Dumper,MINE_CHIKLA_07,ZONE_CHK_01,22.6,0.8,None,91.8,OPTIMAL,2026-02-02T22:00:00Z
DMP_VOLVO_FMX_42,Haul Dumper,MINE_CHIKLA_07,ZONE_CHK_02,22.4,0.3,None,89.7,OPTIMAL,2026-02-02T23:00:00Z
DRL_SND_DX800_02,Blast Drill Rig,MINE_CHIKLA_07,ZONE_CHK_01,22.5,0.0,None,89.2,OPTIMAL,2026-02-02T18:00:00Z
DOZ_KOM_D155_01,Track-Type Dozer,MINE_CHIKLA_07,ZONE_CHK_05,22.6,0.5,None,90.9,OPTIMAL,2026-02-02T22:00:00Z
EXC_KOM_PC450_04,Hydraulic Excavator,MINE_UKWA_08,ZONE_UKW_01,20.5,2.6,Haul road dust water spraying pause,82.0,WARNING,2026-02-02T22:00:00Z
DMP_CAT_773E_03,Haul Dumper,MINE_UKWA_08,ZONE_UKW_01,22.4,0.6,None,93.6,OPTIMAL,2026-02-02T23:00:00Z
DMP_CAT_773E_04,Haul Dumper,MINE_UKWA_08,ZONE_UKW_02,22.4,0.3,None,93.5,OPTIMAL,2026-02-02T22:00:00Z
DRL_ATLAS_ROC_03,Blast Drill Rig,MINE_UKWA_08,ZONE_UKW_01,22.0,0.8,None,89.1,OPTIMAL,2026-02-02T20:00:00Z
WTR_TRK_TATA_04,Dust Suppression Bowser,MINE_UKWA_08,ZONE_UKW_02,22.6,0.0,None,92.5,OPTIMAL,2026-02-02T20:00:00Z
EXC_HIT_ZX470_01,Hydraulic Excavator,MINE_GUMGAON_02,ZONE_GMG_01,20.6,1.9,Fuel refill & shift inspection,80.6,WARNING,2026-02-03T18:00:00Z
DMP_CAT_773E_01,Haul Dumper,MINE_GUMGAON_02,ZONE_GMG_01,22.3,0.6,None,88.2,OPTIMAL,2026-02-03T20:00:00Z
DMP_CAT_773E_02,Haul Dumper,MINE_GUMGAON_02,ZONE_GMG_02,20.7,2.0,Haul road dust water spraying pause,81.9,WARNING,2026-02-03T21:00:00Z
DRL_SND_DX800_01,Blast Drill Rig,MINE_GUMGAON_02,ZONE_GMG_02,19.1,3.0,Track shoe tension adjustment,82.9,WARNING,2026-02-03T22:00:00Z
EXC_CAT_349_02,Hydraulic Excavator,MINE_TIRODI_03,ZONE_TRD_01,22.9,0.6,None,89.1,OPTIMAL,2026-02-03T19:00:00Z
EXC_KOM_PC300_01,Hydraulic Excavator,MINE_TIRODI_03,ZONE_TRD_02,23.2,0.1,None,97.2,OPTIMAL,2026-02-03T20:00:00Z
DMP_BEML_BH35_01,Haul Dumper,MINE_TIRODI_03,ZONE_TRD_01,22.0,0.6,None,91.9,OPTIMAL,2026-02-03T20:00:00Z
DMP_BEML_BH35_02,Haul Dumper,MINE_TIRODI_03,ZONE_TRD_02,22.0,0.6,None,96.2,OPTIMAL,2026-02-03T20:00:00Z
DOZ_CAT_D8R_01,Track-Type Dozer,MINE_TIRODI_03,ZONE_TRD_05,22.3,0.4,None,89.3,OPTIMAL,2026-02-03T20:00:00Z
EXC_HIT_EX1200_01,Hydraulic Mining Shovel,MINE_DONGRI_04,ZONE_DGB_01,22.6,0.4,None,91.2,OPTIMAL,2026-02-03T21:00:00Z
DMP_VOLVO_FMX_21,Haul Dumper,MINE_DONGRI_04,ZONE_DGB_01,22.5,0.9,None,88.1,OPTIMAL,2026-02-03T19:00:00Z
DMP_VOLVO_FMX_22,Haul Dumper,MINE_DONGRI_04,ZONE_DGB_02,22.4,0.7,None,88.3,OPTIMAL,2026-02-03T21:00:00Z
CRU_METSO_C120_01,Primary Jaw Crusher,MINE_DONGRI_04,ZONE_DGB_01,22.9,0.3,None,95.9,OPTIMAL,2026-02-03T20:00:00Z
WTR_TRK_TATA_02,Dust Suppression Bowser,MINE_DONGRI_04,ZONE_DGB_02,23.1,0.3,None,96.2,OPTIMAL,2026-02-03T19:00:00Z
EXC_KOM_PC450_03,Hydraulic Excavator,MINE_KANDRI_05,ZONE_KND_01,22.9,0.5,None,89.4,OPTIMAL,2026-02-03T20:00:00Z
DMP_VOLVO_FMX_31,Haul Dumper,MINE_KANDRI_05,ZONE_KND_01,22.5,0.2,None,97.0,OPTIMAL,2026-02-03T18:00:00Z
DMP_VOLVO_FMX_32,Haul Dumper,MINE_KANDRI_05,ZONE_KND_02,17.6,5.0,Hydraulic pump seal burst,49.8,CRITICAL_MAINTENANCE,2026-02-03T23:00:00Z
DRL_ATLAS_ROC_02,Blast Drill Rig,MINE_KANDRI_05,ZONE_KND_01,22.6,0.8,None,97.7,OPTIMAL,2026-02-03T21:00:00Z
EXC_CAT_349_03,Hydraulic Excavator,MINE_MANSAR_06,ZONE_MSR_01,22.5,0.5,None,90.5,OPTIMAL,2026-02-03T20:00:00Z
DMP_BEML_BH35_03,Haul Dumper,MINE_MANSAR_06,ZONE_MSR_01,22.9,0.3,None,89.8,OPTIMAL,2026-02-03T23:00:00Z
DMP_BEML_BH35_04,Haul Dumper,MINE_MANSAR_06,ZONE_MSR_02,22.5,0.3,None,91.1,OPTIMAL,2026-02-03T21:00:00Z
WTR_TRK_TATA_03,Dust Suppression Bowser,MINE_MANSAR_06,ZONE_MSR_01,22.4,0.5,None,92.5,OPTIMAL,2026-02-03T18:00:00Z
EXC_HIT_ZX470_02,Hydraulic Excavator,MINE_CHIKLA_07,ZONE_CHK_01,20.2,3.2,Track shoe tension adjustment,75.7,WARNING,2026-02-03T20:00:00Z
DMP_VOLVO_FMX_41,Haul Dumper,MINE_CHIKLA_07,ZONE_CHK_01,22.2,0.5,None,94.4,OPTIMAL,2026-02-03T20:00:00Z
DMP_VOLVO_FMX_42,Haul Dumper,MINE_CHIKLA_07,ZONE_CHK_02,21.9,0.9,None,96.5,OPTIMAL,2026-02-03T20:00:00Z
DRL_SND_DX800_02,Blast Drill Rig,MINE_CHIKLA_07,ZONE_CHK_01,22.6,0.5,None,91.0,OPTIMAL,2026-02-03T22:00:00Z
DOZ_KOM_D155_01,Track-Type Dozer,MINE_CHIKLA_07,ZONE_CHK_05,22.1,0.8,None,88.4,OPTIMAL,2026-02-03T19:00:00Z
EXC_KOM_PC450_04,Hydraulic Excavator,MINE_UKWA_08,ZONE_UKW_01,23.2,0.2,None,90.2,OPTIMAL,2026-02-03T18:00:00Z
DMP_CAT_773E_03,Haul Dumper,MINE_UKWA_08,ZONE_UKW_01,20.4,1.9,Air intake filter clogging,78.3,WARNING,2026-02-03T21:00:00Z
DMP_CAT_773E_04,Haul Dumper,MINE_UKWA_08,ZONE_UKW_02,22.1,0.5,None,96.1,OPTIMAL,2026-02-03T22:00:00Z
DRL_ATLAS_ROC_03,Blast Drill Rig,MINE_UKWA_08,ZONE_UKW_01,22.5,0.5,None,88.1,OPTIMAL,2026-02-03T22:00:00Z
WTR_TRK_TATA_04,Dust Suppression Bowser,MINE_UKWA_08,ZONE_UKW_02,23.2,0.1,None,92.5,OPTIMAL,2026-02-03T20:00:00Z
EXC_HIT_ZX470_01,Hydraulic Excavator,MINE_GUMGAON_02,ZONE_GMG_01,23.0,0.2,None,90.3,OPTIMAL,2026-02-04T22:00:00Z
DMP_CAT_773E_01,Haul Dumper,MINE_GUMGAON_02,ZONE_GMG_01,22.2,0.9,None,94.9,OPTIMAL,2026-02-04T19:00:00Z
DMP_CAT_773E_02,Haul Dumper,MINE_GUMGAON_02,ZONE_GMG_02,22.3,0.5,None,92.4,OPTIMAL,2026-02-04T21:00:00Z
DRL_SND_DX800_01,Blast Drill Rig,MINE_GUMGAON_02,ZONE_GMG_02,22.2,0.4,None,97.9,OPTIMAL,2026-02-04T19:00:00Z
EXC_CAT_349_02,Hydraulic Excavator,MINE_TIRODI_03,ZONE_TRD_01,22.3,0.6,None,96.9,OPTIMAL,2026-02-04T23:00:00Z
EXC_KOM_PC300_01,Hydraulic Excavator,MINE_TIRODI_03,ZONE_TRD_02,22.5,0.9,None,93.9,OPTIMAL,2026-02-04T22:00:00Z
DMP_BEML_BH35_01,Haul Dumper,MINE_TIRODI_03,ZONE_TRD_01,22.9,0.1,None,93.5,OPTIMAL,2026-02-04T21:00:00Z
DMP_BEML_BH35_02,Haul Dumper,MINE_TIRODI_03,ZONE_TRD_02,19.0,3.3,Haul road dust water spraying pause,80.2,WARNING,2026-02-04T19:00:00Z
DOZ_CAT_D8R_01,Track-Type Dozer,MINE_TIRODI_03,ZONE_TRD_05,19.8,2.7,Haul road dust water spraying pause,75.5,WARNING,2026-02-04T19:00:00Z
EXC_HIT_EX1200_01,Hydraulic Mining Shovel,MINE_DONGRI_04,ZONE_DGB_01,22.3,0.7,None,93.2,OPTIMAL,2026-02-04T22:00:00Z
DMP_VOLVO_FMX_21,Haul Dumper,MINE_DONGRI_04,ZONE_DGB_01,22.1,0.7,None,93.8,OPTIMAL,2026-02-04T21:00:00Z
DMP_VOLVO_FMX_22,Haul Dumper,MINE_DONGRI_04,ZONE_DGB_02,22.3,0.4,None,92.9,OPTIMAL,2026-02-04T23:00:00Z
CRU_METSO_C120_01,Primary Jaw Crusher,MINE_DONGRI_04,ZONE_DGB_01,22.1,0.5,None,95.4,OPTIMAL,2026-02-04T22:00:00Z
WTR_TRK_TATA_02,Dust Suppression Bowser,MINE_DONGRI_04,ZONE_DGB_02,22.5,0.4,None,95.3,OPTIMAL,2026-02-04T22:00:00Z
EXC_KOM_PC450_03,Hydraulic Excavator,MINE_KANDRI_05,ZONE_KND_01,22.8,0.6,None,89.4,OPTIMAL,2026-02-04T22:00:00Z
DMP_VOLVO_FMX_31,Haul Dumper,MINE_KANDRI_05,ZONE_KND_01,22.1,0.9,None,88.8,OPTIMAL,2026-02-04T18:00:00Z
DMP_VOLVO_FMX_32,Haul Dumper,MINE_KANDRI_05,ZONE_KND_02,22.1,0.5,None,90.6,OPTIMAL,2026-02-04T20:00:00Z
DRL_ATLAS_ROC_02,Blast Drill Rig,MINE_KANDRI_05,ZONE_KND_01,22.5,0.8,None,93.0,OPTIMAL,2026-02-04T19:00:00Z
EXC_CAT_349_03,Hydraulic Excavator,MINE_MANSAR_06,ZONE_MSR_01,22.9,0.5,None,95.3,OPTIMAL,2026-02-04T23:00:00Z
DMP_BEML_BH35_03,Haul Dumper,MINE_MANSAR_06,ZONE_MSR_01,16.2,5.9,Hydraulic pump seal burst,58.7,CRITICAL_MAINTENANCE,2026-02-04T22:00:00Z
DMP_BEML_BH35_04,Haul Dumper,MINE_MANSAR_06,ZONE_MSR_02,22.5,0.5,None,90.8,OPTIMAL,2026-02-04T20:00:00Z
WTR_TRK_TATA_03,Dust Suppression Bowser,MINE_MANSAR_06,ZONE_MSR_01,22.7,0.0,None,94.6,OPTIMAL,2026-02-04T23:00:00Z
EXC_HIT_ZX470_02,Hydraulic Excavator,MINE_CHIKLA_07,ZONE_CHK_01,22.3,0.8,None,93.8,OPTIMAL,2026-02-04T20:00:00Z
DMP_VOLVO_FMX_41,Haul Dumper,MINE_CHIKLA_07,ZONE_CHK_01,22.7,0.4,None,90.1,OPTIMAL,2026-02-04T20:00:00Z
DMP_VOLVO_FMX_42,Haul Dumper,MINE_CHIKLA_07,ZONE_CHK_02,22.7,0.3,None,95.5,OPTIMAL,2026-02-04T23:00:00Z
DRL_SND_DX800_02,Blast Drill Rig,MINE_CHIKLA_07,ZONE_CHK_01,22.0,0.8,None,90.0,OPTIMAL,2026-02-04T23:00:00Z
DOZ_KOM_D155_01,Track-Type Dozer,MINE_CHIKLA_07,ZONE_CHK_05,22.8,0.1,None,95.9,OPTIMAL,2026-02-04T18:00:00Z
EXC_KOM_PC450_04,Hydraulic Excavator,MINE_UKWA_08,ZONE_UKW_01,14.7,6.6,Dumper planetary hub failure,67.7,CRITICAL_MAINTENANCE,2026-02-04T19:00:00Z
DMP_CAT_773E_03,Haul Dumper,MINE_UKWA_08,ZONE_UKW_01,22.7,0.1,None,88.4,OPTIMAL,2026-02-04T18:00:00Z
DMP_CAT_773E_04,Haul Dumper,MINE_UKWA_08,ZONE_UKW_02,22.9,0.5,None,93.0,OPTIMAL,2026-02-04T18:00:00Z
DRL_ATLAS_ROC_03,Blast Drill Rig,MINE_UKWA_08,ZONE_UKW_01,14.4,8.0,Excavator boom cylinder leak,62.3,CRITICAL_MAINTENANCE,2026-02-04T21:00:00Z
WTR_TRK_TATA_04,Dust Suppression Bowser,MINE_UKWA_08,ZONE_UKW_02,22.0,0.7,None,93.0,OPTIMAL,2026-02-04T21:00:00Z
EXC_HIT_ZX470_01,Hydraulic Excavator,MINE_GUMGAON_02,ZONE_GMG_01,22.9,0.4,None,91.5,OPTIMAL,2026-02-05T23:00:00Z
DMP_CAT_773E_01,Haul Dumper,MINE_GUMGAON_02,ZONE_GMG_01,23.1,0.2,None,94.2,OPTIMAL,2026-02-05T23:00:00Z
DMP_CAT_773E_02,Haul Dumper,MINE_GUMGAON_02,ZONE_GMG_02,15.5,5.8,Drill rotary motor trip,63.0,CRITICAL_MAINTENANCE,2026-02-05T18:00:00Z
DRL_SND_DX800_01,Blast Drill Rig,MINE_GUMGAON_02,ZONE_GMG_02,22.8,0.5,None,94.5,OPTIMAL,2026-02-05T21:00:00Z
EXC_CAT_349_02,Hydraulic Excavator,MINE_TIRODI_03,ZONE_TRD_01,22.8,0.5,None,91.5,OPTIMAL,2026-02-05T18:00:00Z
EXC_KOM_PC300_01,Hydraulic Excavator,MINE_TIRODI_03,ZONE_TRD_02,22.4,0.4,None,88.4,OPTIMAL,2026-02-05T19:00:00Z
DMP_BEML_BH35_01,Haul Dumper,MINE_TIRODI_03,ZONE_TRD_01,22.8,0.5,None,88.3,OPTIMAL,2026-02-05T19:00:00Z
DMP_BEML_BH35_02,Haul Dumper,MINE_TIRODI_03,ZONE_TRD_02,22.3,0.8,None,88.0,OPTIMAL,2026-02-05T19:00:00Z
DOZ_CAT_D8R_01,Track-Type Dozer,MINE_TIRODI_03,ZONE_TRD_05,22.8,0.4,None,88.7,OPTIMAL,2026-02-05T23:00:00Z
EXC_HIT_EX1200_01,Hydraulic Mining Shovel,MINE_DONGRI_04,ZONE_DGB_01,19.3,3.3,Haul road dust water spraying pause,80.4,WARNING,2026-02-05T23:00:00Z
DMP_VOLVO_FMX_21,Haul Dumper,MINE_DONGRI_04,ZONE_DGB_01,22.0,0.9,None,91.0,OPTIMAL,2026-02-05T20:00:00Z
DMP_VOLVO_FMX_22,Haul Dumper,MINE_DONGRI_04,ZONE_DGB_02,17.6,5.0,Hydraulic pump seal burst,59.2,CRITICAL_MAINTENANCE,2026-02-05T19:00:00Z
CRU_METSO_C120_01,Primary Jaw Crusher,MINE_DONGRI_04,ZONE_DGB_01,22.7,0.3,None,90.1,OPTIMAL,2026-02-05T19:00:00Z
WTR_TRK_TATA_02,Dust Suppression Bowser,MINE_DONGRI_04,ZONE_DGB_02,22.8,0.1,None,94.8,OPTIMAL,2026-02-05T21:00:00Z
EXC_KOM_PC450_03,Hydraulic Excavator,MINE_KANDRI_05,ZONE_KND_01,23.0,0.2,None,90.1,OPTIMAL,2026-02-05T18:00:00Z
DMP_VOLVO_FMX_31,Haul Dumper,MINE_KANDRI_05,ZONE_KND_01,23.0,0.0,None,90.6,OPTIMAL,2026-02-05T23:00:00Z
DMP_VOLVO_FMX_32,Haul Dumper,MINE_KANDRI_05,ZONE_KND_02,22.8,0.7,None,89.7,OPTIMAL,2026-02-05T22:00:00Z
DRL_ATLAS_ROC_02,Blast Drill Rig,MINE_KANDRI_05,ZONE_KND_01,22.1,0.9,None,95.7,OPTIMAL,2026-02-05T20:00:00Z
EXC_CAT_349_03,Hydraulic Excavator,MINE_MANSAR_06,ZONE_MSR_01,22.4,0.9,None,96.3,OPTIMAL,2026-02-05T20:00:00Z
DMP_BEML_BH35_03,Haul Dumper,MINE_MANSAR_06,ZONE_MSR_01,22.9,0.1,None,92.5,OPTIMAL,2026-02-05T19:00:00Z
DMP_BEML_BH35_04,Haul Dumper,MINE_MANSAR_06,ZONE_MSR_02,13.4,7.7,Hydraulic pump seal burst,67.7,CRITICAL_MAINTENANCE,2026-02-05T21:00:00Z
WTR_TRK_TATA_03,Dust Suppression Bowser,MINE_MANSAR_06,ZONE_MSR_01,21.9,0.8,None,88.4,OPTIMAL,2026-02-05T20:00:00Z
EXC_HIT_ZX470_02,Hydraulic Excavator,MINE_CHIKLA_07,ZONE_CHK_01,21.8,0.8,None,93.1,OPTIMAL,2026-02-05T19:00:00Z
DMP_VOLVO_FMX_41,Haul Dumper,MINE_CHIKLA_07,ZONE_CHK_01,21.8,0.7,None,90.2,OPTIMAL,2026-02-05T19:00:00Z
DMP_VOLVO_FMX_42,Haul Dumper,MINE_CHIKLA_07,ZONE_CHK_02,23.0,0.5,None,90.5,OPTIMAL,2026-02-05T19:00:00Z
DRL_SND_DX800_02,Blast Drill Rig,MINE_CHIKLA_07,ZONE_CHK_01,22.8,0.6,None,97.5,OPTIMAL,2026-02-05T19:00:00Z
DOZ_KOM_D155_01,Track-Type Dozer,MINE_CHIKLA_07,ZONE_CHK_05,23.1,0.4,None,93.4,OPTIMAL,2026-02-05T21:00:00Z
EXC_KOM_PC450_04,Hydraulic Excavator,MINE_UKWA_08,ZONE_UKW_01,23.3,0.2,None,90.6,OPTIMAL,2026-02-05T23:00:00Z
DMP_CAT_773E_03,Haul Dumper,MINE_UKWA_08,ZONE_UKW_01,23.2,0.2,None,88.3,OPTIMAL,2026-02-05T23:00:00Z
DMP_CAT_773E_04,Haul Dumper,MINE_UKWA_08,ZONE_UKW_02,22.7,0.0,None,88.7,OPTIMAL,2026-02-05T18:00:00Z
DRL_ATLAS_ROC_03,Blast Drill Rig,MINE_UKWA_08,ZONE_UKW_01,22.2,0.6,None,89.0,OPTIMAL,2026-02-05T19:00:00Z
WTR_TRK_TATA_04,Dust Suppression Bowser,MINE_UKWA_08,ZONE_UKW_02,21.9,0.8,None,94.4,OPTIMAL,2026-02-05T18:00:00Z
EXC_HIT_ZX470_01,Hydraulic Excavator,MINE_GUMGAON_02,ZONE_GMG_01,22.2,0.3,None,97.2,OPTIMAL,2026-02-06T19:00:00Z
DMP_CAT_773E_01,Haul Dumper,MINE_GUMGAON_02,ZONE_GMG_01,22.4,0.5,None,95.4,OPTIMAL,2026-02-06T21:00:00Z
DMP_CAT_773E_02,Haul Dumper,MINE_GUMGAON_02,ZONE_GMG_02,22.3,0.3,None,92.1,OPTIMAL,2026-02-06T19:00:00Z
DRL_SND_DX800_01,Blast Drill Rig,MINE_GUMGAON_02,ZONE_GMG_02,20.6,2.5,Haul road dust water spraying pause,73.7,WARNING,2026-02-06T18:00:00Z
EXC_CAT_349_02,Hydraulic Excavator,MINE_TIRODI_03,ZONE_TRD_01,22.7,0.6,None,92.2,OPTIMAL,2026-02-06T18:00:00Z
EXC_KOM_PC300_01,Hydraulic Excavator,MINE_TIRODI_03,ZONE_TRD_02,23.2,0.0,None,93.3,OPTIMAL,2026-02-06T18:00:00Z
DMP_BEML_BH35_01,Haul Dumper,MINE_TIRODI_03,ZONE_TRD_01,22.9,0.5,None,92.0,OPTIMAL,2026-02-06T23:00:00Z
DMP_BEML_BH35_02,Haul Dumper,MINE_TIRODI_03,ZONE_TRD_02,18.9,3.4,Haul road dust water spraying pause,72.4,WARNING,2026-02-06T19:00:00Z
DOZ_CAT_D8R_01,Track-Type Dozer,MINE_TIRODI_03,ZONE_TRD_05,22.7,0.7,None,91.6,OPTIMAL,2026-02-06T21:00:00Z
EXC_HIT_EX1200_01,Hydraulic Mining Shovel,MINE_DONGRI_04,ZONE_DGB_01,23.0,0.0,None,94.0,OPTIMAL,2026-02-06T18:00:00Z
DMP_VOLVO_FMX_21,Haul Dumper,MINE_DONGRI_04,ZONE_DGB_01,22.4,0.1,None,93.6,OPTIMAL,2026-02-06T18:00:00Z
DMP_VOLVO_FMX_22,Haul Dumper,MINE_DONGRI_04,ZONE_DGB_02,15.8,7.0,Hydraulic pump seal burst,63.1,CRITICAL_MAINTENANCE,2026-02-06T23:00:00Z
CRU_METSO_C120_01,Primary Jaw Crusher,MINE_DONGRI_04,ZONE_DGB_01,22.9,0.1,None,91.8,OPTIMAL,2026-02-06T18:00:00Z
WTR_TRK_TATA_02,Dust Suppression Bowser,MINE_DONGRI_04,ZONE_DGB_02,23.0,0.1,None,89.4,OPTIMAL,2026-02-06T18:00:00Z
EXC_KOM_PC450_03,Hydraulic Excavator,MINE_KANDRI_05,ZONE_KND_01,15.4,5.8,Drill rotary motor trip,63.5,CRITICAL_MAINTENANCE,2026-02-06T18:00:00Z
DMP_VOLVO_FMX_31,Haul Dumper,MINE_KANDRI_05,ZONE_KND_01,20.5,1.8,Fuel refill & shift inspection,83.6,WARNING,2026-02-06T18:00:00Z
DMP_VOLVO_FMX_32,Haul Dumper,MINE_KANDRI_05,ZONE_KND_02,22.1,0.4,None,89.4,OPTIMAL,2026-02-06T19:00:00Z
DRL_ATLAS_ROC_02,Blast Drill Rig,MINE_KANDRI_05,ZONE_KND_01,21.8,0.8,None,89.8,OPTIMAL,2026-02-06T19:00:00Z
EXC_CAT_349_03,Hydraulic Excavator,MINE_MANSAR_06,ZONE_MSR_01,23.2,0.1,None,97.1,OPTIMAL,2026-02-06T20:00:00Z
DMP_BEML_BH35_03,Haul Dumper,MINE_MANSAR_06,ZONE_MSR_01,21.9,0.7,None,95.3,OPTIMAL,2026-02-06T22:00:00Z
DMP_BEML_BH35_04,Haul Dumper,MINE_MANSAR_06,ZONE_MSR_02,22.3,0.4,None,96.8,OPTIMAL,2026-02-06T21:00:00Z
WTR_TRK_TATA_03,Dust Suppression Bowser,MINE_MANSAR_06,ZONE_MSR_01,22.7,0.2,None,91.5,OPTIMAL,2026-02-06T18:00:00Z
EXC_HIT_ZX470_02,Hydraulic Excavator,MINE_CHIKLA_07,ZONE_CHK_01,22.4,0.4,None,94.0,OPTIMAL,2026-02-06T20:00:00Z
DMP_VOLVO_FMX_41,Haul Dumper,MINE_CHIKLA_07,ZONE_CHK_01,19.9,3.4,Haul road dust water spraying pause,83.4,WARNING,2026-02-06T22:00:00Z
DMP_VOLVO_FMX_42,Haul Dumper,MINE_CHIKLA_07,ZONE_CHK_02,21.7,1.6,Track shoe tension adjustment,78.9,WARNING,2026-02-06T20:00:00Z
DRL_SND_DX800_02,Blast Drill Rig,MINE_CHIKLA_07,ZONE_CHK_01,22.5,0.9,None,96.1,OPTIMAL,2026-02-06T22:00:00Z
DOZ_KOM_D155_01,Track-Type Dozer,MINE_CHIKLA_07,ZONE_CHK_05,22.1,0.7,None,96.0,OPTIMAL,2026-02-06T21:00:00Z
EXC_KOM_PC450_04,Hydraulic Excavator,MINE_UKWA_08,ZONE_UKW_01,21.8,0.8,None,93.1,OPTIMAL,2026-02-06T21:00:00Z
DMP_CAT_773E_03,Haul Dumper,MINE_UKWA_08,ZONE_UKW_01,21.6,1.0,None,93.0,OPTIMAL,2026-02-06T20:00:00Z
DMP_CAT_773E_04,Haul Dumper,MINE_UKWA_08,ZONE_UKW_02,22.8,0.5,None,96.2,OPTIMAL,2026-02-06T22:00:00Z
DRL_ATLAS_ROC_03,Blast Drill Rig,MINE_UKWA_08,ZONE_UKW_01,23.4,0.1,None,90.9,OPTIMAL,2026-02-06T22:00:00Z
WTR_TRK_TATA_04,Dust Suppression Bowser,MINE_UKWA_08,ZONE_UKW_02,23.1,0.0,None,95.4,OPTIMAL,2026-02-06T22:00:00Z
EXC_HIT_ZX470_01,Hydraulic Excavator,MINE_GUMGAON_02,ZONE_GMG_01,22.4,0.9,None,94.1,OPTIMAL,2026-02-07T23:00:00Z
DMP_CAT_773E_01,Haul Dumper,MINE_GUMGAON_02,ZONE_GMG_01,21.7,0.8,None,90.8,OPTIMAL,2026-02-07T20:00:00Z
DMP_CAT_773E_02,Haul Dumper,MINE_GUMGAON_02,ZONE_GMG_02,22.6,0.9,None,89.6,OPTIMAL,2026-02-07T19:00:00Z
DRL_SND_DX800_01,Blast Drill Rig,MINE_GUMGAON_02,ZONE_GMG_02,22.8,0.3,None,89.5,OPTIMAL,2026-02-07T18:00:00Z
EXC_CAT_349_02,Hydraulic Excavator,MINE_TIRODI_03,ZONE_TRD_01,22.6,0.2,None,94.9,OPTIMAL,2026-02-07T23:00:00Z
EXC_KOM_PC300_01,Hydraulic Excavator,MINE_TIRODI_03,ZONE_TRD_02,20.2,3.3,Air intake filter clogging,74.5,WARNING,2026-02-07T18:00:00Z
DMP_BEML_BH35_01,Haul Dumper,MINE_TIRODI_03,ZONE_TRD_01,20.6,2.5,Fuel refill & shift inspection,75.5,WARNING,2026-02-07T21:00:00Z
DMP_BEML_BH35_02,Haul Dumper,MINE_TIRODI_03,ZONE_TRD_02,21.2,1.5,Track shoe tension adjustment,78.9,WARNING,2026-02-07T18:00:00Z
DOZ_CAT_D8R_01,Track-Type Dozer,MINE_TIRODI_03,ZONE_TRD_05,22.9,0.0,None,96.6,OPTIMAL,2026-02-07T18:00:00Z
EXC_HIT_EX1200_01,Hydraulic Mining Shovel,MINE_DONGRI_04,ZONE_DGB_01,22.1,0.6,None,89.4,OPTIMAL,2026-02-07T21:00:00Z
DMP_VOLVO_FMX_21,Haul Dumper,MINE_DONGRI_04,ZONE_DGB_01,22.0,0.8,None,97.5,OPTIMAL,2026-02-07T22:00:00Z
DMP_VOLVO_FMX_22,Haul Dumper,MINE_DONGRI_04,ZONE_DGB_02,22.5,0.6,None,93.4,OPTIMAL,2026-02-07T23:00:00Z
CRU_METSO_C120_01,Primary Jaw Crusher,MINE_DONGRI_04,ZONE_DGB_01,22.6,0.8,None,96.5,OPTIMAL,2026-02-07T22:00:00Z
WTR_TRK_TATA_02,Dust Suppression Bowser,MINE_DONGRI_04,ZONE_DGB_02,23.1,0.4,None,88.2,OPTIMAL,2026-02-07T22:00:00Z
EXC_KOM_PC450_03,Hydraulic Excavator,MINE_KANDRI_05,ZONE_KND_01,22.3,0.5,None,90.5,OPTIMAL,2026-02-07T18:00:00Z
DMP_VOLVO_FMX_31,Haul Dumper,MINE_KANDRI_05,ZONE_KND_01,22.9,0.2,None,97.3,OPTIMAL,2026-02-07T22:00:00Z
DMP_VOLVO_FMX_32,Haul Dumper,MINE_KANDRI_05,ZONE_KND_02,22.2,0.7,None,91.7,OPTIMAL,2026-02-07T20:00:00Z
DRL_ATLAS_ROC_02,Blast Drill Rig,MINE_KANDRI_05,ZONE_KND_01,22.1,0.6,None,89.5,OPTIMAL,2026-02-07T18:00:00Z
EXC_CAT_349_03,Hydraulic Excavator,MINE_MANSAR_06,ZONE_MSR_01,22.7,0.8,None,91.6,OPTIMAL,2026-02-07T20:00:00Z
DMP_BEML_BH35_03,Haul Dumper,MINE_MANSAR_06,ZONE_MSR_01,22.7,0.4,None,91.8,OPTIMAL,2026-02-07T22:00:00Z
DMP_BEML_BH35_04,Haul Dumper,MINE_MANSAR_06,ZONE_MSR_02,22.2,0.6,None,96.6,OPTIMAL,2026-02-07T21:00:00Z
WTR_TRK_TATA_03,Dust Suppression Bowser,MINE_MANSAR_06,ZONE_MSR_01,22.8,0.1,None,90.7,OPTIMAL,2026-02-07T23:00:00Z
EXC_HIT_ZX470_02,Hydraulic Excavator,MINE_CHIKLA_07,ZONE_CHK_01,22.3,0.7,None,88.9,OPTIMAL,2026-02-07T22:00:00Z
DMP_VOLVO_FMX_41,Haul Dumper,MINE_CHIKLA_07,ZONE_CHK_01,22.9,0.2,None,97.2,OPTIMAL,2026-02-07T20:00:00Z
DMP_VOLVO_FMX_42,Haul Dumper,MINE_CHIKLA_07,ZONE_CHK_02,22.5,0.9,None,93.3,OPTIMAL,2026-02-07T22:00:00Z
DRL_SND_DX800_02,Blast Drill Rig,MINE_CHIKLA_07,ZONE_CHK_01,21.9,0.7,None,92.7,OPTIMAL,2026-02-07T20:00:00Z
DOZ_KOM_D155_01,Track-Type Dozer,MINE_CHIKLA_07,ZONE_CHK_05,22.2,0.3,None,90.2,OPTIMAL,2026-02-07T21:00:00Z
EXC_KOM_PC450_04,Hydraulic Excavator,MINE_UKWA_08,ZONE_UKW_01,17.7,5.1,Excavator boom cylinder leak,63.4,CRITICAL_MAINTENANCE,2026-02-07T22:00:00Z
DMP_CAT_773E_03,Haul Dumper,MINE_UKWA_08,ZONE_UKW_01,21.2,1.7,Air intake filter clogging,72.8,WARNING,2026-02-07T23:00:00Z
DMP_CAT_773E_04,Haul Dumper,MINE_UKWA_08,ZONE_UKW_02,22.8,0.0,None,96.9,OPTIMAL,2026-02-07T18:00:00Z
DRL_ATLAS_ROC_03,Blast Drill Rig,MINE_UKWA_08,ZONE_UKW_01,20.5,2.7,Fuel refill & shift inspection,75.2,WARNING,2026-02-07T18:00:00Z
WTR_TRK_TATA_04,Dust Suppression Bowser,MINE_UKWA_08,ZONE_UKW_02,23.2,0.2,None,88.9,OPTIMAL,2026-02-07T18:00:00Z
EXC_HIT_ZX470_01,Hydraulic Excavator,MINE_GUMGAON_02,ZONE_GMG_01,22.3,0.2,None,89.3,OPTIMAL,2026-02-08T23:00:00Z
DMP_CAT_773E_01,Haul Dumper,MINE_GUMGAON_02,ZONE_GMG_01,23.3,0.1,None,88.3,OPTIMAL,2026-02-08T20:00:00Z
DMP_CAT_773E_02,Haul Dumper,MINE_GUMGAON_02,ZONE_GMG_02,22.8,0.0,None,92.4,OPTIMAL,2026-02-08T20:00:00Z
DRL_SND_DX800_01,Blast Drill Rig,MINE_GUMGAON_02,ZONE_GMG_02,21.7,0.9,None,95.5,OPTIMAL,2026-02-08T20:00:00Z
EXC_CAT_349_02,Hydraulic Excavator,MINE_TIRODI_03,ZONE_TRD_01,19.2,3.3,Fuel refill & shift inspection,82.7,WARNING,2026-02-08T21:00:00Z
EXC_KOM_PC300_01,Hydraulic Excavator,MINE_TIRODI_03,ZONE_TRD_02,22.4,0.3,None,88.3,OPTIMAL,2026-02-08T22:00:00Z
DMP_BEML_BH35_01,Haul Dumper,MINE_TIRODI_03,ZONE_TRD_01,22.4,0.4,None,96.0,OPTIMAL,2026-02-08T19:00:00Z
DMP_BEML_BH35_02,Haul Dumper,MINE_TIRODI_03,ZONE_TRD_02,22.4,0.8,None,91.5,OPTIMAL,2026-02-08T21:00:00Z
DOZ_CAT_D8R_01,Track-Type Dozer,MINE_TIRODI_03,ZONE_TRD_05,22.8,0.5,None,91.2,OPTIMAL,2026-02-08T18:00:00Z
EXC_HIT_EX1200_01,Hydraulic Mining Shovel,MINE_DONGRI_04,ZONE_DGB_01,22.0,0.5,None,91.9,OPTIMAL,2026-02-08T18:00:00Z
DMP_VOLVO_FMX_21,Haul Dumper,MINE_DONGRI_04,ZONE_DGB_01,22.4,0.7,None,91.5,OPTIMAL,2026-02-08T23:00:00Z
DMP_VOLVO_FMX_22,Haul Dumper,MINE_DONGRI_04,ZONE_DGB_02,22.3,0.9,None,88.8,OPTIMAL,2026-02-08T22:00:00Z
CRU_METSO_C120_01,Primary Jaw Crusher,MINE_DONGRI_04,ZONE_DGB_01,22.6,0.4,None,93.1,OPTIMAL,2026-02-08T20:00:00Z
WTR_TRK_TATA_02,Dust Suppression Bowser,MINE_DONGRI_04,ZONE_DGB_02,22.9,0.5,None,89.6,OPTIMAL,2026-02-08T18:00:00Z
EXC_KOM_PC450_03,Hydraulic Excavator,MINE_KANDRI_05,ZONE_KND_01,22.5,0.0,None,89.1,OPTIMAL,2026-02-08T22:00:00Z
DMP_VOLVO_FMX_31,Haul Dumper,MINE_KANDRI_05,ZONE_KND_01,21.5,1.0,None,89.3,OPTIMAL,2026-02-08T20:00:00Z
DMP_VOLVO_FMX_32,Haul Dumper,MINE_KANDRI_05,ZONE_KND_02,22.9,0.3,None,92.2,OPTIMAL,2026-02-08T23:00:00Z
DRL_ATLAS_ROC_02,Blast Drill Rig,MINE_KANDRI_05,ZONE_KND_01,22.4,0.9,None,91.4,OPTIMAL,2026-02-08T23:00:00Z
EXC_CAT_349_03,Hydraulic Excavator,MINE_MANSAR_06,ZONE_MSR_01,22.4,0.7,None,91.6,OPTIMAL,2026-02-08T22:00:00Z
DMP_BEML_BH35_03,Haul Dumper,MINE_MANSAR_06,ZONE_MSR_01,20.2,2.3,Track shoe tension adjustment,81.6,WARNING,2026-02-08T18:00:00Z
DMP_BEML_BH35_04,Haul Dumper,MINE_MANSAR_06,ZONE_MSR_02,22.8,0.5,None,93.5,OPTIMAL,2026-02-08T22:00:00Z
WTR_TRK_TATA_03,Dust Suppression Bowser,MINE_MANSAR_06,ZONE_MSR_01,22.2,0.9,None,91.1,OPTIMAL,2026-02-08T20:00:00Z
EXC_HIT_ZX470_02,Hydraulic Excavator,MINE_CHIKLA_07,ZONE_CHK_01,22.1,0.5,None,96.1,OPTIMAL,2026-02-08T23:00:00Z
DMP_VOLVO_FMX_41,Haul Dumper,MINE_CHIKLA_07,ZONE_CHK_01,22.5,0.6,None,88.2,OPTIMAL,2026-02-08T21:00:00Z
DMP_VOLVO_FMX_42,Haul Dumper,MINE_CHIKLA_07,ZONE_CHK_02,22.7,0.0,None,96.2,OPTIMAL,2026-02-08T18:00:00Z
DRL_SND_DX800_02,Blast Drill Rig,MINE_CHIKLA_07,ZONE_CHK_01,22.3,0.9,None,94.6,OPTIMAL,2026-02-08T20:00:00Z
DOZ_KOM_D155_01,Track-Type Dozer,MINE_CHIKLA_07,ZONE_CHK_05,23.3,0.2,None,95.1,OPTIMAL,2026-02-08T18:00:00Z
EXC_KOM_PC450_04,Hydraulic Excavator,MINE_UKWA_08,ZONE_UKW_01,23.0,0.5,None,97.5,OPTIMAL,2026-02-08T21:00:00Z
DMP_CAT_773E_03,Haul Dumper,MINE_UKWA_08,ZONE_UKW_01,22.4,0.6,None,88.5,OPTIMAL,2026-02-08T18:00:00Z
DMP_CAT_773E_04,Haul Dumper,MINE_UKWA_08,ZONE_UKW_02,20.4,2.9,Track shoe tension adjustment,77.4,WARNING,2026-02-08T18:00:00Z
DRL_ATLAS_ROC_03,Blast Drill Rig,MINE_UKWA_08,ZONE_UKW_01,22.4,0.9,None,97.2,OPTIMAL,2026-02-08T21:00:00Z
WTR_TRK_TATA_04,Dust Suppression Bowser,MINE_UKWA_08,ZONE_UKW_02,22.2,0.8,None,89.0,OPTIMAL,2026-02-08T21:00:00Z
EXC_HIT_ZX470_01,Hydraulic Excavator,MINE_GUMGAON_02,ZONE_GMG_01,22.8,0.0,None,96.8,OPTIMAL,2026-02-09T21:00:00Z
DMP_CAT_773E_01,Haul Dumper,MINE_GUMGAON_02,ZONE_GMG_01,22.1,1.0,None,95.2,OPTIMAL,2026-02-09T18:00:00Z
DMP_CAT_773E_02,Haul Dumper,MINE_GUMGAON_02,ZONE_GMG_02,22.6,0.6,None,97.8,OPTIMAL,2026-02-09T21:00:00Z
DRL_SND_DX800_01,Blast Drill Rig,MINE_GUMGAON_02,ZONE_GMG_02,23.1,0.4,None,89.2,OPTIMAL,2026-02-09T19:00:00Z
EXC_CAT_349_02,Hydraulic Excavator,MINE_TIRODI_03,ZONE_TRD_01,23.0,0.3,None,89.2,OPTIMAL,2026-02-09T21:00:00Z
EXC_KOM_PC300_01,Hydraulic Excavator,MINE_TIRODI_03,ZONE_TRD_02,22.0,0.7,None,93.2,OPTIMAL,2026-02-09T18:00:00Z
DMP_BEML_BH35_01,Haul Dumper,MINE_TIRODI_03,ZONE_TRD_01,22.8,0.6,None,90.3,OPTIMAL,2026-02-09T18:00:00Z
DMP_BEML_BH35_02,Haul Dumper,MINE_TIRODI_03,ZONE_TRD_02,20.9,1.6,Fuel refill & shift inspection,73.3,WARNING,2026-02-09T19:00:00Z
DOZ_CAT_D8R_01,Track-Type Dozer,MINE_TIRODI_03,ZONE_TRD_05,22.1,0.6,None,94.3,OPTIMAL,2026-02-09T21:00:00Z
EXC_HIT_EX1200_01,Hydraulic Mining Shovel,MINE_DONGRI_04,ZONE_DGB_01,23.2,0.1,None,91.4,OPTIMAL,2026-02-09T19:00:00Z
DMP_VOLVO_FMX_21,Haul Dumper,MINE_DONGRI_04,ZONE_DGB_01,16.1,6.7,Excavator boom cylinder leak,66.1,CRITICAL_MAINTENANCE,2026-02-09T20:00:00Z
DMP_VOLVO_FMX_22,Haul Dumper,MINE_DONGRI_04,ZONE_DGB_02,22.4,0.7,None,91.5,OPTIMAL,2026-02-09T22:00:00Z
CRU_METSO_C120_01,Primary Jaw Crusher,MINE_DONGRI_04,ZONE_DGB_01,15.8,5.5,Excavator boom cylinder leak,51.9,CRITICAL_MAINTENANCE,2026-02-09T19:00:00Z
WTR_TRK_TATA_02,Dust Suppression Bowser,MINE_DONGRI_04,ZONE_DGB_02,22.5,0.2,None,91.9,OPTIMAL,2026-02-09T18:00:00Z
EXC_KOM_PC450_03,Hydraulic Excavator,MINE_KANDRI_05,ZONE_KND_01,22.4,0.7,None,91.5,OPTIMAL,2026-02-09T21:00:00Z
DMP_VOLVO_FMX_31,Haul Dumper,MINE_KANDRI_05,ZONE_KND_01,22.7,0.0,None,94.8,OPTIMAL,2026-02-09T20:00:00Z
DMP_VOLVO_FMX_32,Haul Dumper,MINE_KANDRI_05,ZONE_KND_02,22.8,0.1,None,97.8,OPTIMAL,2026-02-09T20:00:00Z
DRL_ATLAS_ROC_02,Blast Drill Rig,MINE_KANDRI_05,ZONE_KND_01,22.5,0.9,None,88.5,OPTIMAL,2026-02-09T18:00:00Z
EXC_CAT_349_03,Hydraulic Excavator,MINE_MANSAR_06,ZONE_MSR_01,22.3,0.8,None,88.0,OPTIMAL,2026-02-09T18:00:00Z
DMP_BEML_BH35_03,Haul Dumper,MINE_MANSAR_06,ZONE_MSR_01,21.5,1.0,None,94.5,OPTIMAL,2026-02-09T20:00:00Z
DMP_BEML_BH35_04,Haul Dumper,MINE_MANSAR_06,ZONE_MSR_02,22.0,0.8,None,94.9,OPTIMAL,2026-02-09T22:00:00Z
WTR_TRK_TATA_03,Dust Suppression Bowser,MINE_MANSAR_06,ZONE_MSR_01,22.9,0.1,None,90.9,OPTIMAL,2026-02-09T18:00:00Z
EXC_HIT_ZX470_02,Hydraulic Excavator,MINE_CHIKLA_07,ZONE_CHK_01,19.1,3.3,Track shoe tension adjustment,79.2,WARNING,2026-02-09T18:00:00Z
DMP_VOLVO_FMX_41,Haul Dumper,MINE_CHIKLA_07,ZONE_CHK_01,23.0,0.1,None,88.7,OPTIMAL,2026-02-09T21:00:00Z
DMP_VOLVO_FMX_42,Haul Dumper,MINE_CHIKLA_07,ZONE_CHK_02,21.8,0.7,None,95.0,OPTIMAL,2026-02-09T21:00:00Z
DRL_SND_DX800_02,Blast Drill Rig,MINE_CHIKLA_07,ZONE_CHK_01,21.9,0.7,None,96.6,OPTIMAL,2026-02-09T19:00:00Z
DOZ_KOM_D155_01,Track-Type Dozer,MINE_CHIKLA_07,ZONE_CHK_05,22.0,1.5,Haul road dust water spraying pause,73.4,WARNING,2026-02-09T21:00:00Z
EXC_KOM_PC450_04,Hydraulic Excavator,MINE_UKWA_08,ZONE_UKW_01,22.8,0.2,None,96.1,OPTIMAL,2026-02-09T21:00:00Z
DMP_CAT_773E_03,Haul Dumper,MINE_UKWA_08,ZONE_UKW_01,22.4,0.5,None,91.2,OPTIMAL,2026-02-09T18:00:00Z
DMP_CAT_773E_04,Haul Dumper,MINE_UKWA_08,ZONE_UKW_02,21.7,0.9,None,91.3,OPTIMAL,2026-02-09T18:00:00Z
DRL_ATLAS_ROC_03,Blast Drill Rig,MINE_UKWA_08,ZONE_UKW_01,22.2,0.8,None,89.0,OPTIMAL,2026-02-09T20:00:00Z
WTR_TRK_TATA_04,Dust Suppression Bowser,MINE_UKWA_08,ZONE_UKW_02,22.6,0.9,None,94.7,OPTIMAL,2026-02-09T22:00:00Z
EXC_HIT_ZX470_01,Hydraulic Excavator,MINE_GUMGAON_02,ZONE_GMG_01,22.9,0.4,None,95.9,OPTIMAL,2026-02-10T21:00:00Z
DMP_CAT_773E_01,Haul Dumper,MINE_GUMGAON_02,ZONE_GMG_01,22.8,0.4,None,95.7,OPTIMAL,2026-02-10T21:00:00Z
DMP_CAT_773E_02,Haul Dumper,MINE_GUMGAON_02,ZONE_GMG_02,23.1,0.4,None,90.0,OPTIMAL,2026-02-10T22:00:00Z
DRL_SND_DX800_01,Blast Drill Rig,MINE_GUMGAON_02,ZONE_GMG_02,21.9,0.8,None,92.8,OPTIMAL,2026-02-10T23:00:00Z
EXC_CAT_349_02,Hydraulic Excavator,MINE_TIRODI_03,ZONE_TRD_01,22.6,0.7,None,92.9,OPTIMAL,2026-02-10T20:00:00Z
EXC_KOM_PC300_01,Hydraulic Excavator,MINE_TIRODI_03,ZONE_TRD_02,21.8,0.8,None,91.0,OPTIMAL,2026-02-10T18:00:00Z
DMP_BEML_BH35_01,Haul Dumper,MINE_TIRODI_03,ZONE_TRD_01,22.7,0.3,None,89.8,OPTIMAL,2026-02-10T18:00:00Z
DMP_BEML_BH35_02,Haul Dumper,MINE_TIRODI_03,ZONE_TRD_02,22.4,0.3,None,94.9,OPTIMAL,2026-02-10T21:00:00Z
DOZ_CAT_D8R_01,Track-Type Dozer,MINE_TIRODI_03,ZONE_TRD_05,22.8,0.2,None,91.0,OPTIMAL,2026-02-10T18:00:00Z
EXC_HIT_EX1200_01,Hydraulic Mining Shovel,MINE_DONGRI_04,ZONE_DGB_01,23.0,0.1,None,96.9,OPTIMAL,2026-02-10T23:00:00Z
DMP_VOLVO_FMX_21,Haul Dumper,MINE_DONGRI_04,ZONE_DGB_01,22.6,0.1,None,90.1,OPTIMAL,2026-02-10T20:00:00Z
DMP_VOLVO_FMX_22,Haul Dumper,MINE_DONGRI_04,ZONE_DGB_02,22.1,0.9,None,94.9,OPTIMAL,2026-02-10T20:00:00Z
CRU_METSO_C120_01,Primary Jaw Crusher,MINE_DONGRI_04,ZONE_DGB_01,22.3,0.5,None,96.4,OPTIMAL,2026-02-10T22:00:00Z
WTR_TRK_TATA_02,Dust Suppression Bowser,MINE_DONGRI_04,ZONE_DGB_02,22.0,0.7,None,93.2,OPTIMAL,2026-02-10T22:00:00Z
EXC_KOM_PC450_03,Hydraulic Excavator,MINE_KANDRI_05,ZONE_KND_01,23.2,0.2,None,91.3,OPTIMAL,2026-02-10T20:00:00Z
DMP_VOLVO_FMX_31,Haul Dumper,MINE_KANDRI_05,ZONE_KND_01,23.2,0.3,None,93.2,OPTIMAL,2026-02-10T22:00:00Z
DMP_VOLVO_FMX_32,Haul Dumper,MINE_KANDRI_05,ZONE_KND_02,22.2,0.6,None,97.6,OPTIMAL,2026-02-10T20:00:00Z
DRL_ATLAS_ROC_02,Blast Drill Rig,MINE_KANDRI_05,ZONE_KND_01,21.7,1.0,None,91.1,OPTIMAL,2026-02-10T23:00:00Z
EXC_CAT_349_03,Hydraulic Excavator,MINE_MANSAR_06,ZONE_MSR_01,22.3,0.5,None,93.0,OPTIMAL,2026-02-10T21:00:00Z
DMP_BEML_BH35_03,Haul Dumper,MINE_MANSAR_06,ZONE_MSR_01,22.8,0.3,None,88.8,OPTIMAL,2026-02-10T23:00:00Z
DMP_BEML_BH35_04,Haul Dumper,MINE_MANSAR_06,ZONE_MSR_02,22.4,0.8,None,96.5,OPTIMAL,2026-02-10T21:00:00Z
WTR_TRK_TATA_03,Dust Suppression Bowser,MINE_MANSAR_06,ZONE_MSR_01,22.2,0.8,None,90.1,OPTIMAL,2026-02-10T18:00:00Z
EXC_HIT_ZX470_02,Hydraulic Excavator,MINE_CHIKLA_07,ZONE_CHK_01,22.4,0.6,None,89.1,OPTIMAL,2026-02-10T18:00:00Z
DMP_VOLVO_FMX_41,Haul Dumper,MINE_CHIKLA_07,ZONE_CHK_01,22.3,0.7,None,94.1,OPTIMAL,2026-02-10T21:00:00Z
DMP_VOLVO_FMX_42,Haul Dumper,MINE_CHIKLA_07,ZONE_CHK_02,22.5,0.8,None,96.8,OPTIMAL,2026-02-10T20:00:00Z
DRL_SND_DX800_02,Blast Drill Rig,MINE_CHIKLA_07,ZONE_CHK_01,22.3,0.6,None,90.3,OPTIMAL,2026-02-10T20:00:00Z
DOZ_KOM_D155_01,Track-Type Dozer,MINE_CHIKLA_07,ZONE_CHK_05,20.3,2.3,Air intake filter clogging,74.5,WARNING,2026-02-10T19:00:00Z
EXC_KOM_PC450_04,Hydraulic Excavator,MINE_UKWA_08,ZONE_UKW_01,14.9,6.2,Engine cooling circuit rupture,59.4,CRITICAL_MAINTENANCE,2026-02-10T18:00:00Z
DMP_CAT_773E_03,Haul Dumper,MINE_UKWA_08,ZONE_UKW_01,22.5,0.3,None,90.7,OPTIMAL,2026-02-10T18:00:00Z
DMP_CAT_773E_04,Haul Dumper,MINE_UKWA_08,ZONE_UKW_02,22.1,0.9,None,96.8,OPTIMAL,2026-02-10T18:00:00Z
DRL_ATLAS_ROC_03,Blast Drill Rig,MINE_UKWA_08,ZONE_UKW_01,22.5,0.1,None,92.5,OPTIMAL,2026-02-10T18:00:00Z
WTR_TRK_TATA_04,Dust Suppression Bowser,MINE_UKWA_08,ZONE_UKW_02,22.3,0.9,None,90.0,OPTIMAL,2026-02-10T19:00:00Z
EXC_HIT_ZX470_01,Hydraulic Excavator,MINE_GUMGAON_02,ZONE_GMG_01,22.9,0.3,None,93.8,OPTIMAL,2026-02-11T18:00:00Z
DMP_CAT_773E_01,Haul Dumper,MINE_GUMGAON_02,ZONE_GMG_01,22.1,0.6,None,92.3,OPTIMAL,2026-02-11T19:00:00Z
DMP_CAT_773E_02,Haul Dumper,MINE_GUMGAON_02,ZONE_GMG_02,20.8,1.9,Haul road dust water spraying pause,80.9,WARNING,2026-02-11T20:00:00Z
DRL_SND_DX800_01,Blast Drill Rig,MINE_GUMGAON_02,ZONE_GMG_02,22.3,0.6,None,97.9,OPTIMAL,2026-02-11T20:00:00Z
EXC_CAT_349_02,Hydraulic Excavator,MINE_TIRODI_03,ZONE_TRD_01,22.6,0.7,None,92.6,OPTIMAL,2026-02-11T19:00:00Z
EXC_KOM_PC300_01,Hydraulic Excavator,MINE_TIRODI_03,ZONE_TRD_02,22.9,0.5,None,96.9,OPTIMAL,2026-02-11T18:00:00Z
DMP_BEML_BH35_01,Haul Dumper,MINE_TIRODI_03,ZONE_TRD_01,22.5,0.7,None,95.7,OPTIMAL,2026-02-11T21:00:00Z
DMP_BEML_BH35_02,Haul Dumper,MINE_TIRODI_03,ZONE_TRD_02,22.3,0.7,None,94.5,OPTIMAL,2026-02-11T19:00:00Z
DOZ_CAT_D8R_01,Track-Type Dozer,MINE_TIRODI_03,ZONE_TRD_05,22.5,0.6,None,90.1,OPTIMAL,2026-02-11T21:00:00Z
EXC_HIT_EX1200_01,Hydraulic Mining Shovel,MINE_DONGRI_04,ZONE_DGB_01,22.9,0.6,None,95.2,OPTIMAL,2026-02-11T22:00:00Z
DMP_VOLVO_FMX_21,Haul Dumper,MINE_DONGRI_04,ZONE_DGB_01,22.3,0.8,None,93.0,OPTIMAL,2026-02-11T20:00:00Z
DMP_VOLVO_FMX_22,Haul Dumper,MINE_DONGRI_04,ZONE_DGB_02,23.5,0.0,None,88.1,OPTIMAL,2026-02-11T23:00:00Z
CRU_METSO_C120_01,Primary Jaw Crusher,MINE_DONGRI_04,ZONE_DGB_01,22.5,0.8,None,88.5,OPTIMAL,2026-02-11T19:00:00Z
WTR_TRK_TATA_02,Dust Suppression Bowser,MINE_DONGRI_04,ZONE_DGB_02,21.8,0.8,None,96.8,OPTIMAL,2026-02-11T19:00:00Z
EXC_KOM_PC450_03,Hydraulic Excavator,MINE_KANDRI_05,ZONE_KND_01,22.1,0.5,None,93.8,OPTIMAL,2026-02-11T19:00:00Z
DMP_VOLVO_FMX_31,Haul Dumper,MINE_KANDRI_05,ZONE_KND_01,23.1,0.2,None,88.1,OPTIMAL,2026-02-11T19:00:00Z
DMP_VOLVO_FMX_32,Haul Dumper,MINE_KANDRI_05,ZONE_KND_02,21.1,1.8,Haul road dust water spraying pause,79.8,WARNING,2026-02-11T20:00:00Z
DRL_ATLAS_ROC_02,Blast Drill Rig,MINE_KANDRI_05,ZONE_KND_01,19.7,2.7,Haul road dust water spraying pause,83.9,WARNING,2026-02-11T20:00:00Z
EXC_CAT_349_03,Hydraulic Excavator,MINE_MANSAR_06,ZONE_MSR_01,22.6,0.0,None,93.8,OPTIMAL,2026-02-11T22:00:00Z
DMP_BEML_BH35_03,Haul Dumper,MINE_MANSAR_06,ZONE_MSR_01,22.1,0.8,None,95.6,OPTIMAL,2026-02-11T19:00:00Z
DMP_BEML_BH35_04,Haul Dumper,MINE_MANSAR_06,ZONE_MSR_02,22.3,0.8,None,89.6,OPTIMAL,2026-02-11T21:00:00Z
WTR_TRK_TATA_03,Dust Suppression Bowser,MINE_MANSAR_06,ZONE_MSR_01,22.9,0.0,None,95.4,OPTIMAL,2026-02-11T23:00:00Z
EXC_HIT_ZX470_02,Hydraulic Excavator,MINE_CHIKLA_07,ZONE_CHK_01,22.2,1.0,None,90.7,OPTIMAL,2026-02-11T19:00:00Z
DMP_VOLVO_FMX_41,Haul Dumper,MINE_CHIKLA_07,ZONE_CHK_01,19.3,3.1,Air intake filter clogging,76.7,WARNING,2026-02-11T18:00:00Z
DMP_VOLVO_FMX_42,Haul Dumper,MINE_CHIKLA_07,ZONE_CHK_02,22.8,0.5,None,92.8,OPTIMAL,2026-02-11T20:00:00Z
DRL_SND_DX800_02,Blast Drill Rig,MINE_CHIKLA_07,ZONE_CHK_01,23.4,0.1,None,89.8,OPTIMAL,2026-02-11T20:00:00Z
DOZ_KOM_D155_01,Track-Type Dozer,MINE_CHIKLA_07,ZONE_CHK_05,22.3,0.9,None,97.9,OPTIMAL,2026-02-11T18:00:00Z
EXC_KOM_PC450_04,Hydraulic Excavator,MINE_UKWA_08,ZONE_UKW_01,22.4,0.4,None,89.0,OPTIMAL,2026-02-11T20:00:00Z
DMP_CAT_773E_03,Haul Dumper,MINE_UKWA_08,ZONE_UKW_01,21.7,0.9,None,90.7,OPTIMAL,2026-02-11T20:00:00Z
DMP_CAT_773E_04,Haul Dumper,MINE_UKWA_08,ZONE_UKW_02,22.5,0.6,None,91.8,OPTIMAL,2026-02-11T19:00:00Z
DRL_ATLAS_ROC_03,Blast Drill Rig,MINE_UKWA_08,ZONE_UKW_01,22.7,0.4,None,95.7,OPTIMAL,2026-02-11T18:00:00Z
WTR_TRK_TATA_04,Dust Suppression Bowser,MINE_UKWA_08,ZONE_UKW_02,14.1,7.1,Dumper planetary hub failure,66.0,CRITICAL_MAINTENANCE,2026-02-11T19:00:00Z
EXC_HIT_ZX470_01,Hydraulic Excavator,MINE_GUMGAON_02,ZONE_GMG_01,22.7,0.7,None,94.9,OPTIMAL,2026-02-12T20:00:00Z
DMP_CAT_773E_01,Haul Dumper,MINE_GUMGAON_02,ZONE_GMG_01,22.5,0.3,None,89.4,OPTIMAL,2026-02-12T22:00:00Z
DMP_CAT_773E_02,Haul Dumper,MINE_GUMGAON_02,ZONE_GMG_02,22.8,0.7,None,96.5,OPTIMAL,2026-02-12T21:00:00Z
DRL_SND_DX800_01,Blast Drill Rig,MINE_GUMGAON_02,ZONE_GMG_02,22.9,0.1,None,97.7,OPTIMAL,2026-02-12T20:00:00Z
EXC_CAT_349_02,Hydraulic Excavator,MINE_TIRODI_03,ZONE_TRD_01,22.4,0.1,None,93.0,OPTIMAL,2026-02-12T19:00:00Z
EXC_KOM_PC300_01,Hydraulic Excavator,MINE_TIRODI_03,ZONE_TRD_02,22.4,0.8,None,97.3,OPTIMAL,2026-02-12T18:00:00Z
DMP_BEML_BH35_01,Haul Dumper,MINE_TIRODI_03,ZONE_TRD_01,22.2,1.0,None,93.4,OPTIMAL,2026-02-12T21:00:00Z
DMP_BEML_BH35_02,Haul Dumper,MINE_TIRODI_03,ZONE_TRD_02,15.9,6.0,Excavator boom cylinder leak,67.2,CRITICAL_MAINTENANCE,2026-02-12T19:00:00Z
DOZ_CAT_D8R_01,Track-Type Dozer,MINE_TIRODI_03,ZONE_TRD_05,23.0,0.4,None,96.7,OPTIMAL,2026-02-12T18:00:00Z
EXC_HIT_EX1200_01,Hydraulic Mining Shovel,MINE_DONGRI_04,ZONE_DGB_01,22.7,0.5,None,92.3,OPTIMAL,2026-02-12T18:00:00Z
DMP_VOLVO_FMX_21,Haul Dumper,MINE_DONGRI_04,ZONE_DGB_01,22.2,0.5,None,95.4,OPTIMAL,2026-02-12T22:00:00Z
DMP_VOLVO_FMX_22,Haul Dumper,MINE_DONGRI_04,ZONE_DGB_02,22.5,0.2,None,95.0,OPTIMAL,2026-02-12T23:00:00Z
CRU_METSO_C120_01,Primary Jaw Crusher,MINE_DONGRI_04,ZONE_DGB_01,22.7,0.8,None,93.1,OPTIMAL,2026-02-12T21:00:00Z
WTR_TRK_TATA_02,Dust Suppression Bowser,MINE_DONGRI_04,ZONE_DGB_02,22.3,0.8,None,97.2,OPTIMAL,2026-02-12T23:00:00Z
EXC_KOM_PC450_03,Hydraulic Excavator,MINE_KANDRI_05,ZONE_KND_01,22.8,0.1,None,89.7,OPTIMAL,2026-02-12T19:00:00Z
DMP_VOLVO_FMX_31,Haul Dumper,MINE_KANDRI_05,ZONE_KND_01,23.4,0.0,None,89.8,OPTIMAL,2026-02-12T23:00:00Z
DMP_VOLVO_FMX_32,Haul Dumper,MINE_KANDRI_05,ZONE_KND_02,22.3,0.4,None,97.9,OPTIMAL,2026-02-12T21:00:00Z
DRL_ATLAS_ROC_02,Blast Drill Rig,MINE_KANDRI_05,ZONE_KND_01,22.6,0.6,None,89.8,OPTIMAL,2026-02-12T18:00:00Z
EXC_CAT_349_03,Hydraulic Excavator,MINE_MANSAR_06,ZONE_MSR_01,22.5,0.8,None,90.7,OPTIMAL,2026-02-12T20:00:00Z
DMP_BEML_BH35_03,Haul Dumper,MINE_MANSAR_06,ZONE_MSR_01,23.5,0.0,None,95.0,OPTIMAL,2026-02-12T21:00:00Z
DMP_BEML_BH35_04,Haul Dumper,MINE_MANSAR_06,ZONE_MSR_02,23.0,0.4,None,92.0,OPTIMAL,2026-02-12T20:00:00Z
WTR_TRK_TATA_03,Dust Suppression Bowser,MINE_MANSAR_06,ZONE_MSR_01,22.6,0.8,None,93.8,OPTIMAL,2026-02-12T21:00:00Z
EXC_HIT_ZX470_02,Hydraulic Excavator,MINE_CHIKLA_07,ZONE_CHK_01,19.3,3.2,Air intake filter clogging,72.2,WARNING,2026-02-12T22:00:00Z
DMP_VOLVO_FMX_41,Haul Dumper,MINE_CHIKLA_07,ZONE_CHK_01,23.2,0.1,None,91.7,OPTIMAL,2026-02-12T19:00:00Z
DMP_VOLVO_FMX_42,Haul Dumper,MINE_CHIKLA_07,ZONE_CHK_02,22.5,0.2,None,88.9,OPTIMAL,2026-02-12T22:00:00Z
DRL_SND_DX800_02,Blast Drill Rig,MINE_CHIKLA_07,ZONE_CHK_01,22.4,0.7,None,88.2,OPTIMAL,2026-02-12T22:00:00Z
DOZ_KOM_D155_01,Track-Type Dozer,MINE_CHIKLA_07,ZONE_CHK_05,23.1,0.0,None,92.0,OPTIMAL,2026-02-12T23:00:00Z
EXC_KOM_PC450_04,Hydraulic Excavator,MINE_UKWA_08,ZONE_UKW_01,22.4,0.1,None,96.7,OPTIMAL,2026-02-12T21:00:00Z
DMP_CAT_773E_03,Haul Dumper,MINE_UKWA_08,ZONE_UKW_01,22.4,0.7,None,88.1,OPTIMAL,2026-02-12T20:00:00Z
DMP_CAT_773E_04,Haul Dumper,MINE_UKWA_08,ZONE_UKW_02,23.1,0.3,None,96.3,OPTIMAL,2026-02-12T23:00:00Z
DRL_ATLAS_ROC_03,Blast Drill Rig,MINE_UKWA_08,ZONE_UKW_01,22.4,0.1,None,96.9,OPTIMAL,2026-02-12T21:00:00Z
WTR_TRK_TATA_04,Dust Suppression Bowser,MINE_UKWA_08,ZONE_UKW_02,22.4,0.8,None,95.1,OPTIMAL,2026-02-12T21:00:00Z
EXC_HIT_ZX470_01,Hydraulic Excavator,MINE_GUMGAON_02,ZONE_GMG_01,22.4,0.7,None,90.8,OPTIMAL,2026-02-13T20:00:00Z
DMP_CAT_773E_01,Haul Dumper,MINE_GUMGAON_02,ZONE_GMG_01,22.5,0.5,None,94.6,OPTIMAL,2026-02-13T21:00:00Z
DMP_CAT_773E_02,Haul Dumper,MINE_GUMGAON_02,ZONE_GMG_02,22.2,0.4,None,88.3,OPTIMAL,2026-02-13T23:00:00Z
DRL_SND_DX800_01,Blast Drill Rig,MINE_GUMGAON_02,ZONE_GMG_02,22.6,0.3,None,88.5,OPTIMAL,2026-02-13T20:00:00Z
EXC_CAT_349_02,Hydraulic Excavator,MINE_TIRODI_03,ZONE_TRD_01,22.1,0.5,None,89.0,OPTIMAL,2026-02-13T22:00:00Z
EXC_KOM_PC300_01,Hydraulic Excavator,MINE_TIRODI_03,ZONE_TRD_02,22.2,0.8,None,94.2,OPTIMAL,2026-02-13T19:00:00Z
DMP_BEML_BH35_01,Haul Dumper,MINE_TIRODI_03,ZONE_TRD_01,23.3,0.0,None,93.6,OPTIMAL,2026-02-13T21:00:00Z
DMP_BEML_BH35_02,Haul Dumper,MINE_TIRODI_03,ZONE_TRD_02,22.9,0.1,None,90.2,OPTIMAL,2026-02-13T20:00:00Z
DOZ_CAT_D8R_01,Track-Type Dozer,MINE_TIRODI_03,ZONE_TRD_05,22.5,0.2,None,93.7,OPTIMAL,2026-02-13T21:00:00Z
EXC_HIT_EX1200_01,Hydraulic Mining Shovel,MINE_DONGRI_04,ZONE_DGB_01,22.4,0.2,None,95.7,OPTIMAL,2026-02-13T20:00:00Z
DMP_VOLVO_FMX_21,Haul Dumper,MINE_DONGRI_04,ZONE_DGB_01,22.3,0.8,None,93.7,OPTIMAL,2026-02-13T20:00:00Z
DMP_VOLVO_FMX_22,Haul Dumper,MINE_DONGRI_04,ZONE_DGB_02,22.3,0.5,None,90.7,OPTIMAL,2026-02-13T23:00:00Z
CRU_METSO_C120_01,Primary Jaw Crusher,MINE_DONGRI_04,ZONE_DGB_01,15.6,6.9,Dumper planetary hub failure,65.5,CRITICAL_MAINTENANCE,2026-02-13T21:00:00Z
WTR_TRK_TATA_02,Dust Suppression Bowser,MINE_DONGRI_04,ZONE_DGB_02,22.7,0.1,None,90.3,OPTIMAL,2026-02-13T22:00:00Z
EXC_KOM_PC450_03,Hydraulic Excavator,MINE_KANDRI_05,ZONE_KND_01,22.7,0.0,None,92.8,OPTIMAL,2026-02-13T18:00:00Z
DMP_VOLVO_FMX_31,Haul Dumper,MINE_KANDRI_05,ZONE_KND_01,22.4,0.3,None,94.4,OPTIMAL,2026-02-13T23:00:00Z
DMP_VOLVO_FMX_32,Haul Dumper,MINE_KANDRI_05,ZONE_KND_02,22.1,0.5,None,90.6,OPTIMAL,2026-02-13T19:00:00Z
DRL_ATLAS_ROC_02,Blast Drill Rig,MINE_KANDRI_05,ZONE_KND_01,22.6,0.4,None,92.5,OPTIMAL,2026-02-13T23:00:00Z
EXC_CAT_349_03,Hydraulic Excavator,MINE_MANSAR_06,ZONE_MSR_01,22.2,0.4,None,96.5,OPTIMAL,2026-02-13T19:00:00Z
DMP_BEML_BH35_03,Haul Dumper,MINE_MANSAR_06,ZONE_MSR_01,22.7,0.2,None,96.1,OPTIMAL,2026-02-13T18:00:00Z
DMP_BEML_BH35_04,Haul Dumper,MINE_MANSAR_06,ZONE_MSR_02,22.3,0.7,None,96.2,OPTIMAL,2026-02-13T23:00:00Z
WTR_TRK_TATA_03,Dust Suppression Bowser,MINE_MANSAR_06,ZONE_MSR_01,21.2,1.6,Air intake filter clogging,83.1,WARNING,2026-02-13T22:00:00Z
EXC_HIT_ZX470_02,Hydraulic Excavator,MINE_CHIKLA_07,ZONE_CHK_01,20.5,2.5,Fuel refill & shift inspection,80.4,WARNING,2026-02-13T18:00:00Z
DMP_VOLVO_FMX_41,Haul Dumper,MINE_CHIKLA_07,ZONE_CHK_01,22.2,0.4,None,88.3,OPTIMAL,2026-02-13T18:00:00Z
DMP_VOLVO_FMX_42,Haul Dumper,MINE_CHIKLA_07,ZONE_CHK_02,22.8,0.3,None,93.1,OPTIMAL,2026-02-13T19:00:00Z
DRL_SND_DX800_02,Blast Drill Rig,MINE_CHIKLA_07,ZONE_CHK_01,16.3,6.3,Drill rotary motor trip,64.3,CRITICAL_MAINTENANCE,2026-02-13T23:00:00Z
DOZ_KOM_D155_01,Track-Type Dozer,MINE_CHIKLA_07,ZONE_CHK_05,22.9,0.5,None,95.3,OPTIMAL,2026-02-13T21:00:00Z
EXC_KOM_PC450_04,Hydraulic Excavator,MINE_UKWA_08,ZONE_UKW_01,22.0,0.9,None,95.8,OPTIMAL,2026-02-13T22:00:00Z
DMP_CAT_773E_03,Haul Dumper,MINE_UKWA_08,ZONE_UKW_01,15.5,6.5,Engine cooling circuit rupture,54.6,CRITICAL_MAINTENANCE,2026-02-13T20:00:00Z
DMP_CAT_773E_04,Haul Dumper,MINE_UKWA_08,ZONE_UKW_02,23.0,0.0,None,90.1,OPTIMAL,2026-02-13T21:00:00Z
DRL_ATLAS_ROC_03,Blast Drill Rig,MINE_UKWA_08,ZONE_UKW_01,22.8,0.2,None,94.2,OPTIMAL,2026-02-13T22:00:00Z
WTR_TRK_TATA_04,Dust Suppression Bowser,MINE_UKWA_08,ZONE_UKW_02,22.7,0.0,None,96.0,OPTIMAL,2026-02-13T23:00:00Z
EXC_HIT_ZX470_01,Hydraulic Excavator,MINE_GUMGAON_02,ZONE_GMG_01,20.2,2.8,Track shoe tension adjustment,73.7,WARNING,2026-02-14T23:00:00Z
DMP_CAT_773E_01,Haul Dumper,MINE_GUMGAON_02,ZONE_GMG_01,22.2,0.9,None,95.0,OPTIMAL,2026-02-14T18:00:00Z
DMP_CAT_773E_02,Haul Dumper,MINE_GUMGAON_02,ZONE_GMG_02,22.8,0.7,None,91.9,OPTIMAL,2026-02-14T19:00:00Z
DRL_SND_DX800_01,Blast Drill Rig,MINE_GUMGAON_02,ZONE_GMG_02,22.9,0.4,None,97.3,OPTIMAL,2026-02-14T23:00:00Z
EXC_CAT_349_02,Hydraulic Excavator,MINE_TIRODI_03,ZONE_TRD_01,20.4,1.9,Track shoe tension adjustment,79.0,WARNING,2026-02-14T23:00:00Z
EXC_KOM_PC300_01,Hydraulic Excavator,MINE_TIRODI_03,ZONE_TRD_02,22.1,0.9,None,93.6,OPTIMAL,2026-02-14T21:00:00Z
DMP_BEML_BH35_01,Haul Dumper,MINE_TIRODI_03,ZONE_TRD_01,21.9,0.8,None,90.3,OPTIMAL,2026-02-14T18:00:00Z
DMP_BEML_BH35_02,Haul Dumper,MINE_TIRODI_03,ZONE_TRD_02,23.1,0.0,None,96.3,OPTIMAL,2026-02-14T22:00:00Z
DOZ_CAT_D8R_01,Track-Type Dozer,MINE_TIRODI_03,ZONE_TRD_05,23.2,0.3,None,95.2,OPTIMAL,2026-02-14T22:00:00Z
EXC_HIT_EX1200_01,Hydraulic Mining Shovel,MINE_DONGRI_04,ZONE_DGB_01,22.4,0.2,None,94.7,OPTIMAL,2026-02-14T19:00:00Z
DMP_VOLVO_FMX_21,Haul Dumper,MINE_DONGRI_04,ZONE_DGB_01,21.9,1.0,None,88.2,OPTIMAL,2026-02-14T20:00:00Z
DMP_VOLVO_FMX_22,Haul Dumper,MINE_DONGRI_04,ZONE_DGB_02,22.1,1.0,None,97.9,OPTIMAL,2026-02-14T22:00:00Z
CRU_METSO_C120_01,Primary Jaw Crusher,MINE_DONGRI_04,ZONE_DGB_01,22.3,0.8,None,88.0,OPTIMAL,2026-02-14T20:00:00Z
WTR_TRK_TATA_02,Dust Suppression Bowser,MINE_DONGRI_04,ZONE_DGB_02,22.2,1.0,None,93.6,OPTIMAL,2026-02-14T22:00:00Z
EXC_KOM_PC450_03,Hydraulic Excavator,MINE_KANDRI_05,ZONE_KND_01,21.9,0.8,None,95.0,OPTIMAL,2026-02-14T23:00:00Z
DMP_VOLVO_FMX_31,Haul Dumper,MINE_KANDRI_05,ZONE_KND_01,22.5,0.5,None,92.1,OPTIMAL,2026-02-14T22:00:00Z
DMP_VOLVO_FMX_32,Haul Dumper,MINE_KANDRI_05,ZONE_KND_02,19.3,2.8,Air intake filter clogging,75.3,WARNING,2026-02-14T23:00:00Z
DRL_ATLAS_ROC_02,Blast Drill Rig,MINE_KANDRI_05,ZONE_KND_01,22.1,0.5,None,95.6,OPTIMAL,2026-02-14T18:00:00Z
EXC_CAT_349_03,Hydraulic Excavator,MINE_MANSAR_06,ZONE_MSR_01,22.4,0.3,None,97.2,OPTIMAL,2026-02-14T23:00:00Z
DMP_BEML_BH35_03,Haul Dumper,MINE_MANSAR_06,ZONE_MSR_01,22.7,0.5,None,90.0,OPTIMAL,2026-02-14T21:00:00Z
DMP_BEML_BH35_04,Haul Dumper,MINE_MANSAR_06,ZONE_MSR_02,21.0,1.6,Haul road dust water spraying pause,73.9,WARNING,2026-02-14T18:00:00Z
WTR_TRK_TATA_03,Dust Suppression Bowser,MINE_MANSAR_06,ZONE_MSR_01,21.0,1.6,Track shoe tension adjustment,72.4,WARNING,2026-02-14T21:00:00Z
EXC_HIT_ZX470_02,Hydraulic Excavator,MINE_CHIKLA_07,ZONE_CHK_01,22.4,0.2,None,93.5,OPTIMAL,2026-02-14T23:00:00Z
DMP_VOLVO_FMX_41,Haul Dumper,MINE_CHIKLA_07,ZONE_CHK_01,22.7,0.3,None,95.5,OPTIMAL,2026-02-14T18:00:00Z
DMP_VOLVO_FMX_42,Haul Dumper,MINE_CHIKLA_07,ZONE_CHK_02,20.9,1.8,Haul road dust water spraying pause,79.0,WARNING,2026-02-14T22:00:00Z
DRL_SND_DX800_02,Blast Drill Rig,MINE_CHIKLA_07,ZONE_CHK_01,22.8,0.6,None,92.2,OPTIMAL,2026-02-14T18:00:00Z
DOZ_KOM_D155_01,Track-Type Dozer,MINE_CHIKLA_07,ZONE_CHK_05,22.8,0.1,None,96.9,OPTIMAL,2026-02-14T18:00:00Z
EXC_KOM_PC450_04,Hydraulic Excavator,MINE_UKWA_08,ZONE_UKW_01,23.1,0.4,None,88.3,OPTIMAL,2026-02-14T19:00:00Z
DMP_CAT_773E_03,Haul Dumper,MINE_UKWA_08,ZONE_UKW_01,23.3,0.1,None,95.6,OPTIMAL,2026-02-14T19:00:00Z
DMP_CAT_773E_04,Haul Dumper,MINE_UKWA_08,ZONE_UKW_02,21.9,0.7,None,90.8,OPTIMAL,2026-02-14T19:00:00Z
DRL_ATLAS_ROC_03,Blast Drill Rig,MINE_UKWA_08,ZONE_UKW_01,22.7,0.6,None,90.5,OPTIMAL,2026-02-14T22:00:00Z
WTR_TRK_TATA_04,Dust Suppression Bowser,MINE_UKWA_08,ZONE_UKW_02,22.5,0.9,None,88.1,OPTIMAL,2026-02-14T23:00:00Z
EXC_HIT_ZX470_01,Hydraulic Excavator,MINE_GUMGAON_02,ZONE_GMG_01,22.5,0.7,None,94.6,OPTIMAL,2026-02-15T20:00:00Z
DMP_CAT_773E_01,Haul Dumper,MINE_GUMGAON_02,ZONE_GMG_01,22.0,0.6,None,89.6,OPTIMAL,2026-02-15T19:00:00Z
DMP_CAT_773E_02,Haul Dumper,MINE_GUMGAON_02,ZONE_GMG_02,22.4,0.2,None,93.7,OPTIMAL,2026-02-15T21:00:00Z
DRL_SND_DX800_01,Blast Drill Rig,MINE_GUMGAON_02,ZONE_GMG_02,22.8,0.1,None,94.5,OPTIMAL,2026-02-15T21:00:00Z
EXC_CAT_349_02,Hydraulic Excavator,MINE_TIRODI_03,ZONE_TRD_01,16.5,5.7,Dumper planetary hub failure,50.7,CRITICAL_MAINTENANCE,2026-02-15T18:00:00Z
EXC_KOM_PC300_01,Hydraulic Excavator,MINE_TIRODI_03,ZONE_TRD_02,22.4,0.8,None,95.5,OPTIMAL,2026-02-15T23:00:00Z
DMP_BEML_BH35_01,Haul Dumper,MINE_TIRODI_03,ZONE_TRD_01,22.2,0.4,None,94.8,OPTIMAL,2026-02-15T19:00:00Z
DMP_BEML_BH35_02,Haul Dumper,MINE_TIRODI_03,ZONE_TRD_02,22.3,0.3,None,93.1,OPTIMAL,2026-02-15T19:00:00Z
DOZ_CAT_D8R_01,Track-Type Dozer,MINE_TIRODI_03,ZONE_TRD_05,21.9,0.6,None,90.5,OPTIMAL,2026-02-15T20:00:00Z
EXC_HIT_EX1200_01,Hydraulic Mining Shovel,MINE_DONGRI_04,ZONE_DGB_01,22.1,0.4,None,97.6,OPTIMAL,2026-02-15T19:00:00Z
DMP_VOLVO_FMX_21,Haul Dumper,MINE_DONGRI_04,ZONE_DGB_01,22.1,0.8,None,94.2,OPTIMAL,2026-02-15T22:00:00Z
DMP_VOLVO_FMX_22,Haul Dumper,MINE_DONGRI_04,ZONE_DGB_02,22.8,0.1,None,93.7,OPTIMAL,2026-02-15T21:00:00Z
CRU_METSO_C120_01,Primary Jaw Crusher,MINE_DONGRI_04,ZONE_DGB_01,22.6,0.7,None,95.5,OPTIMAL,2026-02-15T20:00:00Z
WTR_TRK_TATA_02,Dust Suppression Bowser,MINE_DONGRI_04,ZONE_DGB_02,22.3,0.2,None,93.6,OPTIMAL,2026-02-15T19:00:00Z
EXC_KOM_PC450_03,Hydraulic Excavator,MINE_KANDRI_05,ZONE_KND_01,17.3,4.8,Engine cooling circuit rupture,66.6,CRITICAL_MAINTENANCE,2026-02-15T21:00:00Z
DMP_VOLVO_FMX_31,Haul Dumper,MINE_KANDRI_05,ZONE_KND_01,22.1,0.4,None,97.1,OPTIMAL,2026-02-15T22:00:00Z
DMP_VOLVO_FMX_32,Haul Dumper,MINE_KANDRI_05,ZONE_KND_02,22.0,0.9,None,97.5,OPTIMAL,2026-02-15T22:00:00Z
DRL_ATLAS_ROC_02,Blast Drill Rig,MINE_KANDRI_05,ZONE_KND_01,22.4,0.6,None,97.7,OPTIMAL,2026-02-15T22:00:00Z
EXC_CAT_349_03,Hydraulic Excavator,MINE_MANSAR_06,ZONE_MSR_01,22.8,0.5,None,97.2,OPTIMAL,2026-02-15T21:00:00Z
DMP_BEML_BH35_03,Haul Dumper,MINE_MANSAR_06,ZONE_MSR_01,17.2,5.5,Dumper planetary hub failure,58.5,CRITICAL_MAINTENANCE,2026-02-15T22:00:00Z
DMP_BEML_BH35_04,Haul Dumper,MINE_MANSAR_06,ZONE_MSR_02,20.8,1.9,Track shoe tension adjustment,74.3,WARNING,2026-02-15T19:00:00Z
WTR_TRK_TATA_03,Dust Suppression Bowser,MINE_MANSAR_06,ZONE_MSR_01,22.6,0.0,None,90.9,OPTIMAL,2026-02-15T18:00:00Z
EXC_HIT_ZX470_02,Hydraulic Excavator,MINE_CHIKLA_07,ZONE_CHK_01,22.6,0.5,None,96.4,OPTIMAL,2026-02-15T23:00:00Z
DMP_VOLVO_FMX_41,Haul Dumper,MINE_CHIKLA_07,ZONE_CHK_01,19.3,3.1,Track shoe tension adjustment,79.9,WARNING,2026-02-15T20:00:00Z
DMP_VOLVO_FMX_42,Haul Dumper,MINE_CHIKLA_07,ZONE_CHK_02,23.2,0.2,None,90.0,OPTIMAL,2026-02-15T22:00:00Z
DRL_SND_DX800_02,Blast Drill Rig,MINE_CHIKLA_07,ZONE_CHK_01,22.4,0.6,None,89.3,OPTIMAL,2026-02-15T22:00:00Z
DOZ_KOM_D155_01,Track-Type Dozer,MINE_CHIKLA_07,ZONE_CHK_05,22.5,0.3,None,91.0,OPTIMAL,2026-02-15T23:00:00Z
EXC_KOM_PC450_04,Hydraulic Excavator,MINE_UKWA_08,ZONE_UKW_01,22.5,0.1,None,91.3,OPTIMAL,2026-02-15T23:00:00Z
DMP_CAT_773E_03,Haul Dumper,MINE_UKWA_08,ZONE_UKW_01,21.1,1.9,Fuel refill & shift inspection,74.8,WARNING,2026-02-15T21:00:00Z
DMP_CAT_773E_04,Haul Dumper,MINE_UKWA_08,ZONE_UKW_02,22.5,0.1,None,93.6,OPTIMAL,2026-02-15T22:00:00Z
DRL_ATLAS_ROC_03,Blast Drill Rig,MINE_UKWA_08,ZONE_UKW_01,21.9,0.6,None,95.8,OPTIMAL,2026-02-15T18:00:00Z
WTR_TRK_TATA_04,Dust Suppression Bowser,MINE_UKWA_08,ZONE_UKW_02,23.0,0.4,None,88.0,OPTIMAL,2026-02-15T21:00:00Z
EXC_HIT_ZX470_01,Hydraulic Excavator,MINE_GUMGAON_02,ZONE_GMG_01,22.2,0.9,None,92.1,OPTIMAL,2026-02-16T18:00:00Z
DMP_CAT_773E_01,Haul Dumper,MINE_GUMGAON_02,ZONE_GMG_01,22.7,0.3,None,95.6,OPTIMAL,2026-02-16T23:00:00Z
DMP_CAT_773E_02,Haul Dumper,MINE_GUMGAON_02,ZONE_GMG_02,21.9,0.8,None,88.1,OPTIMAL,2026-02-16T19:00:00Z
DRL_SND_DX800_01,Blast Drill Rig,MINE_GUMGAON_02,ZONE_GMG_02,22.5,0.3,None,91.2,OPTIMAL,2026-02-16T18:00:00Z
EXC_CAT_349_02,Hydraulic Excavator,MINE_TIRODI_03,ZONE_TRD_01,22.0,0.6,None,89.0,OPTIMAL,2026-02-16T18:00:00Z
EXC_KOM_PC300_01,Hydraulic Excavator,MINE_TIRODI_03,ZONE_TRD_02,22.8,0.6,None,97.9,OPTIMAL,2026-02-16T20:00:00Z
DMP_BEML_BH35_01,Haul Dumper,MINE_TIRODI_03,ZONE_TRD_01,21.9,0.8,None,89.8,OPTIMAL,2026-02-16T18:00:00Z
DMP_BEML_BH35_02,Haul Dumper,MINE_TIRODI_03,ZONE_TRD_02,22.1,0.6,None,94.0,OPTIMAL,2026-02-16T18:00:00Z
DOZ_CAT_D8R_01,Track-Type Dozer,MINE_TIRODI_03,ZONE_TRD_05,22.8,0.2,None,89.9,OPTIMAL,2026-02-16T23:00:00Z
EXC_HIT_EX1200_01,Hydraulic Mining Shovel,MINE_DONGRI_04,ZONE_DGB_01,22.2,1.0,None,92.5,OPTIMAL,2026-02-16T22:00:00Z
DMP_VOLVO_FMX_21,Haul Dumper,MINE_DONGRI_04,ZONE_DGB_01,23.0,0.5,None,95.5,OPTIMAL,2026-02-16T22:00:00Z
DMP_VOLVO_FMX_22,Haul Dumper,MINE_DONGRI_04,ZONE_DGB_02,22.3,0.2,None,97.2,OPTIMAL,2026-02-16T18:00:00Z
CRU_METSO_C120_01,Primary Jaw Crusher,MINE_DONGRI_04,ZONE_DGB_01,22.4,0.3,None,94.1,OPTIMAL,2026-02-16T21:00:00Z
WTR_TRK_TATA_02,Dust Suppression Bowser,MINE_DONGRI_04,ZONE_DGB_02,21.9,0.7,None,97.7,OPTIMAL,2026-02-16T18:00:00Z
EXC_KOM_PC450_03,Hydraulic Excavator,MINE_KANDRI_05,ZONE_KND_01,21.9,0.7,None,93.9,OPTIMAL,2026-02-16T18:00:00Z
DMP_VOLVO_FMX_31,Haul Dumper,MINE_KANDRI_05,ZONE_KND_01,22.5,1.0,None,96.1,OPTIMAL,2026-02-16T22:00:00Z
DMP_VOLVO_FMX_32,Haul Dumper,MINE_KANDRI_05,ZONE_KND_02,22.7,0.3,None,88.8,OPTIMAL,2026-02-16T23:00:00Z
DRL_ATLAS_ROC_02,Blast Drill Rig,MINE_KANDRI_05,ZONE_KND_01,22.4,0.8,None,95.2,OPTIMAL,2026-02-16T22:00:00Z
EXC_CAT_349_03,Hydraulic Excavator,MINE_MANSAR_06,ZONE_MSR_01,22.8,0.6,None,92.0,OPTIMAL,2026-02-16T23:00:00Z
DMP_BEML_BH35_03,Haul Dumper,MINE_MANSAR_06,ZONE_MSR_01,23.4,0.1,None,90.5,OPTIMAL,2026-02-16T18:00:00Z
DMP_BEML_BH35_04,Haul Dumper,MINE_MANSAR_06,ZONE_MSR_02,22.7,0.3,None,97.8,OPTIMAL,2026-02-16T19:00:00Z
WTR_TRK_TATA_03,Dust Suppression Bowser,MINE_MANSAR_06,ZONE_MSR_01,22.8,0.5,None,96.0,OPTIMAL,2026-02-16T18:00:00Z
EXC_HIT_ZX470_02,Hydraulic Excavator,MINE_CHIKLA_07,ZONE_CHK_01,22.9,0.4,None,97.4,OPTIMAL,2026-02-16T23:00:00Z
DMP_VOLVO_FMX_41,Haul Dumper,MINE_CHIKLA_07,ZONE_CHK_01,13.7,8.2,Dumper planetary hub failure,56.0,CRITICAL_MAINTENANCE,2026-02-16T23:00:00Z
DMP_VOLVO_FMX_42,Haul Dumper,MINE_CHIKLA_07,ZONE_CHK_02,22.3,0.7,None,88.1,OPTIMAL,2026-02-16T21:00:00Z
DRL_SND_DX800_02,Blast Drill Rig,MINE_CHIKLA_07,ZONE_CHK_01,22.2,0.3,None,91.8,OPTIMAL,2026-02-16T23:00:00Z
DOZ_KOM_D155_01,Track-Type Dozer,MINE_CHIKLA_07,ZONE_CHK_05,21.9,0.9,None,91.4,OPTIMAL,2026-02-16T21:00:00Z
EXC_KOM_PC450_04,Hydraulic Excavator,MINE_UKWA_08,ZONE_UKW_01,20.1,1.9,Track shoe tension adjustment,75.6,WARNING,2026-02-16T22:00:00Z
DMP_CAT_773E_03,Haul Dumper,MINE_UKWA_08,ZONE_UKW_01,21.9,0.8,None,92.9,OPTIMAL,2026-02-16T22:00:00Z
DMP_CAT_773E_04,Haul Dumper,MINE_UKWA_08,ZONE_UKW_02,22.0,0.5,None,94.0,OPTIMAL,2026-02-16T18:00:00Z
DRL_ATLAS_ROC_03,Blast Drill Rig,MINE_UKWA_08,ZONE_UKW_01,22.3,0.6,None,93.4,OPTIMAL,2026-02-16T23:00:00Z
WTR_TRK_TATA_04,Dust Suppression Bowser,MINE_UKWA_08,ZONE_UKW_02,21.6,1.0,None,88.8,OPTIMAL,2026-02-16T19:00:00Z
EXC_HIT_ZX470_01,Hydraulic Excavator,MINE_GUMGAON_02,ZONE_GMG_01,22.3,0.8,None,89.0,OPTIMAL,2026-02-17T22:00:00Z
DMP_CAT_773E_01,Haul Dumper,MINE_GUMGAON_02,ZONE_GMG_01,23.3,0.0,None,92.0,OPTIMAL,2026-02-17T19:00:00Z
DMP_CAT_773E_02,Haul Dumper,MINE_GUMGAON_02,ZONE_GMG_02,20.7,2.8,Air intake filter clogging,83.9,WARNING,2026-02-17T19:00:00Z
DRL_SND_DX800_01,Blast Drill Rig,MINE_GUMGAON_02,ZONE_GMG_02,13.5,8.1,Dumper planetary hub failure,57.5,CRITICAL_MAINTENANCE,2026-02-17T20:00:00Z
EXC_CAT_349_02,Hydraulic Excavator,MINE_TIRODI_03,ZONE_TRD_01,21.8,0.7,None,88.6,OPTIMAL,2026-02-17T22:00:00Z
EXC_KOM_PC300_01,Hydraulic Excavator,MINE_TIRODI_03,ZONE_TRD_02,22.8,0.1,None,90.0,OPTIMAL,2026-02-17T21:00:00Z
DMP_BEML_BH35_01,Haul Dumper,MINE_TIRODI_03,ZONE_TRD_01,22.0,0.7,None,93.7,OPTIMAL,2026-02-17T23:00:00Z
DMP_BEML_BH35_02,Haul Dumper,MINE_TIRODI_03,ZONE_TRD_02,22.1,0.9,None,91.9,OPTIMAL,2026-02-17T21:00:00Z
DOZ_CAT_D8R_01,Track-Type Dozer,MINE_TIRODI_03,ZONE_TRD_05,22.6,0.2,None,93.8,OPTIMAL,2026-02-17T18:00:00Z
EXC_HIT_EX1200_01,Hydraulic Mining Shovel,MINE_DONGRI_04,ZONE_DGB_01,23.0,0.1,None,95.4,OPTIMAL,2026-02-17T20:00:00Z
DMP_VOLVO_FMX_21,Haul Dumper,MINE_DONGRI_04,ZONE_DGB_01,13.4,7.8,Drill rotary motor trip,48.1,CRITICAL_MAINTENANCE,2026-02-17T22:00:00Z
DMP_VOLVO_FMX_22,Haul Dumper,MINE_DONGRI_04,ZONE_DGB_02,22.3,0.8,None,88.4,OPTIMAL,2026-02-17T21:00:00Z
CRU_METSO_C120_01,Primary Jaw Crusher,MINE_DONGRI_04,ZONE_DGB_01,23.0,0.4,None,93.3,OPTIMAL,2026-02-17T23:00:00Z
WTR_TRK_TATA_02,Dust Suppression Bowser,MINE_DONGRI_04,ZONE_DGB_02,23.2,0.3,None,93.5,OPTIMAL,2026-02-17T18:00:00Z
EXC_KOM_PC450_03,Hydraulic Excavator,MINE_KANDRI_05,ZONE_KND_01,18.1,4.7,Excavator boom cylinder leak,51.3,CRITICAL_MAINTENANCE,2026-02-17T23:00:00Z
DMP_VOLVO_FMX_31,Haul Dumper,MINE_KANDRI_05,ZONE_KND_01,17.9,4.6,Excavator boom cylinder leak,51.2,CRITICAL_MAINTENANCE,2026-02-17T21:00:00Z
DMP_VOLVO_FMX_32,Haul Dumper,MINE_KANDRI_05,ZONE_KND_02,22.4,0.7,None,96.6,OPTIMAL,2026-02-17T22:00:00Z
DRL_ATLAS_ROC_02,Blast Drill Rig,MINE_KANDRI_05,ZONE_KND_01,23.1,0.4,None,95.2,OPTIMAL,2026-02-17T21:00:00Z
EXC_CAT_349_03,Hydraulic Excavator,MINE_MANSAR_06,ZONE_MSR_01,14.8,6.4,Dumper planetary hub failure,67.0,CRITICAL_MAINTENANCE,2026-02-17T23:00:00Z
DMP_BEML_BH35_03,Haul Dumper,MINE_MANSAR_06,ZONE_MSR_01,21.9,1.0,None,89.4,OPTIMAL,2026-02-17T20:00:00Z
DMP_BEML_BH35_04,Haul Dumper,MINE_MANSAR_06,ZONE_MSR_02,22.2,0.6,None,97.3,OPTIMAL,2026-02-17T19:00:00Z
WTR_TRK_TATA_03,Dust Suppression Bowser,MINE_MANSAR_06,ZONE_MSR_01,22.9,0.0,None,95.2,OPTIMAL,2026-02-17T22:00:00Z
EXC_HIT_ZX470_02,Hydraulic Excavator,MINE_CHIKLA_07,ZONE_CHK_01,22.7,0.5,None,96.4,OPTIMAL,2026-02-17T20:00:00Z
DMP_VOLVO_FMX_41,Haul Dumper,MINE_CHIKLA_07,ZONE_CHK_01,22.2,0.4,None,94.0,OPTIMAL,2026-02-17T23:00:00Z
DMP_VOLVO_FMX_42,Haul Dumper,MINE_CHIKLA_07,ZONE_CHK_02,22.8,0.6,None,95.0,OPTIMAL,2026-02-17T21:00:00Z
DRL_SND_DX800_02,Blast Drill Rig,MINE_CHIKLA_07,ZONE_CHK_01,15.3,6.1,Dumper planetary hub failure,64.8,CRITICAL_MAINTENANCE,2026-02-17T22:00:00Z
DOZ_KOM_D155_01,Track-Type Dozer,MINE_CHIKLA_07,ZONE_CHK_05,22.3,0.3,None,89.5,OPTIMAL,2026-02-17T21:00:00Z
EXC_KOM_PC450_04,Hydraulic Excavator,MINE_UKWA_08,ZONE_UKW_01,23.0,0.1,None,97.9,OPTIMAL,2026-02-17T20:00:00Z
DMP_CAT_773E_03,Haul Dumper,MINE_UKWA_08,ZONE_UKW_01,21.0,2.2,Fuel refill & shift inspection,72.1,WARNING,2026-02-17T19:00:00Z
DMP_CAT_773E_04,Haul Dumper,MINE_UKWA_08,ZONE_UKW_02,22.9,0.1,None,88.9,OPTIMAL,2026-02-17T21:00:00Z
DRL_ATLAS_ROC_03,Blast Drill Rig,MINE_UKWA_08,ZONE_UKW_01,22.5,0.6,None,89.8,OPTIMAL,2026-02-17T20:00:00Z
WTR_TRK_TATA_04,Dust Suppression Bowser,MINE_UKWA_08,ZONE_UKW_02,22.8,0.3,None,90.7,OPTIMAL,2026-02-17T23:00:00Z
EXC_HIT_ZX470_01,Hydraulic Excavator,MINE_GUMGAON_02,ZONE_GMG_01,22.6,0.7,None,94.8,OPTIMAL,2026-02-18T20:00:00Z
DMP_CAT_773E_01,Haul Dumper,MINE_GUMGAON_02,ZONE_GMG_01,22.9,0.5,None,95.2,OPTIMAL,2026-02-18T18:00:00Z
DMP_CAT_773E_02,Haul Dumper,MINE_GUMGAON_02,ZONE_GMG_02,21.8,0.8,None,94.4,OPTIMAL,2026-02-18T22:00:00Z
DRL_SND_DX800_01,Blast Drill Rig,MINE_GUMGAON_02,ZONE_GMG_02,21.8,0.9,None,92.0,OPTIMAL,2026-02-18T19:00:00Z
EXC_CAT_349_02,Hydraulic Excavator,MINE_TIRODI_03,ZONE_TRD_01,23.2,0.1,None,96.8,OPTIMAL,2026-02-18T23:00:00Z
EXC_KOM_PC300_01,Hydraulic Excavator,MINE_TIRODI_03,ZONE_TRD_02,22.3,0.7,None,93.5,OPTIMAL,2026-02-18T18:00:00Z
DMP_BEML_BH35_01,Haul Dumper,MINE_TIRODI_03,ZONE_TRD_01,21.7,0.8,None,97.9,OPTIMAL,2026-02-18T23:00:00Z
DMP_BEML_BH35_02,Haul Dumper,MINE_TIRODI_03,ZONE_TRD_02,22.3,0.7,None,90.4,OPTIMAL,2026-02-18T18:00:00Z
DOZ_CAT_D8R_01,Track-Type Dozer,MINE_TIRODI_03,ZONE_TRD_05,21.6,1.9,Fuel refill & shift inspection,76.3,WARNING,2026-02-18T19:00:00Z
EXC_HIT_EX1200_01,Hydraulic Mining Shovel,MINE_DONGRI_04,ZONE_DGB_01,22.7,0.1,None,95.0,OPTIMAL,2026-02-18T19:00:00Z
DMP_VOLVO_FMX_21,Haul Dumper,MINE_DONGRI_04,ZONE_DGB_01,22.0,0.6,None,90.9,OPTIMAL,2026-02-18T18:00:00Z
DMP_VOLVO_FMX_22,Haul Dumper,MINE_DONGRI_04,ZONE_DGB_02,23.2,0.1,None,89.6,OPTIMAL,2026-02-18T21:00:00Z
CRU_METSO_C120_01,Primary Jaw Crusher,MINE_DONGRI_04,ZONE_DGB_01,22.4,0.5,None,93.9,OPTIMAL,2026-02-18T19:00:00Z
WTR_TRK_TATA_02,Dust Suppression Bowser,MINE_DONGRI_04,ZONE_DGB_02,22.0,0.9,None,95.1,OPTIMAL,2026-02-18T19:00:00Z
EXC_KOM_PC450_03,Hydraulic Excavator,MINE_KANDRI_05,ZONE_KND_01,22.8,0.7,None,90.4,OPTIMAL,2026-02-18T19:00:00Z
DMP_VOLVO_FMX_31,Haul Dumper,MINE_KANDRI_05,ZONE_KND_01,15.7,7.3,Excavator boom cylinder leak,56.5,CRITICAL_MAINTENANCE,2026-02-18T19:00:00Z
DMP_VOLVO_FMX_32,Haul Dumper,MINE_KANDRI_05,ZONE_KND_02,23.1,0.3,None,97.6,OPTIMAL,2026-02-18T21:00:00Z
DRL_ATLAS_ROC_02,Blast Drill Rig,MINE_KANDRI_05,ZONE_KND_01,22.1,0.5,None,88.1,OPTIMAL,2026-02-18T23:00:00Z
EXC_CAT_349_03,Hydraulic Excavator,MINE_MANSAR_06,ZONE_MSR_01,22.3,0.9,None,90.7,OPTIMAL,2026-02-18T20:00:00Z
DMP_BEML_BH35_03,Haul Dumper,MINE_MANSAR_06,ZONE_MSR_01,22.2,0.9,None,92.4,OPTIMAL,2026-02-18T23:00:00Z
DMP_BEML_BH35_04,Haul Dumper,MINE_MANSAR_06,ZONE_MSR_02,20.6,2.6,Fuel refill & shift inspection,72.4,WARNING,2026-02-18T20:00:00Z
WTR_TRK_TATA_03,Dust Suppression Bowser,MINE_MANSAR_06,ZONE_MSR_01,22.5,0.2,None,92.3,OPTIMAL,2026-02-18T23:00:00Z
EXC_HIT_ZX470_02,Hydraulic Excavator,MINE_CHIKLA_07,ZONE_CHK_01,23.0,0.1,None,92.7,OPTIMAL,2026-02-18T19:00:00Z
DMP_VOLVO_FMX_41,Haul Dumper,MINE_CHIKLA_07,ZONE_CHK_01,22.1,0.7,None,88.3,OPTIMAL,2026-02-18T21:00:00Z
DMP_VOLVO_FMX_42,Haul Dumper,MINE_CHIKLA_07,ZONE_CHK_02,22.1,0.5,None,92.4,OPTIMAL,2026-02-18T19:00:00Z
DRL_SND_DX800_02,Blast Drill Rig,MINE_CHIKLA_07,ZONE_CHK_01,21.1,2.3,Air intake filter clogging,79.4,WARNING,2026-02-18T22:00:00Z
DOZ_KOM_D155_01,Track-Type Dozer,MINE_CHIKLA_07,ZONE_CHK_05,22.8,0.6,None,96.2,OPTIMAL,2026-02-18T23:00:00Z
EXC_KOM_PC450_04,Hydraulic Excavator,MINE_UKWA_08,ZONE_UKW_01,22.7,0.7,None,93.0,OPTIMAL,2026-02-18T18:00:00Z
DMP_CAT_773E_03,Haul Dumper,MINE_UKWA_08,ZONE_UKW_01,22.2,0.5,None,93.1,OPTIMAL,2026-02-18T21:00:00Z
DMP_CAT_773E_04,Haul Dumper,MINE_UKWA_08,ZONE_UKW_02,22.9,0.6,None,97.3,OPTIMAL,2026-02-18T19:00:00Z
DRL_ATLAS_ROC_03,Blast Drill Rig,MINE_UKWA_08,ZONE_UKW_01,15.3,7.3,Dumper planetary hub failure,58.2,CRITICAL_MAINTENANCE,2026-02-18T23:00:00Z
WTR_TRK_TATA_04,Dust Suppression Bowser,MINE_UKWA_08,ZONE_UKW_02,22.1,0.4,None,90.6,OPTIMAL,2026-02-18T21:00:00Z
EXC_HIT_ZX470_01,Hydraulic Excavator,MINE_GUMGAON_02,ZONE_GMG_01,22.8,0.4,None,92.9,OPTIMAL,2026-02-19T22:00:00Z
DMP_CAT_773E_01,Haul Dumper,MINE_GUMGAON_02,ZONE_GMG_01,22.7,0.2,None,95.7,OPTIMAL,2026-02-19T23:00:00Z
DMP_CAT_773E_02,Haul Dumper,MINE_GUMGAON_02,ZONE_GMG_02,22.7,0.5,None,98.0,OPTIMAL,2026-02-19T18:00:00Z
DRL_SND_DX800_01,Blast Drill Rig,MINE_GUMGAON_02,ZONE_GMG_02,23.0,0.5,None,95.4,OPTIMAL,2026-02-19T20:00:00Z
EXC_CAT_349_02,Hydraulic Excavator,MINE_TIRODI_03,ZONE_TRD_01,20.3,2.1,Air intake filter clogging,79.9,WARNING,2026-02-19T21:00:00Z
EXC_KOM_PC300_01,Hydraulic Excavator,MINE_TIRODI_03,ZONE_TRD_02,23.2,0.2,None,90.2,OPTIMAL,2026-02-19T22:00:00Z
DMP_BEML_BH35_01,Haul Dumper,MINE_TIRODI_03,ZONE_TRD_01,23.2,0.1,None,93.5,OPTIMAL,2026-02-19T23:00:00Z
DMP_BEML_BH35_02,Haul Dumper,MINE_TIRODI_03,ZONE_TRD_02,22.1,0.7,None,97.1,OPTIMAL,2026-02-19T20:00:00Z
DOZ_CAT_D8R_01,Track-Type Dozer,MINE_TIRODI_03,ZONE_TRD_05,22.9,0.3,None,88.0,OPTIMAL,2026-02-19T18:00:00Z
EXC_HIT_EX1200_01,Hydraulic Mining Shovel,MINE_DONGRI_04,ZONE_DGB_01,21.8,0.7,None,96.8,OPTIMAL,2026-02-19T19:00:00Z
DMP_VOLVO_FMX_21,Haul Dumper,MINE_DONGRI_04,ZONE_DGB_01,21.8,1.0,None,91.0,OPTIMAL,2026-02-19T21:00:00Z
DMP_VOLVO_FMX_22,Haul Dumper,MINE_DONGRI_04,ZONE_DGB_02,22.4,0.9,None,92.0,OPTIMAL,2026-02-19T21:00:00Z
CRU_METSO_C120_01,Primary Jaw Crusher,MINE_DONGRI_04,ZONE_DGB_01,22.9,0.1,None,93.0,OPTIMAL,2026-02-19T19:00:00Z
WTR_TRK_TATA_02,Dust Suppression Bowser,MINE_DONGRI_04,ZONE_DGB_02,22.4,0.5,None,94.5,OPTIMAL,2026-02-19T18:00:00Z
EXC_KOM_PC450_03,Hydraulic Excavator,MINE_KANDRI_05,ZONE_KND_01,22.6,0.8,None,93.2,OPTIMAL,2026-02-19T21:00:00Z
DMP_VOLVO_FMX_31,Haul Dumper,MINE_KANDRI_05,ZONE_KND_01,22.6,0.2,None,93.8,OPTIMAL,2026-02-19T20:00:00Z
DMP_VOLVO_FMX_32,Haul Dumper,MINE_KANDRI_05,ZONE_KND_02,21.9,1.0,None,97.7,OPTIMAL,2026-02-19T20:00:00Z
DRL_ATLAS_ROC_02,Blast Drill Rig,MINE_KANDRI_05,ZONE_KND_01,22.8,0.3,None,92.4,OPTIMAL,2026-02-19T20:00:00Z
EXC_CAT_349_03,Hydraulic Excavator,MINE_MANSAR_06,ZONE_MSR_01,22.6,0.2,None,90.4,OPTIMAL,2026-02-19T18:00:00Z
DMP_BEML_BH35_03,Haul Dumper,MINE_MANSAR_06,ZONE_MSR_01,22.9,0.4,None,96.0,OPTIMAL,2026-02-19T18:00:00Z
DMP_BEML_BH35_04,Haul Dumper,MINE_MANSAR_06,ZONE_MSR_02,19.6,3.3,Air intake filter clogging,76.6,WARNING,2026-02-19T18:00:00Z
WTR_TRK_TATA_03,Dust Suppression Bowser,MINE_MANSAR_06,ZONE_MSR_01,21.9,0.9,None,94.8,OPTIMAL,2026-02-19T21:00:00Z
EXC_HIT_ZX470_02,Hydraulic Excavator,MINE_CHIKLA_07,ZONE_CHK_01,22.3,0.7,None,92.0,OPTIMAL,2026-02-19T20:00:00Z
DMP_VOLVO_FMX_41,Haul Dumper,MINE_CHIKLA_07,ZONE_CHK_01,22.9,0.5,None,97.7,OPTIMAL,2026-02-19T20:00:00Z
DMP_VOLVO_FMX_42,Haul Dumper,MINE_CHIKLA_07,ZONE_CHK_02,23.1,0.0,None,92.5,OPTIMAL,2026-02-19T22:00:00Z
DRL_SND_DX800_02,Blast Drill Rig,MINE_CHIKLA_07,ZONE_CHK_01,22.9,0.5,None,94.8,OPTIMAL,2026-02-19T20:00:00Z
DOZ_KOM_D155_01,Track-Type Dozer,MINE_CHIKLA_07,ZONE_CHK_05,23.1,0.3,None,89.8,OPTIMAL,2026-02-19T20:00:00Z
EXC_KOM_PC450_04,Hydraulic Excavator,MINE_UKWA_08,ZONE_UKW_01,22.1,0.8,None,92.7,OPTIMAL,2026-02-19T20:00:00Z
DMP_CAT_773E_03,Haul Dumper,MINE_UKWA_08,ZONE_UKW_01,14.8,7.8,Engine cooling circuit rupture,56.1,CRITICAL_MAINTENANCE,2026-02-19T21:00:00Z
DMP_CAT_773E_04,Haul Dumper,MINE_UKWA_08,ZONE_UKW_02,13.6,7.8,Hydraulic pump seal burst,65.3,CRITICAL_MAINTENANCE,2026-02-19T21:00:00Z
DRL_ATLAS_ROC_03,Blast Drill Rig,MINE_UKWA_08,ZONE_UKW_01,15.9,5.3,Dumper planetary hub failure,54.0,CRITICAL_MAINTENANCE,2026-02-19T19:00:00Z
WTR_TRK_TATA_04,Dust Suppression Bowser,MINE_UKWA_08,ZONE_UKW_02,22.9,0.4,None,96.0,OPTIMAL,2026-02-19T20:00:00Z
EXC_HIT_ZX470_01,Hydraulic Excavator,MINE_GUMGAON_02,ZONE_GMG_01,22.6,0.7,None,97.8,OPTIMAL,2026-02-20T20:00:00Z
DMP_CAT_773E_01,Haul Dumper,MINE_GUMGAON_02,ZONE_GMG_01,22.8,0.7,None,95.7,OPTIMAL,2026-02-20T23:00:00Z
DMP_CAT_773E_02,Haul Dumper,MINE_GUMGAON_02,ZONE_GMG_02,22.0,0.6,None,97.2,OPTIMAL,2026-02-20T22:00:00Z
DRL_SND_DX800_01,Blast Drill Rig,MINE_GUMGAON_02,ZONE_GMG_02,22.2,0.3,None,93.6,OPTIMAL,2026-02-20T18:00:00Z
EXC_CAT_349_02,Hydraulic Excavator,MINE_TIRODI_03,ZONE_TRD_01,23.2,0.3,None,91.2,OPTIMAL,2026-02-20T18:00:00Z
EXC_KOM_PC300_01,Hydraulic Excavator,MINE_TIRODI_03,ZONE_TRD_02,21.9,0.8,None,92.9,OPTIMAL,2026-02-20T22:00:00Z
DMP_BEML_BH35_01,Haul Dumper,MINE_TIRODI_03,ZONE_TRD_01,20.4,2.1,Haul road dust water spraying pause,83.4,WARNING,2026-02-20T23:00:00Z
DMP_BEML_BH35_02,Haul Dumper,MINE_TIRODI_03,ZONE_TRD_02,13.7,7.8,Drill rotary motor trip,48.9,CRITICAL_MAINTENANCE,2026-02-20T18:00:00Z
DOZ_CAT_D8R_01,Track-Type Dozer,MINE_TIRODI_03,ZONE_TRD_05,22.5,0.3,None,96.1,OPTIMAL,2026-02-20T18:00:00Z
EXC_HIT_EX1200_01,Hydraulic Mining Shovel,MINE_DONGRI_04,ZONE_DGB_01,22.6,0.4,None,97.7,OPTIMAL,2026-02-20T19:00:00Z
DMP_VOLVO_FMX_21,Haul Dumper,MINE_DONGRI_04,ZONE_DGB_01,22.7,0.8,None,89.9,OPTIMAL,2026-02-20T20:00:00Z
DMP_VOLVO_FMX_22,Haul Dumper,MINE_DONGRI_04,ZONE_DGB_02,22.5,0.6,None,92.6,OPTIMAL,2026-02-20T20:00:00Z
CRU_METSO_C120_01,Primary Jaw Crusher,MINE_DONGRI_04,ZONE_DGB_01,21.9,0.6,None,89.1,OPTIMAL,2026-02-20T20:00:00Z
WTR_TRK_TATA_02,Dust Suppression Bowser,MINE_DONGRI_04,ZONE_DGB_02,21.8,0.7,None,94.9,OPTIMAL,2026-02-20T23:00:00Z
EXC_KOM_PC450_03,Hydraulic Excavator,MINE_KANDRI_05,ZONE_KND_01,19.9,2.5,Haul road dust water spraying pause,82.1,WARNING,2026-02-20T23:00:00Z
DMP_VOLVO_FMX_31,Haul Dumper,MINE_KANDRI_05,ZONE_KND_01,22.1,0.5,None,89.1,OPTIMAL,2026-02-20T21:00:00Z
DMP_VOLVO_FMX_32,Haul Dumper,MINE_KANDRI_05,ZONE_KND_02,22.3,0.2,None,92.3,OPTIMAL,2026-02-20T23:00:00Z
DRL_ATLAS_ROC_02,Blast Drill Rig,MINE_KANDRI_05,ZONE_KND_01,22.5,0.4,None,90.8,OPTIMAL,2026-02-20T21:00:00Z
EXC_CAT_349_03,Hydraulic Excavator,MINE_MANSAR_06,ZONE_MSR_01,22.4,0.9,None,96.5,OPTIMAL,2026-02-20T21:00:00Z
DMP_BEML_BH35_03,Haul Dumper,MINE_MANSAR_06,ZONE_MSR_01,19.9,2.3,Track shoe tension adjustment,74.6,WARNING,2026-02-20T20:00:00Z
DMP_BEML_BH35_04,Haul Dumper,MINE_MANSAR_06,ZONE_MSR_02,21.8,0.9,None,88.9,OPTIMAL,2026-02-20T22:00:00Z
WTR_TRK_TATA_03,Dust Suppression Bowser,MINE_MANSAR_06,ZONE_MSR_01,23.0,0.1,None,91.6,OPTIMAL,2026-02-20T20:00:00Z
EXC_HIT_ZX470_02,Hydraulic Excavator,MINE_CHIKLA_07,ZONE_CHK_01,22.2,0.5,None,97.3,OPTIMAL,2026-02-20T19:00:00Z
DMP_VOLVO_FMX_41,Haul Dumper,MINE_CHIKLA_07,ZONE_CHK_01,22.7,0.1,None,89.2,OPTIMAL,2026-02-20T22:00:00Z
DMP_VOLVO_FMX_42,Haul Dumper,MINE_CHIKLA_07,ZONE_CHK_02,21.6,1.0,None,90.3,OPTIMAL,2026-02-20T23:00:00Z
DRL_SND_DX800_02,Blast Drill Rig,MINE_CHIKLA_07,ZONE_CHK_01,19.4,2.9,Haul road dust water spraying pause,83.7,WARNING,2026-02-20T20:00:00Z
DOZ_KOM_D155_01,Track-Type Dozer,MINE_CHIKLA_07,ZONE_CHK_05,22.5,0.6,None,94.7,OPTIMAL,2026-02-20T22:00:00Z
EXC_KOM_PC450_04,Hydraulic Excavator,MINE_UKWA_08,ZONE_UKW_01,22.8,0.4,None,90.6,OPTIMAL,2026-02-20T23:00:00Z
DMP_CAT_773E_03,Haul Dumper,MINE_UKWA_08,ZONE_UKW_01,23.0,0.3,None,93.2,OPTIMAL,2026-02-20T22:00:00Z
DMP_CAT_773E_04,Haul Dumper,MINE_UKWA_08,ZONE_UKW_02,22.0,0.8,None,92.6,OPTIMAL,2026-02-20T18:00:00Z
DRL_ATLAS_ROC_03,Blast Drill Rig,MINE_UKWA_08,ZONE_UKW_01,20.9,2.5,Haul road dust water spraying pause,79.0,WARNING,2026-02-20T22:00:00Z
WTR_TRK_TATA_04,Dust Suppression Bowser,MINE_UKWA_08,ZONE_UKW_02,22.7,0.6,None,96.3,OPTIMAL,2026-02-20T19:00:00Z
EXC_HIT_ZX470_01,Hydraulic Excavator,MINE_GUMGAON_02,ZONE_GMG_01,22.9,0.4,None,88.2,OPTIMAL,2026-02-21T19:00:00Z
DMP_CAT_773E_01,Haul Dumper,MINE_GUMGAON_02,ZONE_GMG_01,22.9,0.4,None,93.9,OPTIMAL,2026-02-21T23:00:00Z
DMP_CAT_773E_02,Haul Dumper,MINE_GUMGAON_02,ZONE_GMG_02,19.7,2.8,Haul road dust water spraying pause,72.3,WARNING,2026-02-21T23:00:00Z
DRL_SND_DX800_01,Blast Drill Rig,MINE_GUMGAON_02,ZONE_GMG_02,22.8,0.5,None,93.7,OPTIMAL,2026-02-21T22:00:00Z
EXC_CAT_349_02,Hydraulic Excavator,MINE_TIRODI_03,ZONE_TRD_01,22.0,0.7,None,93.1,OPTIMAL,2026-02-21T19:00:00Z
EXC_KOM_PC300_01,Hydraulic Excavator,MINE_TIRODI_03,ZONE_TRD_02,20.3,3.2,Track shoe tension adjustment,76.8,WARNING,2026-02-21T18:00:00Z
DMP_BEML_BH35_01,Haul Dumper,MINE_TIRODI_03,ZONE_TRD_01,16.0,5.4,Excavator boom cylinder leak,59.8,CRITICAL_MAINTENANCE,2026-02-21T21:00:00Z
DMP_BEML_BH35_02,Haul Dumper,MINE_TIRODI_03,ZONE_TRD_02,22.4,0.2,None,93.1,OPTIMAL,2026-02-21T21:00:00Z
DOZ_CAT_D8R_01,Track-Type Dozer,MINE_TIRODI_03,ZONE_TRD_05,23.0,0.5,None,95.1,OPTIMAL,2026-02-21T18:00:00Z
EXC_HIT_EX1200_01,Hydraulic Mining Shovel,MINE_DONGRI_04,ZONE_DGB_01,22.6,0.5,None,93.2,OPTIMAL,2026-02-21T23:00:00Z
DMP_VOLVO_FMX_21,Haul Dumper,MINE_DONGRI_04,ZONE_DGB_01,22.9,0.2,None,92.5,OPTIMAL,2026-02-21T21:00:00Z
DMP_VOLVO_FMX_22,Haul Dumper,MINE_DONGRI_04,ZONE_DGB_02,21.9,0.8,None,94.6,OPTIMAL,2026-02-21T19:00:00Z
CRU_METSO_C120_01,Primary Jaw Crusher,MINE_DONGRI_04,ZONE_DGB_01,22.2,0.6,None,95.7,OPTIMAL,2026-02-21T21:00:00Z
WTR_TRK_TATA_02,Dust Suppression Bowser,MINE_DONGRI_04,ZONE_DGB_02,21.6,1.8,Air intake filter clogging,77.7,WARNING,2026-02-21T22:00:00Z
EXC_KOM_PC450_03,Hydraulic Excavator,MINE_KANDRI_05,ZONE_KND_01,22.9,0.3,None,97.8,OPTIMAL,2026-02-21T22:00:00Z
DMP_VOLVO_FMX_31,Haul Dumper,MINE_KANDRI_05,ZONE_KND_01,22.9,0.3,None,92.8,OPTIMAL,2026-02-21T18:00:00Z
DMP_VOLVO_FMX_32,Haul Dumper,MINE_KANDRI_05,ZONE_KND_02,21.8,0.8,None,97.8,OPTIMAL,2026-02-21T20:00:00Z
DRL_ATLAS_ROC_02,Blast Drill Rig,MINE_KANDRI_05,ZONE_KND_01,22.6,0.5,None,91.2,OPTIMAL,2026-02-21T21:00:00Z
EXC_CAT_349_03,Hydraulic Excavator,MINE_MANSAR_06,ZONE_MSR_01,22.2,0.6,None,93.8,OPTIMAL,2026-02-21T21:00:00Z
DMP_BEML_BH35_03,Haul Dumper,MINE_MANSAR_06,ZONE_MSR_01,23.0,0.4,None,96.8,OPTIMAL,2026-02-21T19:00:00Z
DMP_BEML_BH35_04,Haul Dumper,MINE_MANSAR_06,ZONE_MSR_02,22.4,0.8,None,92.3,OPTIMAL,2026-02-21T20:00:00Z
WTR_TRK_TATA_03,Dust Suppression Bowser,MINE_MANSAR_06,ZONE_MSR_01,22.6,0.6,None,97.1,OPTIMAL,2026-02-21T19:00:00Z
EXC_HIT_ZX470_02,Hydraulic Excavator,MINE_CHIKLA_07,ZONE_CHK_01,21.6,0.9,None,96.1,OPTIMAL,2026-02-21T18:00:00Z
DMP_VOLVO_FMX_41,Haul Dumper,MINE_CHIKLA_07,ZONE_CHK_01,22.4,0.6,None,95.6,OPTIMAL,2026-02-21T22:00:00Z
DMP_VOLVO_FMX_42,Haul Dumper,MINE_CHIKLA_07,ZONE_CHK_02,22.2,0.4,None,91.7,OPTIMAL,2026-02-21T23:00:00Z
DRL_SND_DX800_02,Blast Drill Rig,MINE_CHIKLA_07,ZONE_CHK_01,22.7,0.7,None,92.4,OPTIMAL,2026-02-21T18:00:00Z
DOZ_KOM_D155_01,Track-Type Dozer,MINE_CHIKLA_07,ZONE_CHK_05,22.5,0.8,None,88.4,OPTIMAL,2026-02-21T22:00:00Z
EXC_KOM_PC450_04,Hydraulic Excavator,MINE_UKWA_08,ZONE_UKW_01,22.4,0.4,None,91.0,OPTIMAL,2026-02-21T19:00:00Z
DMP_CAT_773E_03,Haul Dumper,MINE_UKWA_08,ZONE_UKW_01,23.2,0.2,None,96.5,OPTIMAL,2026-02-21T23:00:00Z
DMP_CAT_773E_04,Haul Dumper,MINE_UKWA_08,ZONE_UKW_02,22.6,0.6,None,90.5,OPTIMAL,2026-02-21T21:00:00Z
DRL_ATLAS_ROC_03,Blast Drill Rig,MINE_UKWA_08,ZONE_UKW_01,20.8,2.4,Fuel refill & shift inspection,75.5,WARNING,2026-02-21T21:00:00Z
WTR_TRK_TATA_04,Dust Suppression Bowser,MINE_UKWA_08,ZONE_UKW_02,22.5,0.7,None,94.3,OPTIMAL,2026-02-21T20:00:00Z
EXC_HIT_ZX470_01,Hydraulic Excavator,MINE_GUMGAON_02,ZONE_GMG_01,22.1,0.9,None,95.4,OPTIMAL,2026-02-22T22:00:00Z
DMP_CAT_773E_01,Haul Dumper,MINE_GUMGAON_02,ZONE_GMG_01,22.0,1.5,Air intake filter clogging,73.9,WARNING,2026-02-22T18:00:00Z
DMP_CAT_773E_02,Haul Dumper,MINE_GUMGAON_02,ZONE_GMG_02,20.8,2.6,Haul road dust water spraying pause,82.0,WARNING,2026-02-22T18:00:00Z
DRL_SND_DX800_01,Blast Drill Rig,MINE_GUMGAON_02,ZONE_GMG_02,22.0,0.8,None,91.9,OPTIMAL,2026-02-22T18:00:00Z
EXC_CAT_349_02,Hydraulic Excavator,MINE_TIRODI_03,ZONE_TRD_01,22.2,0.6,None,96.1,OPTIMAL,2026-02-22T20:00:00Z
EXC_KOM_PC300_01,Hydraulic Excavator,MINE_TIRODI_03,ZONE_TRD_02,14.7,6.9,Drill rotary motor trip,50.5,CRITICAL_MAINTENANCE,2026-02-22T20:00:00Z
DMP_BEML_BH35_01,Haul Dumper,MINE_TIRODI_03,ZONE_TRD_01,21.7,1.0,None,88.3,OPTIMAL,2026-02-22T19:00:00Z
DMP_BEML_BH35_02,Haul Dumper,MINE_TIRODI_03,ZONE_TRD_02,22.3,0.3,None,88.3,OPTIMAL,2026-02-22T23:00:00Z
DOZ_CAT_D8R_01,Track-Type Dozer,MINE_TIRODI_03,ZONE_TRD_05,22.6,0.8,None,96.9,OPTIMAL,2026-02-22T21:00:00Z
EXC_HIT_EX1200_01,Hydraulic Mining Shovel,MINE_DONGRI_04,ZONE_DGB_01,22.5,0.6,None,92.2,OPTIMAL,2026-02-22T21:00:00Z
DMP_VOLVO_FMX_21,Haul Dumper,MINE_DONGRI_04,ZONE_DGB_01,18.9,3.5,Haul road dust water spraying pause,83.0,WARNING,2026-02-22T19:00:00Z
DMP_VOLVO_FMX_22,Haul Dumper,MINE_DONGRI_04,ZONE_DGB_02,22.6,0.1,None,89.3,OPTIMAL,2026-02-22T23:00:00Z
CRU_METSO_C120_01,Primary Jaw Crusher,MINE_DONGRI_04,ZONE_DGB_01,22.4,0.6,None,88.7,OPTIMAL,2026-02-22T19:00:00Z
WTR_TRK_TATA_02,Dust Suppression Bowser,MINE_DONGRI_04,ZONE_DGB_02,22.0,0.6,None,92.9,OPTIMAL,2026-02-22T22:00:00Z
EXC_KOM_PC450_03,Hydraulic Excavator,MINE_KANDRI_05,ZONE_KND_01,19.4,3.2,Haul road dust water spraying pause,75.9,WARNING,2026-02-22T20:00:00Z
DMP_VOLVO_FMX_31,Haul Dumper,MINE_KANDRI_05,ZONE_KND_01,22.6,0.3,None,90.1,OPTIMAL,2026-02-22T20:00:00Z
DMP_VOLVO_FMX_32,Haul Dumper,MINE_KANDRI_05,ZONE_KND_02,22.7,0.4,None,96.8,OPTIMAL,2026-02-22T19:00:00Z
DRL_ATLAS_ROC_02,Blast Drill Rig,MINE_KANDRI_05,ZONE_KND_01,22.9,0.1,None,90.5,OPTIMAL,2026-02-22T19:00:00Z
EXC_CAT_349_03,Hydraulic Excavator,MINE_MANSAR_06,ZONE_MSR_01,19.7,2.7,Fuel refill & shift inspection,80.8,WARNING,2026-02-22T22:00:00Z
DMP_BEML_BH35_03,Haul Dumper,MINE_MANSAR_06,ZONE_MSR_01,22.1,0.8,None,92.9,OPTIMAL,2026-02-22T21:00:00Z
DMP_BEML_BH35_04,Haul Dumper,MINE_MANSAR_06,ZONE_MSR_02,22.4,0.8,None,88.4,OPTIMAL,2026-02-22T19:00:00Z
WTR_TRK_TATA_03,Dust Suppression Bowser,MINE_MANSAR_06,ZONE_MSR_01,22.1,0.9,None,88.0,OPTIMAL,2026-02-22T19:00:00Z
EXC_HIT_ZX470_02,Hydraulic Excavator,MINE_CHIKLA_07,ZONE_CHK_01,22.7,0.1,None,90.1,OPTIMAL,2026-02-22T20:00:00Z
DMP_VOLVO_FMX_41,Haul Dumper,MINE_CHIKLA_07,ZONE_CHK_01,22.7,0.3,None,92.8,OPTIMAL,2026-02-22T19:00:00Z
DMP_VOLVO_FMX_42,Haul Dumper,MINE_CHIKLA_07,ZONE_CHK_02,22.6,0.6,None,95.6,OPTIMAL,2026-02-22T19:00:00Z
DRL_SND_DX800_02,Blast Drill Rig,MINE_CHIKLA_07,ZONE_CHK_01,22.5,0.3,None,95.0,OPTIMAL,2026-02-22T20:00:00Z
DOZ_KOM_D155_01,Track-Type Dozer,MINE_CHIKLA_07,ZONE_CHK_05,22.6,0.8,None,88.9,OPTIMAL,2026-02-22T20:00:00Z
EXC_KOM_PC450_04,Hydraulic Excavator,MINE_UKWA_08,ZONE_UKW_01,22.5,0.5,None,96.2,OPTIMAL,2026-02-22T19:00:00Z
DMP_CAT_773E_03,Haul Dumper,MINE_UKWA_08,ZONE_UKW_01,23.5,0.0,None,91.2,OPTIMAL,2026-02-22T19:00:00Z
DMP_CAT_773E_04,Haul Dumper,MINE_UKWA_08,ZONE_UKW_02,22.6,0.4,None,88.5,OPTIMAL,2026-02-22T22:00:00Z
DRL_ATLAS_ROC_03,Blast Drill Rig,MINE_UKWA_08,ZONE_UKW_01,22.7,0.1,None,93.4,OPTIMAL,2026-02-22T19:00:00Z
WTR_TRK_TATA_04,Dust Suppression Bowser,MINE_UKWA_08,ZONE_UKW_02,23.3,0.1,None,88.6,OPTIMAL,2026-02-22T19:00:00Z
EXC_HIT_ZX470_01,Hydraulic Excavator,MINE_GUMGAON_02,ZONE_GMG_01,23.2,0.2,None,96.0,OPTIMAL,2026-02-23T21:00:00Z
DMP_CAT_773E_01,Haul Dumper,MINE_GUMGAON_02,ZONE_GMG_01,21.0,2.4,Haul road dust water spraying pause,80.1,WARNING,2026-02-23T21:00:00Z
DMP_CAT_773E_02,Haul Dumper,MINE_GUMGAON_02,ZONE_GMG_02,22.9,0.5,None,94.4,OPTIMAL,2026-02-23T23:00:00Z
DRL_SND_DX800_01,Blast Drill Rig,MINE_GUMGAON_02,ZONE_GMG_02,22.5,0.4,None,90.0,OPTIMAL,2026-02-23T23:00:00Z
EXC_CAT_349_02,Hydraulic Excavator,MINE_TIRODI_03,ZONE_TRD_01,22.6,0.2,None,88.1,OPTIMAL,2026-02-23T18:00:00Z
EXC_KOM_PC300_01,Hydraulic Excavator,MINE_TIRODI_03,ZONE_TRD_02,22.8,0.2,None,96.7,OPTIMAL,2026-02-23T23:00:00Z
DMP_BEML_BH35_01,Haul Dumper,MINE_TIRODI_03,ZONE_TRD_01,22.1,0.7,None,97.2,OPTIMAL,2026-02-23T19:00:00Z
DMP_BEML_BH35_02,Haul Dumper,MINE_TIRODI_03,ZONE_TRD_02,22.6,0.1,None,88.3,OPTIMAL,2026-02-23T21:00:00Z
DOZ_CAT_D8R_01,Track-Type Dozer,MINE_TIRODI_03,ZONE_TRD_05,21.3,1.7,Air intake filter clogging,79.1,WARNING,2026-02-23T18:00:00Z
EXC_HIT_EX1200_01,Hydraulic Mining Shovel,MINE_DONGRI_04,ZONE_DGB_01,22.9,0.4,None,96.5,OPTIMAL,2026-02-23T22:00:00Z
DMP_VOLVO_FMX_21,Haul Dumper,MINE_DONGRI_04,ZONE_DGB_01,23.4,0.1,None,97.9,OPTIMAL,2026-02-23T19:00:00Z
DMP_VOLVO_FMX_22,Haul Dumper,MINE_DONGRI_04,ZONE_DGB_02,23.1,0.2,None,91.7,OPTIMAL,2026-02-23T19:00:00Z
CRU_METSO_C120_01,Primary Jaw Crusher,MINE_DONGRI_04,ZONE_DGB_01,19.8,2.8,Track shoe tension adjustment,72.6,WARNING,2026-02-23T18:00:00Z
WTR_TRK_TATA_02,Dust Suppression Bowser,MINE_DONGRI_04,ZONE_DGB_02,23.0,0.3,None,89.0,OPTIMAL,2026-02-23T19:00:00Z
EXC_KOM_PC450_03,Hydraulic Excavator,MINE_KANDRI_05,ZONE_KND_01,22.0,0.5,None,89.2,OPTIMAL,2026-02-23T19:00:00Z
DMP_VOLVO_FMX_31,Haul Dumper,MINE_KANDRI_05,ZONE_KND_01,22.4,0.3,None,92.1,OPTIMAL,2026-02-23T20:00:00Z
DMP_VOLVO_FMX_32,Haul Dumper,MINE_KANDRI_05,ZONE_KND_02,22.9,0.2,None,95.7,OPTIMAL,2026-02-23T20:00:00Z
DRL_ATLAS_ROC_02,Blast Drill Rig,MINE_KANDRI_05,ZONE_KND_01,23.2,0.0,None,93.1,OPTIMAL,2026-02-23T21:00:00Z
EXC_CAT_349_03,Hydraulic Excavator,MINE_MANSAR_06,ZONE_MSR_01,22.6,0.1,None,97.5,OPTIMAL,2026-02-23T19:00:00Z
DMP_BEML_BH35_03,Haul Dumper,MINE_MANSAR_06,ZONE_MSR_01,22.2,0.7,None,96.7,OPTIMAL,2026-02-23T19:00:00Z
DMP_BEML_BH35_04,Haul Dumper,MINE_MANSAR_06,ZONE_MSR_02,22.5,0.6,None,94.2,OPTIMAL,2026-02-23T19:00:00Z
WTR_TRK_TATA_03,Dust Suppression Bowser,MINE_MANSAR_06,ZONE_MSR_01,22.7,0.1,None,98.0,OPTIMAL,2026-02-23T21:00:00Z
EXC_HIT_ZX470_02,Hydraulic Excavator,MINE_CHIKLA_07,ZONE_CHK_01,22.4,0.8,None,95.6,OPTIMAL,2026-02-23T21:00:00Z
DMP_VOLVO_FMX_41,Haul Dumper,MINE_CHIKLA_07,ZONE_CHK_01,22.7,0.2,None,88.6,OPTIMAL,2026-02-23T21:00:00Z
DMP_VOLVO_FMX_42,Haul Dumper,MINE_CHIKLA_07,ZONE_CHK_02,19.6,2.4,Fuel refill & shift inspection,74.6,WARNING,2026-02-23T22:00:00Z
DRL_SND_DX800_02,Blast Drill Rig,MINE_CHIKLA_07,ZONE_CHK_01,21.8,0.9,None,97.5,OPTIMAL,2026-02-23T21:00:00Z
DOZ_KOM_D155_01,Track-Type Dozer,MINE_CHIKLA_07,ZONE_CHK_05,23.1,0.2,None,93.8,OPTIMAL,2026-02-23T23:00:00Z
EXC_KOM_PC450_04,Hydraulic Excavator,MINE_UKWA_08,ZONE_UKW_01,21.8,0.8,None,93.8,OPTIMAL,2026-02-23T20:00:00Z
DMP_CAT_773E_03,Haul Dumper,MINE_UKWA_08,ZONE_UKW_01,22.4,0.2,None,95.5,OPTIMAL,2026-02-23T21:00:00Z
DMP_CAT_773E_04,Haul Dumper,MINE_UKWA_08,ZONE_UKW_02,22.9,0.3,None,88.8,OPTIMAL,2026-02-23T23:00:00Z
DRL_ATLAS_ROC_03,Blast Drill Rig,MINE_UKWA_08,ZONE_UKW_01,21.6,0.9,None,95.4,OPTIMAL,2026-02-23T22:00:00Z
WTR_TRK_TATA_04,Dust Suppression Bowser,MINE_UKWA_08,ZONE_UKW_02,22.6,0.2,None,92.1,OPTIMAL,2026-02-23T20:00:00Z
EXC_HIT_ZX470_01,Hydraulic Excavator,MINE_GUMGAON_02,ZONE_GMG_01,22.8,0.7,None,95.8,OPTIMAL,2026-02-24T21:00:00Z
DMP_CAT_773E_01,Haul Dumper,MINE_GUMGAON_02,ZONE_GMG_01,22.3,0.6,None,90.4,OPTIMAL,2026-02-24T22:00:00Z
DMP_CAT_773E_02,Haul Dumper,MINE_GUMGAON_02,ZONE_GMG_02,22.6,0.8,None,89.0,OPTIMAL,2026-02-24T19:00:00Z
DRL_SND_DX800_01,Blast Drill Rig,MINE_GUMGAON_02,ZONE_GMG_02,22.5,0.1,None,93.2,OPTIMAL,2026-02-24T19:00:00Z
EXC_CAT_349_02,Hydraulic Excavator,MINE_TIRODI_03,ZONE_TRD_01,20.8,2.0,Air intake filter clogging,74.5,WARNING,2026-02-24T21:00:00Z
EXC_KOM_PC300_01,Hydraulic Excavator,MINE_TIRODI_03,ZONE_TRD_02,21.9,0.8,None,97.4,OPTIMAL,2026-02-24T20:00:00Z
DMP_BEML_BH35_01,Haul Dumper,MINE_TIRODI_03,ZONE_TRD_01,22.4,0.5,None,95.1,OPTIMAL,2026-02-24T22:00:00Z
DMP_BEML_BH35_02,Haul Dumper,MINE_TIRODI_03,ZONE_TRD_02,23.0,0.3,None,89.3,OPTIMAL,2026-02-24T18:00:00Z
DOZ_CAT_D8R_01,Track-Type Dozer,MINE_TIRODI_03,ZONE_TRD_05,22.5,0.2,None,95.8,OPTIMAL,2026-02-24T21:00:00Z
EXC_HIT_EX1200_01,Hydraulic Mining Shovel,MINE_DONGRI_04,ZONE_DGB_01,23.1,0.3,None,93.8,OPTIMAL,2026-02-24T23:00:00Z
DMP_VOLVO_FMX_21,Haul Dumper,MINE_DONGRI_04,ZONE_DGB_01,22.4,0.3,None,90.1,OPTIMAL,2026-02-24T19:00:00Z
DMP_VOLVO_FMX_22,Haul Dumper,MINE_DONGRI_04,ZONE_DGB_02,22.2,0.7,None,96.1,OPTIMAL,2026-02-24T23:00:00Z
CRU_METSO_C120_01,Primary Jaw Crusher,MINE_DONGRI_04,ZONE_DGB_01,20.3,2.3,Track shoe tension adjustment,78.1,WARNING,2026-02-24T23:00:00Z
WTR_TRK_TATA_02,Dust Suppression Bowser,MINE_DONGRI_04,ZONE_DGB_02,22.4,0.7,None,90.9,OPTIMAL,2026-02-24T21:00:00Z
EXC_KOM_PC450_03,Hydraulic Excavator,MINE_KANDRI_05,ZONE_KND_01,22.5,1.0,None,94.8,OPTIMAL,2026-02-24T22:00:00Z
DMP_VOLVO_FMX_31,Haul Dumper,MINE_KANDRI_05,ZONE_KND_01,22.9,0.6,None,97.6,OPTIMAL,2026-02-24T18:00:00Z
DMP_VOLVO_FMX_32,Haul Dumper,MINE_KANDRI_05,ZONE_KND_02,22.8,0.6,None,95.8,OPTIMAL,2026-02-24T19:00:00Z
DRL_ATLAS_ROC_02,Blast Drill Rig,MINE_KANDRI_05,ZONE_KND_01,22.1,0.6,None,88.8,OPTIMAL,2026-02-24T19:00:00Z
EXC_CAT_349_03,Hydraulic Excavator,MINE_MANSAR_06,ZONE_MSR_01,22.4,0.2,None,92.2,OPTIMAL,2026-02-24T21:00:00Z
DMP_BEML_BH35_03,Haul Dumper,MINE_MANSAR_06,ZONE_MSR_01,22.3,0.7,None,89.0,OPTIMAL,2026-02-24T18:00:00Z
DMP_BEML_BH35_04,Haul Dumper,MINE_MANSAR_06,ZONE_MSR_02,22.7,0.7,None,88.6,OPTIMAL,2026-02-24T18:00:00Z
WTR_TRK_TATA_03,Dust Suppression Bowser,MINE_MANSAR_06,ZONE_MSR_01,23.2,0.2,None,90.5,OPTIMAL,2026-02-24T22:00:00Z
EXC_HIT_ZX470_02,Hydraulic Excavator,MINE_CHIKLA_07,ZONE_CHK_01,21.9,1.0,None,95.1,OPTIMAL,2026-02-24T23:00:00Z
DMP_VOLVO_FMX_41,Haul Dumper,MINE_CHIKLA_07,ZONE_CHK_01,23.2,0.0,None,97.0,OPTIMAL,2026-02-24T19:00:00Z
DMP_VOLVO_FMX_42,Haul Dumper,MINE_CHIKLA_07,ZONE_CHK_02,19.7,2.6,Fuel refill & shift inspection,77.0,WARNING,2026-02-24T18:00:00Z
DRL_SND_DX800_02,Blast Drill Rig,MINE_CHIKLA_07,ZONE_CHK_01,22.5,0.0,None,96.8,OPTIMAL,2026-02-24T22:00:00Z
DOZ_KOM_D155_01,Track-Type Dozer,MINE_CHIKLA_07,ZONE_CHK_05,16.3,5.0,Engine cooling circuit rupture,52.0,CRITICAL_MAINTENANCE,2026-02-24T23:00:00Z
EXC_KOM_PC450_04,Hydraulic Excavator,MINE_UKWA_08,ZONE_UKW_01,23.0,0.3,None,88.6,OPTIMAL,2026-02-24T20:00:00Z
DMP_CAT_773E_03,Haul Dumper,MINE_UKWA_08,ZONE_UKW_01,22.2,0.7,None,94.7,OPTIMAL,2026-02-24T21:00:00Z
DMP_CAT_773E_04,Haul Dumper,MINE_UKWA_08,ZONE_UKW_02,22.5,0.1,None,91.8,OPTIMAL,2026-02-24T18:00:00Z
DRL_ATLAS_ROC_03,Blast Drill Rig,MINE_UKWA_08,ZONE_UKW_01,21.7,0.9,None,95.9,OPTIMAL,2026-02-24T18:00:00Z
WTR_TRK_TATA_04,Dust Suppression Bowser,MINE_UKWA_08,ZONE_UKW_02,22.2,0.7,None,91.1,OPTIMAL,2026-02-24T18:00:00Z
EXC_HIT_ZX470_01,Hydraulic Excavator,MINE_GUMGAON_02,ZONE_GMG_01,22.1,0.5,None,89.6,OPTIMAL,2026-02-25T22:00:00Z
DMP_CAT_773E_01,Haul Dumper,MINE_GUMGAON_02,ZONE_GMG_01,23.1,0.3,None,96.4,OPTIMAL,2026-02-25T21:00:00Z
DMP_CAT_773E_02,Haul Dumper,MINE_GUMGAON_02,ZONE_GMG_02,22.9,0.1,None,95.0,OPTIMAL,2026-02-25T22:00:00Z
DRL_SND_DX800_01,Blast Drill Rig,MINE_GUMGAON_02,ZONE_GMG_02,22.3,0.8,None,91.8,OPTIMAL,2026-02-25T21:00:00Z
EXC_CAT_349_02,Hydraulic Excavator,MINE_TIRODI_03,ZONE_TRD_01,19.5,2.6,Fuel refill & shift inspection,72.5,WARNING,2026-02-25T20:00:00Z
EXC_KOM_PC300_01,Hydraulic Excavator,MINE_TIRODI_03,ZONE_TRD_02,19.8,3.5,Haul road dust water spraying pause,78.9,WARNING,2026-02-25T19:00:00Z
DMP_BEML_BH35_01,Haul Dumper,MINE_TIRODI_03,ZONE_TRD_01,22.3,0.3,None,88.8,OPTIMAL,2026-02-25T19:00:00Z
DMP_BEML_BH35_02,Haul Dumper,MINE_TIRODI_03,ZONE_TRD_02,22.8,0.3,None,94.6,OPTIMAL,2026-02-25T23:00:00Z
DOZ_CAT_D8R_01,Track-Type Dozer,MINE_TIRODI_03,ZONE_TRD_05,19.7,2.6,Haul road dust water spraying pause,76.0,WARNING,2026-02-25T19:00:00Z
EXC_HIT_EX1200_01,Hydraulic Mining Shovel,MINE_DONGRI_04,ZONE_DGB_01,23.1,0.3,None,89.4,OPTIMAL,2026-02-25T20:00:00Z
DMP_VOLVO_FMX_21,Haul Dumper,MINE_DONGRI_04,ZONE_DGB_01,22.7,0.1,None,93.8,OPTIMAL,2026-02-25T22:00:00Z
DMP_VOLVO_FMX_22,Haul Dumper,MINE_DONGRI_04,ZONE_DGB_02,22.1,0.5,None,92.3,OPTIMAL,2026-02-25T22:00:00Z
CRU_METSO_C120_01,Primary Jaw Crusher,MINE_DONGRI_04,ZONE_DGB_01,22.4,0.9,None,88.6,OPTIMAL,2026-02-25T20:00:00Z
WTR_TRK_TATA_02,Dust Suppression Bowser,MINE_DONGRI_04,ZONE_DGB_02,22.5,0.7,None,92.5,OPTIMAL,2026-02-25T23:00:00Z
EXC_KOM_PC450_03,Hydraulic Excavator,MINE_KANDRI_05,ZONE_KND_01,22.6,0.4,None,96.9,OPTIMAL,2026-02-25T19:00:00Z
DMP_VOLVO_FMX_31,Haul Dumper,MINE_KANDRI_05,ZONE_KND_01,22.6,0.5,None,89.3,OPTIMAL,2026-02-25T23:00:00Z
DMP_VOLVO_FMX_32,Haul Dumper,MINE_KANDRI_05,ZONE_KND_02,22.3,0.3,None,92.8,OPTIMAL,2026-02-25T23:00:00Z
DRL_ATLAS_ROC_02,Blast Drill Rig,MINE_KANDRI_05,ZONE_KND_01,12.7,8.5,Excavator boom cylinder leak,50.2,CRITICAL_MAINTENANCE,2026-02-25T18:00:00Z
EXC_CAT_349_03,Hydraulic Excavator,MINE_MANSAR_06,ZONE_MSR_01,21.9,0.6,None,96.6,OPTIMAL,2026-02-25T20:00:00Z
DMP_BEML_BH35_03,Haul Dumper,MINE_MANSAR_06,ZONE_MSR_01,15.1,6.3,Hydraulic pump seal burst,65.5,CRITICAL_MAINTENANCE,2026-02-25T23:00:00Z
DMP_BEML_BH35_04,Haul Dumper,MINE_MANSAR_06,ZONE_MSR_02,22.9,0.5,None,90.7,OPTIMAL,2026-02-25T18:00:00Z
WTR_TRK_TATA_03,Dust Suppression Bowser,MINE_MANSAR_06,ZONE_MSR_01,23.1,0.0,None,89.9,OPTIMAL,2026-02-25T23:00:00Z
EXC_HIT_ZX470_02,Hydraulic Excavator,MINE_CHIKLA_07,ZONE_CHK_01,22.5,0.8,None,90.3,OPTIMAL,2026-02-25T22:00:00Z
DMP_VOLVO_FMX_41,Haul Dumper,MINE_CHIKLA_07,ZONE_CHK_01,23.3,0.2,None,90.8,OPTIMAL,2026-02-25T20:00:00Z
DMP_VOLVO_FMX_42,Haul Dumper,MINE_CHIKLA_07,ZONE_CHK_02,22.5,0.4,None,94.0,OPTIMAL,2026-02-25T18:00:00Z
DRL_SND_DX800_02,Blast Drill Rig,MINE_CHIKLA_07,ZONE_CHK_01,14.5,7.4,Hydraulic pump seal burst,57.0,CRITICAL_MAINTENANCE,2026-02-25T19:00:00Z
DOZ_KOM_D155_01,Track-Type Dozer,MINE_CHIKLA_07,ZONE_CHK_05,21.9,0.7,None,91.5,OPTIMAL,2026-02-25T18:00:00Z
EXC_KOM_PC450_04,Hydraulic Excavator,MINE_UKWA_08,ZONE_UKW_01,22.9,0.3,None,95.8,OPTIMAL,2026-02-25T21:00:00Z
DMP_CAT_773E_03,Haul Dumper,MINE_UKWA_08,ZONE_UKW_01,22.3,0.6,None,97.2,OPTIMAL,2026-02-25T18:00:00Z
DMP_CAT_773E_04,Haul Dumper,MINE_UKWA_08,ZONE_UKW_02,22.7,0.1,None,94.6,OPTIMAL,2026-02-25T21:00:00Z
DRL_ATLAS_ROC_03,Blast Drill Rig,MINE_UKWA_08,ZONE_UKW_01,19.7,3.0,Track shoe tension adjustment,72.4,WARNING,2026-02-25T18:00:00Z
WTR_TRK_TATA_04,Dust Suppression Bowser,MINE_UKWA_08,ZONE_UKW_02,14.2,7.0,Dumper planetary hub failure,62.2,CRITICAL_MAINTENANCE,2026-02-25T19:00:00Z
EXC_HIT_ZX470_01,Hydraulic Excavator,MINE_GUMGAON_02,ZONE_GMG_01,22.5,0.9,None,95.6,OPTIMAL,2026-02-26T18:00:00Z
DMP_CAT_773E_01,Haul Dumper,MINE_GUMGAON_02,ZONE_GMG_01,22.6,0.5,None,92.5,OPTIMAL,2026-02-26T23:00:00Z
DMP_CAT_773E_02,Haul Dumper,MINE_GUMGAON_02,ZONE_GMG_02,23.4,0.0,None,93.1,OPTIMAL,2026-02-26T22:00:00Z
DRL_SND_DX800_01,Blast Drill Rig,MINE_GUMGAON_02,ZONE_GMG_02,22.3,0.4,None,93.0,OPTIMAL,2026-02-26T22:00:00Z
EXC_CAT_349_02,Hydraulic Excavator,MINE_TIRODI_03,ZONE_TRD_01,22.6,0.7,None,93.6,OPTIMAL,2026-02-26T18:00:00Z
EXC_KOM_PC300_01,Hydraulic Excavator,MINE_TIRODI_03,ZONE_TRD_02,19.5,3.1,Fuel refill & shift inspection,82.9,WARNING,2026-02-26T20:00:00Z
DMP_BEML_BH35_01,Haul Dumper,MINE_TIRODI_03,ZONE_TRD_01,22.3,0.8,None,93.8,OPTIMAL,2026-02-26T20:00:00Z
DMP_BEML_BH35_02,Haul Dumper,MINE_TIRODI_03,ZONE_TRD_02,21.6,1.0,None,95.8,OPTIMAL,2026-02-26T22:00:00Z
DOZ_CAT_D8R_01,Track-Type Dozer,MINE_TIRODI_03,ZONE_TRD_05,22.7,0.0,None,89.9,OPTIMAL,2026-02-26T23:00:00Z
EXC_HIT_EX1200_01,Hydraulic Mining Shovel,MINE_DONGRI_04,ZONE_DGB_01,13.5,8.4,Dumper planetary hub failure,49.0,CRITICAL_MAINTENANCE,2026-02-26T20:00:00Z
DMP_VOLVO_FMX_21,Haul Dumper,MINE_DONGRI_04,ZONE_DGB_01,22.3,0.8,None,91.8,OPTIMAL,2026-02-26T23:00:00Z
DMP_VOLVO_FMX_22,Haul Dumper,MINE_DONGRI_04,ZONE_DGB_02,16.2,6.3,Dumper planetary hub failure,63.1,CRITICAL_MAINTENANCE,2026-02-26T21:00:00Z
CRU_METSO_C120_01,Primary Jaw Crusher,MINE_DONGRI_04,ZONE_DGB_01,20.7,2.1,Air intake filter clogging,73.1,WARNING,2026-02-26T21:00:00Z
WTR_TRK_TATA_02,Dust Suppression Bowser,MINE_DONGRI_04,ZONE_DGB_02,20.0,2.7,Air intake filter clogging,73.7,WARNING,2026-02-26T23:00:00Z
EXC_KOM_PC450_03,Hydraulic Excavator,MINE_KANDRI_05,ZONE_KND_01,15.8,6.4,Engine cooling circuit rupture,60.3,CRITICAL_MAINTENANCE,2026-02-26T21:00:00Z
DMP_VOLVO_FMX_31,Haul Dumper,MINE_KANDRI_05,ZONE_KND_01,22.2,0.8,None,97.1,OPTIMAL,2026-02-26T20:00:00Z
DMP_VOLVO_FMX_32,Haul Dumper,MINE_KANDRI_05,ZONE_KND_02,22.3,0.5,None,90.4,OPTIMAL,2026-02-26T19:00:00Z
DRL_ATLAS_ROC_02,Blast Drill Rig,MINE_KANDRI_05,ZONE_KND_01,23.2,0.3,None,88.3,OPTIMAL,2026-02-26T18:00:00Z
EXC_CAT_349_03,Hydraulic Excavator,MINE_MANSAR_06,ZONE_MSR_01,23.1,0.1,None,90.5,OPTIMAL,2026-02-26T21:00:00Z
DMP_BEML_BH35_03,Haul Dumper,MINE_MANSAR_06,ZONE_MSR_01,22.7,0.3,None,96.5,OPTIMAL,2026-02-26T22:00:00Z
DMP_BEML_BH35_04,Haul Dumper,MINE_MANSAR_06,ZONE_MSR_02,22.1,0.8,None,91.8,OPTIMAL,2026-02-26T19:00:00Z
WTR_TRK_TATA_03,Dust Suppression Bowser,MINE_MANSAR_06,ZONE_MSR_01,22.4,0.1,None,90.1,OPTIMAL,2026-02-26T23:00:00Z
EXC_HIT_ZX470_02,Hydraulic Excavator,MINE_CHIKLA_07,ZONE_CHK_01,22.5,0.7,None,89.8,OPTIMAL,2026-02-26T19:00:00Z
DMP_VOLVO_FMX_41,Haul Dumper,MINE_CHIKLA_07,ZONE_CHK_01,22.2,0.5,None,93.3,OPTIMAL,2026-02-26T19:00:00Z
DMP_VOLVO_FMX_42,Haul Dumper,MINE_CHIKLA_07,ZONE_CHK_02,14.0,7.8,Engine cooling circuit rupture,55.8,CRITICAL_MAINTENANCE,2026-02-26T22:00:00Z
DRL_SND_DX800_02,Blast Drill Rig,MINE_CHIKLA_07,ZONE_CHK_01,22.0,0.5,None,94.0,OPTIMAL,2026-02-26T19:00:00Z
DOZ_KOM_D155_01,Track-Type Dozer,MINE_CHIKLA_07,ZONE_CHK_05,14.7,6.4,Hydraulic pump seal burst,51.5,CRITICAL_MAINTENANCE,2026-02-26T20:00:00Z
EXC_KOM_PC450_04,Hydraulic Excavator,MINE_UKWA_08,ZONE_UKW_01,22.2,0.9,None,90.1,OPTIMAL,2026-02-26T18:00:00Z
DMP_CAT_773E_03,Haul Dumper,MINE_UKWA_08,ZONE_UKW_01,21.9,0.8,None,97.7,OPTIMAL,2026-02-26T18:00:00Z
DMP_CAT_773E_04,Haul Dumper,MINE_UKWA_08,ZONE_UKW_02,22.7,0.5,None,95.8,OPTIMAL,2026-02-26T20:00:00Z
DRL_ATLAS_ROC_03,Blast Drill Rig,MINE_UKWA_08,ZONE_UKW_01,15.5,6.2,Engine cooling circuit rupture,49.0,CRITICAL_MAINTENANCE,2026-02-26T19:00:00Z
WTR_TRK_TATA_04,Dust Suppression Bowser,MINE_UKWA_08,ZONE_UKW_02,22.4,0.6,None,92.9,OPTIMAL,2026-02-26T22:00:00Z
EXC_HIT_ZX470_01,Hydraulic Excavator,MINE_GUMGAON_02,ZONE_GMG_01,20.9,1.5,Fuel refill & shift inspection,79.8,WARNING,2026-02-27T18:00:00Z
DMP_CAT_773E_01,Haul Dumper,MINE_GUMGAON_02,ZONE_GMG_01,22.5,0.3,None,94.8,OPTIMAL,2026-02-27T23:00:00Z
DMP_CAT_773E_02,Haul Dumper,MINE_GUMGAON_02,ZONE_GMG_02,22.1,0.4,None,91.1,OPTIMAL,2026-02-27T23:00:00Z
DRL_SND_DX800_01,Blast Drill Rig,MINE_GUMGAON_02,ZONE_GMG_02,22.6,0.8,None,88.0,OPTIMAL,2026-02-27T20:00:00Z
EXC_CAT_349_02,Hydraulic Excavator,MINE_TIRODI_03,ZONE_TRD_01,23.2,0.1,None,97.6,OPTIMAL,2026-02-27T23:00:00Z
EXC_KOM_PC300_01,Hydraulic Excavator,MINE_TIRODI_03,ZONE_TRD_02,21.9,0.8,None,90.8,OPTIMAL,2026-02-27T21:00:00Z
DMP_BEML_BH35_01,Haul Dumper,MINE_TIRODI_03,ZONE_TRD_01,22.3,0.8,None,95.8,OPTIMAL,2026-02-27T18:00:00Z
DMP_BEML_BH35_02,Haul Dumper,MINE_TIRODI_03,ZONE_TRD_02,22.4,0.4,None,95.0,OPTIMAL,2026-02-27T18:00:00Z
DOZ_CAT_D8R_01,Track-Type Dozer,MINE_TIRODI_03,ZONE_TRD_05,22.1,1.0,None,92.2,OPTIMAL,2026-02-27T21:00:00Z
EXC_HIT_EX1200_01,Hydraulic Mining Shovel,MINE_DONGRI_04,ZONE_DGB_01,22.2,0.7,None,95.6,OPTIMAL,2026-02-27T18:00:00Z
DMP_VOLVO_FMX_21,Haul Dumper,MINE_DONGRI_04,ZONE_DGB_01,23.2,0.2,None,95.0,OPTIMAL,2026-02-27T20:00:00Z
DMP_VOLVO_FMX_22,Haul Dumper,MINE_DONGRI_04,ZONE_DGB_02,19.5,2.8,Air intake filter clogging,79.5,WARNING,2026-02-27T19:00:00Z
CRU_METSO_C120_01,Primary Jaw Crusher,MINE_DONGRI_04,ZONE_DGB_01,22.5,0.4,None,94.8,OPTIMAL,2026-02-27T21:00:00Z
WTR_TRK_TATA_02,Dust Suppression Bowser,MINE_DONGRI_04,ZONE_DGB_02,15.7,6.4,Excavator boom cylinder leak,54.7,CRITICAL_MAINTENANCE,2026-02-27T19:00:00Z
EXC_KOM_PC450_03,Hydraulic Excavator,MINE_KANDRI_05,ZONE_KND_01,22.4,0.5,None,88.7,OPTIMAL,2026-02-27T19:00:00Z
DMP_VOLVO_FMX_31,Haul Dumper,MINE_KANDRI_05,ZONE_KND_01,22.2,0.7,None,91.7,OPTIMAL,2026-02-27T19:00:00Z
DMP_VOLVO_FMX_32,Haul Dumper,MINE_KANDRI_05,ZONE_KND_02,21.2,2.1,Track shoe tension adjustment,75.7,WARNING,2026-02-27T18:00:00Z
DRL_ATLAS_ROC_02,Blast Drill Rig,MINE_KANDRI_05,ZONE_KND_01,16.0,6.3,Engine cooling circuit rupture,66.2,CRITICAL_MAINTENANCE,2026-02-27T22:00:00Z
EXC_CAT_349_03,Hydraulic Excavator,MINE_MANSAR_06,ZONE_MSR_01,21.9,0.9,None,88.7,OPTIMAL,2026-02-27T19:00:00Z
DMP_BEML_BH35_03,Haul Dumper,MINE_MANSAR_06,ZONE_MSR_01,22.3,0.7,None,91.8,OPTIMAL,2026-02-27T22:00:00Z
DMP_BEML_BH35_04,Haul Dumper,MINE_MANSAR_06,ZONE_MSR_02,22.2,0.8,None,90.6,OPTIMAL,2026-02-27T21:00:00Z
WTR_TRK_TATA_03,Dust Suppression Bowser,MINE_MANSAR_06,ZONE_MSR_01,22.4,0.7,None,93.7,OPTIMAL,2026-02-27T20:00:00Z
EXC_HIT_ZX470_02,Hydraulic Excavator,MINE_CHIKLA_07,ZONE_CHK_01,23.3,0.1,None,95.8,OPTIMAL,2026-02-27T23:00:00Z
DMP_VOLVO_FMX_41,Haul Dumper,MINE_CHIKLA_07,ZONE_CHK_01,22.5,0.8,None,92.3,OPTIMAL,2026-02-27T20:00:00Z
DMP_VOLVO_FMX_42,Haul Dumper,MINE_CHIKLA_07,ZONE_CHK_02,22.5,0.8,None,96.9,OPTIMAL,2026-02-27T18:00:00Z
DRL_SND_DX800_02,Blast Drill Rig,MINE_CHIKLA_07,ZONE_CHK_01,22.2,1.0,None,91.5,OPTIMAL,2026-02-27T19:00:00Z
DOZ_KOM_D155_01,Track-Type Dozer,MINE_CHIKLA_07,ZONE_CHK_05,22.5,0.7,None,95.5,OPTIMAL,2026-02-27T22:00:00Z
EXC_KOM_PC450_04,Hydraulic Excavator,MINE_UKWA_08,ZONE_UKW_01,22.5,0.5,None,93.9,OPTIMAL,2026-02-27T19:00:00Z
DMP_CAT_773E_03,Haul Dumper,MINE_UKWA_08,ZONE_UKW_01,22.2,0.6,None,96.3,OPTIMAL,2026-02-27T18:00:00Z
DMP_CAT_773E_04,Haul Dumper,MINE_UKWA_08,ZONE_UKW_02,22.2,0.3,None,93.8,OPTIMAL,2026-02-27T22:00:00Z
DRL_ATLAS_ROC_03,Blast Drill Rig,MINE_UKWA_08,ZONE_UKW_01,21.7,0.9,None,89.4,OPTIMAL,2026-02-27T23:00:00Z
WTR_TRK_TATA_04,Dust Suppression Bowser,MINE_UKWA_08,ZONE_UKW_02,23.0,0.1,None,92.2,OPTIMAL,2026-02-27T21:00:00Z
EXC_HIT_ZX470_01,Hydraulic Excavator,MINE_GUMGAON_02,ZONE_GMG_01,22.1,0.7,None,94.1,OPTIMAL,2026-02-28T22:00:00Z
DMP_CAT_773E_01,Haul Dumper,MINE_GUMGAON_02,ZONE_GMG_01,21.7,0.9,None,88.7,OPTIMAL,2026-02-28T22:00:00Z
DMP_CAT_773E_02,Haul Dumper,MINE_GUMGAON_02,ZONE_GMG_02,22.3,0.8,None,88.0,OPTIMAL,2026-02-28T19:00:00Z
DRL_SND_DX800_01,Blast Drill Rig,MINE_GUMGAON_02,ZONE_GMG_02,22.4,0.5,None,96.6,OPTIMAL,2026-02-28T23:00:00Z
EXC_CAT_349_02,Hydraulic Excavator,MINE_TIRODI_03,ZONE_TRD_01,22.9,0.3,None,92.9,OPTIMAL,2026-02-28T22:00:00Z
EXC_KOM_PC300_01,Hydraulic Excavator,MINE_TIRODI_03,ZONE_TRD_02,22.2,0.4,None,90.9,OPTIMAL,2026-02-28T23:00:00Z
DMP_BEML_BH35_01,Haul Dumper,MINE_TIRODI_03,ZONE_TRD_01,20.6,2.0,Haul road dust water spraying pause,73.6,WARNING,2026-02-28T21:00:00Z
DMP_BEML_BH35_02,Haul Dumper,MINE_TIRODI_03,ZONE_TRD_02,21.7,0.9,None,95.7,OPTIMAL,2026-02-28T19:00:00Z
DOZ_CAT_D8R_01,Track-Type Dozer,MINE_TIRODI_03,ZONE_TRD_05,23.2,0.2,None,93.7,OPTIMAL,2026-02-28T23:00:00Z
EXC_HIT_EX1200_01,Hydraulic Mining Shovel,MINE_DONGRI_04,ZONE_DGB_01,19.5,3.3,Fuel refill & shift inspection,81.2,WARNING,2026-02-28T18:00:00Z
DMP_VOLVO_FMX_21,Haul Dumper,MINE_DONGRI_04,ZONE_DGB_01,23.2,0.2,None,96.6,OPTIMAL,2026-02-28T22:00:00Z
DMP_VOLVO_FMX_22,Haul Dumper,MINE_DONGRI_04,ZONE_DGB_02,21.7,1.6,Air intake filter clogging,81.5,WARNING,2026-02-28T18:00:00Z
CRU_METSO_C120_01,Primary Jaw Crusher,MINE_DONGRI_04,ZONE_DGB_01,21.9,0.9,None,93.2,OPTIMAL,2026-02-28T22:00:00Z
WTR_TRK_TATA_02,Dust Suppression Bowser,MINE_DONGRI_04,ZONE_DGB_02,21.9,0.8,None,96.7,OPTIMAL,2026-02-28T19:00:00Z
EXC_KOM_PC450_03,Hydraulic Excavator,MINE_KANDRI_05,ZONE_KND_01,22.6,0.4,None,93.8,OPTIMAL,2026-02-28T18:00:00Z
DMP_VOLVO_FMX_31,Haul Dumper,MINE_KANDRI_05,ZONE_KND_01,21.9,0.9,None,94.1,OPTIMAL,2026-02-28T21:00:00Z
DMP_VOLVO_FMX_32,Haul Dumper,MINE_KANDRI_05,ZONE_KND_02,22.4,0.7,None,96.5,OPTIMAL,2026-02-28T23:00:00Z
DRL_ATLAS_ROC_02,Blast Drill Rig,MINE_KANDRI_05,ZONE_KND_01,22.8,0.3,None,97.2,OPTIMAL,2026-02-28T19:00:00Z
EXC_CAT_349_03,Hydraulic Excavator,MINE_MANSAR_06,ZONE_MSR_01,14.2,8.2,Hydraulic pump seal burst,62.3,CRITICAL_MAINTENANCE,2026-02-28T18:00:00Z
DMP_BEML_BH35_03,Haul Dumper,MINE_MANSAR_06,ZONE_MSR_01,22.1,0.6,None,88.9,OPTIMAL,2026-02-28T22:00:00Z
DMP_BEML_BH35_04,Haul Dumper,MINE_MANSAR_06,ZONE_MSR_02,21.7,0.8,None,96.7,OPTIMAL,2026-02-28T18:00:00Z
WTR_TRK_TATA_03,Dust Suppression Bowser,MINE_MANSAR_06,ZONE_MSR_01,22.6,0.4,None,95.9,OPTIMAL,2026-02-28T22:00:00Z
EXC_HIT_ZX470_02,Hydraulic Excavator,MINE_CHIKLA_07,ZONE_CHK_01,22.4,0.6,None,88.5,OPTIMAL,2026-02-28T22:00:00Z
DMP_VOLVO_FMX_41,Haul Dumper,MINE_CHIKLA_07,ZONE_CHK_01,22.0,0.8,None,90.9,OPTIMAL,2026-02-28T23:00:00Z
DMP_VOLVO_FMX_42,Haul Dumper,MINE_CHIKLA_07,ZONE_CHK_02,23.1,0.3,None,92.1,OPTIMAL,2026-02-28T22:00:00Z
DRL_SND_DX800_02,Blast Drill Rig,MINE_CHIKLA_07,ZONE_CHK_01,22.5,0.8,None,94.3,OPTIMAL,2026-02-28T18:00:00Z
DOZ_KOM_D155_01,Track-Type Dozer,MINE_CHIKLA_07,ZONE_CHK_05,22.5,0.5,None,91.5,OPTIMAL,2026-02-28T18:00:00Z
EXC_KOM_PC450_04,Hydraulic Excavator,MINE_UKWA_08,ZONE_UKW_01,22.6,0.0,None,93.2,OPTIMAL,2026-02-28T20:00:00Z
DMP_CAT_773E_03,Haul Dumper,MINE_UKWA_08,ZONE_UKW_01,22.2,0.5,None,93.5,OPTIMAL,2026-02-28T18:00:00Z
DMP_CAT_773E_04,Haul Dumper,MINE_UKWA_08,ZONE_UKW_02,22.6,0.0,None,95.9,OPTIMAL,2026-02-28T23:00:00Z
DRL_ATLAS_ROC_03,Blast Drill Rig,MINE_UKWA_08,ZONE_UKW_01,22.4,0.5,None,95.0,OPTIMAL,2026-02-28T21:00:00Z
WTR_TRK_TATA_04,Dust Suppression Bowser,MINE_UKWA_08,ZONE_UKW_02,22.9,0.1,None,91.9,OPTIMAL,2026-02-28T22:00:00Z
EXC_HIT_ZX470_01,Hydraulic Excavator,MINE_GUMGAON_02,ZONE_GMG_01,20.2,2.6,Fuel refill & shift inspection,82.0,WARNING,2026-03-01T20:00:00Z
DMP_CAT_773E_01,Haul Dumper,MINE_GUMGAON_02,ZONE_GMG_01,23.1,0.2,None,92.1,OPTIMAL,2026-03-01T21:00:00Z
DMP_CAT_773E_02,Haul Dumper,MINE_GUMGAON_02,ZONE_GMG_02,22.3,0.9,None,97.8,OPTIMAL,2026-03-01T19:00:00Z
DRL_SND_DX800_01,Blast Drill Rig,MINE_GUMGAON_02,ZONE_GMG_02,22.8,0.6,None,91.5,OPTIMAL,2026-03-01T20:00:00Z
EXC_CAT_349_02,Hydraulic Excavator,MINE_TIRODI_03,ZONE_TRD_01,22.7,0.4,None,90.4,OPTIMAL,2026-03-01T19:00:00Z
EXC_KOM_PC300_01,Hydraulic Excavator,MINE_TIRODI_03,ZONE_TRD_02,22.5,0.8,None,89.6,OPTIMAL,2026-03-01T21:00:00Z
DMP_BEML_BH35_01,Haul Dumper,MINE_TIRODI_03,ZONE_TRD_01,19.1,3.3,Track shoe tension adjustment,76.0,WARNING,2026-03-01T18:00:00Z
DMP_BEML_BH35_02,Haul Dumper,MINE_TIRODI_03,ZONE_TRD_02,22.8,0.3,None,93.5,OPTIMAL,2026-03-01T22:00:00Z
DOZ_CAT_D8R_01,Track-Type Dozer,MINE_TIRODI_03,ZONE_TRD_05,20.0,3.2,Haul road dust water spraying pause,73.8,WARNING,2026-03-01T19:00:00Z
EXC_HIT_EX1200_01,Hydraulic Mining Shovel,MINE_DONGRI_04,ZONE_DGB_01,22.5,0.2,None,92.3,OPTIMAL,2026-03-01T22:00:00Z
DMP_VOLVO_FMX_21,Haul Dumper,MINE_DONGRI_04,ZONE_DGB_01,22.6,0.3,None,96.1,OPTIMAL,2026-03-01T23:00:00Z
DMP_VOLVO_FMX_22,Haul Dumper,MINE_DONGRI_04,ZONE_DGB_02,22.2,0.9,None,91.0,OPTIMAL,2026-03-01T18:00:00Z
CRU_METSO_C120_01,Primary Jaw Crusher,MINE_DONGRI_04,ZONE_DGB_01,19.7,2.6,Track shoe tension adjustment,83.3,WARNING,2026-03-01T22:00:00Z
WTR_TRK_TATA_02,Dust Suppression Bowser,MINE_DONGRI_04,ZONE_DGB_02,22.7,0.1,None,88.1,OPTIMAL,2026-03-01T21:00:00Z
EXC_KOM_PC450_03,Hydraulic Excavator,MINE_KANDRI_05,ZONE_KND_01,21.8,0.9,None,97.5,OPTIMAL,2026-03-01T21:00:00Z
DMP_VOLVO_FMX_31,Haul Dumper,MINE_KANDRI_05,ZONE_KND_01,22.4,1.0,None,96.8,OPTIMAL,2026-03-01T22:00:00Z
DMP_VOLVO_FMX_32,Haul Dumper,MINE_KANDRI_05,ZONE_KND_02,22.3,0.7,None,93.0,OPTIMAL,2026-03-01T21:00:00Z
DRL_ATLAS_ROC_02,Blast Drill Rig,MINE_KANDRI_05,ZONE_KND_01,23.0,0.1,None,88.8,OPTIMAL,2026-03-01T18:00:00Z
EXC_CAT_349_03,Hydraulic Excavator,MINE_MANSAR_06,ZONE_MSR_01,14.8,7.9,Dumper planetary hub failure,53.9,CRITICAL_MAINTENANCE,2026-03-01T21:00:00Z
DMP_BEML_BH35_03,Haul Dumper,MINE_MANSAR_06,ZONE_MSR_01,22.7,0.1,None,92.8,OPTIMAL,2026-03-01T23:00:00Z
DMP_BEML_BH35_04,Haul Dumper,MINE_MANSAR_06,ZONE_MSR_02,22.8,0.1,None,97.3,OPTIMAL,2026-03-01T23:00:00Z
WTR_TRK_TATA_03,Dust Suppression Bowser,MINE_MANSAR_06,ZONE_MSR_01,22.2,0.7,None,92.7,OPTIMAL,2026-03-01T21:00:00Z
EXC_HIT_ZX470_02,Hydraulic Excavator,MINE_CHIKLA_07,ZONE_CHK_01,22.8,0.3,None,95.7,OPTIMAL,2026-03-01T21:00:00Z
DMP_VOLVO_FMX_41,Haul Dumper,MINE_CHIKLA_07,ZONE_CHK_01,22.4,0.7,None,96.5,OPTIMAL,2026-03-01T19:00:00Z
DMP_VOLVO_FMX_42,Haul Dumper,MINE_CHIKLA_07,ZONE_CHK_02,22.8,0.0,None,89.5,OPTIMAL,2026-03-01T20:00:00Z
DRL_SND_DX800_02,Blast Drill Rig,MINE_CHIKLA_07,ZONE_CHK_01,22.4,0.4,None,90.0,OPTIMAL,2026-03-01T21:00:00Z
DOZ_KOM_D155_01,Track-Type Dozer,MINE_CHIKLA_07,ZONE_CHK_05,22.5,0.2,None,93.8,OPTIMAL,2026-03-01T20:00:00Z
EXC_KOM_PC450_04,Hydraulic Excavator,MINE_UKWA_08,ZONE_UKW_01,23.5,0.0,None,94.9,OPTIMAL,2026-03-01T21:00:00Z
DMP_CAT_773E_03,Haul Dumper,MINE_UKWA_08,ZONE_UKW_01,22.4,0.8,None,95.9,OPTIMAL,2026-03-01T22:00:00Z
DMP_CAT_773E_04,Haul Dumper,MINE_UKWA_08,ZONE_UKW_02,22.5,0.3,None,89.0,OPTIMAL,2026-03-01T18:00:00Z
DRL_ATLAS_ROC_03,Blast Drill Rig,MINE_UKWA_08,ZONE_UKW_01,23.3,0.2,None,93.0,OPTIMAL,2026-03-01T19:00:00Z
WTR_TRK_TATA_04,Dust Suppression Bowser,MINE_UKWA_08,ZONE_UKW_02,22.1,0.7,None,96.4,OPTIMAL,2026-03-01T20:00:00Z
EXC_HIT_ZX470_01,Hydraulic Excavator,MINE_GUMGAON_02,ZONE_GMG_01,22.4,0.9,None,91.2,OPTIMAL,2026-03-02T22:00:00Z
DMP_CAT_773E_01,Haul Dumper,MINE_GUMGAON_02,ZONE_GMG_01,22.9,0.5,None,89.9,OPTIMAL,2026-03-02T20:00:00Z
DMP_CAT_773E_02,Haul Dumper,MINE_GUMGAON_02,ZONE_GMG_02,23.1,0.1,None,90.4,OPTIMAL,2026-03-02T23:00:00Z
DRL_SND_DX800_01,Blast Drill Rig,MINE_GUMGAON_02,ZONE_GMG_02,22.0,0.6,None,94.8,OPTIMAL,2026-03-02T19:00:00Z
EXC_CAT_349_02,Hydraulic Excavator,MINE_TIRODI_03,ZONE_TRD_01,20.2,1.9,Air intake filter clogging,83.4,WARNING,2026-03-02T23:00:00Z
EXC_KOM_PC300_01,Hydraulic Excavator,MINE_TIRODI_03,ZONE_TRD_02,22.6,0.8,None,91.9,OPTIMAL,2026-03-02T20:00:00Z
DMP_BEML_BH35_01,Haul Dumper,MINE_TIRODI_03,ZONE_TRD_01,21.6,0.9,None,93.0,OPTIMAL,2026-03-02T19:00:00Z
DMP_BEML_BH35_02,Haul Dumper,MINE_TIRODI_03,ZONE_TRD_02,20.6,1.6,Air intake filter clogging,80.1,WARNING,2026-03-02T18:00:00Z
DOZ_CAT_D8R_01,Track-Type Dozer,MINE_TIRODI_03,ZONE_TRD_05,22.7,0.1,None,91.8,OPTIMAL,2026-03-02T18:00:00Z
EXC_HIT_EX1200_01,Hydraulic Mining Shovel,MINE_DONGRI_04,ZONE_DGB_01,22.6,0.6,None,90.1,OPTIMAL,2026-03-02T19:00:00Z
DMP_VOLVO_FMX_21,Haul Dumper,MINE_DONGRI_04,ZONE_DGB_01,19.8,3.4,Air intake filter clogging,72.7,WARNING,2026-03-02T19:00:00Z
DMP_VOLVO_FMX_22,Haul Dumper,MINE_DONGRI_04,ZONE_DGB_02,22.6,0.7,None,94.0,OPTIMAL,2026-03-02T19:00:00Z
CRU_METSO_C120_01,Primary Jaw Crusher,MINE_DONGRI_04,ZONE_DGB_01,20.8,1.6,Air intake filter clogging,79.1,WARNING,2026-03-02T18:00:00Z
WTR_TRK_TATA_02,Dust Suppression Bowser,MINE_DONGRI_04,ZONE_DGB_02,22.0,0.7,None,91.1,OPTIMAL,2026-03-02T22:00:00Z
EXC_KOM_PC450_03,Hydraulic Excavator,MINE_KANDRI_05,ZONE_KND_01,22.0,0.6,None,91.4,OPTIMAL,2026-03-02T20:00:00Z
DMP_VOLVO_FMX_31,Haul Dumper,MINE_KANDRI_05,ZONE_KND_01,21.8,0.9,None,94.2,OPTIMAL,2026-03-02T18:00:00Z
DMP_VOLVO_FMX_32,Haul Dumper,MINE_KANDRI_05,ZONE_KND_02,21.9,0.9,None,94.3,OPTIMAL,2026-03-02T21:00:00Z
DRL_ATLAS_ROC_02,Blast Drill Rig,MINE_KANDRI_05,ZONE_KND_01,22.9,0.4,None,97.2,OPTIMAL,2026-03-02T18:00:00Z
EXC_CAT_349_03,Hydraulic Excavator,MINE_MANSAR_06,ZONE_MSR_01,23.3,0.1,None,94.4,OPTIMAL,2026-03-02T22:00:00Z
DMP_BEML_BH35_03,Haul Dumper,MINE_MANSAR_06,ZONE_MSR_01,22.0,0.9,None,95.8,OPTIMAL,2026-03-02T23:00:00Z
DMP_BEML_BH35_04,Haul Dumper,MINE_MANSAR_06,ZONE_MSR_02,21.8,0.8,None,97.1,OPTIMAL,2026-03-02T19:00:00Z
WTR_TRK_TATA_03,Dust Suppression Bowser,MINE_MANSAR_06,ZONE_MSR_01,22.5,1.0,None,91.5,OPTIMAL,2026-03-02T22:00:00Z
EXC_HIT_ZX470_02,Hydraulic Excavator,MINE_CHIKLA_07,ZONE_CHK_01,22.8,0.7,None,94.1,OPTIMAL,2026-03-02T21:00:00Z
DMP_VOLVO_FMX_41,Haul Dumper,MINE_CHIKLA_07,ZONE_CHK_01,22.6,0.6,None,89.4,OPTIMAL,2026-03-02T22:00:00Z
DMP_VOLVO_FMX_42,Haul Dumper,MINE_CHIKLA_07,ZONE_CHK_02,22.5,0.3,None,94.1,OPTIMAL,2026-03-02T21:00:00Z
DRL_SND_DX800_02,Blast Drill Rig,MINE_CHIKLA_07,ZONE_CHK_01,23.1,0.4,None,95.3,OPTIMAL,2026-03-02T21:00:00Z
DOZ_KOM_D155_01,Track-Type Dozer,MINE_CHIKLA_07,ZONE_CHK_05,22.7,0.7,None,93.0,OPTIMAL,2026-03-02T21:00:00Z
EXC_KOM_PC450_04,Hydraulic Excavator,MINE_UKWA_08,ZONE_UKW_01,22.2,0.5,None,90.2,OPTIMAL,2026-03-02T19:00:00Z
DMP_CAT_773E_03,Haul Dumper,MINE_UKWA_08,ZONE_UKW_01,22.4,0.7,None,88.9,OPTIMAL,2026-03-02T23:00:00Z
DMP_CAT_773E_04,Haul Dumper,MINE_UKWA_08,ZONE_UKW_02,22.4,0.6,None,92.0,OPTIMAL,2026-03-02T22:00:00Z
DRL_ATLAS_ROC_03,Blast Drill Rig,MINE_UKWA_08,ZONE_UKW_01,22.6,0.4,None,94.9,OPTIMAL,2026-03-02T18:00:00Z
WTR_TRK_TATA_04,Dust Suppression Bowser,MINE_UKWA_08,ZONE_UKW_02,22.7,0.4,None,97.5,OPTIMAL,2026-03-02T20:00:00Z
EXC_HIT_ZX470_01,Hydraulic Excavator,MINE_GUMGAON_02,ZONE_GMG_01,22.2,0.6,None,95.1,OPTIMAL,2026-03-03T22:00:00Z
DMP_CAT_773E_01,Haul Dumper,MINE_GUMGAON_02,ZONE_GMG_01,14.6,6.8,Hydraulic pump seal burst,59.3,CRITICAL_MAINTENANCE,2026-03-03T19:00:00Z
DMP_CAT_773E_02,Haul Dumper,MINE_GUMGAON_02,ZONE_GMG_02,22.8,0.5,None,91.2,OPTIMAL,2026-03-03T22:00:00Z
DRL_SND_DX800_01,Blast Drill Rig,MINE_GUMGAON_02,ZONE_GMG_02,22.7,0.0,None,97.1,OPTIMAL,2026-03-03T20:00:00Z
EXC_CAT_349_02,Hydraulic Excavator,MINE_TIRODI_03,ZONE_TRD_01,22.3,0.3,None,97.2,OPTIMAL,2026-03-03T20:00:00Z
EXC_KOM_PC300_01,Hydraulic Excavator,MINE_TIRODI_03,ZONE_TRD_02,21.8,0.9,None,91.3,OPTIMAL,2026-03-03T22:00:00Z
DMP_BEML_BH35_01,Haul Dumper,MINE_TIRODI_03,ZONE_TRD_01,22.4,1.0,None,97.6,OPTIMAL,2026-03-03T20:00:00Z
DMP_BEML_BH35_02,Haul Dumper,MINE_TIRODI_03,ZONE_TRD_02,22.9,0.1,None,88.8,OPTIMAL,2026-03-03T18:00:00Z
DOZ_CAT_D8R_01,Track-Type Dozer,MINE_TIRODI_03,ZONE_TRD_05,23.0,0.4,None,94.5,OPTIMAL,2026-03-03T18:00:00Z
EXC_HIT_EX1200_01,Hydraulic Mining Shovel,MINE_DONGRI_04,ZONE_DGB_01,16.3,5.5,Engine cooling circuit rupture,60.8,CRITICAL_MAINTENANCE,2026-03-03T21:00:00Z
DMP_VOLVO_FMX_21,Haul Dumper,MINE_DONGRI_04,ZONE_DGB_01,22.7,0.3,None,88.5,OPTIMAL,2026-03-03T19:00:00Z
DMP_VOLVO_FMX_22,Haul Dumper,MINE_DONGRI_04,ZONE_DGB_02,22.9,0.6,None,89.0,OPTIMAL,2026-03-03T19:00:00Z
CRU_METSO_C120_01,Primary Jaw Crusher,MINE_DONGRI_04,ZONE_DGB_01,20.1,2.8,Fuel refill & shift inspection,79.5,WARNING,2026-03-03T20:00:00Z
WTR_TRK_TATA_02,Dust Suppression Bowser,MINE_DONGRI_04,ZONE_DGB_02,22.8,0.0,None,94.0,OPTIMAL,2026-03-03T19:00:00Z
EXC_KOM_PC450_03,Hydraulic Excavator,MINE_KANDRI_05,ZONE_KND_01,22.2,0.9,None,90.1,OPTIMAL,2026-03-03T18:00:00Z
DMP_VOLVO_FMX_31,Haul Dumper,MINE_KANDRI_05,ZONE_KND_01,21.6,1.8,Fuel refill & shift inspection,81.4,WARNING,2026-03-03T23:00:00Z
DMP_VOLVO_FMX_32,Haul Dumper,MINE_KANDRI_05,ZONE_KND_02,21.9,0.8,None,97.0,OPTIMAL,2026-03-03T23:00:00Z
DRL_ATLAS_ROC_02,Blast Drill Rig,MINE_KANDRI_05,ZONE_KND_01,22.2,0.7,None,91.6,OPTIMAL,2026-03-03T21:00:00Z
EXC_CAT_349_03,Hydraulic Excavator,MINE_MANSAR_06,ZONE_MSR_01,23.2,0.3,None,96.1,OPTIMAL,2026-03-03T21:00:00Z
DMP_BEML_BH35_03,Haul Dumper,MINE_MANSAR_06,ZONE_MSR_01,21.9,0.8,None,91.1,OPTIMAL,2026-03-03T23:00:00Z
DMP_BEML_BH35_04,Haul Dumper,MINE_MANSAR_06,ZONE_MSR_02,22.3,0.4,None,93.0,OPTIMAL,2026-03-03T18:00:00Z
WTR_TRK_TATA_03,Dust Suppression Bowser,MINE_MANSAR_06,ZONE_MSR_01,22.8,0.5,None,94.5,OPTIMAL,2026-03-03T20:00:00Z
EXC_HIT_ZX470_02,Hydraulic Excavator,MINE_CHIKLA_07,ZONE_CHK_01,23.1,0.3,None,91.8,OPTIMAL,2026-03-03T21:00:00Z
DMP_VOLVO_FMX_41,Haul Dumper,MINE_CHIKLA_07,ZONE_CHK_01,22.4,0.7,None,97.3,OPTIMAL,2026-03-03T22:00:00Z
DMP_VOLVO_FMX_42,Haul Dumper,MINE_CHIKLA_07,ZONE_CHK_02,23.0,0.3,None,91.0,OPTIMAL,2026-03-03T23:00:00Z
DRL_SND_DX800_02,Blast Drill Rig,MINE_CHIKLA_07,ZONE_CHK_01,21.9,0.9,None,97.4,OPTIMAL,2026-03-03T23:00:00Z
DOZ_KOM_D155_01,Track-Type Dozer,MINE_CHIKLA_07,ZONE_CHK_05,22.6,0.5,None,91.9,OPTIMAL,2026-03-03T20:00:00Z
EXC_KOM_PC450_04,Hydraulic Excavator,MINE_UKWA_08,ZONE_UKW_01,22.8,0.0,None,92.6,OPTIMAL,2026-03-03T20:00:00Z
DMP_CAT_773E_03,Haul Dumper,MINE_UKWA_08,ZONE_UKW_01,20.1,2.5,Fuel refill & shift inspection,74.9,WARNING,2026-03-03T22:00:00Z
DMP_CAT_773E_04,Haul Dumper,MINE_UKWA_08,ZONE_UKW_02,22.6,0.6,None,96.7,OPTIMAL,2026-03-03T23:00:00Z
DRL_ATLAS_ROC_03,Blast Drill Rig,MINE_UKWA_08,ZONE_UKW_01,22.7,0.3,None,91.6,OPTIMAL,2026-03-03T23:00:00Z
WTR_TRK_TATA_04,Dust Suppression Bowser,MINE_UKWA_08,ZONE_UKW_02,22.4,0.1,None,88.3,OPTIMAL,2026-03-03T19:00:00Z
EXC_HIT_ZX470_01,Hydraulic Excavator,MINE_GUMGAON_02,ZONE_GMG_01,22.5,0.2,None,88.5,OPTIMAL,2026-03-04T19:00:00Z
DMP_CAT_773E_01,Haul Dumper,MINE_GUMGAON_02,ZONE_GMG_01,21.9,0.8,None,93.7,OPTIMAL,2026-03-04T23:00:00Z
DMP_CAT_773E_02,Haul Dumper,MINE_GUMGAON_02,ZONE_GMG_02,21.9,0.7,None,96.4,OPTIMAL,2026-03-04T22:00:00Z
DRL_SND_DX800_01,Blast Drill Rig,MINE_GUMGAON_02,ZONE_GMG_02,21.9,0.9,None,97.7,OPTIMAL,2026-03-04T18:00:00Z
EXC_CAT_349_02,Hydraulic Excavator,MINE_TIRODI_03,ZONE_TRD_01,23.3,0.1,None,93.6,OPTIMAL,2026-03-04T20:00:00Z
EXC_KOM_PC300_01,Hydraulic Excavator,MINE_TIRODI_03,ZONE_TRD_02,20.7,1.8,Haul road dust water spraying pause,72.1,WARNING,2026-03-04T18:00:00Z
DMP_BEML_BH35_01,Haul Dumper,MINE_TIRODI_03,ZONE_TRD_01,23.2,0.1,None,90.3,OPTIMAL,2026-03-04T18:00:00Z
DMP_BEML_BH35_02,Haul Dumper,MINE_TIRODI_03,ZONE_TRD_02,22.5,0.3,None,94.7,OPTIMAL,2026-03-04T19:00:00Z
DOZ_CAT_D8R_01,Track-Type Dozer,MINE_TIRODI_03,ZONE_TRD_05,22.1,0.6,None,91.3,OPTIMAL,2026-03-04T18:00:00Z
EXC_HIT_EX1200_01,Hydraulic Mining Shovel,MINE_DONGRI_04,ZONE_DGB_01,23.3,0.1,None,94.6,OPTIMAL,2026-03-04T22:00:00Z
DMP_VOLVO_FMX_21,Haul Dumper,MINE_DONGRI_04,ZONE_DGB_01,17.1,5.2,Dumper planetary hub failure,65.7,CRITICAL_MAINTENANCE,2026-03-04T19:00:00Z
DMP_VOLVO_FMX_22,Haul Dumper,MINE_DONGRI_04,ZONE_DGB_02,22.9,0.4,None,94.7,OPTIMAL,2026-03-04T18:00:00Z
CRU_METSO_C120_01,Primary Jaw Crusher,MINE_DONGRI_04,ZONE_DGB_01,22.5,0.5,None,93.5,OPTIMAL,2026-03-04T23:00:00Z
WTR_TRK_TATA_02,Dust Suppression Bowser,MINE_DONGRI_04,ZONE_DGB_02,22.2,1.0,None,95.6,OPTIMAL,2026-03-04T18:00:00Z
EXC_KOM_PC450_03,Hydraulic Excavator,MINE_KANDRI_05,ZONE_KND_01,22.3,0.6,None,91.2,OPTIMAL,2026-03-04T18:00:00Z
DMP_VOLVO_FMX_31,Haul Dumper,MINE_KANDRI_05,ZONE_KND_01,22.4,0.3,None,91.1,OPTIMAL,2026-03-04T23:00:00Z
DMP_VOLVO_FMX_32,Haul Dumper,MINE_KANDRI_05,ZONE_KND_02,22.7,0.0,None,89.4,OPTIMAL,2026-03-04T19:00:00Z
DRL_ATLAS_ROC_02,Blast Drill Rig,MINE_KANDRI_05,ZONE_KND_01,20.7,2.4,Track shoe tension adjustment,75.0,WARNING,2026-03-04T19:00:00Z
EXC_CAT_349_03,Hydraulic Excavator,MINE_MANSAR_06,ZONE_MSR_01,22.3,0.8,None,92.2,OPTIMAL,2026-03-04T23:00:00Z
DMP_BEML_BH35_03,Haul Dumper,MINE_MANSAR_06,ZONE_MSR_01,22.4,0.8,None,89.0,OPTIMAL,2026-03-04T21:00:00Z
DMP_BEML_BH35_04,Haul Dumper,MINE_MANSAR_06,ZONE_MSR_02,16.0,5.0,Drill rotary motor trip,61.1,CRITICAL_MAINTENANCE,2026-03-04T19:00:00Z
WTR_TRK_TATA_03,Dust Suppression Bowser,MINE_MANSAR_06,ZONE_MSR_01,17.2,4.7,Drill rotary motor trip,49.7,CRITICAL_MAINTENANCE,2026-03-04T19:00:00Z
EXC_HIT_ZX470_02,Hydraulic Excavator,MINE_CHIKLA_07,ZONE_CHK_01,13.6,8.2,Drill rotary motor trip,67.0,CRITICAL_MAINTENANCE,2026-03-04T23:00:00Z
DMP_VOLVO_FMX_41,Haul Dumper,MINE_CHIKLA_07,ZONE_CHK_01,20.2,2.2,Air intake filter clogging,80.7,WARNING,2026-03-04T19:00:00Z
DMP_VOLVO_FMX_42,Haul Dumper,MINE_CHIKLA_07,ZONE_CHK_02,22.9,0.4,None,96.0,OPTIMAL,2026-03-04T19:00:00Z
DRL_SND_DX800_02,Blast Drill Rig,MINE_CHIKLA_07,ZONE_CHK_01,21.9,0.8,None,93.3,OPTIMAL,2026-03-04T22:00:00Z
DOZ_KOM_D155_01,Track-Type Dozer,MINE_CHIKLA_07,ZONE_CHK_05,19.7,2.5,Haul road dust water spraying pause,73.1,WARNING,2026-03-04T23:00:00Z
EXC_KOM_PC450_04,Hydraulic Excavator,MINE_UKWA_08,ZONE_UKW_01,22.7,0.6,None,91.0,OPTIMAL,2026-03-04T18:00:00Z
DMP_CAT_773E_03,Haul Dumper,MINE_UKWA_08,ZONE_UKW_01,22.6,0.2,None,89.1,OPTIMAL,2026-03-04T20:00:00Z
DMP_CAT_773E_04,Haul Dumper,MINE_UKWA_08,ZONE_UKW_02,22.7,0.4,None,89.8,OPTIMAL,2026-03-04T22:00:00Z
DRL_ATLAS_ROC_03,Blast Drill Rig,MINE_UKWA_08,ZONE_UKW_01,23.2,0.3,None,90.9,OPTIMAL,2026-03-04T20:00:00Z
WTR_TRK_TATA_04,Dust Suppression Bowser,MINE_UKWA_08,ZONE_UKW_02,20.0,3.2,Fuel refill & shift inspection,75.6,WARNING,2026-03-04T22:00:00Z
EXC_HIT_ZX470_01,Hydraulic Excavator,MINE_GUMGAON_02,ZONE_GMG_01,23.4,0.1,None,94.5,OPTIMAL,2026-03-05T19:00:00Z
DMP_CAT_773E_01,Haul Dumper,MINE_GUMGAON_02,ZONE_GMG_01,22.3,0.5,None,89.1,OPTIMAL,2026-03-05T18:00:00Z
DMP_CAT_773E_02,Haul Dumper,MINE_GUMGAON_02,ZONE_GMG_02,22.7,0.1,None,92.7,OPTIMAL,2026-03-05T19:00:00Z
DRL_SND_DX800_01,Blast Drill Rig,MINE_GUMGAON_02,ZONE_GMG_02,23.1,0.3,None,92.5,OPTIMAL,2026-03-05T19:00:00Z
EXC_CAT_349_02,Hydraulic Excavator,MINE_TIRODI_03,ZONE_TRD_01,22.8,0.1,None,95.4,OPTIMAL,2026-03-05T23:00:00Z
EXC_KOM_PC300_01,Hydraulic Excavator,MINE_TIRODI_03,ZONE_TRD_02,22.7,0.6,None,93.9,OPTIMAL,2026-03-05T19:00:00Z
DMP_BEML_BH35_01,Haul Dumper,MINE_TIRODI_03,ZONE_TRD_01,22.3,0.8,None,94.8,OPTIMAL,2026-03-05T21:00:00Z
DMP_BEML_BH35_02,Haul Dumper,MINE_TIRODI_03,ZONE_TRD_02,21.7,1.6,Fuel refill & shift inspection,78.2,WARNING,2026-03-05T21:00:00Z
DOZ_CAT_D8R_01,Track-Type Dozer,MINE_TIRODI_03,ZONE_TRD_05,15.9,5.9,Hydraulic pump seal burst,60.4,CRITICAL_MAINTENANCE,2026-03-05T20:00:00Z
EXC_HIT_EX1200_01,Hydraulic Mining Shovel,MINE_DONGRI_04,ZONE_DGB_01,21.4,2.0,Air intake filter clogging,81.7,WARNING,2026-03-05T18:00:00Z
DMP_VOLVO_FMX_21,Haul Dumper,MINE_DONGRI_04,ZONE_DGB_01,22.3,0.7,None,93.6,OPTIMAL,2026-03-05T22:00:00Z
DMP_VOLVO_FMX_22,Haul Dumper,MINE_DONGRI_04,ZONE_DGB_02,22.5,0.7,None,91.5,OPTIMAL,2026-03-05T18:00:00Z
CRU_METSO_C120_01,Primary Jaw Crusher,MINE_DONGRI_04,ZONE_DGB_01,22.3,0.4,None,88.5,OPTIMAL,2026-03-05T23:00:00Z
WTR_TRK_TATA_02,Dust Suppression Bowser,MINE_DONGRI_04,ZONE_DGB_02,22.2,0.6,None,90.1,OPTIMAL,2026-03-05T21:00:00Z
EXC_KOM_PC450_03,Hydraulic Excavator,MINE_KANDRI_05,ZONE_KND_01,22.6,0.3,None,93.4,OPTIMAL,2026-03-05T23:00:00Z
DMP_VOLVO_FMX_31,Haul Dumper,MINE_KANDRI_05,ZONE_KND_01,22.9,0.5,None,88.8,OPTIMAL,2026-03-05T19:00:00Z
DMP_VOLVO_FMX_32,Haul Dumper,MINE_KANDRI_05,ZONE_KND_02,23.0,0.4,None,96.7,OPTIMAL,2026-03-05T20:00:00Z
DRL_ATLAS_ROC_02,Blast Drill Rig,MINE_KANDRI_05,ZONE_KND_01,23.0,0.4,None,91.1,OPTIMAL,2026-03-05T19:00:00Z
EXC_CAT_349_03,Hydraulic Excavator,MINE_MANSAR_06,ZONE_MSR_01,15.6,7.1,Excavator boom cylinder leak,63.9,CRITICAL_MAINTENANCE,2026-03-05T18:00:00Z
DMP_BEML_BH35_03,Haul Dumper,MINE_MANSAR_06,ZONE_MSR_01,22.7,0.7,None,95.5,OPTIMAL,2026-03-05T21:00:00Z
DMP_BEML_BH35_04,Haul Dumper,MINE_MANSAR_06,ZONE_MSR_02,22.7,0.6,None,96.4,OPTIMAL,2026-03-05T19:00:00Z
WTR_TRK_TATA_03,Dust Suppression Bowser,MINE_MANSAR_06,ZONE_MSR_01,22.2,0.7,None,95.0,OPTIMAL,2026-03-05T19:00:00Z
EXC_HIT_ZX470_02,Hydraulic Excavator,MINE_CHIKLA_07,ZONE_CHK_01,22.5,0.5,None,95.1,OPTIMAL,2026-03-05T23:00:00Z
DMP_VOLVO_FMX_41,Haul Dumper,MINE_CHIKLA_07,ZONE_CHK_01,23.5,0.0,None,89.3,OPTIMAL,2026-03-05T20:00:00Z
DMP_VOLVO_FMX_42,Haul Dumper,MINE_CHIKLA_07,ZONE_CHK_02,21.2,1.6,Track shoe tension adjustment,72.1,WARNING,2026-03-05T21:00:00Z
DRL_SND_DX800_02,Blast Drill Rig,MINE_CHIKLA_07,ZONE_CHK_01,22.6,0.9,None,94.5,OPTIMAL,2026-03-05T22:00:00Z
DOZ_KOM_D155_01,Track-Type Dozer,MINE_CHIKLA_07,ZONE_CHK_05,22.8,0.2,None,93.3,OPTIMAL,2026-03-05T18:00:00Z
EXC_KOM_PC450_04,Hydraulic Excavator,MINE_UKWA_08,ZONE_UKW_01,22.8,0.6,None,90.6,OPTIMAL,2026-03-05T23:00:00Z
DMP_CAT_773E_03,Haul Dumper,MINE_UKWA_08,ZONE_UKW_01,22.5,0.4,None,89.4,OPTIMAL,2026-03-05T21:00:00Z
DMP_CAT_773E_04,Haul Dumper,MINE_UKWA_08,ZONE_UKW_02,23.2,0.1,None,92.3,OPTIMAL,2026-03-05T18:00:00Z
DRL_ATLAS_ROC_03,Blast Drill Rig,MINE_UKWA_08,ZONE_UKW_01,22.7,0.7,None,95.6,OPTIMAL,2026-03-05T22:00:00Z
WTR_TRK_TATA_04,Dust Suppression Bowser,MINE_UKWA_08,ZONE_UKW_02,22.5,0.8,None,91.5,OPTIMAL,2026-03-05T18:00:00Z
EXC_HIT_ZX470_01,Hydraulic Excavator,MINE_GUMGAON_02,ZONE_GMG_01,21.8,0.8,None,92.4,OPTIMAL,2026-03-06T19:00:00Z
DMP_CAT_773E_01,Haul Dumper,MINE_GUMGAON_02,ZONE_GMG_01,22.5,0.5,None,90.0,OPTIMAL,2026-03-06T22:00:00Z
DMP_CAT_773E_02,Haul Dumper,MINE_GUMGAON_02,ZONE_GMG_02,22.3,1.0,None,89.4,OPTIMAL,2026-03-06T23:00:00Z
DRL_SND_DX800_01,Blast Drill Rig,MINE_GUMGAON_02,ZONE_GMG_02,21.8,1.0,None,97.6,OPTIMAL,2026-03-06T20:00:00Z
EXC_CAT_349_02,Hydraulic Excavator,MINE_TIRODI_03,ZONE_TRD_01,22.6,0.4,None,90.0,OPTIMAL,2026-03-06T19:00:00Z
EXC_KOM_PC300_01,Hydraulic Excavator,MINE_TIRODI_03,ZONE_TRD_02,16.5,4.9,Hydraulic pump seal burst,56.3,CRITICAL_MAINTENANCE,2026-03-06T23:00:00Z
DMP_BEML_BH35_01,Haul Dumper,MINE_TIRODI_03,ZONE_TRD_01,23.2,0.1,None,93.1,OPTIMAL,2026-03-06T18:00:00Z
DMP_BEML_BH35_02,Haul Dumper,MINE_TIRODI_03,ZONE_TRD_02,22.6,0.7,None,97.2,OPTIMAL,2026-03-06T20:00:00Z
DOZ_CAT_D8R_01,Track-Type Dozer,MINE_TIRODI_03,ZONE_TRD_05,22.7,0.4,None,97.8,OPTIMAL,2026-03-06T21:00:00Z
EXC_HIT_EX1200_01,Hydraulic Mining Shovel,MINE_DONGRI_04,ZONE_DGB_01,22.4,0.9,None,93.5,OPTIMAL,2026-03-06T19:00:00Z
DMP_VOLVO_FMX_21,Haul Dumper,MINE_DONGRI_04,ZONE_DGB_01,16.2,5.4,Excavator boom cylinder leak,66.4,CRITICAL_MAINTENANCE,2026-03-06T21:00:00Z
DMP_VOLVO_FMX_22,Haul Dumper,MINE_DONGRI_04,ZONE_DGB_02,23.1,0.1,None,97.8,OPTIMAL,2026-03-06T23:00:00Z
CRU_METSO_C120_01,Primary Jaw Crusher,MINE_DONGRI_04,ZONE_DGB_01,21.9,0.7,None,89.1,OPTIMAL,2026-03-06T23:00:00Z
WTR_TRK_TATA_02,Dust Suppression Bowser,MINE_DONGRI_04,ZONE_DGB_02,22.5,0.4,None,90.8,OPTIMAL,2026-03-06T18:00:00Z
EXC_KOM_PC450_03,Hydraulic Excavator,MINE_KANDRI_05,ZONE_KND_01,19.5,3.0,Track shoe tension adjustment,78.9,WARNING,2026-03-06T22:00:00Z
DMP_VOLVO_FMX_31,Haul Dumper,MINE_KANDRI_05,ZONE_KND_01,22.8,0.2,None,93.2,OPTIMAL,2026-03-06T18:00:00Z
DMP_VOLVO_FMX_32,Haul Dumper,MINE_KANDRI_05,ZONE_KND_02,19.4,2.9,Track shoe tension adjustment,83.4,WARNING,2026-03-06T21:00:00Z
DRL_ATLAS_ROC_02,Blast Drill Rig,MINE_KANDRI_05,ZONE_KND_01,22.1,0.6,None,95.3,OPTIMAL,2026-03-06T23:00:00Z
EXC_CAT_349_03,Hydraulic Excavator,MINE_MANSAR_06,ZONE_MSR_01,22.0,0.9,None,92.5,OPTIMAL,2026-03-06T22:00:00Z
DMP_BEML_BH35_03,Haul Dumper,MINE_MANSAR_06,ZONE_MSR_01,22.5,0.9,None,89.2,OPTIMAL,2026-03-06T20:00:00Z
DMP_BEML_BH35_04,Haul Dumper,MINE_MANSAR_06,ZONE_MSR_02,22.8,0.3,None,93.2,OPTIMAL,2026-03-06T18:00:00Z
WTR_TRK_TATA_03,Dust Suppression Bowser,MINE_MANSAR_06,ZONE_MSR_01,22.5,0.1,None,97.7,OPTIMAL,2026-03-06T21:00:00Z
EXC_HIT_ZX470_02,Hydraulic Excavator,MINE_CHIKLA_07,ZONE_CHK_01,21.8,0.8,None,96.7,OPTIMAL,2026-03-06T20:00:00Z
DMP_VOLVO_FMX_41,Haul Dumper,MINE_CHIKLA_07,ZONE_CHK_01,22.3,1.0,None,88.9,OPTIMAL,2026-03-06T22:00:00Z
DMP_VOLVO_FMX_42,Haul Dumper,MINE_CHIKLA_07,ZONE_CHK_02,22.3,0.8,None,89.8,OPTIMAL,2026-03-06T21:00:00Z
DRL_SND_DX800_02,Blast Drill Rig,MINE_CHIKLA_07,ZONE_CHK_01,22.7,0.6,None,97.1,OPTIMAL,2026-03-06T22:00:00Z
DOZ_KOM_D155_01,Track-Type Dozer,MINE_CHIKLA_07,ZONE_CHK_05,22.1,0.9,None,94.9,OPTIMAL,2026-03-06T22:00:00Z
EXC_KOM_PC450_04,Hydraulic Excavator,MINE_UKWA_08,ZONE_UKW_01,22.9,0.1,None,97.5,OPTIMAL,2026-03-06T23:00:00Z
DMP_CAT_773E_03,Haul Dumper,MINE_UKWA_08,ZONE_UKW_01,15.9,7.1,Drill rotary motor trip,49.5,CRITICAL_MAINTENANCE,2026-03-06T20:00:00Z
DMP_CAT_773E_04,Haul Dumper,MINE_UKWA_08,ZONE_UKW_02,22.9,0.2,None,96.0,OPTIMAL,2026-03-06T23:00:00Z
DRL_ATLAS_ROC_03,Blast Drill Rig,MINE_UKWA_08,ZONE_UKW_01,22.5,0.8,None,92.7,OPTIMAL,2026-03-06T22:00:00Z
WTR_TRK_TATA_04,Dust Suppression Bowser,MINE_UKWA_08,ZONE_UKW_02,22.7,0.8,None,94.9,OPTIMAL,2026-03-06T18:00:00Z
EXC_HIT_ZX470_01,Hydraulic Excavator,MINE_GUMGAON_02,ZONE_GMG_01,22.2,0.6,None,91.7,OPTIMAL,2026-03-07T20:00:00Z
DMP_CAT_773E_01,Haul Dumper,MINE_GUMGAON_02,ZONE_GMG_01,22.1,0.4,None,96.7,OPTIMAL,2026-03-07T23:00:00Z
DMP_CAT_773E_02,Haul Dumper,MINE_GUMGAON_02,ZONE_GMG_02,22.6,0.8,None,92.8,OPTIMAL,2026-03-07T20:00:00Z
DRL_SND_DX800_01,Blast Drill Rig,MINE_GUMGAON_02,ZONE_GMG_02,22.8,0.6,None,91.2,OPTIMAL,2026-03-07T20:00:00Z
EXC_CAT_349_02,Hydraulic Excavator,MINE_TIRODI_03,ZONE_TRD_01,22.8,0.1,None,95.4,OPTIMAL,2026-03-07T20:00:00Z
EXC_KOM_PC300_01,Hydraulic Excavator,MINE_TIRODI_03,ZONE_TRD_02,22.1,0.6,None,97.0,OPTIMAL,2026-03-07T20:00:00Z
DMP_BEML_BH35_01,Haul Dumper,MINE_TIRODI_03,ZONE_TRD_01,21.7,0.9,None,89.1,OPTIMAL,2026-03-07T23:00:00Z
DMP_BEML_BH35_02,Haul Dumper,MINE_TIRODI_03,ZONE_TRD_02,23.1,0.4,None,95.0,OPTIMAL,2026-03-07T21:00:00Z
DOZ_CAT_D8R_01,Track-Type Dozer,MINE_TIRODI_03,ZONE_TRD_05,23.0,0.4,None,90.1,OPTIMAL,2026-03-07T22:00:00Z
EXC_HIT_EX1200_01,Hydraulic Mining Shovel,MINE_DONGRI_04,ZONE_DGB_01,23.0,0.3,None,88.5,OPTIMAL,2026-03-07T19:00:00Z
DMP_VOLVO_FMX_21,Haul Dumper,MINE_DONGRI_04,ZONE_DGB_01,15.8,6.4,Dumper planetary hub failure,61.2,CRITICAL_MAINTENANCE,2026-03-07T22:00:00Z
DMP_VOLVO_FMX_22,Haul Dumper,MINE_DONGRI_04,ZONE_DGB_02,15.1,7.3,Engine cooling circuit rupture,65.6,CRITICAL_MAINTENANCE,2026-03-07T22:00:00Z
CRU_METSO_C120_01,Primary Jaw Crusher,MINE_DONGRI_04,ZONE_DGB_01,22.6,0.9,None,97.9,OPTIMAL,2026-03-07T22:00:00Z
WTR_TRK_TATA_02,Dust Suppression Bowser,MINE_DONGRI_04,ZONE_DGB_02,22.9,0.1,None,95.8,OPTIMAL,2026-03-07T19:00:00Z
EXC_KOM_PC450_03,Hydraulic Excavator,MINE_KANDRI_05,ZONE_KND_01,22.2,0.9,None,93.1,OPTIMAL,2026-03-07T18:00:00Z
DMP_VOLVO_FMX_31,Haul Dumper,MINE_KANDRI_05,ZONE_KND_01,22.7,0.6,None,92.3,OPTIMAL,2026-03-07T18:00:00Z
DMP_VOLVO_FMX_32,Haul Dumper,MINE_KANDRI_05,ZONE_KND_02,22.8,0.5,None,90.9,OPTIMAL,2026-03-07T18:00:00Z
DRL_ATLAS_ROC_02,Blast Drill Rig,MINE_KANDRI_05,ZONE_KND_01,23.2,0.1,None,89.7,OPTIMAL,2026-03-07T20:00:00Z
EXC_CAT_349_03,Hydraulic Excavator,MINE_MANSAR_06,ZONE_MSR_01,21.8,0.9,None,90.3,OPTIMAL,2026-03-07T18:00:00Z
DMP_BEML_BH35_03,Haul Dumper,MINE_MANSAR_06,ZONE_MSR_01,23.1,0.2,None,91.1,OPTIMAL,2026-03-07T18:00:00Z
DMP_BEML_BH35_04,Haul Dumper,MINE_MANSAR_06,ZONE_MSR_02,22.6,0.6,None,90.7,OPTIMAL,2026-03-07T20:00:00Z
WTR_TRK_TATA_03,Dust Suppression Bowser,MINE_MANSAR_06,ZONE_MSR_01,22.4,0.9,None,97.9,OPTIMAL,2026-03-07T18:00:00Z
EXC_HIT_ZX470_02,Hydraulic Excavator,MINE_CHIKLA_07,ZONE_CHK_01,21.9,0.8,None,88.1,OPTIMAL,2026-03-07T22:00:00Z
DMP_VOLVO_FMX_41,Haul Dumper,MINE_CHIKLA_07,ZONE_CHK_01,21.9,0.7,None,89.2,OPTIMAL,2026-03-07T23:00:00Z
DMP_VOLVO_FMX_42,Haul Dumper,MINE_CHIKLA_07,ZONE_CHK_02,22.1,1.0,None,90.7,OPTIMAL,2026-03-07T22:00:00Z
DRL_SND_DX800_02,Blast Drill Rig,MINE_CHIKLA_07,ZONE_CHK_01,22.8,0.3,None,94.2,OPTIMAL,2026-03-07T22:00:00Z
DOZ_KOM_D155_01,Track-Type Dozer,MINE_CHIKLA_07,ZONE_CHK_05,22.7,0.5,None,96.3,OPTIMAL,2026-03-07T19:00:00Z
EXC_KOM_PC450_04,Hydraulic Excavator,MINE_UKWA_08,ZONE_UKW_01,22.8,0.1,None,88.6,OPTIMAL,2026-03-07T19:00:00Z
DMP_CAT_773E_03,Haul Dumper,MINE_UKWA_08,ZONE_UKW_01,19.0,3.3,Air intake filter clogging,72.3,WARNING,2026-03-07T20:00:00Z
DMP_CAT_773E_04,Haul Dumper,MINE_UKWA_08,ZONE_UKW_02,22.7,0.2,None,97.9,OPTIMAL,2026-03-07T18:00:00Z
DRL_ATLAS_ROC_03,Blast Drill Rig,MINE_UKWA_08,ZONE_UKW_01,22.3,0.5,None,92.3,OPTIMAL,2026-03-07T23:00:00Z
WTR_TRK_TATA_04,Dust Suppression Bowser,MINE_UKWA_08,ZONE_UKW_02,23.1,0.2,None,91.5,OPTIMAL,2026-03-07T19:00:00Z
EXC_HIT_ZX470_01,Hydraulic Excavator,MINE_GUMGAON_02,ZONE_GMG_01,20.2,2.0,Air intake filter clogging,79.5,WARNING,2026-03-08T22:00:00Z
DMP_CAT_773E_01,Haul Dumper,MINE_GUMGAON_02,ZONE_GMG_01,21.9,0.8,None,91.1,OPTIMAL,2026-03-08T20:00:00Z
DMP_CAT_773E_02,Haul Dumper,MINE_GUMGAON_02,ZONE_GMG_02,22.8,0.3,None,94.7,OPTIMAL,2026-03-08T22:00:00Z
DRL_SND_DX800_01,Blast Drill Rig,MINE_GUMGAON_02,ZONE_GMG_02,22.5,0.2,None,94.7,OPTIMAL,2026-03-08T22:00:00Z
EXC_CAT_349_02,Hydraulic Excavator,MINE_TIRODI_03,ZONE_TRD_01,22.7,0.3,None,89.0,OPTIMAL,2026-03-08T23:00:00Z
EXC_KOM_PC300_01,Hydraulic Excavator,MINE_TIRODI_03,ZONE_TRD_02,22.2,0.6,None,93.1,OPTIMAL,2026-03-08T20:00:00Z
DMP_BEML_BH35_01,Haul Dumper,MINE_TIRODI_03,ZONE_TRD_01,22.7,0.2,None,91.8,OPTIMAL,2026-03-08T22:00:00Z
DMP_BEML_BH35_02,Haul Dumper,MINE_TIRODI_03,ZONE_TRD_02,22.8,0.3,None,90.0,OPTIMAL,2026-03-08T18:00:00Z
DOZ_CAT_D8R_01,Track-Type Dozer,MINE_TIRODI_03,ZONE_TRD_05,21.6,1.0,None,94.3,OPTIMAL,2026-03-08T22:00:00Z
EXC_HIT_EX1200_01,Hydraulic Mining Shovel,MINE_DONGRI_04,ZONE_DGB_01,22.0,0.6,None,97.2,OPTIMAL,2026-03-08T23:00:00Z
DMP_VOLVO_FMX_21,Haul Dumper,MINE_DONGRI_04,ZONE_DGB_01,22.2,0.4,None,96.7,OPTIMAL,2026-03-08T21:00:00Z
DMP_VOLVO_FMX_22,Haul Dumper,MINE_DONGRI_04,ZONE_DGB_02,22.1,0.6,None,92.7,OPTIMAL,2026-03-08T20:00:00Z
CRU_METSO_C120_01,Primary Jaw Crusher,MINE_DONGRI_04,ZONE_DGB_01,14.3,7.7,Engine cooling circuit rupture,48.1,CRITICAL_MAINTENANCE,2026-03-08T22:00:00Z
WTR_TRK_TATA_02,Dust Suppression Bowser,MINE_DONGRI_04,ZONE_DGB_02,22.5,0.5,None,97.3,OPTIMAL,2026-03-08T20:00:00Z
EXC_KOM_PC450_03,Hydraulic Excavator,MINE_KANDRI_05,ZONE_KND_01,22.7,0.4,None,97.6,OPTIMAL,2026-03-08T21:00:00Z
DMP_VOLVO_FMX_31,Haul Dumper,MINE_KANDRI_05,ZONE_KND_01,22.4,0.6,None,92.1,OPTIMAL,2026-03-08T18:00:00Z
DMP_VOLVO_FMX_32,Haul Dumper,MINE_KANDRI_05,ZONE_KND_02,22.0,0.6,None,96.7,OPTIMAL,2026-03-08T21:00:00Z
DRL_ATLAS_ROC_02,Blast Drill Rig,MINE_KANDRI_05,ZONE_KND_01,20.8,2.0,Track shoe tension adjustment,73.0,WARNING,2026-03-08T19:00:00Z
EXC_CAT_349_03,Hydraulic Excavator,MINE_MANSAR_06,ZONE_MSR_01,21.8,1.0,None,97.5,OPTIMAL,2026-03-08T18:00:00Z
DMP_BEML_BH35_03,Haul Dumper,MINE_MANSAR_06,ZONE_MSR_01,22.7,0.4,None,91.3,OPTIMAL,2026-03-08T23:00:00Z
DMP_BEML_BH35_04,Haul Dumper,MINE_MANSAR_06,ZONE_MSR_02,22.1,0.5,None,94.9,OPTIMAL,2026-03-08T21:00:00Z
WTR_TRK_TATA_03,Dust Suppression Bowser,MINE_MANSAR_06,ZONE_MSR_01,22.2,0.6,None,89.8,OPTIMAL,2026-03-08T20:00:00Z
EXC_HIT_ZX470_02,Hydraulic Excavator,MINE_CHIKLA_07,ZONE_CHK_01,22.2,0.4,None,97.8,OPTIMAL,2026-03-08T22:00:00Z
DMP_VOLVO_FMX_41,Haul Dumper,MINE_CHIKLA_07,ZONE_CHK_01,18.6,3.5,Track shoe tension adjustment,75.9,WARNING,2026-03-08T23:00:00Z
DMP_VOLVO_FMX_42,Haul Dumper,MINE_CHIKLA_07,ZONE_CHK_02,22.0,0.9,None,97.5,OPTIMAL,2026-03-08T21:00:00Z
DRL_SND_DX800_02,Blast Drill Rig,MINE_CHIKLA_07,ZONE_CHK_01,19.3,3.1,Air intake filter clogging,75.2,WARNING,2026-03-08T22:00:00Z
DOZ_KOM_D155_01,Track-Type Dozer,MINE_CHIKLA_07,ZONE_CHK_05,22.2,0.7,None,97.0,OPTIMAL,2026-03-08T21:00:00Z
EXC_KOM_PC450_04,Hydraulic Excavator,MINE_UKWA_08,ZONE_UKW_01,22.4,0.8,None,97.8,OPTIMAL,2026-03-08T23:00:00Z
DMP_CAT_773E_03,Haul Dumper,MINE_UKWA_08,ZONE_UKW_01,21.6,0.9,None,92.3,OPTIMAL,2026-03-08T19:00:00Z
DMP_CAT_773E_04,Haul Dumper,MINE_UKWA_08,ZONE_UKW_02,22.2,0.3,None,88.7,OPTIMAL,2026-03-08T21:00:00Z
DRL_ATLAS_ROC_03,Blast Drill Rig,MINE_UKWA_08,ZONE_UKW_01,22.3,0.6,None,95.6,OPTIMAL,2026-03-08T21:00:00Z
WTR_TRK_TATA_04,Dust Suppression Bowser,MINE_UKWA_08,ZONE_UKW_02,22.6,0.7,None,93.1,OPTIMAL,2026-03-08T19:00:00Z
EXC_HIT_ZX470_01,Hydraulic Excavator,MINE_GUMGAON_02,ZONE_GMG_01,18.2,4.6,Drill rotary motor trip,63.3,CRITICAL_MAINTENANCE,2026-03-09T22:00:00Z
DMP_CAT_773E_01,Haul Dumper,MINE_GUMGAON_02,ZONE_GMG_01,22.6,0.1,None,94.5,OPTIMAL,2026-03-09T18:00:00Z
DMP_CAT_773E_02,Haul Dumper,MINE_GUMGAON_02,ZONE_GMG_02,22.6,0.5,None,97.1,OPTIMAL,2026-03-09T23:00:00Z
DRL_SND_DX800_01,Blast Drill Rig,MINE_GUMGAON_02,ZONE_GMG_02,22.6,0.4,None,96.9,OPTIMAL,2026-03-09T21:00:00Z
EXC_CAT_349_02,Hydraulic Excavator,MINE_TIRODI_03,ZONE_TRD_01,21.9,0.9,None,90.2,OPTIMAL,2026-03-09T20:00:00Z
EXC_KOM_PC300_01,Hydraulic Excavator,MINE_TIRODI_03,ZONE_TRD_02,22.5,0.6,None,95.8,OPTIMAL,2026-03-09T21:00:00Z
DMP_BEML_BH35_01,Haul Dumper,MINE_TIRODI_03,ZONE_TRD_01,22.8,0.2,None,94.7,OPTIMAL,2026-03-09T19:00:00Z
DMP_BEML_BH35_02,Haul Dumper,MINE_TIRODI_03,ZONE_TRD_02,22.7,0.7,None,95.1,OPTIMAL,2026-03-09T23:00:00Z
DOZ_CAT_D8R_01,Track-Type Dozer,MINE_TIRODI_03,ZONE_TRD_05,23.2,0.2,None,92.5,OPTIMAL,2026-03-09T20:00:00Z
EXC_HIT_EX1200_01,Hydraulic Mining Shovel,MINE_DONGRI_04,ZONE_DGB_01,22.4,0.9,None,92.1,OPTIMAL,2026-03-09T19:00:00Z
DMP_VOLVO_FMX_21,Haul Dumper,MINE_DONGRI_04,ZONE_DGB_01,22.8,0.4,None,88.4,OPTIMAL,2026-03-09T22:00:00Z
DMP_VOLVO_FMX_22,Haul Dumper,MINE_DONGRI_04,ZONE_DGB_02,22.1,0.9,None,93.0,OPTIMAL,2026-03-09T21:00:00Z
CRU_METSO_C120_01,Primary Jaw Crusher,MINE_DONGRI_04,ZONE_DGB_01,22.2,0.6,None,94.5,OPTIMAL,2026-03-09T20:00:00Z
WTR_TRK_TATA_02,Dust Suppression Bowser,MINE_DONGRI_04,ZONE_DGB_02,23.0,0.1,None,89.9,OPTIMAL,2026-03-09T23:00:00Z
EXC_KOM_PC450_03,Hydraulic Excavator,MINE_KANDRI_05,ZONE_KND_01,22.7,0.8,None,95.5,OPTIMAL,2026-03-09T19:00:00Z
DMP_VOLVO_FMX_31,Haul Dumper,MINE_KANDRI_05,ZONE_KND_01,22.6,0.6,None,90.7,OPTIMAL,2026-03-09T19:00:00Z
DMP_VOLVO_FMX_32,Haul Dumper,MINE_KANDRI_05,ZONE_KND_02,16.1,6.2,Drill rotary motor trip,54.2,CRITICAL_MAINTENANCE,2026-03-09T20:00:00Z
DRL_ATLAS_ROC_02,Blast Drill Rig,MINE_KANDRI_05,ZONE_KND_01,20.7,2.1,Air intake filter clogging,74.5,WARNING,2026-03-09T18:00:00Z
EXC_CAT_349_03,Hydraulic Excavator,MINE_MANSAR_06,ZONE_MSR_01,20.8,1.6,Haul road dust water spraying pause,78.9,WARNING,2026-03-09T23:00:00Z
DMP_BEML_BH35_03,Haul Dumper,MINE_MANSAR_06,ZONE_MSR_01,15.4,6.1,Dumper planetary hub failure,51.0,CRITICAL_MAINTENANCE,2026-03-09T23:00:00Z
DMP_BEML_BH35_04,Haul Dumper,MINE_MANSAR_06,ZONE_MSR_02,21.7,1.0,None,94.5,OPTIMAL,2026-03-09T21:00:00Z
WTR_TRK_TATA_03,Dust Suppression Bowser,MINE_MANSAR_06,ZONE_MSR_01,23.1,0.2,None,94.8,OPTIMAL,2026-03-09T21:00:00Z
EXC_HIT_ZX470_02,Hydraulic Excavator,MINE_CHIKLA_07,ZONE_CHK_01,19.2,2.9,Track shoe tension adjustment,81.2,WARNING,2026-03-09T20:00:00Z
DMP_VOLVO_FMX_41,Haul Dumper,MINE_CHIKLA_07,ZONE_CHK_01,22.8,0.6,None,88.6,OPTIMAL,2026-03-09T19:00:00Z
DMP_VOLVO_FMX_42,Haul Dumper,MINE_CHIKLA_07,ZONE_CHK_02,22.3,0.8,None,92.2,OPTIMAL,2026-03-09T18:00:00Z
DRL_SND_DX800_02,Blast Drill Rig,MINE_CHIKLA_07,ZONE_CHK_01,22.4,0.5,None,92.0,OPTIMAL,2026-03-09T20:00:00Z
DOZ_KOM_D155_01,Track-Type Dozer,MINE_CHIKLA_07,ZONE_CHK_05,20.5,1.7,Fuel refill & shift inspection,78.0,WARNING,2026-03-09T20:00:00Z
EXC_KOM_PC450_04,Hydraulic Excavator,MINE_UKWA_08,ZONE_UKW_01,19.8,3.0,Track shoe tension adjustment,77.1,WARNING,2026-03-09T22:00:00Z
DMP_CAT_773E_03,Haul Dumper,MINE_UKWA_08,ZONE_UKW_01,22.3,0.5,None,90.8,OPTIMAL,2026-03-09T21:00:00Z
DMP_CAT_773E_04,Haul Dumper,MINE_UKWA_08,ZONE_UKW_02,21.9,0.7,None,96.3,OPTIMAL,2026-03-09T22:00:00Z
DRL_ATLAS_ROC_03,Blast Drill Rig,MINE_UKWA_08,ZONE_UKW_01,23.1,0.0,None,89.3,OPTIMAL,2026-03-09T21:00:00Z
WTR_TRK_TATA_04,Dust Suppression Bowser,MINE_UKWA_08,ZONE_UKW_02,22.6,0.4,None,94.2,OPTIMAL,2026-03-09T20:00:00Z
EXC_HIT_ZX470_01,Hydraulic Excavator,MINE_GUMGAON_02,ZONE_GMG_01,22.8,0.7,None,89.8,OPTIMAL,2026-03-10T23:00:00Z
DMP_CAT_773E_01,Haul Dumper,MINE_GUMGAON_02,ZONE_GMG_01,23.2,0.3,None,90.8,OPTIMAL,2026-03-10T21:00:00Z
DMP_CAT_773E_02,Haul Dumper,MINE_GUMGAON_02,ZONE_GMG_02,22.2,0.4,None,88.7,OPTIMAL,2026-03-10T18:00:00Z
DRL_SND_DX800_01,Blast Drill Rig,MINE_GUMGAON_02,ZONE_GMG_02,23.0,0.1,None,88.3,OPTIMAL,2026-03-10T21:00:00Z
EXC_CAT_349_02,Hydraulic Excavator,MINE_TIRODI_03,ZONE_TRD_01,22.7,0.2,None,88.9,OPTIMAL,2026-03-10T21:00:00Z
EXC_KOM_PC300_01,Hydraulic Excavator,MINE_TIRODI_03,ZONE_TRD_02,22.8,0.2,None,96.6,OPTIMAL,2026-03-10T19:00:00Z
DMP_BEML_BH35_01,Haul Dumper,MINE_TIRODI_03,ZONE_TRD_01,17.3,5.5,Excavator boom cylinder leak,66.6,CRITICAL_MAINTENANCE,2026-03-10T23:00:00Z
DMP_BEML_BH35_02,Haul Dumper,MINE_TIRODI_03,ZONE_TRD_02,22.1,0.6,None,97.9,OPTIMAL,2026-03-10T22:00:00Z
DOZ_CAT_D8R_01,Track-Type Dozer,MINE_TIRODI_03,ZONE_TRD_05,22.3,0.8,None,91.1,OPTIMAL,2026-03-10T21:00:00Z
EXC_HIT_EX1200_01,Hydraulic Mining Shovel,MINE_DONGRI_04,ZONE_DGB_01,21.5,1.7,Air intake filter clogging,76.4,WARNING,2026-03-10T18:00:00Z
DMP_VOLVO_FMX_21,Haul Dumper,MINE_DONGRI_04,ZONE_DGB_01,22.4,0.2,None,97.7,OPTIMAL,2026-03-10T20:00:00Z
DMP_VOLVO_FMX_22,Haul Dumper,MINE_DONGRI_04,ZONE_DGB_02,20.7,1.9,Haul road dust water spraying pause,78.3,WARNING,2026-03-10T23:00:00Z
CRU_METSO_C120_01,Primary Jaw Crusher,MINE_DONGRI_04,ZONE_DGB_01,20.4,2.6,Track shoe tension adjustment,82.5,WARNING,2026-03-10T22:00:00Z
WTR_TRK_TATA_02,Dust Suppression Bowser,MINE_DONGRI_04,ZONE_DGB_02,21.8,0.7,None,97.2,OPTIMAL,2026-03-10T22:00:00Z
EXC_KOM_PC450_03,Hydraulic Excavator,MINE_KANDRI_05,ZONE_KND_01,21.9,0.8,None,97.7,OPTIMAL,2026-03-10T18:00:00Z
DMP_VOLVO_FMX_31,Haul Dumper,MINE_KANDRI_05,ZONE_KND_01,22.7,0.6,None,90.1,OPTIMAL,2026-03-10T18:00:00Z
DMP_VOLVO_FMX_32,Haul Dumper,MINE_KANDRI_05,ZONE_KND_02,22.1,0.8,None,93.5,OPTIMAL,2026-03-10T23:00:00Z
DRL_ATLAS_ROC_02,Blast Drill Rig,MINE_KANDRI_05,ZONE_KND_01,21.5,1.0,None,88.7,OPTIMAL,2026-03-10T20:00:00Z
EXC_CAT_349_03,Hydraulic Excavator,MINE_MANSAR_06,ZONE_MSR_01,22.8,0.1,None,96.2,OPTIMAL,2026-03-10T20:00:00Z
DMP_BEML_BH35_03,Haul Dumper,MINE_MANSAR_06,ZONE_MSR_01,20.2,2.7,Air intake filter clogging,77.6,WARNING,2026-03-10T18:00:00Z
DMP_BEML_BH35_04,Haul Dumper,MINE_MANSAR_06,ZONE_MSR_02,23.3,0.1,None,91.1,OPTIMAL,2026-03-10T21:00:00Z
WTR_TRK_TATA_03,Dust Suppression Bowser,MINE_MANSAR_06,ZONE_MSR_01,22.2,1.0,None,92.0,OPTIMAL,2026-03-10T19:00:00Z
EXC_HIT_ZX470_02,Hydraulic Excavator,MINE_CHIKLA_07,ZONE_CHK_01,22.5,0.6,None,96.5,OPTIMAL,2026-03-10T18:00:00Z
DMP_VOLVO_FMX_41,Haul Dumper,MINE_CHIKLA_07,ZONE_CHK_01,21.4,1.6,Fuel refill & shift inspection,72.1,WARNING,2026-03-10T22:00:00Z
DMP_VOLVO_FMX_42,Haul Dumper,MINE_CHIKLA_07,ZONE_CHK_02,22.0,0.9,None,96.9,OPTIMAL,2026-03-10T21:00:00Z
DRL_SND_DX800_02,Blast Drill Rig,MINE_CHIKLA_07,ZONE_CHK_01,22.5,0.7,None,92.6,OPTIMAL,2026-03-10T23:00:00Z
DOZ_KOM_D155_01,Track-Type Dozer,MINE_CHIKLA_07,ZONE_CHK_05,22.5,0.7,None,97.9,OPTIMAL,2026-03-10T20:00:00Z
EXC_KOM_PC450_04,Hydraulic Excavator,MINE_UKWA_08,ZONE_UKW_01,21.9,1.0,None,89.0,OPTIMAL,2026-03-10T21:00:00Z
DMP_CAT_773E_03,Haul Dumper,MINE_UKWA_08,ZONE_UKW_01,22.6,0.6,None,88.6,OPTIMAL,2026-03-10T20:00:00Z
DMP_CAT_773E_04,Haul Dumper,MINE_UKWA_08,ZONE_UKW_02,21.8,0.9,None,88.2,OPTIMAL,2026-03-10T18:00:00Z
DRL_ATLAS_ROC_03,Blast Drill Rig,MINE_UKWA_08,ZONE_UKW_01,22.1,1.0,None,94.2,OPTIMAL,2026-03-10T18:00:00Z
WTR_TRK_TATA_04,Dust Suppression Bowser,MINE_UKWA_08,ZONE_UKW_02,22.0,0.8,None,93.3,OPTIMAL,2026-03-10T19:00:00Z
EXC_HIT_ZX470_01,Hydraulic Excavator,MINE_GUMGAON_02,ZONE_GMG_01,22.6,0.8,None,93.4,OPTIMAL,2026-03-11T21:00:00Z
DMP_CAT_773E_01,Haul Dumper,MINE_GUMGAON_02,ZONE_GMG_01,23.2,0.2,None,96.1,OPTIMAL,2026-03-11T20:00:00Z
DMP_CAT_773E_02,Haul Dumper,MINE_GUMGAON_02,ZONE_GMG_02,22.4,0.7,None,94.2,OPTIMAL,2026-03-11T21:00:00Z
DRL_SND_DX800_01,Blast Drill Rig,MINE_GUMGAON_02,ZONE_GMG_02,21.2,1.9,Track shoe tension adjustment,78.9,WARNING,2026-03-11T23:00:00Z
EXC_CAT_349_02,Hydraulic Excavator,MINE_TIRODI_03,ZONE_TRD_01,16.3,5.4,Dumper planetary hub failure,60.7,CRITICAL_MAINTENANCE,2026-03-11T21:00:00Z
EXC_KOM_PC300_01,Hydraulic Excavator,MINE_TIRODI_03,ZONE_TRD_02,22.9,0.6,None,90.0,OPTIMAL,2026-03-11T19:00:00Z
DMP_BEML_BH35_01,Haul Dumper,MINE_TIRODI_03,ZONE_TRD_01,14.1,7.1,Dumper planetary hub failure,53.3,CRITICAL_MAINTENANCE,2026-03-11T22:00:00Z
DMP_BEML_BH35_02,Haul Dumper,MINE_TIRODI_03,ZONE_TRD_02,22.1,0.8,None,97.4,OPTIMAL,2026-03-11T19:00:00Z
DOZ_CAT_D8R_01,Track-Type Dozer,MINE_TIRODI_03,ZONE_TRD_05,19.9,2.2,Haul road dust water spraying pause,81.7,WARNING,2026-03-11T23:00:00Z
EXC_HIT_EX1200_01,Hydraulic Mining Shovel,MINE_DONGRI_04,ZONE_DGB_01,22.7,0.8,None,97.3,OPTIMAL,2026-03-11T23:00:00Z
DMP_VOLVO_FMX_21,Haul Dumper,MINE_DONGRI_04,ZONE_DGB_01,22.7,0.8,None,93.5,OPTIMAL,2026-03-11T19:00:00Z
DMP_VOLVO_FMX_22,Haul Dumper,MINE_DONGRI_04,ZONE_DGB_02,22.8,0.3,None,91.6,OPTIMAL,2026-03-11T20:00:00Z
CRU_METSO_C120_01,Primary Jaw Crusher,MINE_DONGRI_04,ZONE_DGB_01,22.1,1.0,None,97.8,OPTIMAL,2026-03-11T20:00:00Z
WTR_TRK_TATA_02,Dust Suppression Bowser,MINE_DONGRI_04,ZONE_DGB_02,17.3,5.5,Engine cooling circuit rupture,58.1,CRITICAL_MAINTENANCE,2026-03-11T22:00:00Z
EXC_KOM_PC450_03,Hydraulic Excavator,MINE_KANDRI_05,ZONE_KND_01,22.6,0.7,None,88.9,OPTIMAL,2026-03-11T21:00:00Z
DMP_VOLVO_FMX_31,Haul Dumper,MINE_KANDRI_05,ZONE_KND_01,23.0,0.4,None,93.1,OPTIMAL,2026-03-11T21:00:00Z
DMP_VOLVO_FMX_32,Haul Dumper,MINE_KANDRI_05,ZONE_KND_02,22.2,0.4,None,91.5,OPTIMAL,2026-03-11T23:00:00Z
DRL_ATLAS_ROC_02,Blast Drill Rig,MINE_KANDRI_05,ZONE_KND_01,22.7,0.6,None,90.1,OPTIMAL,2026-03-11T23:00:00Z
EXC_CAT_349_03,Hydraulic Excavator,MINE_MANSAR_06,ZONE_MSR_01,22.5,0.1,None,96.4,OPTIMAL,2026-03-11T18:00:00Z
DMP_BEML_BH35_03,Haul Dumper,MINE_MANSAR_06,ZONE_MSR_01,21.8,0.8,None,93.6,OPTIMAL,2026-03-11T18:00:00Z
DMP_BEML_BH35_04,Haul Dumper,MINE_MANSAR_06,ZONE_MSR_02,22.2,0.6,None,92.5,OPTIMAL,2026-03-11T18:00:00Z
WTR_TRK_TATA_03,Dust Suppression Bowser,MINE_MANSAR_06,ZONE_MSR_01,23.3,0.2,None,91.3,OPTIMAL,2026-03-11T23:00:00Z
EXC_HIT_ZX470_02,Hydraulic Excavator,MINE_CHIKLA_07,ZONE_CHK_01,22.2,0.5,None,95.7,OPTIMAL,2026-03-11T23:00:00Z
DMP_VOLVO_FMX_41,Haul Dumper,MINE_CHIKLA_07,ZONE_CHK_01,22.5,0.7,None,88.7,OPTIMAL,2026-03-11T23:00:00Z
DMP_VOLVO_FMX_42,Haul Dumper,MINE_CHIKLA_07,ZONE_CHK_02,22.0,0.8,None,97.6,OPTIMAL,2026-03-11T19:00:00Z
DRL_SND_DX800_02,Blast Drill Rig,MINE_CHIKLA_07,ZONE_CHK_01,22.9,0.2,None,88.9,OPTIMAL,2026-03-11T23:00:00Z
DOZ_KOM_D155_01,Track-Type Dozer,MINE_CHIKLA_07,ZONE_CHK_05,22.8,0.1,None,95.3,OPTIMAL,2026-03-11T19:00:00Z
EXC_KOM_PC450_04,Hydraulic Excavator,MINE_UKWA_08,ZONE_UKW_01,22.9,0.0,None,96.6,OPTIMAL,2026-03-11T22:00:00Z
DMP_CAT_773E_03,Haul Dumper,MINE_UKWA_08,ZONE_UKW_01,22.4,0.7,None,96.0,OPTIMAL,2026-03-11T21:00:00Z
DMP_CAT_773E_04,Haul Dumper,MINE_UKWA_08,ZONE_UKW_02,22.2,0.9,None,94.6,OPTIMAL,2026-03-11T23:00:00Z
DRL_ATLAS_ROC_03,Blast Drill Rig,MINE_UKWA_08,ZONE_UKW_01,22.1,0.9,None,89.6,OPTIMAL,2026-03-11T22:00:00Z
WTR_TRK_TATA_04,Dust Suppression Bowser,MINE_UKWA_08,ZONE_UKW_02,23.2,0.1,None,90.5,OPTIMAL,2026-03-11T19:00:00Z
EXC_HIT_ZX470_01,Hydraulic Excavator,MINE_GUMGAON_02,ZONE_GMG_01,15.5,6.6,Drill rotary motor trip,62.5,CRITICAL_MAINTENANCE,2026-03-12T21:00:00Z
DMP_CAT_773E_01,Haul Dumper,MINE_GUMGAON_02,ZONE_GMG_01,22.4,0.5,None,92.0,OPTIMAL,2026-03-12T20:00:00Z
DMP_CAT_773E_02,Haul Dumper,MINE_GUMGAON_02,ZONE_GMG_02,21.8,1.0,None,93.7,OPTIMAL,2026-03-12T22:00:00Z
DRL_SND_DX800_01,Blast Drill Rig,MINE_GUMGAON_02,ZONE_GMG_02,22.7,0.2,None,88.8,OPTIMAL,2026-03-12T21:00:00Z
EXC_CAT_349_02,Hydraulic Excavator,MINE_TIRODI_03,ZONE_TRD_01,22.4,0.8,None,94.3,OPTIMAL,2026-03-12T22:00:00Z
EXC_KOM_PC300_01,Hydraulic Excavator,MINE_TIRODI_03,ZONE_TRD_02,22.5,0.5,None,90.8,OPTIMAL,2026-03-12T23:00:00Z
DMP_BEML_BH35_01,Haul Dumper,MINE_TIRODI_03,ZONE_TRD_01,22.1,1.0,None,96.9,OPTIMAL,2026-03-12T19:00:00Z
DMP_BEML_BH35_02,Haul Dumper,MINE_TIRODI_03,ZONE_TRD_02,22.7,0.1,None,89.2,OPTIMAL,2026-03-12T22:00:00Z
DOZ_CAT_D8R_01,Track-Type Dozer,MINE_TIRODI_03,ZONE_TRD_05,22.9,0.3,None,92.1,OPTIMAL,2026-03-12T20:00:00Z
EXC_HIT_EX1200_01,Hydraulic Mining Shovel,MINE_DONGRI_04,ZONE_DGB_01,22.6,0.6,None,89.1,OPTIMAL,2026-03-12T21:00:00Z
DMP_VOLVO_FMX_21,Haul Dumper,MINE_DONGRI_04,ZONE_DGB_01,22.6,0.2,None,97.1,OPTIMAL,2026-03-12T18:00:00Z
DMP_VOLVO_FMX_22,Haul Dumper,MINE_DONGRI_04,ZONE_DGB_02,22.0,0.7,None,88.6,OPTIMAL,2026-03-12T18:00:00Z
CRU_METSO_C120_01,Primary Jaw Crusher,MINE_DONGRI_04,ZONE_DGB_01,22.7,0.0,None,91.3,OPTIMAL,2026-03-12T21:00:00Z
WTR_TRK_TATA_02,Dust Suppression Bowser,MINE_DONGRI_04,ZONE_DGB_02,22.5,0.9,None,93.2,OPTIMAL,2026-03-12T22:00:00Z
EXC_KOM_PC450_03,Hydraulic Excavator,MINE_KANDRI_05,ZONE_KND_01,22.1,0.8,None,92.8,OPTIMAL,2026-03-12T21:00:00Z
DMP_VOLVO_FMX_31,Haul Dumper,MINE_KANDRI_05,ZONE_KND_01,22.7,0.5,None,94.5,OPTIMAL,2026-03-12T18:00:00Z
DMP_VOLVO_FMX_32,Haul Dumper,MINE_KANDRI_05,ZONE_KND_02,21.6,0.9,None,90.7,OPTIMAL,2026-03-12T19:00:00Z
DRL_ATLAS_ROC_02,Blast Drill Rig,MINE_KANDRI_05,ZONE_KND_01,22.7,0.0,None,91.3,OPTIMAL,2026-03-12T19:00:00Z
EXC_CAT_349_03,Hydraulic Excavator,MINE_MANSAR_06,ZONE_MSR_01,22.2,0.8,None,92.0,OPTIMAL,2026-03-12T23:00:00Z
DMP_BEML_BH35_03,Haul Dumper,MINE_MANSAR_06,ZONE_MSR_01,22.9,0.3,None,96.8,OPTIMAL,2026-03-12T20:00:00Z
DMP_BEML_BH35_04,Haul Dumper,MINE_MANSAR_06,ZONE_MSR_02,22.5,0.4,None,92.4,OPTIMAL,2026-03-12T20:00:00Z
WTR_TRK_TATA_03,Dust Suppression Bowser,MINE_MANSAR_06,ZONE_MSR_01,22.4,0.4,None,93.0,OPTIMAL,2026-03-12T18:00:00Z
EXC_HIT_ZX470_02,Hydraulic Excavator,MINE_CHIKLA_07,ZONE_CHK_01,22.4,0.4,None,95.9,OPTIMAL,2026-03-12T22:00:00Z
DMP_VOLVO_FMX_41,Haul Dumper,MINE_CHIKLA_07,ZONE_CHK_01,19.5,2.9,Haul road dust water spraying pause,81.9,WARNING,2026-03-12T21:00:00Z
DMP_VOLVO_FMX_42,Haul Dumper,MINE_CHIKLA_07,ZONE_CHK_02,22.0,0.7,None,91.6,OPTIMAL,2026-03-12T18:00:00Z
DRL_SND_DX800_02,Blast Drill Rig,MINE_CHIKLA_07,ZONE_CHK_01,19.7,3.3,Air intake filter clogging,75.9,WARNING,2026-03-12T22:00:00Z
DOZ_KOM_D155_01,Track-Type Dozer,MINE_CHIKLA_07,ZONE_CHK_05,20.5,2.5,Air intake filter clogging,75.8,WARNING,2026-03-12T18:00:00Z
EXC_KOM_PC450_04,Hydraulic Excavator,MINE_UKWA_08,ZONE_UKW_01,22.9,0.4,None,94.1,OPTIMAL,2026-03-12T21:00:00Z
DMP_CAT_773E_03,Haul Dumper,MINE_UKWA_08,ZONE_UKW_01,22.8,0.3,None,92.5,OPTIMAL,2026-03-12T22:00:00Z
DMP_CAT_773E_04,Haul Dumper,MINE_UKWA_08,ZONE_UKW_02,20.5,2.5,Track shoe tension adjustment,80.0,WARNING,2026-03-12T22:00:00Z
DRL_ATLAS_ROC_03,Blast Drill Rig,MINE_UKWA_08,ZONE_UKW_01,23.0,0.4,None,93.7,OPTIMAL,2026-03-12T23:00:00Z
WTR_TRK_TATA_04,Dust Suppression Bowser,MINE_UKWA_08,ZONE_UKW_02,20.2,2.1,Track shoe tension adjustment,76.1,WARNING,2026-03-12T21:00:00Z
EXC_HIT_ZX470_01,Hydraulic Excavator,MINE_GUMGAON_02,ZONE_GMG_01,22.5,0.2,None,95.6,OPTIMAL,2026-03-13T22:00:00Z
DMP_CAT_773E_01,Haul Dumper,MINE_GUMGAON_02,ZONE_GMG_01,22.6,0.6,None,92.4,OPTIMAL,2026-03-13T20:00:00Z
DMP_CAT_773E_02,Haul Dumper,MINE_GUMGAON_02,ZONE_GMG_02,22.1,0.9,None,91.6,OPTIMAL,2026-03-13T20:00:00Z
DRL_SND_DX800_01,Blast Drill Rig,MINE_GUMGAON_02,ZONE_GMG_02,22.5,0.8,None,96.4,OPTIMAL,2026-03-13T19:00:00Z
EXC_CAT_349_02,Hydraulic Excavator,MINE_TIRODI_03,ZONE_TRD_01,22.5,0.5,None,91.4,OPTIMAL,2026-03-13T21:00:00Z
EXC_KOM_PC300_01,Hydraulic Excavator,MINE_TIRODI_03,ZONE_TRD_02,23.4,0.1,None,93.8,OPTIMAL,2026-03-13T22:00:00Z
DMP_BEML_BH35_01,Haul Dumper,MINE_TIRODI_03,ZONE_TRD_01,19.8,2.3,Track shoe tension adjustment,74.9,WARNING,2026-03-13T20:00:00Z
DMP_BEML_BH35_02,Haul Dumper,MINE_TIRODI_03,ZONE_TRD_02,22.0,0.5,None,94.6,OPTIMAL,2026-03-13T18:00:00Z
DOZ_CAT_D8R_01,Track-Type Dozer,MINE_TIRODI_03,ZONE_TRD_05,22.7,0.3,None,90.3,OPTIMAL,2026-03-13T20:00:00Z
EXC_HIT_EX1200_01,Hydraulic Mining Shovel,MINE_DONGRI_04,ZONE_DGB_01,22.0,0.7,None,94.6,OPTIMAL,2026-03-13T23:00:00Z
DMP_VOLVO_FMX_21,Haul Dumper,MINE_DONGRI_04,ZONE_DGB_01,22.7,0.4,None,97.6,OPTIMAL,2026-03-13T20:00:00Z
DMP_VOLVO_FMX_22,Haul Dumper,MINE_DONGRI_04,ZONE_DGB_02,20.3,2.2,Fuel refill & shift inspection,80.8,WARNING,2026-03-13T20:00:00Z
CRU_METSO_C120_01,Primary Jaw Crusher,MINE_DONGRI_04,ZONE_DGB_01,22.2,0.9,None,90.1,OPTIMAL,2026-03-13T23:00:00Z
WTR_TRK_TATA_02,Dust Suppression Bowser,MINE_DONGRI_04,ZONE_DGB_02,23.0,0.1,None,91.7,OPTIMAL,2026-03-13T22:00:00Z
EXC_KOM_PC450_03,Hydraulic Excavator,MINE_KANDRI_05,ZONE_KND_01,13.9,7.5,Drill rotary motor trip,64.7,CRITICAL_MAINTENANCE,2026-03-13T23:00:00Z
DMP_VOLVO_FMX_31,Haul Dumper,MINE_KANDRI_05,ZONE_KND_01,22.6,0.4,None,94.5,OPTIMAL,2026-03-13T21:00:00Z
DMP_VOLVO_FMX_32,Haul Dumper,MINE_KANDRI_05,ZONE_KND_02,13.4,8.1,Hydraulic pump seal burst,53.2,CRITICAL_MAINTENANCE,2026-03-13T19:00:00Z
DRL_ATLAS_ROC_02,Blast Drill Rig,MINE_KANDRI_05,ZONE_KND_01,22.1,0.7,None,97.6,OPTIMAL,2026-03-13T20:00:00Z
EXC_CAT_349_03,Hydraulic Excavator,MINE_MANSAR_06,ZONE_MSR_01,22.7,0.5,None,96.1,OPTIMAL,2026-03-13T21:00:00Z
DMP_BEML_BH35_03,Haul Dumper,MINE_MANSAR_06,ZONE_MSR_01,19.8,3.0,Air intake filter clogging,79.1,WARNING,2026-03-13T20:00:00Z
DMP_BEML_BH35_04,Haul Dumper,MINE_MANSAR_06,ZONE_MSR_02,22.9,0.3,None,88.4,OPTIMAL,2026-03-13T23:00:00Z
WTR_TRK_TATA_03,Dust Suppression Bowser,MINE_MANSAR_06,ZONE_MSR_01,22.3,0.4,None,88.4,OPTIMAL,2026-03-13T21:00:00Z
EXC_HIT_ZX470_02,Hydraulic Excavator,MINE_CHIKLA_07,ZONE_CHK_01,16.9,6.1,Engine cooling circuit rupture,57.2,CRITICAL_MAINTENANCE,2026-03-13T23:00:00Z
DMP_VOLVO_FMX_41,Haul Dumper,MINE_CHIKLA_07,ZONE_CHK_01,14.6,7.5,Drill rotary motor trip,48.7,CRITICAL_MAINTENANCE,2026-03-13T21:00:00Z
DMP_VOLVO_FMX_42,Haul Dumper,MINE_CHIKLA_07,ZONE_CHK_02,22.4,0.6,None,92.3,OPTIMAL,2026-03-13T22:00:00Z
DRL_SND_DX800_02,Blast Drill Rig,MINE_CHIKLA_07,ZONE_CHK_01,23.1,0.3,None,97.0,OPTIMAL,2026-03-13T19:00:00Z
DOZ_KOM_D155_01,Track-Type Dozer,MINE_CHIKLA_07,ZONE_CHK_05,22.1,0.6,None,94.6,OPTIMAL,2026-03-13T22:00:00Z
EXC_KOM_PC450_04,Hydraulic Excavator,MINE_UKWA_08,ZONE_UKW_01,22.3,0.2,None,95.9,OPTIMAL,2026-03-13T21:00:00Z
DMP_CAT_773E_03,Haul Dumper,MINE_UKWA_08,ZONE_UKW_01,22.4,0.7,None,93.3,OPTIMAL,2026-03-13T21:00:00Z
DMP_CAT_773E_04,Haul Dumper,MINE_UKWA_08,ZONE_UKW_02,16.9,5.0,Hydraulic pump seal burst,52.3,CRITICAL_MAINTENANCE,2026-03-13T19:00:00Z
DRL_ATLAS_ROC_03,Blast Drill Rig,MINE_UKWA_08,ZONE_UKW_01,23.2,0.1,None,88.1,OPTIMAL,2026-03-13T20:00:00Z
WTR_TRK_TATA_04,Dust Suppression Bowser,MINE_UKWA_08,ZONE_UKW_02,22.3,0.9,None,92.9,OPTIMAL,2026-03-13T20:00:00Z
EXC_HIT_ZX470_01,Hydraulic Excavator,MINE_GUMGAON_02,ZONE_GMG_01,22.4,0.4,None,90.3,OPTIMAL,2026-03-14T21:00:00Z
DMP_CAT_773E_01,Haul Dumper,MINE_GUMGAON_02,ZONE_GMG_01,22.3,0.4,None,96.8,OPTIMAL,2026-03-14T23:00:00Z
DMP_CAT_773E_02,Haul Dumper,MINE_GUMGAON_02,ZONE_GMG_02,22.5,0.2,None,97.7,OPTIMAL,2026-03-14T23:00:00Z
DRL_SND_DX800_01,Blast Drill Rig,MINE_GUMGAON_02,ZONE_GMG_02,15.3,6.3,Drill rotary motor trip,64.1,CRITICAL_MAINTENANCE,2026-03-14T20:00:00Z
EXC_CAT_349_02,Hydraulic Excavator,MINE_TIRODI_03,ZONE_TRD_01,22.2,0.8,None,97.7,OPTIMAL,2026-03-14T20:00:00Z
EXC_KOM_PC300_01,Hydraulic Excavator,MINE_TIRODI_03,ZONE_TRD_02,22.2,0.4,None,92.7,OPTIMAL,2026-03-14T22:00:00Z
DMP_BEML_BH35_01,Haul Dumper,MINE_TIRODI_03,ZONE_TRD_01,22.6,0.8,None,93.1,OPTIMAL,2026-03-14T22:00:00Z
DMP_BEML_BH35_02,Haul Dumper,MINE_TIRODI_03,ZONE_TRD_02,22.6,0.1,None,94.7,OPTIMAL,2026-03-14T19:00:00Z
DOZ_CAT_D8R_01,Track-Type Dozer,MINE_TIRODI_03,ZONE_TRD_05,22.5,0.3,None,91.2,OPTIMAL,2026-03-14T19:00:00Z
EXC_HIT_EX1200_01,Hydraulic Mining Shovel,MINE_DONGRI_04,ZONE_DGB_01,21.1,1.7,Air intake filter clogging,79.7,WARNING,2026-03-14T20:00:00Z
DMP_VOLVO_FMX_21,Haul Dumper,MINE_DONGRI_04,ZONE_DGB_01,22.3,0.4,None,91.2,OPTIMAL,2026-03-14T20:00:00Z
DMP_VOLVO_FMX_22,Haul Dumper,MINE_DONGRI_04,ZONE_DGB_02,21.9,0.9,None,89.8,OPTIMAL,2026-03-14T23:00:00Z
CRU_METSO_C120_01,Primary Jaw Crusher,MINE_DONGRI_04,ZONE_DGB_01,22.5,0.9,None,89.0,OPTIMAL,2026-03-14T23:00:00Z
WTR_TRK_TATA_02,Dust Suppression Bowser,MINE_DONGRI_04,ZONE_DGB_02,22.3,0.9,None,90.1,OPTIMAL,2026-03-14T21:00:00Z
EXC_KOM_PC450_03,Hydraulic Excavator,MINE_KANDRI_05,ZONE_KND_01,22.7,0.7,None,90.1,OPTIMAL,2026-03-14T23:00:00Z
DMP_VOLVO_FMX_31,Haul Dumper,MINE_KANDRI_05,ZONE_KND_01,20.1,2.7,Fuel refill & shift inspection,83.4,WARNING,2026-03-14T22:00:00Z
DMP_VOLVO_FMX_32,Haul Dumper,MINE_KANDRI_05,ZONE_KND_02,20.0,3.1,Track shoe tension adjustment,78.0,WARNING,2026-03-14T20:00:00Z
DRL_ATLAS_ROC_02,Blast Drill Rig,MINE_KANDRI_05,ZONE_KND_01,23.4,0.0,None,94.6,OPTIMAL,2026-03-14T19:00:00Z
EXC_CAT_349_03,Hydraulic Excavator,MINE_MANSAR_06,ZONE_MSR_01,21.6,1.0,None,89.1,OPTIMAL,2026-03-14T21:00:00Z
DMP_BEML_BH35_03,Haul Dumper,MINE_MANSAR_06,ZONE_MSR_01,22.9,0.4,None,93.1,OPTIMAL,2026-03-14T21:00:00Z
DMP_BEML_BH35_04,Haul Dumper,MINE_MANSAR_06,ZONE_MSR_02,22.3,0.5,None,88.1,OPTIMAL,2026-03-14T21:00:00Z
WTR_TRK_TATA_03,Dust Suppression Bowser,MINE_MANSAR_06,ZONE_MSR_01,22.9,0.1,None,95.8,OPTIMAL,2026-03-14T21:00:00Z
EXC_HIT_ZX470_02,Hydraulic Excavator,MINE_CHIKLA_07,ZONE_CHK_01,23.1,0.0,None,92.8,OPTIMAL,2026-03-14T18:00:00Z
DMP_VOLVO_FMX_41,Haul Dumper,MINE_CHIKLA_07,ZONE_CHK_01,23.3,0.1,None,90.8,OPTIMAL,2026-03-14T22:00:00Z
DMP_VOLVO_FMX_42,Haul Dumper,MINE_CHIKLA_07,ZONE_CHK_02,23.2,0.0,None,93.0,OPTIMAL,2026-03-14T22:00:00Z
DRL_SND_DX800_02,Blast Drill Rig,MINE_CHIKLA_07,ZONE_CHK_01,22.5,0.8,None,96.4,OPTIMAL,2026-03-14T23:00:00Z
DOZ_KOM_D155_01,Track-Type Dozer,MINE_CHIKLA_07,ZONE_CHK_05,22.4,0.6,None,89.1,OPTIMAL,2026-03-14T22:00:00Z
EXC_KOM_PC450_04,Hydraulic Excavator,MINE_UKWA_08,ZONE_UKW_01,19.6,2.9,Track shoe tension adjustment,74.8,WARNING,2026-03-14T21:00:00Z
DMP_CAT_773E_03,Haul Dumper,MINE_UKWA_08,ZONE_UKW_01,22.7,0.8,None,93.6,OPTIMAL,2026-03-14T23:00:00Z
DMP_CAT_773E_04,Haul Dumper,MINE_UKWA_08,ZONE_UKW_02,23.2,0.2,None,96.1,OPTIMAL,2026-03-14T18:00:00Z
DRL_ATLAS_ROC_03,Blast Drill Rig,MINE_UKWA_08,ZONE_UKW_01,22.7,0.7,None,88.7,OPTIMAL,2026-03-14T20:00:00Z
WTR_TRK_TATA_04,Dust Suppression Bowser,MINE_UKWA_08,ZONE_UKW_02,20.4,2.3,Fuel refill & shift inspection,79.0,WARNING,2026-03-14T18:00:00Z
