date,mine_id,zone_id,shift,planned_tonnage,actual_tonnage,shortfall_tonnage,ore_grade_mined,hauling_trips,blasting_status,blasting_delay_hours,timestamp
2026-02-12,MINE_BALAGHAT_01,ZONE_CENTRAL_B,Shift-A,387,356,31,42.2,52,Completed,0.0,2026-02-12T08:00:00Z
2026-02-12,MINE_BALAGHAT_01,ZONE_NORTH_A,Shift-B,347,362,0,42.5,46,Completed,0.0,2026-02-12T16:00:00Z
2026-02-12,MINE_BALAGHAT_01,ZONE_NORTH_A,Shift-C,352,329,23,40.7,55,Completed,0.0,2026-02-13T00:00:00Z
2026-02-13,MINE_BALAGHAT_01,ZONE_CENTRAL_B,Shift-A,345,331,14,43.5,33,Completed,0.0,2026-02-13T08:00:00Z
2026-02-13,MINE_BALAGHAT_01,ZONE_NORTH_A,Shift-B,340,330,10,39.0,40,Delayed,1.4,2026-02-13T16:00:00Z
2026-02-13,MINE_BALAGHAT_01,ZONE_CENTRAL_B,Shift-C,410,423,0,41.4,50,Completed,0.0,2026-02-14T00:00:00Z
2026-02-14,MINE_BALAGHAT_01,ZONE_CENTRAL_B,Shift-A,403,411,0,42.7,37,Completed,0.0,2026-02-14T08:00:00Z
2026-02-14,MINE_BALAGHAT_01,ZONE_SOUTH_C,Shift-B,377,370,7,42.9,54,Completed,0.0,2026-02-14T16:00:00Z
2026-02-14,MINE_BALAGHAT_01,ZONE_CENTRAL_B,Shift-C,354,359,0,39.7,46,Completed,0.0,2026-02-15T00:00:00Z
2026-02-15,MINE_BALAGHAT_01,ZONE_NORTH_A,Shift-A,411,431,0,40.5,42,Completed,0.0,2026-02-15T08:00:00Z
2026-02-15,MINE_BALAGHAT_01,ZONE_CENTRAL_B,Shift-B,365,374,0,37.9,50,Completed,0.0,2026-02-15T16:00:00Z
2026-02-15,MINE_BALAGHAT_01,ZONE_NORTH_A,Shift-C,367,369,0,37.7,40,Completed,0.0,2026-02-16T00:00:00Z
2026-02-16,MINE_BALAGHAT_01,ZONE_SOUTH_C,Shift-A,376,384,0,38.6,54,Completed,0.0,2026-02-16T08:00:00Z
2026-02-16,MINE_BALAGHAT_01,ZONE_SOUTH_C,Shift-B,383,376,7,38.2,39,Completed,0.0,2026-02-16T16:00:00Z
2026-02-16,MINE_BALAGHAT_01,ZONE_CENTRAL_B,Shift-C,360,370,0,42.5,42,Completed,0.0,2026-02-17T00:00:00Z
2026-02-17,MINE_BALAGHAT_01,ZONE_NORTH_A,Shift-A,378,348,30,42.6,43,Completed,0.0,2026-02-17T08:00:00Z
2026-02-17,MINE_BALAGHAT_01,ZONE_SOUTH_C,Shift-B,355,359,0,41.2,46,Completed,0.0,2026-02-17T16:00:00Z
2026-02-17,MINE_BALAGHAT_01,ZONE_NORTH_A,Shift-C,397,386,11,37.8,44,Delayed,0.9,2026-02-18T00:00:00Z
2026-02-18,MINE_BALAGHAT_01,ZONE_SOUTH_C,Shift-A,412,416,0,41.9,52,Completed,0.0,2026-02-18T08:00:00Z
2026-02-18,MINE_BALAGHAT_01,ZONE_SOUTH_C,Shift-B,404,413,0,43.3,40,Completed,0.0,2026-02-18T16:00:00Z
2026-02-18,MINE_BALAGHAT_01,ZONE_CENTRAL_B,Shift-C,398,404,0,43.2,51,Delayed,1.1,2026-02-19T00:00:00Z
2026-02-19,MINE_BALAGHAT_01,ZONE_CENTRAL_B,Shift-A,418,402,16,43.2,40,Completed,0.0,2026-02-19T08:00:00Z
2026-02-19,MINE_BALAGHAT_01,ZONE_NORTH_A,Shift-B,378,375,3,37.6,41,Completed,0.0,2026-02-19T16:00:00Z
2026-02-19,MINE_BALAGHAT_01,ZONE_CENTRAL_B,Shift-C,343,325,18,39.9,55,Completed,0.0,2026-02-20T00:00:00Z
2026-02-20,MINE_BALAGHAT_01,ZONE_SOUTH_C,Shift-A,391,395,0,42.0,32,Completed,0.0,2026-02-20T08:00:00Z
2026-02-20,MINE_BALAGHAT_01,ZONE_CENTRAL_B,Shift-B,416,436,0,43.7,36,Completed,0.0,2026-02-20T16:00:00Z
2026-02-20,MINE_BALAGHAT_01,ZONE_SOUTH_C,Shift-C,345,330,15,37.7,43,Completed,0.0,2026-02-21T00:00:00Z
2026-02-21,MINE_BALAGHAT_01,ZONE_SOUTH_C,Shift-A,345,347,0,42.6,32,Completed,0.0,2026-02-21T08:00:00Z
2026-02-21,MINE_BALAGHAT_01,ZONE_NORTH_A,Shift-B,406,388,18,43.2,38,Completed,0.0,2026-02-21T16:00:00Z
2026-02-21,MINE_BALAGHAT_01,ZONE_SOUTH_C,Shift-C,364,365,0,41.6,48,Completed,0.0,2026-02-22T00:00:00Z
2026-02-22,MINE_BALAGHAT_01,ZONE_CENTRAL_B,Shift-A,360,343,17,39.8,53,Completed,0.0,2026-02-22T08:00:00Z
2026-02-22,MINE_BALAGHAT_01,ZONE_NORTH_A,Shift-B,415,418,0,40.5,47,Completed,0.0,2026-02-22T16:00:00Z
2026-02-22,MINE_BALAGHAT_01,ZONE_NORTH_A,Shift-C,375,361,14,37.6,52,Delayed,1.1,2026-02-23T00:00:00Z
2026-02-23,MINE_BALAGHAT_01,ZONE_SOUTH_C,Shift-A,380,374,6,37.6,52,Delayed,0.8,2026-02-23T08:00:00Z
2026-02-23,MINE_BALAGHAT_01,ZONE_CENTRAL_B,Shift-B,374,388,0,40.5,33,Completed,0.0,2026-02-23T16:00:00Z
2026-02-23,MINE_BALAGHAT_01,ZONE_CENTRAL_B,Shift-C,390,406,0,37.9,45,Completed,0.0,2026-02-24T00:00:00Z
2026-02-24,MINE_BALAGHAT_01,ZONE_SOUTH_C,Shift-A,400,393,7,40.3,40,Completed,0.0,2026-02-24T08:00:00Z
2026-02-24,MINE_BALAGHAT_01,ZONE_SOUTH_C,Shift-B,390,372,18,39.1,51,Completed,0.0,2026-02-24T16:00:00Z
2026-02-24,MINE_BALAGHAT_01,ZONE_NORTH_A,Shift-C,407,423,0,43.4,38,Completed,0.0,2026-02-25T00:00:00Z
2026-02-25,MINE_BALAGHAT_01,ZONE_SOUTH_C,Shift-A,359,357,2,43.6,40,Completed,0.0,2026-02-25T08:00:00Z
2026-02-25,MINE_BALAGHAT_01,ZONE_CENTRAL_B,Shift-B,398,386,12,41.3,46,Completed,0.0,2026-02-25T16:00:00Z
2026-02-25,MINE_BALAGHAT_01,ZONE_SOUTH_C,Shift-C,385,390,0,38.6,57,Completed,0.0,2026-02-26T00:00:00Z
2026-02-26,MINE_BALAGHAT_01,ZONE_NORTH_A,Shift-A,393,363,30,40.3,46,Completed,0.0,2026-02-26T08:00:00Z
2026-02-26,MINE_BALAGHAT_01,ZONE_CENTRAL_B,Shift-B,355,354,1,38.4,54,Completed,0.0,2026-02-26T16:00:00Z
2026-02-26,MINE_BALAGHAT_01,ZONE_NORTH_A,Shift-C,388,385,3,39.5,54,Completed,0.0,2026-02-27T00:00:00Z
2026-02-27,MINE_BALAGHAT_01,ZONE_SOUTH_C,Shift-A,344,336,8,41.2,52,Delayed,1.0,2026-02-27T08:00:00Z
2026-02-27,MINE_BALAGHAT_01,ZONE_CENTRAL_B,Shift-B,402,380,22,40.0,40,Completed,0.0,2026-02-27T16:00:00Z
2026-02-27,MINE_BALAGHAT_01,ZONE_CENTRAL_B,Shift-C,342,316,26,39.2,44,Completed,0.0,2026-02-28T00:00:00Z
2026-02-28,MINE_BALAGHAT_01,ZONE_NORTH_A,Shift-A,369,377,0,38.3,43,Completed,0.0,2026-02-28T08:00:00Z
2026-02-28,MINE_BALAGHAT_01,ZONE_SOUTH_C,Shift-B,341,323,18,43.8,44,Completed,0.0,2026-02-28T16:00:00Z
2026-02-28,MINE_BALAGHAT_01,ZONE_NORTH_A,Shift-C,411,385,26,43.7,57,Completed,0.0,2026-03-01T00:00:00Z
2026-03-01,MINE_BALAGHAT_01,ZONE_SOUTH_C,Shift-A,374,373,1,39.2,53,Completed,0.0,2026-03-01T08:00:00Z
2026-03-01,MINE_BALAGHAT_01,ZONE_CENTRAL_B,Shift-B,416,425,0,37.9,32,Completed,0.0,2026-03-01T16:00:00Z
2026-03-01,MINE_BALAGHAT_01,ZONE_NORTH_A,Shift-C,373,352,21,40.2,56,Completed,0.0,2026-03-02T00:00:00Z
2026-03-02,MINE_BALAGHAT_01,ZONE_CENTRAL_B,Shift-A,392,363,29,42.6,32,Completed,0.0,2026-03-02T08:00:00Z
2026-03-02,MINE_BALAGHAT_01,ZONE_NORTH_A,Shift-B,387,402,0,39.2,58,Completed,0.0,2026-03-02T16:00:00Z
2026-03-02,MINE_BALAGHAT_01,ZONE_NORTH_A,Shift-C,405,407,0,41.4,43,Completed,0.0,2026-03-03T00:00:00Z
2026-03-03,MINE_BALAGHAT_01,ZONE_CENTRAL_B,Shift-A,405,399,6,39.3,35,Completed,0.0,2026-03-03T08:00:00Z
2026-03-03,MINE_BALAGHAT_01,ZONE_SOUTH_C,Shift-B,404,394,10,38.3,51,Completed,0.0,2026-03-03T16:00:00Z
2026-03-03,MINE_BALAGHAT_01,ZONE_SOUTH_C,Shift-C,378,389,0,39.0,34,Delayed,1.4,2026-03-04T00:00:00Z
2026-03-04,MINE_BALAGHAT_01,ZONE_SOUTH_C,Shift-A,407,416,0,41.4,44,Completed,0.0,2026-03-04T08:00:00Z
2026-03-04,MINE_BALAGHAT_01,ZONE_SOUTH_C,Shift-B,350,364,0,41.1,44,Completed,0.0,2026-03-04T16:00:00Z
2026-03-04,MINE_BALAGHAT_01,ZONE_CENTRAL_B,Shift-C,374,356,18,41.7,50,Completed,0.0,2026-03-05T00:00:00Z
2026-03-05,MINE_BALAGHAT_01,ZONE_CENTRAL_B,Shift-A,386,368,18,41.7,45,Completed,0.0,2026-03-05T08:00:00Z
2026-03-05,MINE_BALAGHAT_01,ZONE_CENTRAL_B,Shift-B,350,338,12,43.3,43,Delayed,1.5,2026-03-05T16:00:00Z
2026-03-05,MINE_BALAGHAT_01,ZONE_CENTRAL_B,Shift-C,349,345,4,40.3,34,Completed,0.0,2026-03-06T00:00:00Z
2026-03-06,MINE_BALAGHAT_01,ZONE_CENTRAL_B,Shift-A,366,354,12,39.8,37,Completed,0.0,2026-03-06T08:00:00Z
2026-03-06,MINE_BALAGHAT_01,ZONE_SOUTH_C,Shift-B,369,385,0,40.8,42,Completed,0.0,2026-03-06T16:00:00Z
2026-03-06,MINE_BALAGHAT_01,ZONE_CENTRAL_B,Shift-C,363,354,9,41.8,52,Completed,0.0,2026-03-07T00:00:00Z
2026-03-07,MINE_BALAGHAT_01,ZONE_NORTH_A,Shift-A,344,325,19,38.7,39,Completed,0.0,2026-03-07T08:00:00Z
2026-03-07,MINE_BALAGHAT_01,ZONE_CENTRAL_B,Shift-B,402,417,0,38.7,38,Completed,0.0,2026-03-07T16:00:00Z
2026-03-07,MINE_BALAGHAT_01,ZONE_SOUTH_C,Shift-C,376,386,0,41.5,57,Completed,0.0,2026-03-08T00:00:00Z
2026-03-08,MINE_BALAGHAT_01,ZONE_CENTRAL_B,Shift-A,412,394,18,39.8,38,Completed,0.0,2026-03-08T08:00:00Z
2026-03-08,MINE_BALAGHAT_01,ZONE_CENTRAL_B,Shift-B,357,343,14,39.8,47,Completed,0.0,2026-03-08T16:00:00Z
2026-03-08,MINE_BALAGHAT_01,ZONE_CENTRAL_B,Shift-C,346,330,16,39.7,48,Completed,0.0,2026-03-09T00:00:00Z
2026-03-09,MINE_BALAGHAT_01,ZONE_CENTRAL_B,Shift-A,383,400,0,39.6,51,Completed,0.0,2026-03-09T08:00:00Z
2026-03-09,MINE_BALAGHAT_01,ZONE_NORTH_A,Shift-B,403,386,17,38.3,52,Completed,0.0,2026-03-09T16:00:00Z
2026-03-09,MINE_BALAGHAT_01,ZONE_SOUTH_C,Shift-C,354,335,19,40.5,56,Completed,0.0,2026-03-10T00:00:00Z
2026-03-10,MINE_BALAGHAT_01,ZONE_SOUTH_C,Shift-A,378,247,131,39.7,49,Delayed,2.2,2026-03-10T08:00:00Z
2026-03-10,MINE_BALAGHAT_01,ZONE_NORTH_A,Shift-B,371,276,95,43.8,50,Delayed,3.4,2026-03-10T16:00:00Z
2026-03-10,MINE_BALAGHAT_01,ZONE_NORTH_A,Shift-C,417,282,135,43.6,44,Delayed,2.5,2026-03-11T00:00:00Z
2026-03-11,MINE_BALAGHAT_01,ZONE_NORTH_A,Shift-A,381,251,130,38.8,46,Delayed,2.5,2026-03-11T08:00:00Z
2026-03-11,MINE_BALAGHAT_01,ZONE_CENTRAL_B,Shift-B,397,291,106,42.9,40,Delayed,2.0,2026-03-11T16:00:00Z
2026-03-11,MINE_BALAGHAT_01,ZONE_NORTH_A,Shift-C,341,222,119,43.2,34,Delayed,3.2,2026-03-12T00:00:00Z
2026-03-12,MINE_BALAGHAT_01,ZONE_SOUTH_C,Shift-A,399,262,137,41.3,53,Delayed,3.0,2026-03-12T08:00:00Z
2026-03-12,MINE_BALAGHAT_01,ZONE_NORTH_A,Shift-B,394,264,130,43.0,42,Delayed,2.1,2026-03-12T16:00:00Z
2026-03-12,MINE_BALAGHAT_01,ZONE_CENTRAL_B,Shift-C,341,244,97,39.9,33,Completed,0.0,2026-03-13T00:00:00Z
2026-03-13,MINE_BALAGHAT_01,ZONE_CENTRAL_B,Shift-A,366,247,119,38.0,44,Completed,0.0,2026-03-13T08:00:00Z
2026-03-13,MINE_BALAGHAT_01,ZONE_NORTH_A,Shift-B,395,303,92,41.9,41,Delayed,2.1,2026-03-13T16:00:00Z
2026-03-13,MINE_BALAGHAT_01,ZONE_CENTRAL_B,Shift-C,388,268,120,41.2,58,Completed,0.0,2026-03-14T00:00:00Z
2025-12-05,MINE_GUMGAON_02,ZONE_GMG_01,Daily_Aggregate,220.0,213.5,6.5,41.3,10,Completed,0.0,2025-12-05T22:00:00Z
2025-12-05,MINE_GUMGAON_02,ZONE_GMG_02,Daily_Aggregate,260.0,267.6,0.0,40.1,12,Completed,0.0,2025-12-05T22:00:00Z
2025-12-05,MINE_GUMGAON_02,ZONE_GMG_03,Daily_Aggregate,180.0,173.2,6.8,43.1,8,Completed,0.0,2025-12-05T22:00:00Z
2025-12-05,MINE_TIRODI_03,ZONE_TRD_01,Daily_Aggregate,340.0,334.9,5.1,43.7,15,Completed,0.0,2025-12-05T22:00:00Z
2025-12-05,MINE_TIRODI_03,ZONE_TRD_02,Daily_Aggregate,380.0,248.5,131.5,39.0,11,Completed,0.9,2025-12-05T22:00:00Z
2025-12-05,MINE_TIRODI_03,ZONE_TRD_03,Daily_Aggregate,200.0,205.6,0.0,41.6,9,Completed,0.0,2025-12-05T22:00:00Z
2025-12-05,MINE_DONGRI_04,ZONE_DGB_01,Daily_Aggregate,480.0,464.5,15.5,41.0,21,Completed,0.0,2025-12-05T22:00:00Z
2025-12-05,MINE_DONGRI_04,ZONE_DGB_02,Daily_Aggregate,510.0,521.5,0.0,39.1,24,Completed,0.0,2025-12-05T22:00:00Z
2025-12-05,MINE_DONGRI_04,ZONE_DGB_03,Daily_Aggregate,240.0,160.9,79.1,39.1,7,Completed,0.6,2025-12-05T22:00:00Z
2025-12-05,MINE_DONGRI_04,ZONE_DGB_04,Daily_Aggregate,60.0,57.7,2.3,41.7,3,Completed,0.0,2025-12-05T22:00:00Z
2025-12-05,MINE_KANDRI_05,ZONE_KND_01,Daily_Aggregate,290.0,290.2,0.0,44.0,13,Completed,0.0,2025-12-05T22:00:00Z
2025-12-05,MINE_KANDRI_05,ZONE_KND_02,Daily_Aggregate,240.0,237.0,3.0,41.2,11,Completed,0.0,2025-12-05T22:00:00Z
2025-12-05,MINE_KANDRI_05,ZONE_KND_03,Daily_Aggregate,150.0,157.0,0.0,43.5,7,Completed,0.0,2025-12-05T22:00:00Z
2025-12-05,MINE_MANSAR_06,ZONE_MSR_01,Daily_Aggregate,280.0,194.6,85.4,39.7,9,Postponed_Rain,1.6,2025-12-05T22:00:00Z
2025-12-05,MINE_MANSAR_06,ZONE_MSR_02,Daily_Aggregate,230.0,240.3,0.0,39.6,11,Completed,0.0,2025-12-05T22:00:00Z
2025-12-05,MINE_MANSAR_06,ZONE_MSR_03,Daily_Aggregate,160.0,158.4,1.6,42.6,7,Completed,0.0,2025-12-05T22:00:00Z
2025-12-05,MINE_CHIKLA_07,ZONE_CHK_01,Daily_Aggregate,310.0,318.7,0.0,41.2,14,Completed,0.0,2025-12-05T22:00:00Z
2025-12-05,MINE_CHIKLA_07,ZONE_CHK_02,Daily_Aggregate,270.0,263.6,6.4,40.9,12,Completed,0.0,2025-12-05T22:00:00Z
2025-12-05,MINE_CHIKLA_07,ZONE_CHK_03,Daily_Aggregate,170.0,139.7,30.3,41.1,6,Delayed_Misfire,2.9,2025-12-05T22:00:00Z
2025-12-05,MINE_UKWA_08,ZONE_UKW_01,Daily_Aggregate,330.0,320.2,9.8,40.3,15,Completed,0.0,2025-12-05T22:00:00Z
2025-12-05,MINE_UKWA_08,ZONE_UKW_02,Daily_Aggregate,290.0,278.2,11.8,39.4,13,Completed,0.0,2025-12-05T22:00:00Z
2025-12-05,MINE_UKWA_08,ZONE_UKW_03,Daily_Aggregate,190.0,183.0,7.0,39.8,8,Completed,0.0,2025-12-05T22:00:00Z
2025-12-06,MINE_GUMGAON_02,ZONE_GMG_01,Daily_Aggregate,220.0,220.4,0.0,44.0,10,Completed,0.0,2025-12-06T22:00:00Z
2025-12-06,MINE_GUMGAON_02,ZONE_GMG_02,Daily_Aggregate,260.0,247.2,12.8,40.1,11,Completed,0.0,2025-12-06T22:00:00Z
2025-12-06,MINE_GUMGAON_02,ZONE_GMG_03,Daily_Aggregate,180.0,136.7,43.3,37.9,6,Postponed_Rain,3.1,2025-12-06T22:00:00Z
2025-12-06,MINE_TIRODI_03,ZONE_TRD_01,Daily_Aggregate,340.0,345.3,0.0,41.0,16,Completed,0.0,2025-12-06T22:00:00Z
2025-12-06,MINE_TIRODI_03,ZONE_TRD_02,Daily_Aggregate,380.0,370.7,9.3,39.9,17,Completed,0.0,2025-12-06T22:00:00Z
2025-12-06,MINE_TIRODI_03,ZONE_TRD_03,Daily_Aggregate,200.0,201.2,0.0,43.9,9,Completed,0.0,2025-12-06T22:00:00Z
2025-12-06,MINE_DONGRI_04,ZONE_DGB_01,Daily_Aggregate,480.0,460.6,19.4,43.4,21,Completed,0.0,2025-12-06T22:00:00Z
2025-12-06,MINE_DONGRI_04,ZONE_DGB_02,Daily_Aggregate,510.0,393.3,116.7,40.8,18,Delayed_Misfire,2.3,2025-12-06T22:00:00Z
2025-12-06,MINE_DONGRI_04,ZONE_DGB_03,Daily_Aggregate,240.0,247.4,0.0,42.9,11,Completed,0.0,2025-12-06T22:00:00Z
2025-12-06,MINE_DONGRI_04,ZONE_DGB_04,Daily_Aggregate,60.0,57.5,2.5,40.7,3,Completed,0.0,2025-12-06T22:00:00Z
2025-12-06,MINE_KANDRI_05,ZONE_KND_01,Daily_Aggregate,290.0,292.3,0.0,40.8,13,Completed,0.0,2025-12-06T22:00:00Z
2025-12-06,MINE_KANDRI_05,ZONE_KND_02,Daily_Aggregate,240.0,234.0,6.0,43.7,11,Completed,0.0,2025-12-06T22:00:00Z
2025-12-06,MINE_KANDRI_05,ZONE_KND_03,Daily_Aggregate,150.0,148.5,1.5,39.3,7,Completed,0.0,2025-12-06T22:00:00Z
2025-12-06,MINE_MANSAR_06,ZONE_MSR_01,Daily_Aggregate,280.0,272.7,7.3,41.5,12,Completed,0.0,2025-12-06T22:00:00Z
2025-12-06,MINE_MANSAR_06,ZONE_MSR_02,Daily_Aggregate,230.0,235.2,0.0,42.8,11,Completed,0.0,2025-12-06T22:00:00Z
2025-12-06,MINE_MANSAR_06,ZONE_MSR_03,Daily_Aggregate,160.0,152.2,7.8,41.6,7,Completed,0.0,2025-12-06T22:00:00Z
2025-12-06,MINE_CHIKLA_07,ZONE_CHK_01,Daily_Aggregate,310.0,325.3,0.0,41.4,15,Completed,0.0,2025-12-06T22:00:00Z
2025-12-06,MINE_CHIKLA_07,ZONE_CHK_02,Daily_Aggregate,270.0,275.2,0.0,40.3,13,Completed,0.0,2025-12-06T22:00:00Z
2025-12-06,MINE_CHIKLA_07,ZONE_CHK_03,Daily_Aggregate,170.0,161.6,8.4,42.5,7,Completed,0.0,2025-12-06T22:00:00Z
2025-12-06,MINE_UKWA_08,ZONE_UKW_01,Daily_Aggregate,330.0,316.4,13.6,41.4,14,Completed,0.0,2025-12-06T22:00:00Z
2025-12-06,MINE_UKWA_08,ZONE_UKW_02,Daily_Aggregate,290.0,290.9,0.0,42.3,13,Completed,0.0,2025-12-06T22:00:00Z
2025-12-06,MINE_UKWA_08,ZONE_UKW_03,Daily_Aggregate,190.0,192.5,0.0,42.0,9,Completed,0.0,2025-12-06T22:00:00Z
2025-12-07,MINE_GUMGAON_02,ZONE_GMG_01,Daily_Aggregate,220.0,228.9,0.0,41.8,10,Completed,0.0,2025-12-07T22:00:00Z
2025-12-07,MINE_GUMGAON_02,ZONE_GMG_02,Daily_Aggregate,260.0,220.8,39.2,41.6,10,Delayed_Misfire,3.6,2025-12-07T22:00:00Z
2025-12-07,MINE_GUMGAON_02,ZONE_GMG_03,Daily_Aggregate,180.0,100.5,79.5,37.6,5,Suspended_Pit_Inundation,5.0,2025-12-07T22:00:00Z
2025-12-07,MINE_TIRODI_03,ZONE_TRD_01,Daily_Aggregate,340.0,332.3,7.7,41.9,15,Completed,0.0,2025-12-07T22:00:00Z
2025-12-07,MINE_TIRODI_03,ZONE_TRD_02,Daily_Aggregate,380.0,373.0,7.0,43.1,17,Completed,0.0,2025-12-07T22:00:00Z
2025-12-07,MINE_TIRODI_03,ZONE_TRD_03,Daily_Aggregate,200.0,200.3,0.0,39.7,9,Completed,0.0,2025-12-07T22:00:00Z
2025-12-07,MINE_DONGRI_04,ZONE_DGB_01,Daily_Aggregate,480.0,391.9,88.1,38.7,18,Delayed_Misfire,2.1,2025-12-07T22:00:00Z
2025-12-07,MINE_DONGRI_04,ZONE_DGB_02,Daily_Aggregate,510.0,510.6,0.0,39.5,23,Completed,0.0,2025-12-07T22:00:00Z
2025-12-07,MINE_DONGRI_04,ZONE_DGB_03,Daily_Aggregate,240.0,236.2,3.8,43.0,11,Completed,0.0,2025-12-07T22:00:00Z
2025-12-07,MINE_DONGRI_04,ZONE_DGB_04,Daily_Aggregate,60.0,61.7,0.0,42.8,3,Completed,0.0,2025-12-07T22:00:00Z
2025-12-07,MINE_KANDRI_05,ZONE_KND_01,Daily_Aggregate,290.0,277.0,13.0,42.5,13,Completed,0.0,2025-12-07T22:00:00Z
2025-12-07,MINE_KANDRI_05,ZONE_KND_02,Daily_Aggregate,240.0,228.7,11.3,42.4,10,Completed,0.0,2025-12-07T22:00:00Z
2025-12-07,MINE_KANDRI_05,ZONE_KND_03,Daily_Aggregate,150.0,149.9,0.1,44.0,7,Completed,0.0,2025-12-07T22:00:00Z
2025-12-07,MINE_MANSAR_06,ZONE_MSR_01,Daily_Aggregate,280.0,293.5,0.0,43.2,13,Completed,0.0,2025-12-07T22:00:00Z
2025-12-07,MINE_MANSAR_06,ZONE_MSR_02,Daily_Aggregate,230.0,241.4,0.0,40.3,11,Completed,0.0,2025-12-07T22:00:00Z
2025-12-07,MINE_MANSAR_06,ZONE_MSR_03,Daily_Aggregate,160.0,167.9,0.0,43.4,8,Completed,0.0,2025-12-07T22:00:00Z
2025-12-07,MINE_CHIKLA_07,ZONE_CHK_01,Daily_Aggregate,310.0,325.1,0.0,40.0,15,Completed,0.0,2025-12-07T22:00:00Z
2025-12-07,MINE_CHIKLA_07,ZONE_CHK_02,Daily_Aggregate,270.0,264.2,5.8,41.2,12,Completed,0.0,2025-12-07T22:00:00Z
2025-12-07,MINE_CHIKLA_07,ZONE_CHK_03,Daily_Aggregate,170.0,168.3,1.7,40.1,8,Completed,0.0,2025-12-07T22:00:00Z
2025-12-07,MINE_UKWA_08,ZONE_UKW_01,Daily_Aggregate,330.0,334.8,0.0,41.8,15,Completed,0.0,2025-12-07T22:00:00Z
2025-12-07,MINE_UKWA_08,ZONE_UKW_02,Daily_Aggregate,290.0,289.4,0.6,40.1,13,Completed,0.0,2025-12-07T22:00:00Z
2025-12-07,MINE_UKWA_08,ZONE_UKW_03,Daily_Aggregate,190.0,149.3,40.7,38.6,7,Postponed_Rain,2.4,2025-12-07T22:00:00Z
2025-12-08,MINE_GUMGAON_02,ZONE_GMG_01,Daily_Aggregate,220.0,230.4,0.0,39.9,10,Completed,0.0,2025-12-08T22:00:00Z
2025-12-08,MINE_GUMGAON_02,ZONE_GMG_02,Daily_Aggregate,260.0,184.1,75.9,41.5,8,Completed,0.6,2025-12-08T22:00:00Z
2025-12-08,MINE_GUMGAON_02,ZONE_GMG_03,Daily_Aggregate,180.0,181.2,0.0,41.9,8,Completed,0.0,2025-12-08T22:00:00Z
2025-12-08,MINE_TIRODI_03,ZONE_TRD_01,Daily_Aggregate,340.0,349.3,0.0,40.5,16,Completed,0.0,2025-12-08T22:00:00Z
2025-12-08,MINE_TIRODI_03,ZONE_TRD_02,Daily_Aggregate,380.0,383.6,0.0,40.3,17,Completed,0.0,2025-12-08T22:00:00Z
2025-12-08,MINE_TIRODI_03,ZONE_TRD_03,Daily_Aggregate,200.0,207.8,0.0,41.0,9,Completed,0.0,2025-12-08T22:00:00Z
2025-12-08,MINE_DONGRI_04,ZONE_DGB_01,Daily_Aggregate,480.0,488.4,0.0,41.4,22,Completed,0.0,2025-12-08T22:00:00Z
2025-12-08,MINE_DONGRI_04,ZONE_DGB_02,Daily_Aggregate,510.0,324.1,185.9,42.5,15,Completed,0.8,2025-12-08T22:00:00Z
2025-12-08,MINE_DONGRI_04,ZONE_DGB_03,Daily_Aggregate,240.0,236.5,3.5,40.7,11,Completed,0.0,2025-12-08T22:00:00Z
2025-12-08,MINE_DONGRI_04,ZONE_DGB_04,Daily_Aggregate,60.0,61.3,0.0,43.4,3,Completed,0.0,2025-12-08T22:00:00Z
2025-12-08,MINE_KANDRI_05,ZONE_KND_01,Daily_Aggregate,290.0,279.5,10.5,42.0,13,Completed,0.0,2025-12-08T22:00:00Z
2025-12-08,MINE_KANDRI_05,ZONE_KND_02,Daily_Aggregate,240.0,120.2,119.8,37.1,5,Suspended_Pit_Inundation,4.0,2025-12-08T22:00:00Z
2025-12-08,MINE_KANDRI_05,ZONE_KND_03,Daily_Aggregate,150.0,154.6,0.0,43.6,7,Completed,0.0,2025-12-08T22:00:00Z
2025-12-08,MINE_MANSAR_06,ZONE_MSR_01,Daily_Aggregate,280.0,274.2,5.8,41.7,12,Completed,0.0,2025-12-08T22:00:00Z
2025-12-08,MINE_MANSAR_06,ZONE_MSR_02,Daily_Aggregate,230.0,222.3,7.7,42.8,10,Completed,0.0,2025-12-08T22:00:00Z
2025-12-08,MINE_MANSAR_06,ZONE_MSR_03,Daily_Aggregate,160.0,101.9,58.1,39.3,5,Completed,0.3,2025-12-08T22:00:00Z
2025-12-08,MINE_CHIKLA_07,ZONE_CHK_01,Daily_Aggregate,310.0,300.2,9.8,43.2,14,Completed,0.0,2025-12-08T22:00:00Z
2025-12-08,MINE_CHIKLA_07,ZONE_CHK_02,Daily_Aggregate,270.0,273.8,0.0,39.8,12,Completed,0.0,2025-12-08T22:00:00Z
2025-12-08,MINE_CHIKLA_07,ZONE_CHK_03,Daily_Aggregate,170.0,207.1,0.0,41.7,9,Completed,0.0,2025-12-08T22:00:00Z
2025-12-08,MINE_UKWA_08,ZONE_UKW_01,Daily_Aggregate,330.0,345.2,0.0,41.8,16,Completed,0.0,2025-12-08T22:00:00Z
2025-12-08,MINE_UKWA_08,ZONE_UKW_02,Daily_Aggregate,290.0,242.7,47.3,40.9,11,Delayed_Misfire,3.5,2025-12-08T22:00:00Z
2025-12-08,MINE_UKWA_08,ZONE_UKW_03,Daily_Aggregate,190.0,92.7,97.3,38.1,4,Suspended_Pit_Inundation,4.0,2025-12-08T22:00:00Z
2025-12-09,MINE_GUMGAON_02,ZONE_GMG_01,Daily_Aggregate,220.0,209.1,10.9,43.2,10,Completed,0.0,2025-12-09T22:00:00Z
2025-12-09,MINE_GUMGAON_02,ZONE_GMG_02,Daily_Aggregate,260.0,268.3,0.0,43.8,12,Completed,0.0,2025-12-09T22:00:00Z
2025-12-09,MINE_GUMGAON_02,ZONE_GMG_03,Daily_Aggregate,180.0,179.8,0.2,39.5,8,Completed,0.0,2025-12-09T22:00:00Z
2025-12-09,MINE_TIRODI_03,ZONE_TRD_01,Daily_Aggregate,340.0,343.8,0.0,43.1,16,Completed,0.0,2025-12-09T22:00:00Z
2025-12-09,MINE_TIRODI_03,ZONE_TRD_02,Daily_Aggregate,380.0,295.2,84.8,39.3,13,Delayed_Misfire,2.8,2025-12-09T22:00:00Z
2025-12-09,MINE_TIRODI_03,ZONE_TRD_03,Daily_Aggregate,200.0,200.5,0.0,42.9,9,Completed,0.0,2025-12-09T22:00:00Z
2025-12-09,MINE_DONGRI_04,ZONE_DGB_01,Daily_Aggregate,480.0,495.6,0.0,41.3,23,Completed,0.0,2025-12-09T22:00:00Z
2025-12-09,MINE_DONGRI_04,ZONE_DGB_02,Daily_Aggregate,510.0,625.9,0.0,44.4,28,Completed,0.0,2025-12-09T22:00:00Z
2025-12-09,MINE_DONGRI_04,ZONE_DGB_03,Daily_Aggregate,240.0,233.0,7.0,43.0,11,Completed,0.0,2025-12-09T22:00:00Z
2025-12-09,MINE_DONGRI_04,ZONE_DGB_04,Daily_Aggregate,60.0,58.4,1.6,42.1,3,Completed,0.0,2025-12-09T22:00:00Z
2025-12-09,MINE_KANDRI_05,ZONE_KND_01,Daily_Aggregate,290.0,295.1,0.0,43.0,13,Completed,0.0,2025-12-09T22:00:00Z
2025-12-09,MINE_KANDRI_05,ZONE_KND_02,Daily_Aggregate,240.0,232.4,7.6,43.5,11,Completed,0.0,2025-12-09T22:00:00Z
2025-12-09,MINE_KANDRI_05,ZONE_KND_03,Daily_Aggregate,150.0,156.6,0.0,40.9,7,Completed,0.0,2025-12-09T22:00:00Z
2025-12-09,MINE_MANSAR_06,ZONE_MSR_01,Daily_Aggregate,280.0,274.9,5.1,40.5,12,Completed,0.0,2025-12-09T22:00:00Z
2025-12-09,MINE_MANSAR_06,ZONE_MSR_02,Daily_Aggregate,230.0,233.1,0.0,41.8,11,Completed,0.0,2025-12-09T22:00:00Z
2025-12-09,MINE_MANSAR_06,ZONE_MSR_03,Daily_Aggregate,160.0,85.9,74.1,37.7,4,Suspended_Pit_Inundation,4.7,2025-12-09T22:00:00Z
2025-12-09,MINE_CHIKLA_07,ZONE_CHK_01,Daily_Aggregate,310.0,242.8,67.2,40.5,11,Postponed_Rain,2.3,2025-12-09T22:00:00Z
2025-12-09,MINE_CHIKLA_07,ZONE_CHK_02,Daily_Aggregate,270.0,265.0,5.0,40.1,12,Completed,0.0,2025-12-09T22:00:00Z
2025-12-09,MINE_CHIKLA_07,ZONE_CHK_03,Daily_Aggregate,170.0,174.5,0.0,43.2,8,Completed,0.0,2025-12-09T22:00:00Z
2025-12-09,MINE_UKWA_08,ZONE_UKW_01,Daily_Aggregate,330.0,332.4,0.0,39.0,15,Completed,0.0,2025-12-09T22:00:00Z
2025-12-09,MINE_UKWA_08,ZONE_UKW_02,Daily_Aggregate,290.0,288.0,2.0,40.9,13,Completed,0.0,2025-12-09T22:00:00Z
2025-12-09,MINE_UKWA_08,ZONE_UKW_03,Daily_Aggregate,190.0,197.2,0.0,43.0,9,Completed,0.0,2025-12-09T22:00:00Z
2025-12-10,MINE_GUMGAON_02,ZONE_GMG_01,Daily_Aggregate,220.0,154.4,65.6,38.4,7,Completed,0.2,2025-12-10T22:00:00Z
2025-12-10,MINE_GUMGAON_02,ZONE_GMG_02,Daily_Aggregate,260.0,247.5,12.5,42.5,11,Completed,0.0,2025-12-10T22:00:00Z
2025-12-10,MINE_GUMGAON_02,ZONE_GMG_03,Daily_Aggregate,180.0,183.5,0.0,40.9,8,Completed,0.0,2025-12-10T22:00:00Z
2025-12-10,MINE_TIRODI_03,ZONE_TRD_01,Daily_Aggregate,340.0,343.1,0.0,41.6,16,Completed,0.0,2025-12-10T22:00:00Z
2025-12-10,MINE_TIRODI_03,ZONE_TRD_02,Daily_Aggregate,380.0,369.7,10.3,42.5,17,Completed,0.0,2025-12-10T22:00:00Z
2025-12-10,MINE_TIRODI_03,ZONE_TRD_03,Daily_Aggregate,200.0,127.8,72.2,40.3,6,Completed,0.6,2025-12-10T22:00:00Z
2025-12-10,MINE_DONGRI_04,ZONE_DGB_01,Daily_Aggregate,480.0,496.7,0.0,40.8,23,Completed,0.0,2025-12-10T22:00:00Z
2025-12-10,MINE_DONGRI_04,ZONE_DGB_02,Daily_Aggregate,510.0,485.4,24.6,41.8,22,Completed,0.0,2025-12-10T22:00:00Z
2025-12-10,MINE_DONGRI_04,ZONE_DGB_03,Daily_Aggregate,240.0,252.0,0.0,41.1,11,Completed,0.0,2025-12-10T22:00:00Z
2025-12-10,MINE_DONGRI_04,ZONE_DGB_04,Daily_Aggregate,60.0,58.4,1.6,41.6,3,Completed,0.0,2025-12-10T22:00:00Z
2025-12-10,MINE_KANDRI_05,ZONE_KND_01,Daily_Aggregate,290.0,293.8,0.0,42.0,13,Completed,0.0,2025-12-10T22:00:00Z
2025-12-10,MINE_KANDRI_05,ZONE_KND_02,Daily_Aggregate,240.0,238.4,1.6,41.0,11,Completed,0.0,2025-12-10T22:00:00Z
2025-12-10,MINE_KANDRI_05,ZONE_KND_03,Daily_Aggregate,150.0,150.7,0.0,42.9,7,Completed,0.0,2025-12-10T22:00:00Z
2025-12-10,MINE_MANSAR_06,ZONE_MSR_01,Daily_Aggregate,280.0,230.1,49.9,39.9,10,Delayed_Misfire,2.2,2025-12-10T22:00:00Z
2025-12-10,MINE_MANSAR_06,ZONE_MSR_02,Daily_Aggregate,230.0,231.3,0.0,40.4,11,Completed,0.0,2025-12-10T22:00:00Z
2025-12-10,MINE_MANSAR_06,ZONE_MSR_03,Daily_Aggregate,160.0,152.3,7.7,41.1,7,Completed,0.0,2025-12-10T22:00:00Z
2025-12-10,MINE_CHIKLA_07,ZONE_CHK_01,Daily_Aggregate,310.0,304.0,6.0,41.2,14,Completed,0.0,2025-12-10T22:00:00Z
2025-12-10,MINE_CHIKLA_07,ZONE_CHK_02,Daily_Aggregate,270.0,260.2,9.8,42.7,12,Completed,0.0,2025-12-10T22:00:00Z
2025-12-10,MINE_CHIKLA_07,ZONE_CHK_03,Daily_Aggregate,170.0,171.1,0.0,40.2,8,Completed,0.0,2025-12-10T22:00:00Z
2025-12-10,MINE_UKWA_08,ZONE_UKW_01,Daily_Aggregate,330.0,315.4,14.6,39.8,14,Completed,0.0,2025-12-10T22:00:00Z
2025-12-10,MINE_UKWA_08,ZONE_UKW_02,Daily_Aggregate,290.0,301.4,0.0,40.0,14,Completed,0.0,2025-12-10T22:00:00Z
2025-12-10,MINE_UKWA_08,ZONE_UKW_03,Daily_Aggregate,190.0,192.8,0.0,40.5,9,Completed,0.0,2025-12-10T22:00:00Z
2025-12-11,MINE_GUMGAON_02,ZONE_GMG_01,Daily_Aggregate,220.0,229.7,0.0,42.4,10,Completed,0.0,2025-12-11T22:00:00Z
2025-12-11,MINE_GUMGAON_02,ZONE_GMG_02,Daily_Aggregate,260.0,252.1,7.9,44.0,11,Completed,0.0,2025-12-11T22:00:00Z
2025-12-11,MINE_GUMGAON_02,ZONE_GMG_03,Daily_Aggregate,180.0,176.9,3.1,41.2,8,Completed,0.0,2025-12-11T22:00:00Z
2025-12-11,MINE_TIRODI_03,ZONE_TRD_01,Daily_Aggregate,340.0,324.0,16.0,39.2,15,Completed,0.0,2025-12-11T22:00:00Z
2025-12-11,MINE_TIRODI_03,ZONE_TRD_02,Daily_Aggregate,380.0,376.2,3.8,42.9,17,Completed,0.0,2025-12-11T22:00:00Z
2025-12-11,MINE_TIRODI_03,ZONE_TRD_03,Daily_Aggregate,200.0,135.6,64.4,39.2,6,Completed,0.1,2025-12-11T22:00:00Z
2025-12-11,MINE_DONGRI_04,ZONE_DGB_01,Daily_Aggregate,480.0,466.1,13.9,41.1,21,Completed,0.0,2025-12-11T22:00:00Z
2025-12-11,MINE_DONGRI_04,ZONE_DGB_02,Daily_Aggregate,510.0,511.4,0.0,40.0,23,Completed,0.0,2025-12-11T22:00:00Z
2025-12-11,MINE_DONGRI_04,ZONE_DGB_03,Daily_Aggregate,240.0,243.5,0.0,40.9,11,Completed,0.0,2025-12-11T22:00:00Z
2025-12-11,MINE_DONGRI_04,ZONE_DGB_04,Daily_Aggregate,60.0,24.6,35.4,36.6,1,Suspended_Pit_Inundation,3.2,2025-12-11T22:00:00Z
2025-12-11,MINE_KANDRI_05,ZONE_KND_01,Daily_Aggregate,290.0,303.2,0.0,44.0,14,Completed,0.0,2025-12-11T22:00:00Z
2025-12-11,MINE_KANDRI_05,ZONE_KND_02,Daily_Aggregate,240.0,247.3,0.0,42.3,11,Completed,0.0,2025-12-11T22:00:00Z
2025-12-11,MINE_KANDRI_05,ZONE_KND_03,Daily_Aggregate,150.0,153.7,0.0,42.6,7,Completed,0.0,2025-12-11T22:00:00Z
2025-12-11,MINE_MANSAR_06,ZONE_MSR_01,Daily_Aggregate,280.0,290.4,0.0,40.9,13,Completed,0.0,2025-12-11T22:00:00Z
2025-12-11,MINE_MANSAR_06,ZONE_MSR_02,Daily_Aggregate,230.0,220.3,9.7,41.1,10,Completed,0.0,2025-12-11T22:00:00Z
2025-12-11,MINE_MANSAR_06,ZONE_MSR_03,Daily_Aggregate,160.0,164.5,0.0,41.9,7,Completed,0.0,2025-12-11T22:00:00Z
2025-12-11,MINE_CHIKLA_07,ZONE_CHK_01,Daily_Aggregate,310.0,298.6,11.4,43.2,14,Completed,0.0,2025-12-11T22:00:00Z
2025-12-11,MINE_CHIKLA_07,ZONE_CHK_02,Daily_Aggregate,270.0,263.6,6.4,39.1,12,Completed,0.0,2025-12-11T22:00:00Z
2025-12-11,MINE_CHIKLA_07,ZONE_CHK_03,Daily_Aggregate,170.0,173.5,0.0,43.4,8,Completed,0.0,2025-12-11T22:00:00Z
2025-12-11,MINE_UKWA_08,ZONE_UKW_01,Daily_Aggregate,330.0,323.3,6.7,41.8,15,Completed,0.0,2025-12-11T22:00:00Z
2025-12-11,MINE_UKWA_08,ZONE_UKW_02,Daily_Aggregate,290.0,279.5,10.5,43.2,13,Completed,0.0,2025-12-11T22:00:00Z
2025-12-11,MINE_UKWA_08,ZONE_UKW_03,Daily_Aggregate,190.0,191.4,0.0,43.8,9,Completed,0.0,2025-12-11T22:00:00Z
2025-12-12,MINE_GUMGAON_02,ZONE_GMG_01,Daily_Aggregate,220.0,217.6,2.4,41.4,10,Completed,0.0,2025-12-12T22:00:00Z
2025-12-12,MINE_GUMGAON_02,ZONE_GMG_02,Daily_Aggregate,260.0,192.0,68.0,39.4,9,Postponed_Rain,3.2,2025-12-12T22:00:00Z
2025-12-12,MINE_GUMGAON_02,ZONE_GMG_03,Daily_Aggregate,180.0,181.8,0.0,39.0,8,Completed,0.0,2025-12-12T22:00:00Z
2025-12-12,MINE_TIRODI_03,ZONE_TRD_01,Daily_Aggregate,340.0,251.0,89.0,40.7,11,Postponed_Rain,2.0,2025-12-12T22:00:00Z
2025-12-12,MINE_TIRODI_03,ZONE_TRD_02,Daily_Aggregate,380.0,429.6,0.0,43.2,20,Completed,0.0,2025-12-12T22:00:00Z
2025-12-12,MINE_TIRODI_03,ZONE_TRD_03,Daily_Aggregate,200.0,201.7,0.0,42.7,9,Completed,0.0,2025-12-12T22:00:00Z
2025-12-12,MINE_DONGRI_04,ZONE_DGB_01,Daily_Aggregate,480.0,295.5,184.5,39.4,13,Completed,0.1,2025-12-12T22:00:00Z
2025-12-12,MINE_DONGRI_04,ZONE_DGB_02,Daily_Aggregate,510.0,508.3,1.7,39.9,23,Completed,0.0,2025-12-12T22:00:00Z
2025-12-12,MINE_DONGRI_04,ZONE_DGB_03,Daily_Aggregate,240.0,231.3,8.7,40.5,11,Completed,0.0,2025-12-12T22:00:00Z
2025-12-12,MINE_DONGRI_04,ZONE_DGB_04,Daily_Aggregate,60.0,57.9,2.1,41.8,3,Completed,0.0,2025-12-12T22:00:00Z
2025-12-12,MINE_KANDRI_05,ZONE_KND_01,Daily_Aggregate,290.0,292.9,0.0,40.3,13,Completed,0.0,2025-12-12T22:00:00Z
2025-12-12,MINE_KANDRI_05,ZONE_KND_02,Daily_Aggregate,240.0,162.7,77.3,40.6,7,Postponed_Rain,2.5,2025-12-12T22:00:00Z
2025-12-12,MINE_KANDRI_05,ZONE_KND_03,Daily_Aggregate,150.0,157.2,0.0,43.4,7,Completed,0.0,2025-12-12T22:00:00Z
2025-12-12,MINE_MANSAR_06,ZONE_MSR_01,Daily_Aggregate,280.0,269.5,10.5,40.3,12,Completed,0.0,2025-12-12T22:00:00Z
2025-12-12,MINE_MANSAR_06,ZONE_MSR_02,Daily_Aggregate,230.0,158.9,71.1,40.9,7,Postponed_Rain,2.6,2025-12-12T22:00:00Z
2025-12-12,MINE_MANSAR_06,ZONE_MSR_03,Daily_Aggregate,160.0,112.7,47.3,40.1,5,Delayed_Misfire,2.6,2025-12-12T22:00:00Z
2025-12-12,MINE_CHIKLA_07,ZONE_CHK_01,Daily_Aggregate,310.0,315.9,0.0,42.4,14,Completed,0.0,2025-12-12T22:00:00Z
2025-12-12,MINE_CHIKLA_07,ZONE_CHK_02,Daily_Aggregate,270.0,274.1,0.0,40.9,12,Completed,0.0,2025-12-12T22:00:00Z
2025-12-12,MINE_CHIKLA_07,ZONE_CHK_03,Daily_Aggregate,170.0,169.3,0.7,43.5,8,Completed,0.0,2025-12-12T22:00:00Z
2025-12-12,MINE_UKWA_08,ZONE_UKW_01,Daily_Aggregate,330.0,314.5,15.5,40.0,14,Completed,0.0,2025-12-12T22:00:00Z
2025-12-12,MINE_UKWA_08,ZONE_UKW_02,Daily_Aggregate,290.0,293.6,0.0,43.2,13,Completed,0.0,2025-12-12T22:00:00Z
2025-12-12,MINE_UKWA_08,ZONE_UKW_03,Daily_Aggregate,190.0,183.8,6.2,40.6,8,Completed,0.0,2025-12-12T22:00:00Z
2025-12-13,MINE_GUMGAON_02,ZONE_GMG_01,Daily_Aggregate,220.0,107.9,112.1,39.0,5,Suspended_Pit_Inundation,4.5,2025-12-13T22:00:00Z
2025-12-13,MINE_GUMGAON_02,ZONE_GMG_02,Daily_Aggregate,260.0,311.4,0.0,42.2,14,Completed,0.0,2025-12-13T22:00:00Z
2025-12-13,MINE_GUMGAON_02,ZONE_GMG_03,Daily_Aggregate,180.0,178.1,1.9,40.2,8,Completed,0.0,2025-12-13T22:00:00Z
2025-12-13,MINE_TIRODI_03,ZONE_TRD_01,Daily_Aggregate,340.0,248.7,91.3,39.1,11,Postponed_Rain,2.5,2025-12-13T22:00:00Z
2025-12-13,MINE_TIRODI_03,ZONE_TRD_02,Daily_Aggregate,380.0,376.4,3.6,41.2,17,Completed,0.0,2025-12-13T22:00:00Z
2025-12-13,MINE_TIRODI_03,ZONE_TRD_03,Daily_Aggregate,200.0,147.9,52.1,40.6,7,Postponed_Rain,1.6,2025-12-13T22:00:00Z
2025-12-13,MINE_DONGRI_04,ZONE_DGB_01,Daily_Aggregate,480.0,374.5,105.5,40.2,17,Postponed_Rain,2.3,2025-12-13T22:00:00Z
2025-12-13,MINE_DONGRI_04,ZONE_DGB_02,Daily_Aggregate,510.0,485.0,25.0,40.0,22,Completed,0.0,2025-12-13T22:00:00Z
2025-12-13,MINE_DONGRI_04,ZONE_DGB_03,Daily_Aggregate,240.0,237.8,2.2,40.5,11,Completed,0.0,2025-12-13T22:00:00Z
2025-12-13,MINE_DONGRI_04,ZONE_DGB_04,Daily_Aggregate,60.0,44.3,15.7,39.4,2,Postponed_Rain,2.1,2025-12-13T22:00:00Z
2025-12-13,MINE_KANDRI_05,ZONE_KND_01,Daily_Aggregate,290.0,286.1,3.9,43.1,13,Completed,0.0,2025-12-13T22:00:00Z
2025-12-13,MINE_KANDRI_05,ZONE_KND_02,Daily_Aggregate,240.0,238.9,1.1,42.9,11,Completed,0.0,2025-12-13T22:00:00Z
2025-12-13,MINE_KANDRI_05,ZONE_KND_03,Daily_Aggregate,150.0,147.0,3.0,43.8,7,Completed,0.0,2025-12-13T22:00:00Z
2025-12-13,MINE_MANSAR_06,ZONE_MSR_01,Daily_Aggregate,280.0,220.9,59.1,39.6,10,Postponed_Rain,3.4,2025-12-13T22:00:00Z
2025-12-13,MINE_MANSAR_06,ZONE_MSR_02,Daily_Aggregate,230.0,221.5,8.5,42.3,10,Completed,0.0,2025-12-13T22:00:00Z
2025-12-13,MINE_MANSAR_06,ZONE_MSR_03,Daily_Aggregate,160.0,152.8,7.2,41.7,7,Completed,0.0,2025-12-13T22:00:00Z
2025-12-13,MINE_CHIKLA_07,ZONE_CHK_01,Daily_Aggregate,310.0,296.9,13.1,39.9,13,Completed,0.0,2025-12-13T22:00:00Z
2025-12-13,MINE_CHIKLA_07,ZONE_CHK_02,Daily_Aggregate,270.0,263.2,6.8,40.3,12,Completed,0.0,2025-12-13T22:00:00Z
2025-12-13,MINE_CHIKLA_07,ZONE_CHK_03,Daily_Aggregate,170.0,170.6,0.0,43.6,8,Completed,0.0,2025-12-13T22:00:00Z
2025-12-13,MINE_UKWA_08,ZONE_UKW_01,Daily_Aggregate,330.0,247.6,82.4,38.4,11,Postponed_Rain,3.1,2025-12-13T22:00:00Z
2025-12-13,MINE_UKWA_08,ZONE_UKW_02,Daily_Aggregate,290.0,180.9,109.1,39.8,8,Completed,0.3,2025-12-13T22:00:00Z
2025-12-13,MINE_UKWA_08,ZONE_UKW_03,Daily_Aggregate,190.0,192.3,0.0,42.0,9,Completed,0.0,2025-12-13T22:00:00Z
2025-12-14,MINE_GUMGAON_02,ZONE_GMG_01,Daily_Aggregate,220.0,210.8,9.2,39.8,10,Completed,0.0,2025-12-14T22:00:00Z
2025-12-14,MINE_GUMGAON_02,ZONE_GMG_02,Daily_Aggregate,260.0,249.3,10.7,43.5,11,Completed,0.0,2025-12-14T22:00:00Z
2025-12-14,MINE_GUMGAON_02,ZONE_GMG_03,Daily_Aggregate,180.0,176.4,3.6,43.7,8,Completed,0.0,2025-12-14T22:00:00Z
2025-12-14,MINE_TIRODI_03,ZONE_TRD_01,Daily_Aggregate,340.0,196.6,143.4,40.3,9,Completed,0.3,2025-12-14T22:00:00Z
2025-12-14,MINE_TIRODI_03,ZONE_TRD_02,Daily_Aggregate,380.0,371.1,8.9,43.0,17,Completed,0.0,2025-12-14T22:00:00Z
2025-12-14,MINE_TIRODI_03,ZONE_TRD_03,Daily_Aggregate,200.0,200.3,0.0,43.9,9,Completed,0.0,2025-12-14T22:00:00Z
2025-12-14,MINE_DONGRI_04,ZONE_DGB_01,Daily_Aggregate,480.0,494.9,0.0,41.4,22,Completed,0.0,2025-12-14T22:00:00Z
2025-12-14,MINE_DONGRI_04,ZONE_DGB_02,Daily_Aggregate,510.0,394.6,115.4,40.0,18,Postponed_Rain,3.2,2025-12-14T22:00:00Z
2025-12-14,MINE_DONGRI_04,ZONE_DGB_03,Daily_Aggregate,240.0,233.8,6.2,40.2,11,Completed,0.0,2025-12-14T22:00:00Z
2025-12-14,MINE_DONGRI_04,ZONE_DGB_04,Daily_Aggregate,60.0,62.6,0.0,42.1,3,Completed,0.0,2025-12-14T22:00:00Z
2025-12-14,MINE_KANDRI_05,ZONE_KND_01,Daily_Aggregate,290.0,160.8,129.2,39.3,7,Completed,0.6,2025-12-14T22:00:00Z
2025-12-14,MINE_KANDRI_05,ZONE_KND_02,Daily_Aggregate,240.0,237.4,2.6,40.9,11,Completed,0.0,2025-12-14T22:00:00Z
2025-12-14,MINE_KANDRI_05,ZONE_KND_03,Daily_Aggregate,150.0,154.9,0.0,42.3,7,Completed,0.0,2025-12-14T22:00:00Z
2025-12-14,MINE_MANSAR_06,ZONE_MSR_01,Daily_Aggregate,280.0,282.1,0.0,43.2,13,Completed,0.0,2025-12-14T22:00:00Z
2025-12-14,MINE_MANSAR_06,ZONE_MSR_02,Daily_Aggregate,230.0,226.9,3.1,42.7,10,Completed,0.0,2025-12-14T22:00:00Z
2025-12-14,MINE_MANSAR_06,ZONE_MSR_03,Daily_Aggregate,160.0,152.2,7.8,39.4,7,Completed,0.0,2025-12-14T22:00:00Z
2025-12-14,MINE_CHIKLA_07,ZONE_CHK_01,Daily_Aggregate,310.0,314.2,0.0,43.7,14,Completed,0.0,2025-12-14T22:00:00Z
2025-12-14,MINE_CHIKLA_07,ZONE_CHK_02,Daily_Aggregate,270.0,332.3,0.0,43.7,15,Completed,0.0,2025-12-14T22:00:00Z
2025-12-14,MINE_CHIKLA_07,ZONE_CHK_03,Daily_Aggregate,170.0,167.8,2.2,39.7,8,Completed,0.0,2025-12-14T22:00:00Z
2025-12-14,MINE_UKWA_08,ZONE_UKW_01,Daily_Aggregate,330.0,346.5,0.0,40.8,16,Completed,0.0,2025-12-14T22:00:00Z
2025-12-14,MINE_UKWA_08,ZONE_UKW_02,Daily_Aggregate,290.0,183.6,106.4,38.3,8,Completed,0.4,2025-12-14T22:00:00Z
2025-12-14,MINE_UKWA_08,ZONE_UKW_03,Daily_Aggregate,190.0,149.3,40.7,40.0,7,Postponed_Rain,1.9,2025-12-14T22:00:00Z
2025-12-15,MINE_GUMGAON_02,ZONE_GMG_01,Daily_Aggregate,220.0,230.5,0.0,41.3,10,Completed,0.0,2025-12-15T22:00:00Z
2025-12-15,MINE_GUMGAON_02,ZONE_GMG_02,Daily_Aggregate,260.0,253.8,6.2,42.4,12,Completed,0.0,2025-12-15T22:00:00Z
2025-12-15,MINE_GUMGAON_02,ZONE_GMG_03,Daily_Aggregate,180.0,181.8,0.0,43.1,8,Completed,0.0,2025-12-15T22:00:00Z
2025-12-15,MINE_TIRODI_03,ZONE_TRD_01,Daily_Aggregate,340.0,328.9,11.1,43.9,15,Completed,0.0,2025-12-15T22:00:00Z
2025-12-15,MINE_TIRODI_03,ZONE_TRD_02,Daily_Aggregate,380.0,219.0,161.0,39.1,10,Completed,0.3,2025-12-15T22:00:00Z
2025-12-15,MINE_TIRODI_03,ZONE_TRD_03,Daily_Aggregate,200.0,194.2,5.8,43.4,9,Completed,0.0,2025-12-15T22:00:00Z
2025-12-15,MINE_DONGRI_04,ZONE_DGB_01,Daily_Aggregate,480.0,495.6,0.0,40.7,23,Completed,0.0,2025-12-15T22:00:00Z
2025-12-15,MINE_DONGRI_04,ZONE_DGB_02,Daily_Aggregate,510.0,526.2,0.0,39.6,24,Completed,0.0,2025-12-15T22:00:00Z
2025-12-15,MINE_DONGRI_04,ZONE_DGB_03,Daily_Aggregate,240.0,286.5,0.0,42.7,13,Completed,0.0,2025-12-15T22:00:00Z
2025-12-15,MINE_DONGRI_04,ZONE_DGB_04,Daily_Aggregate,60.0,57.0,3.0,42.5,3,Completed,0.0,2025-12-15T22:00:00Z
2025-12-15,MINE_KANDRI_05,ZONE_KND_01,Daily_Aggregate,290.0,299.7,0.0,40.2,14,Completed,0.0,2025-12-15T22:00:00Z
2025-12-15,MINE_KANDRI_05,ZONE_KND_02,Daily_Aggregate,240.0,186.2,53.8,39.8,8,Delayed_Misfire,3.9,2025-12-15T22:00:00Z
2025-12-15,MINE_KANDRI_05,ZONE_KND_03,Daily_Aggregate,150.0,143.6,6.4,42.7,7,Completed,0.0,2025-12-15T22:00:00Z
2025-12-15,MINE_MANSAR_06,ZONE_MSR_01,Daily_Aggregate,280.0,267.2,12.8,42.4,12,Completed,0.0,2025-12-15T22:00:00Z
2025-12-15,MINE_MANSAR_06,ZONE_MSR_02,Daily_Aggregate,230.0,230.1,0.0,42.7,10,Completed,0.0,2025-12-15T22:00:00Z
2025-12-15,MINE_MANSAR_06,ZONE_MSR_03,Daily_Aggregate,160.0,163.2,0.0,41.7,7,Completed,0.0,2025-12-15T22:00:00Z
2025-12-15,MINE_CHIKLA_07,ZONE_CHK_01,Daily_Aggregate,310.0,165.5,144.5,36.4,8,Suspended_Pit_Inundation,3.1,2025-12-15T22:00:00Z
2025-12-15,MINE_CHIKLA_07,ZONE_CHK_02,Daily_Aggregate,270.0,220.1,49.9,39.4,10,Delayed_Misfire,2.8,2025-12-15T22:00:00Z
2025-12-15,MINE_CHIKLA_07,ZONE_CHK_03,Daily_Aggregate,170.0,168.3,1.7,39.1,8,Completed,0.0,2025-12-15T22:00:00Z
2025-12-15,MINE_UKWA_08,ZONE_UKW_01,Daily_Aggregate,330.0,327.7,2.3,39.5,15,Completed,0.0,2025-12-15T22:00:00Z
2025-12-15,MINE_UKWA_08,ZONE_UKW_02,Daily_Aggregate,290.0,234.4,55.6,39.8,11,Delayed_Misfire,3.5,2025-12-15T22:00:00Z
2025-12-15,MINE_UKWA_08,ZONE_UKW_03,Daily_Aggregate,190.0,183.5,6.5,40.2,8,Completed,0.0,2025-12-15T22:00:00Z
2025-12-16,MINE_GUMGAON_02,ZONE_GMG_01,Daily_Aggregate,220.0,211.6,8.4,41.7,10,Completed,0.0,2025-12-16T22:00:00Z
2025-12-16,MINE_GUMGAON_02,ZONE_GMG_02,Daily_Aggregate,260.0,252.9,7.1,42.8,11,Completed,0.0,2025-12-16T22:00:00Z
2025-12-16,MINE_GUMGAON_02,ZONE_GMG_03,Daily_Aggregate,180.0,125.3,54.7,37.5,6,Postponed_Rain,3.2,2025-12-16T22:00:00Z
2025-12-16,MINE_TIRODI_03,ZONE_TRD_01,Daily_Aggregate,340.0,333.9,6.1,42.4,15,Completed,0.0,2025-12-16T22:00:00Z
2025-12-16,MINE_TIRODI_03,ZONE_TRD_02,Daily_Aggregate,380.0,398.6,0.0,42.9,18,Completed,0.0,2025-12-16T22:00:00Z
2025-12-16,MINE_TIRODI_03,ZONE_TRD_03,Daily_Aggregate,200.0,194.2,5.8,41.9,9,Completed,0.0,2025-12-16T22:00:00Z
2025-12-16,MINE_DONGRI_04,ZONE_DGB_01,Daily_Aggregate,480.0,339.4,140.6,40.0,15,Delayed_Misfire,2.9,2025-12-16T22:00:00Z
2025-12-16,MINE_DONGRI_04,ZONE_DGB_02,Daily_Aggregate,510.0,528.0,0.0,42.4,24,Completed,0.0,2025-12-16T22:00:00Z
2025-12-16,MINE_DONGRI_04,ZONE_DGB_03,Daily_Aggregate,240.0,248.4,0.0,40.2,11,Completed,0.0,2025-12-16T22:00:00Z
2025-12-16,MINE_DONGRI_04,ZONE_DGB_04,Daily_Aggregate,60.0,61.4,0.0,42.2,3,Completed,0.0,2025-12-16T22:00:00Z
2025-12-16,MINE_KANDRI_05,ZONE_KND_01,Daily_Aggregate,290.0,235.5,54.5,39.6,11,Delayed_Misfire,2.3,2025-12-16T22:00:00Z
2025-12-16,MINE_KANDRI_05,ZONE_KND_02,Daily_Aggregate,240.0,235.9,4.1,40.8,11,Completed,0.0,2025-12-16T22:00:00Z
2025-12-16,MINE_KANDRI_05,ZONE_KND_03,Daily_Aggregate,150.0,153.1,0.0,43.7,7,Completed,0.0,2025-12-16T22:00:00Z
2025-12-16,MINE_MANSAR_06,ZONE_MSR_01,Daily_Aggregate,280.0,276.7,3.3,39.7,13,Completed,0.0,2025-12-16T22:00:00Z
2025-12-16,MINE_MANSAR_06,ZONE_MSR_02,Daily_Aggregate,230.0,232.5,0.0,40.9,11,Completed,0.0,2025-12-16T22:00:00Z
2025-12-16,MINE_MANSAR_06,ZONE_MSR_03,Daily_Aggregate,160.0,123.9,36.1,39.8,6,Postponed_Rain,2.4,2025-12-16T22:00:00Z
2025-12-16,MINE_CHIKLA_07,ZONE_CHK_01,Daily_Aggregate,310.0,228.3,81.7,41.0,10,Completed,0.6,2025-12-16T22:00:00Z
2025-12-16,MINE_CHIKLA_07,ZONE_CHK_02,Daily_Aggregate,270.0,185.0,85.0,39.7,8,Postponed_Rain,1.6,2025-12-16T22:00:00Z
2025-12-16,MINE_CHIKLA_07,ZONE_CHK_03,Daily_Aggregate,170.0,170.7,0.0,41.5,8,Completed,0.0,2025-12-16T22:00:00Z
2025-12-16,MINE_UKWA_08,ZONE_UKW_01,Daily_Aggregate,330.0,245.2,84.8,37.7,11,Postponed_Rain,2.6,2025-12-16T22:00:00Z
2025-12-16,MINE_UKWA_08,ZONE_UKW_02,Daily_Aggregate,290.0,222.2,67.8,42.2,10,Completed,0.0,2025-12-16T22:00:00Z
2025-12-16,MINE_UKWA_08,ZONE_UKW_03,Daily_Aggregate,190.0,183.9,6.1,43.3,8,Completed,0.0,2025-12-16T22:00:00Z
2025-12-17,MINE_GUMGAON_02,ZONE_GMG_01,Daily_Aggregate,220.0,222.3,0.0,41.6,10,Completed,0.0,2025-12-17T22:00:00Z
2025-12-17,MINE_GUMGAON_02,ZONE_GMG_02,Daily_Aggregate,260.0,269.2,0.0,41.8,12,Completed,0.0,2025-12-17T22:00:00Z
2025-12-17,MINE_GUMGAON_02,ZONE_GMG_03,Daily_Aggregate,180.0,185.6,0.0,42.2,8,Completed,0.0,2025-12-17T22:00:00Z
2025-12-17,MINE_TIRODI_03,ZONE_TRD_01,Daily_Aggregate,340.0,349.1,0.0,41.6,16,Completed,0.0,2025-12-17T22:00:00Z
2025-12-17,MINE_TIRODI_03,ZONE_TRD_02,Daily_Aggregate,380.0,391.2,0.0,42.5,18,Completed,0.0,2025-12-17T22:00:00Z
2025-12-17,MINE_TIRODI_03,ZONE_TRD_03,Daily_Aggregate,200.0,199.0,1.0,40.5,9,Completed,0.0,2025-12-17T22:00:00Z
2025-12-17,MINE_DONGRI_04,ZONE_DGB_01,Daily_Aggregate,480.0,281.4,198.6,41.7,13,Completed,0.3,2025-12-17T22:00:00Z
2025-12-17,MINE_DONGRI_04,ZONE_DGB_02,Daily_Aggregate,510.0,484.7,25.3,40.0,22,Completed,0.0,2025-12-17T22:00:00Z
2025-12-17,MINE_DONGRI_04,ZONE_DGB_03,Daily_Aggregate,240.0,230.4,9.6,41.7,10,Completed,0.0,2025-12-17T22:00:00Z
2025-12-17,MINE_DONGRI_04,ZONE_DGB_04,Daily_Aggregate,60.0,59.7,0.3,41.6,3,Completed,0.0,2025-12-17T22:00:00Z
2025-12-17,MINE_KANDRI_05,ZONE_KND_01,Daily_Aggregate,290.0,191.1,98.9,40.5,9,Postponed_Rain,2.7,2025-12-17T22:00:00Z
2025-12-17,MINE_KANDRI_05,ZONE_KND_02,Daily_Aggregate,240.0,228.8,11.2,40.7,10,Completed,0.0,2025-12-17T22:00:00Z
2025-12-17,MINE_KANDRI_05,ZONE_KND_03,Daily_Aggregate,150.0,185.1,0.0,41.2,8,Completed,0.0,2025-12-17T22:00:00Z
2025-12-17,MINE_MANSAR_06,ZONE_MSR_01,Daily_Aggregate,280.0,291.0,0.0,43.6,13,Completed,0.0,2025-12-17T22:00:00Z
2025-12-17,MINE_MANSAR_06,ZONE_MSR_02,Daily_Aggregate,230.0,178.4,51.6,38.1,8,Completed,0.2,2025-12-17T22:00:00Z
2025-12-17,MINE_MANSAR_06,ZONE_MSR_03,Daily_Aggregate,160.0,156.2,3.8,41.7,7,Completed,0.0,2025-12-17T22:00:00Z
2025-12-17,MINE_CHIKLA_07,ZONE_CHK_01,Daily_Aggregate,310.0,309.8,0.2,42.1,14,Completed,0.0,2025-12-17T22:00:00Z
2025-12-17,MINE_CHIKLA_07,ZONE_CHK_02,Daily_Aggregate,270.0,264.5,5.5,43.0,12,Completed,0.0,2025-12-17T22:00:00Z
2025-12-17,MINE_CHIKLA_07,ZONE_CHK_03,Daily_Aggregate,170.0,133.0,37.0,38.9,6,Postponed_Rain,1.5,2025-12-17T22:00:00Z
2025-12-17,MINE_UKWA_08,ZONE_UKW_01,Daily_Aggregate,330.0,332.4,0.0,39.4,15,Completed,0.0,2025-12-17T22:00:00Z
2025-12-17,MINE_UKWA_08,ZONE_UKW_02,Daily_Aggregate,290.0,293.6,0.0,42.4,13,Completed,0.0,2025-12-17T22:00:00Z
2025-12-17,MINE_UKWA_08,ZONE_UKW_03,Daily_Aggregate,190.0,183.9,6.1,42.8,8,Completed,0.0,2025-12-17T22:00:00Z
2025-12-18,MINE_GUMGAON_02,ZONE_GMG_01,Daily_Aggregate,220.0,161.3,58.7,39.7,7,Postponed_Rain,1.9,2025-12-18T22:00:00Z
2025-12-18,MINE_GUMGAON_02,ZONE_GMG_02,Daily_Aggregate,260.0,266.1,0.0,42.1,12,Completed,0.0,2025-12-18T22:00:00Z
2025-12-18,MINE_GUMGAON_02,ZONE_GMG_03,Daily_Aggregate,180.0,187.7,0.0,43.5,9,Completed,0.0,2025-12-18T22:00:00Z
2025-12-18,MINE_TIRODI_03,ZONE_TRD_01,Daily_Aggregate,340.0,344.7,0.0,43.9,16,Completed,0.0,2025-12-18T22:00:00Z
2025-12-18,MINE_TIRODI_03,ZONE_TRD_02,Daily_Aggregate,380.0,377.0,3.0,41.4,17,Completed,0.0,2025-12-18T22:00:00Z
2025-12-18,MINE_TIRODI_03,ZONE_TRD_03,Daily_Aggregate,200.0,232.6,0.0,43.3,11,Completed,0.0,2025-12-18T22:00:00Z
2025-12-18,MINE_DONGRI_04,ZONE_DGB_01,Daily_Aggregate,480.0,477.3,2.7,41.1,22,Completed,0.0,2025-12-18T22:00:00Z
2025-12-18,MINE_DONGRI_04,ZONE_DGB_02,Daily_Aggregate,510.0,520.3,0.0,39.1,24,Completed,0.0,2025-12-18T22:00:00Z
2025-12-18,MINE_DONGRI_04,ZONE_DGB_03,Daily_Aggregate,240.0,250.9,0.0,43.5,11,Completed,0.0,2025-12-18T22:00:00Z
2025-12-18,MINE_DONGRI_04,ZONE_DGB_04,Daily_Aggregate,60.0,41.0,19.0,37.3,2,Postponed_Rain,2.8,2025-12-18T22:00:00Z
2025-12-18,MINE_KANDRI_05,ZONE_KND_01,Daily_Aggregate,290.0,293.9,0.0,41.6,13,Completed,0.0,2025-12-18T22:00:00Z
2025-12-18,MINE_KANDRI_05,ZONE_KND_02,Daily_Aggregate,240.0,235.9,4.1,43.9,11,Completed,0.0,2025-12-18T22:00:00Z
2025-12-18,MINE_KANDRI_05,ZONE_KND_03,Daily_Aggregate,150.0,106.3,43.7,39.2,5,Delayed_Misfire,3.9,2025-12-18T22:00:00Z
2025-12-18,MINE_MANSAR_06,ZONE_MSR_01,Daily_Aggregate,280.0,200.2,79.8,39.8,9,Postponed_Rain,2.3,2025-12-18T22:00:00Z
2025-12-18,MINE_MANSAR_06,ZONE_MSR_02,Daily_Aggregate,230.0,219.4,10.6,40.9,10,Completed,0.0,2025-12-18T22:00:00Z
2025-12-18,MINE_MANSAR_06,ZONE_MSR_03,Daily_Aggregate,160.0,108.0,52.0,37.9,5,Postponed_Rain,3.2,2025-12-18T22:00:00Z
2025-12-18,MINE_CHIKLA_07,ZONE_CHK_01,Daily_Aggregate,310.0,298.8,11.2,39.7,14,Completed,0.0,2025-12-18T22:00:00Z
2025-12-18,MINE_CHIKLA_07,ZONE_CHK_02,Daily_Aggregate,270.0,309.1,0.0,44.0,14,Completed,0.0,2025-12-18T22:00:00Z
2025-12-18,MINE_CHIKLA_07,ZONE_CHK_03,Daily_Aggregate,170.0,197.3,0.0,41.2,9,Completed,0.0,2025-12-18T22:00:00Z
2025-12-18,MINE_UKWA_08,ZONE_UKW_01,Daily_Aggregate,330.0,326.5,3.5,41.2,15,Completed,0.0,2025-12-18T22:00:00Z
2025-12-18,MINE_UKWA_08,ZONE_UKW_02,Daily_Aggregate,290.0,213.3,76.7,40.1,10,Delayed_Misfire,3.8,2025-12-18T22:00:00Z
2025-12-18,MINE_UKWA_08,ZONE_UKW_03,Daily_Aggregate,190.0,111.7,78.3,40.7,5,Completed,0.3,2025-12-18T22:00:00Z
2025-12-19,MINE_GUMGAON_02,ZONE_GMG_01,Daily_Aggregate,220.0,219.1,0.9,43.0,10,Completed,0.0,2025-12-19T22:00:00Z
2025-12-19,MINE_GUMGAON_02,ZONE_GMG_02,Daily_Aggregate,260.0,264.2,0.0,41.4,12,Completed,0.0,2025-12-19T22:00:00Z
2025-12-19,MINE_GUMGAON_02,ZONE_GMG_03,Daily_Aggregate,180.0,142.5,37.5,39.9,6,Postponed_Rain,2.9,2025-12-19T22:00:00Z
2025-12-19,MINE_TIRODI_03,ZONE_TRD_01,Daily_Aggregate,340.0,338.5,1.5,42.7,15,Completed,0.0,2025-12-19T22:00:00Z
2025-12-19,MINE_TIRODI_03,ZONE_TRD_02,Daily_Aggregate,380.0,264.5,115.5,39.7,12,Postponed_Rain,2.8,2025-12-19T22:00:00Z
2025-12-19,MINE_TIRODI_03,ZONE_TRD_03,Daily_Aggregate,200.0,200.8,0.0,40.9,9,Completed,0.0,2025-12-19T22:00:00Z
2025-12-19,MINE_DONGRI_04,ZONE_DGB_01,Daily_Aggregate,480.0,348.7,131.3,37.9,16,Postponed_Rain,1.5,2025-12-19T22:00:00Z
2025-12-19,MINE_DONGRI_04,ZONE_DGB_02,Daily_Aggregate,510.0,504.8,5.2,41.3,23,Completed,0.0,2025-12-19T22:00:00Z
2025-12-19,MINE_DONGRI_04,ZONE_DGB_03,Daily_Aggregate,240.0,243.2,0.0,42.8,11,Completed,0.0,2025-12-19T22:00:00Z
2025-12-19,MINE_DONGRI_04,ZONE_DGB_04,Daily_Aggregate,60.0,48.9,11.1,41.9,2,Delayed_Misfire,3.9,2025-12-19T22:00:00Z
2025-12-19,MINE_KANDRI_05,ZONE_KND_01,Daily_Aggregate,290.0,160.9,129.1,41.1,7,Completed,0.6,2025-12-19T22:00:00Z
2025-12-19,MINE_KANDRI_05,ZONE_KND_02,Daily_Aggregate,240.0,248.1,0.0,40.1,11,Completed,0.0,2025-12-19T22:00:00Z
2025-12-19,MINE_KANDRI_05,ZONE_KND_03,Daily_Aggregate,150.0,109.8,40.2,39.9,5,Postponed_Rain,2.1,2025-12-19T22:00:00Z
2025-12-19,MINE_MANSAR_06,ZONE_MSR_01,Daily_Aggregate,280.0,270.5,9.5,42.9,12,Completed,0.0,2025-12-19T22:00:00Z
2025-12-19,MINE_MANSAR_06,ZONE_MSR_02,Daily_Aggregate,230.0,225.1,4.9,43.2,10,Completed,0.0,2025-12-19T22:00:00Z
2025-12-19,MINE_MANSAR_06,ZONE_MSR_03,Daily_Aggregate,160.0,166.0,0.0,39.1,8,Completed,0.0,2025-12-19T22:00:00Z
2025-12-19,MINE_CHIKLA_07,ZONE_CHK_01,Daily_Aggregate,310.0,311.4,0.0,39.1,14,Completed,0.0,2025-12-19T22:00:00Z
2025-12-19,MINE_CHIKLA_07,ZONE_CHK_02,Daily_Aggregate,270.0,257.4,12.6,39.1,12,Completed,0.0,2025-12-19T22:00:00Z
2025-12-19,MINE_CHIKLA_07,ZONE_CHK_03,Daily_Aggregate,170.0,174.6,0.0,40.7,8,Completed,0.0,2025-12-19T22:00:00Z
2025-12-19,MINE_UKWA_08,ZONE_UKW_01,Daily_Aggregate,330.0,325.0,5.0,43.1,15,Completed,0.0,2025-12-19T22:00:00Z
2025-12-19,MINE_UKWA_08,ZONE_UKW_02,Daily_Aggregate,290.0,209.9,80.1,39.8,10,Postponed_Rain,2.1,2025-12-19T22:00:00Z
2025-12-19,MINE_UKWA_08,ZONE_UKW_03,Daily_Aggregate,190.0,139.0,51.0,38.3,6,Delayed_Misfire,2.3,2025-12-19T22:00:00Z
2025-12-20,MINE_GUMGAON_02,ZONE_GMG_01,Daily_Aggregate,220.0,227.0,0.0,43.1,10,Completed,0.0,2025-12-20T22:00:00Z
2025-12-20,MINE_GUMGAON_02,ZONE_GMG_02,Daily_Aggregate,260.0,248.4,11.6,43.2,11,Completed,0.0,2025-12-20T22:00:00Z
2025-12-20,MINE_GUMGAON_02,ZONE_GMG_03,Daily_Aggregate,180.0,173.9,6.1,41.4,8,Completed,0.0,2025-12-20T22:00:00Z
2025-12-20,MINE_TIRODI_03,ZONE_TRD_01,Daily_Aggregate,340.0,288.1,51.9,40.7,13,Delayed_Misfire,3.9,2025-12-20T22:00:00Z
2025-12-20,MINE_TIRODI_03,ZONE_TRD_02,Daily_Aggregate,380.0,256.6,123.4,41.9,12,Completed,0.9,2025-12-20T22:00:00Z
2025-12-20,MINE_TIRODI_03,ZONE_TRD_03,Daily_Aggregate,200.0,195.2,4.8,43.7,9,Completed,0.0,2025-12-20T22:00:00Z
2025-12-20,MINE_DONGRI_04,ZONE_DGB_01,Daily_Aggregate,480.0,334.4,145.6,40.7,15,Completed,0.6,2025-12-20T22:00:00Z
2025-12-20,MINE_DONGRI_04,ZONE_DGB_02,Daily_Aggregate,510.0,520.9,0.0,43.4,24,Completed,0.0,2025-12-20T22:00:00Z
2025-12-20,MINE_DONGRI_04,ZONE_DGB_03,Daily_Aggregate,240.0,232.0,8.0,40.8,11,Completed,0.0,2025-12-20T22:00:00Z
2025-12-20,MINE_DONGRI_04,ZONE_DGB_04,Daily_Aggregate,60.0,58.8,1.2,43.4,3,Completed,0.0,2025-12-20T22:00:00Z
2025-12-20,MINE_KANDRI_05,ZONE_KND_01,Daily_Aggregate,290.0,304.0,0.0,42.4,14,Completed,0.0,2025-12-20T22:00:00Z
2025-12-20,MINE_KANDRI_05,ZONE_KND_02,Daily_Aggregate,240.0,193.6,46.4,37.4,9,Postponed_Rain,1.8,2025-12-20T22:00:00Z
2025-12-20,MINE_KANDRI_05,ZONE_KND_03,Daily_Aggregate,150.0,153.0,0.0,41.6,7,Completed,0.0,2025-12-20T22:00:00Z
2025-12-20,MINE_MANSAR_06,ZONE_MSR_01,Daily_Aggregate,280.0,280.9,0.0,39.5,13,Completed,0.0,2025-12-20T22:00:00Z
2025-12-20,MINE_MANSAR_06,ZONE_MSR_02,Daily_Aggregate,230.0,274.2,0.0,42.8,12,Completed,0.0,2025-12-20T22:00:00Z
2025-12-20,MINE_MANSAR_06,ZONE_MSR_03,Daily_Aggregate,160.0,158.9,1.1,40.2,7,Completed,0.0,2025-12-20T22:00:00Z
2025-12-20,MINE_CHIKLA_07,ZONE_CHK_01,Daily_Aggregate,310.0,297.1,12.9,39.8,14,Completed,0.0,2025-12-20T22:00:00Z
2025-12-20,MINE_CHIKLA_07,ZONE_CHK_02,Daily_Aggregate,270.0,262.0,8.0,42.3,12,Completed,0.0,2025-12-20T22:00:00Z
2025-12-20,MINE_CHIKLA_07,ZONE_CHK_03,Daily_Aggregate,170.0,161.7,8.3,42.8,7,Completed,0.0,2025-12-20T22:00:00Z
2025-12-20,MINE_UKWA_08,ZONE_UKW_01,Daily_Aggregate,330.0,257.4,72.6,39.7,12,Delayed_Misfire,3.1,2025-12-20T22:00:00Z
2025-12-20,MINE_UKWA_08,ZONE_UKW_02,Daily_Aggregate,290.0,296.9,0.0,40.5,13,Completed,0.0,2025-12-20T22:00:00Z
2025-12-20,MINE_UKWA_08,ZONE_UKW_03,Daily_Aggregate,190.0,197.3,0.0,40.7,9,Completed,0.0,2025-12-20T22:00:00Z
2025-12-21,MINE_GUMGAON_02,ZONE_GMG_01,Daily_Aggregate,220.0,215.8,4.2,41.7,10,Completed,0.0,2025-12-21T22:00:00Z
2025-12-21,MINE_GUMGAON_02,ZONE_GMG_02,Daily_Aggregate,260.0,263.5,0.0,40.5,12,Completed,0.0,2025-12-21T22:00:00Z
2025-12-21,MINE_GUMGAON_02,ZONE_GMG_03,Daily_Aggregate,180.0,174.1,5.9,41.3,8,Completed,0.0,2025-12-21T22:00:00Z
2025-12-21,MINE_TIRODI_03,ZONE_TRD_01,Daily_Aggregate,340.0,265.5,74.5,40.6,12,Delayed_Misfire,3.7,2025-12-21T22:00:00Z
2025-12-21,MINE_TIRODI_03,ZONE_TRD_02,Daily_Aggregate,380.0,379.3,0.7,42.8,17,Completed,0.0,2025-12-21T22:00:00Z
2025-12-21,MINE_TIRODI_03,ZONE_TRD_03,Daily_Aggregate,200.0,201.5,0.0,39.4,9,Completed,0.0,2025-12-21T22:00:00Z
2025-12-21,MINE_DONGRI_04,ZONE_DGB_01,Daily_Aggregate,480.0,474.5,5.5,40.1,22,Completed,0.0,2025-12-21T22:00:00Z
2025-12-21,MINE_DONGRI_04,ZONE_DGB_02,Daily_Aggregate,510.0,518.6,0.0,40.2,24,Completed,0.0,2025-12-21T22:00:00Z
2025-12-21,MINE_DONGRI_04,ZONE_DGB_03,Daily_Aggregate,240.0,247.9,0.0,39.5,11,Completed,0.0,2025-12-21T22:00:00Z
2025-12-21,MINE_DONGRI_04,ZONE_DGB_04,Daily_Aggregate,60.0,57.1,2.9,42.1,3,Completed,0.0,2025-12-21T22:00:00Z
2025-12-21,MINE_KANDRI_05,ZONE_KND_01,Daily_Aggregate,290.0,303.5,0.0,42.4,14,Completed,0.0,2025-12-21T22:00:00Z
2025-12-21,MINE_KANDRI_05,ZONE_KND_02,Daily_Aggregate,240.0,189.1,50.9,41.0,9,Postponed_Rain,2.2,2025-12-21T22:00:00Z
2025-12-21,MINE_KANDRI_05,ZONE_KND_03,Daily_Aggregate,150.0,151.6,0.0,40.9,7,Completed,0.0,2025-12-21T22:00:00Z
2025-12-21,MINE_MANSAR_06,ZONE_MSR_01,Daily_Aggregate,280.0,286.6,0.0,39.7,13,Completed,0.0,2025-12-21T22:00:00Z
2025-12-21,MINE_MANSAR_06,ZONE_MSR_02,Daily_Aggregate,230.0,225.6,4.4,43.6,10,Completed,0.0,2025-12-21T22:00:00Z
2025-12-21,MINE_MANSAR_06,ZONE_MSR_03,Daily_Aggregate,160.0,163.5,0.0,41.1,7,Completed,0.0,2025-12-21T22:00:00Z
2025-12-21,MINE_CHIKLA_07,ZONE_CHK_01,Daily_Aggregate,310.0,305.7,4.3,43.8,14,Completed,0.0,2025-12-21T22:00:00Z
2025-12-21,MINE_CHIKLA_07,ZONE_CHK_02,Daily_Aggregate,270.0,275.5,0.0,42.4,13,Completed,0.0,2025-12-21T22:00:00Z
2025-12-21,MINE_CHIKLA_07,ZONE_CHK_03,Daily_Aggregate,170.0,165.4,4.6,43.0,8,Completed,0.0,2025-12-21T22:00:00Z
2025-12-21,MINE_UKWA_08,ZONE_UKW_01,Daily_Aggregate,330.0,323.1,6.9,41.0,15,Completed,0.0,2025-12-21T22:00:00Z
2025-12-21,MINE_UKWA_08,ZONE_UKW_02,Daily_Aggregate,290.0,246.0,44.0,40.7,11,Delayed_Misfire,3.6,2025-12-21T22:00:00Z
2025-12-21,MINE_UKWA_08,ZONE_UKW_03,Daily_Aggregate,190.0,138.3,51.7,40.7,6,Completed,0.4,2025-12-21T22:00:00Z
2025-12-22,MINE_GUMGAON_02,ZONE_GMG_01,Daily_Aggregate,220.0,146.3,73.7,39.9,7,Postponed_Rain,2.9,2025-12-22T22:00:00Z
2025-12-22,MINE_GUMGAON_02,ZONE_GMG_02,Daily_Aggregate,260.0,264.2,0.0,43.0,12,Completed,0.0,2025-12-22T22:00:00Z
2025-12-22,MINE_GUMGAON_02,ZONE_GMG_03,Daily_Aggregate,180.0,188.5,0.0,41.9,9,Completed,0.0,2025-12-22T22:00:00Z
2025-12-22,MINE_TIRODI_03,ZONE_TRD_01,Daily_Aggregate,340.0,355.0,0.0,42.2,16,Completed,0.0,2025-12-22T22:00:00Z
2025-12-22,MINE_TIRODI_03,ZONE_TRD_02,Daily_Aggregate,380.0,396.4,0.0,40.4,18,Completed,0.0,2025-12-22T22:00:00Z
2025-12-22,MINE_TIRODI_03,ZONE_TRD_03,Daily_Aggregate,200.0,198.1,1.9,40.6,9,Completed,0.0,2025-12-22T22:00:00Z
2025-12-22,MINE_DONGRI_04,ZONE_DGB_01,Daily_Aggregate,480.0,489.2,0.0,43.7,22,Completed,0.0,2025-12-22T22:00:00Z
2025-12-22,MINE_DONGRI_04,ZONE_DGB_02,Daily_Aggregate,510.0,515.9,0.0,43.6,23,Completed,0.0,2025-12-22T22:00:00Z
2025-12-22,MINE_DONGRI_04,ZONE_DGB_03,Daily_Aggregate,240.0,107.9,132.1,36.2,5,Suspended_Pit_Inundation,4.2,2025-12-22T22:00:00Z
2025-12-22,MINE_DONGRI_04,ZONE_DGB_04,Daily_Aggregate,60.0,57.6,2.4,41.1,3,Completed,0.0,2025-12-22T22:00:00Z
2025-12-22,MINE_KANDRI_05,ZONE_KND_01,Daily_Aggregate,290.0,278.2,11.8,41.7,13,Completed,0.0,2025-12-22T22:00:00Z
2025-12-22,MINE_KANDRI_05,ZONE_KND_02,Daily_Aggregate,240.0,233.8,6.2,42.1,11,Completed,0.0,2025-12-22T22:00:00Z
2025-12-22,MINE_KANDRI_05,ZONE_KND_03,Daily_Aggregate,150.0,147.0,3.0,42.0,7,Completed,0.0,2025-12-22T22:00:00Z
2025-12-22,MINE_MANSAR_06,ZONE_MSR_01,Daily_Aggregate,280.0,276.9,3.1,40.2,13,Completed,0.0,2025-12-22T22:00:00Z
2025-12-22,MINE_MANSAR_06,ZONE_MSR_02,Daily_Aggregate,230.0,229.6,0.4,42.0,10,Completed,0.0,2025-12-22T22:00:00Z
2025-12-22,MINE_MANSAR_06,ZONE_MSR_03,Daily_Aggregate,160.0,116.1,43.9,38.4,5,Delayed_Misfire,3.7,2025-12-22T22:00:00Z
2025-12-22,MINE_CHIKLA_07,ZONE_CHK_01,Daily_Aggregate,310.0,311.9,0.0,41.9,14,Completed,0.0,2025-12-22T22:00:00Z
2025-12-22,MINE_CHIKLA_07,ZONE_CHK_02,Daily_Aggregate,270.0,265.9,4.1,41.6,12,Completed,0.0,2025-12-22T22:00:00Z
2025-12-22,MINE_CHIKLA_07,ZONE_CHK_03,Daily_Aggregate,170.0,163.9,6.1,41.4,7,Completed,0.0,2025-12-22T22:00:00Z
2025-12-22,MINE_UKWA_08,ZONE_UKW_01,Daily_Aggregate,330.0,316.9,13.1,43.6,14,Completed,0.0,2025-12-22T22:00:00Z
2025-12-22,MINE_UKWA_08,ZONE_UKW_02,Daily_Aggregate,290.0,278.3,11.7,42.4,13,Completed,0.0,2025-12-22T22:00:00Z
2025-12-22,MINE_UKWA_08,ZONE_UKW_03,Daily_Aggregate,190.0,149.0,41.0,41.9,7,Delayed_Misfire,2.9,2025-12-22T22:00:00Z
2025-12-23,MINE_GUMGAON_02,ZONE_GMG_01,Daily_Aggregate,220.0,209.2,10.8,43.0,10,Completed,0.0,2025-12-23T22:00:00Z
2025-12-23,MINE_GUMGAON_02,ZONE_GMG_02,Daily_Aggregate,260.0,272.3,0.0,42.7,12,Completed,0.0,2025-12-23T22:00:00Z
2025-12-23,MINE_GUMGAON_02,ZONE_GMG_03,Daily_Aggregate,180.0,188.8,0.0,41.1,9,Completed,0.0,2025-12-23T22:00:00Z
2025-12-23,MINE_TIRODI_03,ZONE_TRD_01,Daily_Aggregate,340.0,351.9,0.0,39.6,16,Completed,0.0,2025-12-23T22:00:00Z
2025-12-23,MINE_TIRODI_03,ZONE_TRD_02,Daily_Aggregate,380.0,384.2,0.0,41.6,17,Completed,0.0,2025-12-23T22:00:00Z
2025-12-23,MINE_TIRODI_03,ZONE_TRD_03,Daily_Aggregate,200.0,205.3,0.0,41.1,9,Completed,0.0,2025-12-23T22:00:00Z
2025-12-23,MINE_DONGRI_04,ZONE_DGB_01,Daily_Aggregate,480.0,478.9,1.1,39.4,22,Completed,0.0,2025-12-23T22:00:00Z
2025-12-23,MINE_DONGRI_04,ZONE_DGB_02,Daily_Aggregate,510.0,503.4,6.6,42.3,23,Completed,0.0,2025-12-23T22:00:00Z
2025-12-23,MINE_DONGRI_04,ZONE_DGB_03,Daily_Aggregate,240.0,235.1,4.9,40.3,11,Completed,0.0,2025-12-23T22:00:00Z
2025-12-23,MINE_DONGRI_04,ZONE_DGB_04,Daily_Aggregate,60.0,61.3,0.0,43.2,3,Completed,0.0,2025-12-23T22:00:00Z
2025-12-23,MINE_KANDRI_05,ZONE_KND_01,Daily_Aggregate,290.0,276.2,13.8,43.0,13,Completed,0.0,2025-12-23T22:00:00Z
2025-12-23,MINE_KANDRI_05,ZONE_KND_02,Daily_Aggregate,240.0,244.4,0.0,42.5,11,Completed,0.0,2025-12-23T22:00:00Z
2025-12-23,MINE_KANDRI_05,ZONE_KND_03,Daily_Aggregate,150.0,115.9,34.1,40.1,5,Delayed_Misfire,2.8,2025-12-23T22:00:00Z
2025-12-23,MINE_MANSAR_06,ZONE_MSR_01,Daily_Aggregate,280.0,269.2,10.8,41.7,12,Completed,0.0,2025-12-23T22:00:00Z
2025-12-23,MINE_MANSAR_06,ZONE_MSR_02,Daily_Aggregate,230.0,222.6,7.4,41.2,10,Completed,0.0,2025-12-23T22:00:00Z
2025-12-23,MINE_MANSAR_06,ZONE_MSR_03,Daily_Aggregate,160.0,164.4,0.0,40.0,7,Completed,0.0,2025-12-23T22:00:00Z
2025-12-23,MINE_CHIKLA_07,ZONE_CHK_01,Daily_Aggregate,310.0,311.3,0.0,42.2,14,Completed,0.0,2025-12-23T22:00:00Z
2025-12-23,MINE_CHIKLA_07,ZONE_CHK_02,Daily_Aggregate,270.0,156.4,113.6,38.6,7,Completed,0.3,2025-12-23T22:00:00Z
2025-12-23,MINE_CHIKLA_07,ZONE_CHK_03,Daily_Aggregate,170.0,133.7,36.3,37.5,6,Postponed_Rain,2.6,2025-12-23T22:00:00Z
2025-12-23,MINE_UKWA_08,ZONE_UKW_01,Daily_Aggregate,330.0,231.8,98.2,42.0,11,Completed,0.9,2025-12-23T22:00:00Z
2025-12-23,MINE_UKWA_08,ZONE_UKW_02,Daily_Aggregate,290.0,289.6,0.4,42.5,13,Completed,0.0,2025-12-23T22:00:00Z
2025-12-23,MINE_UKWA_08,ZONE_UKW_03,Daily_Aggregate,190.0,188.2,1.8,43.0,9,Completed,0.0,2025-12-23T22:00:00Z
2025-12-24,MINE_GUMGAON_02,ZONE_GMG_01,Daily_Aggregate,220.0,223.2,0.0,41.9,10,Completed,0.0,2025-12-24T22:00:00Z
2025-12-24,MINE_GUMGAON_02,ZONE_GMG_02,Daily_Aggregate,260.0,264.0,0.0,40.5,12,Completed,0.0,2025-12-24T22:00:00Z
2025-12-24,MINE_GUMGAON_02,ZONE_GMG_03,Daily_Aggregate,180.0,143.4,36.6,39.6,7,Postponed_Rain,2.6,2025-12-24T22:00:00Z
2025-12-24,MINE_TIRODI_03,ZONE_TRD_01,Daily_Aggregate,340.0,236.2,103.8,40.5,11,Completed,0.8,2025-12-24T22:00:00Z
2025-12-24,MINE_TIRODI_03,ZONE_TRD_02,Daily_Aggregate,380.0,396.7,0.0,40.6,18,Completed,0.0,2025-12-24T22:00:00Z
2025-12-24,MINE_TIRODI_03,ZONE_TRD_03,Daily_Aggregate,200.0,201.2,0.0,43.5,9,Completed,0.0,2025-12-24T22:00:00Z
2025-12-24,MINE_DONGRI_04,ZONE_DGB_01,Daily_Aggregate,480.0,460.8,19.2,41.3,21,Completed,0.0,2025-12-24T22:00:00Z
2025-12-24,MINE_DONGRI_04,ZONE_DGB_02,Daily_Aggregate,510.0,529.7,0.0,43.9,24,Completed,0.0,2025-12-24T22:00:00Z
2025-12-24,MINE_DONGRI_04,ZONE_DGB_03,Daily_Aggregate,240.0,249.9,0.0,40.9,11,Completed,0.0,2025-12-24T22:00:00Z
2025-12-24,MINE_DONGRI_04,ZONE_DGB_04,Daily_Aggregate,60.0,59.0,1.0,43.1,3,Completed,0.0,2025-12-24T22:00:00Z
2025-12-24,MINE_KANDRI_05,ZONE_KND_01,Daily_Aggregate,290.0,299.7,0.0,39.5,14,Completed,0.0,2025-12-24T22:00:00Z
2025-12-24,MINE_KANDRI_05,ZONE_KND_02,Daily_Aggregate,240.0,234.5,5.5,41.8,11,Completed,0.0,2025-12-24T22:00:00Z
2025-12-24,MINE_KANDRI_05,ZONE_KND_03,Daily_Aggregate,150.0,105.3,44.7,40.6,5,Delayed_Misfire,3.1,2025-12-24T22:00:00Z
2025-12-24,MINE_MANSAR_06,ZONE_MSR_01,Daily_Aggregate,280.0,288.5,0.0,43.4,13,Completed,0.0,2025-12-24T22:00:00Z
2025-12-24,MINE_MANSAR_06,ZONE_MSR_02,Daily_Aggregate,230.0,235.4,0.0,39.8,11,Completed,0.0,2025-12-24T22:00:00Z
2025-12-24,MINE_MANSAR_06,ZONE_MSR_03,Daily_Aggregate,160.0,165.8,0.0,40.3,8,Completed,0.0,2025-12-24T22:00:00Z
2025-12-24,MINE_CHIKLA_07,ZONE_CHK_01,Daily_Aggregate,310.0,313.6,0.0,40.9,14,Completed,0.0,2025-12-24T22:00:00Z
2025-12-24,MINE_CHIKLA_07,ZONE_CHK_02,Daily_Aggregate,270.0,264.5,5.5,39.8,12,Completed,0.0,2025-12-24T22:00:00Z
2025-12-24,MINE_CHIKLA_07,ZONE_CHK_03,Daily_Aggregate,170.0,169.4,0.6,40.3,8,Completed,0.0,2025-12-24T22:00:00Z
2025-12-24,MINE_UKWA_08,ZONE_UKW_01,Daily_Aggregate,330.0,327.2,2.8,40.6,15,Completed,0.0,2025-12-24T22:00:00Z
2025-12-24,MINE_UKWA_08,ZONE_UKW_02,Daily_Aggregate,290.0,279.3,10.7,39.1,13,Completed,0.0,2025-12-24T22:00:00Z
2025-12-24,MINE_UKWA_08,ZONE_UKW_03,Daily_Aggregate,190.0,191.0,0.0,40.9,9,Completed,0.0,2025-12-24T22:00:00Z
2025-12-25,MINE_GUMGAON_02,ZONE_GMG_01,Daily_Aggregate,220.0,230.8,0.0,39.2,10,Completed,0.0,2025-12-25T22:00:00Z
2025-12-25,MINE_GUMGAON_02,ZONE_GMG_02,Daily_Aggregate,260.0,247.2,12.8,41.9,11,Completed,0.0,2025-12-25T22:00:00Z
2025-12-25,MINE_GUMGAON_02,ZONE_GMG_03,Daily_Aggregate,180.0,186.6,0.0,43.3,8,Completed,0.0,2025-12-25T22:00:00Z
2025-12-25,MINE_TIRODI_03,ZONE_TRD_01,Daily_Aggregate,340.0,250.6,89.4,38.0,11,Postponed_Rain,1.5,2025-12-25T22:00:00Z
2025-12-25,MINE_TIRODI_03,ZONE_TRD_02,Daily_Aggregate,380.0,396.3,0.0,41.3,18,Completed,0.0,2025-12-25T22:00:00Z
2025-12-25,MINE_TIRODI_03,ZONE_TRD_03,Daily_Aggregate,200.0,209.4,0.0,43.3,10,Completed,0.0,2025-12-25T22:00:00Z
2025-12-25,MINE_DONGRI_04,ZONE_DGB_01,Daily_Aggregate,480.0,486.2,0.0,42.9,22,Completed,0.0,2025-12-25T22:00:00Z
2025-12-25,MINE_DONGRI_04,ZONE_DGB_02,Daily_Aggregate,510.0,516.5,0.0,39.3,23,Completed,0.0,2025-12-25T22:00:00Z
2025-12-25,MINE_DONGRI_04,ZONE_DGB_03,Daily_Aggregate,240.0,163.8,76.2,37.2,7,Postponed_Rain,2.4,2025-12-25T22:00:00Z
2025-12-25,MINE_DONGRI_04,ZONE_DGB_04,Daily_Aggregate,60.0,33.9,26.1,40.9,2,Completed,0.8,2025-12-25T22:00:00Z
2025-12-25,MINE_KANDRI_05,ZONE_KND_01,Daily_Aggregate,290.0,280.3,9.7,43.4,13,Completed,0.0,2025-12-25T22:00:00Z
2025-12-25,MINE_KANDRI_05,ZONE_KND_02,Daily_Aggregate,240.0,237.1,2.9,42.2,11,Completed,0.0,2025-12-25T22:00:00Z
2025-12-25,MINE_KANDRI_05,ZONE_KND_03,Daily_Aggregate,150.0,148.0,2.0,39.3,7,Completed,0.0,2025-12-25T22:00:00Z
2025-12-25,MINE_MANSAR_06,ZONE_MSR_01,Daily_Aggregate,280.0,198.9,81.1,43.0,9,Completed,1.0,2025-12-25T22:00:00Z
2025-12-25,MINE_MANSAR_06,ZONE_MSR_02,Daily_Aggregate,230.0,218.6,11.4,42.9,10,Completed,0.0,2025-12-25T22:00:00Z
2025-12-25,MINE_MANSAR_06,ZONE_MSR_03,Daily_Aggregate,160.0,104.7,55.3,41.3,5,Completed,0.1,2025-12-25T22:00:00Z
2025-12-25,MINE_CHIKLA_07,ZONE_CHK_01,Daily_Aggregate,310.0,220.0,90.0,42.1,10,Completed,0.3,2025-12-25T22:00:00Z
2025-12-25,MINE_CHIKLA_07,ZONE_CHK_02,Daily_Aggregate,270.0,271.6,0.0,40.1,12,Completed,0.0,2025-12-25T22:00:00Z
2025-12-25,MINE_CHIKLA_07,ZONE_CHK_03,Daily_Aggregate,170.0,176.0,0.0,40.5,8,Completed,0.0,2025-12-25T22:00:00Z
2025-12-25,MINE_UKWA_08,ZONE_UKW_01,Daily_Aggregate,330.0,342.6,0.0,40.0,16,Completed,0.0,2025-12-25T22:00:00Z
2025-12-25,MINE_UKWA_08,ZONE_UKW_02,Daily_Aggregate,290.0,301.5,0.0,43.1,14,Completed,0.0,2025-12-25T22:00:00Z
2025-12-25,MINE_UKWA_08,ZONE_UKW_03,Daily_Aggregate,190.0,192.9,0.0,42.1,9,Completed,0.0,2025-12-25T22:00:00Z
2025-12-26,MINE_GUMGAON_02,ZONE_GMG_01,Daily_Aggregate,220.0,210.9,9.1,42.0,10,Completed,0.0,2025-12-26T22:00:00Z
2025-12-26,MINE_GUMGAON_02,ZONE_GMG_02,Daily_Aggregate,260.0,202.0,58.0,38.4,9,Postponed_Rain,3.4,2025-12-26T22:00:00Z
2025-12-26,MINE_GUMGAON_02,ZONE_GMG_03,Daily_Aggregate,180.0,119.9,60.1,42.8,5,Completed,0.5,2025-12-26T22:00:00Z
2025-12-26,MINE_TIRODI_03,ZONE_TRD_01,Daily_Aggregate,340.0,237.8,102.2,41.3,11,Completed,0.3,2025-12-26T22:00:00Z
2025-12-26,MINE_TIRODI_03,ZONE_TRD_02,Daily_Aggregate,380.0,392.0,0.0,39.5,18,Completed,0.0,2025-12-26T22:00:00Z
2025-12-26,MINE_TIRODI_03,ZONE_TRD_03,Daily_Aggregate,200.0,203.3,0.0,39.1,9,Completed,0.0,2025-12-26T22:00:00Z
2025-12-26,MINE_DONGRI_04,ZONE_DGB_01,Daily_Aggregate,480.0,499.7,0.0,41.4,23,Completed,0.0,2025-12-26T22:00:00Z
2025-12-26,MINE_DONGRI_04,ZONE_DGB_02,Daily_Aggregate,510.0,520.1,0.0,39.7,24,Completed,0.0,2025-12-26T22:00:00Z
2025-12-26,MINE_DONGRI_04,ZONE_DGB_03,Daily_Aggregate,240.0,234.5,5.5,41.9,11,Completed,0.0,2025-12-26T22:00:00Z
2025-12-26,MINE_DONGRI_04,ZONE_DGB_04,Daily_Aggregate,60.0,57.3,2.7,42.9,3,Completed,0.0,2025-12-26T22:00:00Z
2025-12-26,MINE_KANDRI_05,ZONE_KND_01,Daily_Aggregate,290.0,299.4,0.0,42.0,14,Completed,0.0,2025-12-26T22:00:00Z
2025-12-26,MINE_KANDRI_05,ZONE_KND_02,Daily_Aggregate,240.0,239.2,0.8,40.6,11,Completed,0.0,2025-12-26T22:00:00Z
2025-12-26,MINE_KANDRI_05,ZONE_KND_03,Daily_Aggregate,150.0,152.3,0.0,39.9,7,Completed,0.0,2025-12-26T22:00:00Z
2025-12-26,MINE_MANSAR_06,ZONE_MSR_01,Daily_Aggregate,280.0,291.7,0.0,42.1,13,Completed,0.0,2025-12-26T22:00:00Z
2025-12-26,MINE_MANSAR_06,ZONE_MSR_02,Daily_Aggregate,230.0,220.7,9.3,40.6,10,Completed,0.0,2025-12-26T22:00:00Z
2025-12-26,MINE_MANSAR_06,ZONE_MSR_03,Daily_Aggregate,160.0,160.7,0.0,43.0,7,Completed,0.0,2025-12-26T22:00:00Z
2025-12-26,MINE_CHIKLA_07,ZONE_CHK_01,Daily_Aggregate,310.0,313.6,0.0,39.6,14,Completed,0.0,2025-12-26T22:00:00Z
2025-12-26,MINE_CHIKLA_07,ZONE_CHK_02,Daily_Aggregate,270.0,270.4,0.0,40.7,12,Completed,0.0,2025-12-26T22:00:00Z
2025-12-26,MINE_CHIKLA_07,ZONE_CHK_03,Daily_Aggregate,170.0,170.6,0.0,41.4,8,Completed,0.0,2025-12-26T22:00:00Z
2025-12-26,MINE_UKWA_08,ZONE_UKW_01,Daily_Aggregate,330.0,314.9,15.1,39.2,14,Completed,0.0,2025-12-26T22:00:00Z
2025-12-26,MINE_UKWA_08,ZONE_UKW_02,Daily_Aggregate,290.0,187.6,102.4,41.9,9,Completed,0.6,2025-12-26T22:00:00Z
2025-12-26,MINE_UKWA_08,ZONE_UKW_03,Daily_Aggregate,190.0,89.2,100.8,35.1,4,Suspended_Pit_Inundation,4.4,2025-12-26T22:00:00Z
2025-12-27,MINE_GUMGAON_02,ZONE_GMG_01,Daily_Aggregate,220.0,154.2,65.8,42.1,7,Completed,1.0,2025-12-27T22:00:00Z
2025-12-27,MINE_GUMGAON_02,ZONE_GMG_02,Daily_Aggregate,260.0,264.2,0.0,40.8,12,Completed,0.0,2025-12-27T22:00:00Z
2025-12-27,MINE_GUMGAON_02,ZONE_GMG_03,Daily_Aggregate,180.0,119.5,60.5,38.1,5,Postponed_Rain,3.3,2025-12-27T22:00:00Z
2025-12-27,MINE_TIRODI_03,ZONE_TRD_01,Daily_Aggregate,340.0,348.9,0.0,42.3,16,Completed,0.0,2025-12-27T22:00:00Z
2025-12-27,MINE_TIRODI_03,ZONE_TRD_02,Daily_Aggregate,380.0,373.2,6.8,39.7,17,Completed,0.0,2025-12-27T22:00:00Z
2025-12-27,MINE_TIRODI_03,ZONE_TRD_03,Daily_Aggregate,200.0,115.9,84.1,42.1,5,Completed,0.3,2025-12-27T22:00:00Z
2025-12-27,MINE_DONGRI_04,ZONE_DGB_01,Daily_Aggregate,480.0,473.9,6.1,42.2,22,Completed,0.0,2025-12-27T22:00:00Z
2025-12-27,MINE_DONGRI_04,ZONE_DGB_02,Daily_Aggregate,510.0,520.3,0.0,41.7,24,Completed,0.0,2025-12-27T22:00:00Z
2025-12-27,MINE_DONGRI_04,ZONE_DGB_03,Daily_Aggregate,240.0,242.4,0.0,39.1,11,Completed,0.0,2025-12-27T22:00:00Z
2025-12-27,MINE_DONGRI_04,ZONE_DGB_04,Daily_Aggregate,60.0,61.2,0.0,41.8,3,Completed,0.0,2025-12-27T22:00:00Z
2025-12-27,MINE_KANDRI_05,ZONE_KND_01,Daily_Aggregate,290.0,281.6,8.4,43.3,13,Completed,0.0,2025-12-27T22:00:00Z
2025-12-27,MINE_KANDRI_05,ZONE_KND_02,Daily_Aggregate,240.0,232.5,7.5,42.1,11,Completed,0.0,2025-12-27T22:00:00Z
2025-12-27,MINE_KANDRI_05,ZONE_KND_03,Daily_Aggregate,150.0,169.3,0.0,42.9,8,Completed,0.0,2025-12-27T22:00:00Z
2025-12-27,MINE_MANSAR_06,ZONE_MSR_01,Daily_Aggregate,280.0,269.8,10.2,43.6,12,Completed,0.0,2025-12-27T22:00:00Z
2025-12-27,MINE_MANSAR_06,ZONE_MSR_02,Daily_Aggregate,230.0,234.4,0.0,41.0,11,Completed,0.0,2025-12-27T22:00:00Z
2025-12-27,MINE_MANSAR_06,ZONE_MSR_03,Daily_Aggregate,160.0,166.5,0.0,40.5,8,Completed,0.0,2025-12-27T22:00:00Z
2025-12-27,MINE_CHIKLA_07,ZONE_CHK_01,Daily_Aggregate,310.0,307.7,2.3,42.1,14,Completed,0.0,2025-12-27T22:00:00Z
2025-12-27,MINE_CHIKLA_07,ZONE_CHK_02,Daily_Aggregate,270.0,282.5,0.0,42.4,13,Completed,0.0,2025-12-27T22:00:00Z
2025-12-27,MINE_CHIKLA_07,ZONE_CHK_03,Daily_Aggregate,170.0,126.3,43.7,40.4,6,Completed,0.5,2025-12-27T22:00:00Z
2025-12-27,MINE_UKWA_08,ZONE_UKW_01,Daily_Aggregate,330.0,321.5,8.5,43.5,15,Completed,0.0,2025-12-27T22:00:00Z
2025-12-27,MINE_UKWA_08,ZONE_UKW_02,Daily_Aggregate,290.0,295.4,0.0,40.1,13,Completed,0.0,2025-12-27T22:00:00Z
2025-12-27,MINE_UKWA_08,ZONE_UKW_03,Daily_Aggregate,190.0,193.2,0.0,42.0,9,Completed,0.0,2025-12-27T22:00:00Z
2025-12-28,MINE_GUMGAON_02,ZONE_GMG_01,Daily_Aggregate,220.0,157.1,62.9,38.2,7,Delayed_Misfire,3.6,2025-12-28T22:00:00Z
2025-12-28,MINE_GUMGAON_02,ZONE_GMG_02,Daily_Aggregate,260.0,268.6,0.0,40.2,12,Completed,0.0,2025-12-28T22:00:00Z
2025-12-28,MINE_GUMGAON_02,ZONE_GMG_03,Daily_Aggregate,180.0,176.5,3.5,42.9,8,Completed,0.0,2025-12-28T22:00:00Z
2025-12-28,MINE_TIRODI_03,ZONE_TRD_01,Daily_Aggregate,340.0,323.5,16.5,40.3,15,Completed,0.0,2025-12-28T22:00:00Z
2025-12-28,MINE_TIRODI_03,ZONE_TRD_02,Daily_Aggregate,380.0,249.9,130.1,37.8,11,Postponed_Rain,1.8,2025-12-28T22:00:00Z
2025-12-28,MINE_TIRODI_03,ZONE_TRD_03,Daily_Aggregate,200.0,207.4,0.0,41.4,9,Completed,0.0,2025-12-28T22:00:00Z
2025-12-28,MINE_DONGRI_04,ZONE_DGB_01,Daily_Aggregate,480.0,468.0,12.0,43.9,21,Completed,0.0,2025-12-28T22:00:00Z
2025-12-28,MINE_DONGRI_04,ZONE_DGB_02,Daily_Aggregate,510.0,417.6,92.4,40.0,19,Postponed_Rain,3.0,2025-12-28T22:00:00Z
2025-12-28,MINE_DONGRI_04,ZONE_DGB_03,Daily_Aggregate,240.0,198.6,41.4,41.8,9,Delayed_Misfire,2.8,2025-12-28T22:00:00Z
2025-12-28,MINE_DONGRI_04,ZONE_DGB_04,Daily_Aggregate,60.0,59.1,0.9,39.7,3,Completed,0.0,2025-12-28T22:00:00Z
2025-12-28,MINE_KANDRI_05,ZONE_KND_01,Daily_Aggregate,290.0,291.7,0.0,43.7,13,Completed,0.0,2025-12-28T22:00:00Z
2025-12-28,MINE_KANDRI_05,ZONE_KND_02,Daily_Aggregate,240.0,151.9,88.1,40.1,7,Completed,0.7,2025-12-28T22:00:00Z
2025-12-28,MINE_KANDRI_05,ZONE_KND_03,Daily_Aggregate,150.0,157.3,0.0,41.5,7,Completed,0.0,2025-12-28T22:00:00Z
2025-12-28,MINE_MANSAR_06,ZONE_MSR_01,Daily_Aggregate,280.0,284.4,0.0,40.5,13,Completed,0.0,2025-12-28T22:00:00Z
2025-12-28,MINE_MANSAR_06,ZONE_MSR_02,Daily_Aggregate,230.0,113.8,116.2,35.2,5,Suspended_Pit_Inundation,3.6,2025-12-28T22:00:00Z
2025-12-28,MINE_MANSAR_06,ZONE_MSR_03,Daily_Aggregate,160.0,157.6,2.4,41.0,7,Completed,0.0,2025-12-28T22:00:00Z
2025-12-28,MINE_CHIKLA_07,ZONE_CHK_01,Daily_Aggregate,310.0,320.8,0.0,40.2,15,Completed,0.0,2025-12-28T22:00:00Z
2025-12-28,MINE_CHIKLA_07,ZONE_CHK_02,Daily_Aggregate,270.0,270.3,0.0,39.7,12,Completed,0.0,2025-12-28T22:00:00Z
2025-12-28,MINE_CHIKLA_07,ZONE_CHK_03,Daily_Aggregate,170.0,172.2,0.0,41.5,8,Completed,0.0,2025-12-28T22:00:00Z
2025-12-28,MINE_UKWA_08,ZONE_UKW_01,Daily_Aggregate,330.0,313.7,16.3,43.1,14,Completed,0.0,2025-12-28T22:00:00Z
2025-12-28,MINE_UKWA_08,ZONE_UKW_02,Daily_Aggregate,290.0,284.5,5.5,39.2,13,Completed,0.0,2025-12-28T22:00:00Z
2025-12-28,MINE_UKWA_08,ZONE_UKW_03,Daily_Aggregate,190.0,187.8,2.2,42.8,9,Completed,0.0,2025-12-28T22:00:00Z
2025-12-29,MINE_GUMGAON_02,ZONE_GMG_01,Daily_Aggregate,220.0,218.4,1.6,43.5,10,Completed,0.0,2025-12-29T22:00:00Z
2025-12-29,MINE_GUMGAON_02,ZONE_GMG_02,Daily_Aggregate,260.0,269.2,0.0,41.6,12,Completed,0.0,2025-12-29T22:00:00Z
2025-12-29,MINE_GUMGAON_02,ZONE_GMG_03,Daily_Aggregate,180.0,182.7,0.0,40.0,8,Completed,0.0,2025-12-29T22:00:00Z
2025-12-29,MINE_TIRODI_03,ZONE_TRD_01,Daily_Aggregate,340.0,352.1,0.0,40.8,16,Completed,0.0,2025-12-29T22:00:00Z
2025-12-29,MINE_TIRODI_03,ZONE_TRD_02,Daily_Aggregate,380.0,373.4,6.6,40.4,17,Completed,0.0,2025-12-29T22:00:00Z
2025-12-29,MINE_TIRODI_03,ZONE_TRD_03,Daily_Aggregate,200.0,200.5,0.0,39.5,9,Completed,0.0,2025-12-29T22:00:00Z
2025-12-29,MINE_DONGRI_04,ZONE_DGB_01,Daily_Aggregate,480.0,498.5,0.0,42.2,23,Completed,0.0,2025-12-29T22:00:00Z
2025-12-29,MINE_DONGRI_04,ZONE_DGB_02,Daily_Aggregate,510.0,515.9,0.0,42.1,23,Completed,0.0,2025-12-29T22:00:00Z
2025-12-29,MINE_DONGRI_04,ZONE_DGB_03,Daily_Aggregate,240.0,181.2,58.8,38.4,8,Completed,0.7,2025-12-29T22:00:00Z
2025-12-29,MINE_DONGRI_04,ZONE_DGB_04,Daily_Aggregate,60.0,57.6,2.4,42.5,3,Completed,0.0,2025-12-29T22:00:00Z
2025-12-29,MINE_KANDRI_05,ZONE_KND_01,Daily_Aggregate,290.0,298.2,0.0,40.5,14,Completed,0.0,2025-12-29T22:00:00Z
2025-12-29,MINE_KANDRI_05,ZONE_KND_02,Daily_Aggregate,240.0,171.5,68.5,39.2,8,Postponed_Rain,3.2,2025-12-29T22:00:00Z
2025-12-29,MINE_KANDRI_05,ZONE_KND_03,Daily_Aggregate,150.0,86.0,64.0,37.4,4,Suspended_Pit_Inundation,4.3,2025-12-29T22:00:00Z
2025-12-29,MINE_MANSAR_06,ZONE_MSR_01,Daily_Aggregate,280.0,293.9,0.0,40.1,13,Completed,0.0,2025-12-29T22:00:00Z
2025-12-29,MINE_MANSAR_06,ZONE_MSR_02,Daily_Aggregate,230.0,236.2,0.0,41.4,11,Completed,0.0,2025-12-29T22:00:00Z
2025-12-29,MINE_MANSAR_06,ZONE_MSR_03,Daily_Aggregate,160.0,178.4,0.0,43.5,8,Completed,0.0,2025-12-29T22:00:00Z
2025-12-29,MINE_CHIKLA_07,ZONE_CHK_01,Daily_Aggregate,310.0,222.1,87.9,39.1,10,Postponed_Rain,3.4,2025-12-29T22:00:00Z
2025-12-29,MINE_CHIKLA_07,ZONE_CHK_02,Daily_Aggregate,270.0,270.2,0.0,39.4,12,Completed,0.0,2025-12-29T22:00:00Z
2025-12-29,MINE_CHIKLA_07,ZONE_CHK_03,Daily_Aggregate,170.0,163.0,7.0,43.6,7,Completed,0.0,2025-12-29T22:00:00Z
2025-12-29,MINE_UKWA_08,ZONE_UKW_01,Daily_Aggregate,330.0,340.1,0.0,40.9,15,Completed,0.0,2025-12-29T22:00:00Z
2025-12-29,MINE_UKWA_08,ZONE_UKW_02,Daily_Aggregate,290.0,134.4,155.6,37.2,6,Suspended_Pit_Inundation,4.7,2025-12-29T22:00:00Z
2025-12-29,MINE_UKWA_08,ZONE_UKW_03,Daily_Aggregate,190.0,195.5,0.0,41.1,9,Completed,0.0,2025-12-29T22:00:00Z
2025-12-30,MINE_GUMGAON_02,ZONE_GMG_01,Daily_Aggregate,220.0,225.0,0.0,43.5,10,Completed,0.0,2025-12-30T22:00:00Z
2025-12-30,MINE_GUMGAON_02,ZONE_GMG_02,Daily_Aggregate,260.0,261.7,0.0,39.2,12,Completed,0.0,2025-12-30T22:00:00Z
2025-12-30,MINE_GUMGAON_02,ZONE_GMG_03,Daily_Aggregate,180.0,143.3,36.7,37.3,7,Postponed_Rain,1.9,2025-12-30T22:00:00Z
2025-12-30,MINE_TIRODI_03,ZONE_TRD_01,Daily_Aggregate,340.0,368.3,0.0,42.3,17,Completed,0.0,2025-12-30T22:00:00Z
2025-12-30,MINE_TIRODI_03,ZONE_TRD_02,Daily_Aggregate,380.0,235.1,144.9,41.1,11,Completed,0.1,2025-12-30T22:00:00Z
2025-12-30,MINE_TIRODI_03,ZONE_TRD_03,Daily_Aggregate,200.0,155.6,44.4,38.3,7,Postponed_Rain,2.1,2025-12-30T22:00:00Z
2025-12-30,MINE_DONGRI_04,ZONE_DGB_01,Daily_Aggregate,480.0,492.6,0.0,43.7,22,Completed,0.0,2025-12-30T22:00:00Z
2025-12-30,MINE_DONGRI_04,ZONE_DGB_02,Daily_Aggregate,510.0,500.9,9.1,41.8,23,Completed,0.0,2025-12-30T22:00:00Z
2025-12-30,MINE_DONGRI_04,ZONE_DGB_03,Daily_Aggregate,240.0,167.3,72.7,38.5,8,Completed,0.4,2025-12-30T22:00:00Z
2025-12-30,MINE_DONGRI_04,ZONE_DGB_04,Daily_Aggregate,60.0,60.1,0.0,41.3,3,Completed,0.0,2025-12-30T22:00:00Z
2025-12-30,MINE_KANDRI_05,ZONE_KND_01,Daily_Aggregate,290.0,298.2,0.0,42.5,14,Completed,0.0,2025-12-30T22:00:00Z
2025-12-30,MINE_KANDRI_05,ZONE_KND_02,Daily_Aggregate,240.0,242.0,0.0,40.5,11,Completed,0.0,2025-12-30T22:00:00Z
2025-12-30,MINE_KANDRI_05,ZONE_KND_03,Daily_Aggregate,150.0,146.0,4.0,42.7,7,Completed,0.0,2025-12-30T22:00:00Z
2025-12-30,MINE_MANSAR_06,ZONE_MSR_01,Daily_Aggregate,280.0,282.3,0.0,39.9,13,Completed,0.0,2025-12-30T22:00:00Z
2025-12-30,MINE_MANSAR_06,ZONE_MSR_02,Daily_Aggregate,230.0,227.0,3.0,41.6,10,Completed,0.0,2025-12-30T22:00:00Z
2025-12-30,MINE_MANSAR_06,ZONE_MSR_03,Daily_Aggregate,160.0,69.8,90.2,38.3,3,Suspended_Pit_Inundation,3.9,2025-12-30T22:00:00Z
2025-12-30,MINE_CHIKLA_07,ZONE_CHK_01,Daily_Aggregate,310.0,297.7,12.3,40.9,14,Completed,0.0,2025-12-30T22:00:00Z
2025-12-30,MINE_CHIKLA_07,ZONE_CHK_02,Daily_Aggregate,270.0,275.4,0.0,40.3,13,Completed,0.0,2025-12-30T22:00:00Z
2025-12-30,MINE_CHIKLA_07,ZONE_CHK_03,Daily_Aggregate,170.0,163.2,6.8,42.9,7,Completed,0.0,2025-12-30T22:00:00Z
2025-12-30,MINE_UKWA_08,ZONE_UKW_01,Daily_Aggregate,330.0,330.5,0.0,41.1,15,Completed,0.0,2025-12-30T22:00:00Z
2025-12-30,MINE_UKWA_08,ZONE_UKW_02,Daily_Aggregate,290.0,295.8,0.0,39.8,13,Completed,0.0,2025-12-30T22:00:00Z
2025-12-30,MINE_UKWA_08,ZONE_UKW_03,Daily_Aggregate,190.0,185.4,4.6,43.5,8,Completed,0.0,2025-12-30T22:00:00Z
2025-12-31,MINE_GUMGAON_02,ZONE_GMG_01,Daily_Aggregate,220.0,220.5,0.0,39.4,10,Completed,0.0,2025-12-31T22:00:00Z
2025-12-31,MINE_GUMGAON_02,ZONE_GMG_02,Daily_Aggregate,260.0,104.1,155.9,36.9,5,Suspended_Pit_Inundation,4.6,2025-12-31T22:00:00Z
2025-12-31,MINE_GUMGAON_02,ZONE_GMG_03,Daily_Aggregate,180.0,176.3,3.7,40.0,8,Completed,0.0,2025-12-31T22:00:00Z
2025-12-31,MINE_TIRODI_03,ZONE_TRD_01,Daily_Aggregate,340.0,337.1,2.9,39.9,15,Completed,0.0,2025-12-31T22:00:00Z
2025-12-31,MINE_TIRODI_03,ZONE_TRD_02,Daily_Aggregate,380.0,467.7,0.0,42.5,21,Completed,0.0,2025-12-31T22:00:00Z
2025-12-31,MINE_TIRODI_03,ZONE_TRD_03,Daily_Aggregate,200.0,89.8,110.2,36.1,4,Suspended_Pit_Inundation,3.9,2025-12-31T22:00:00Z
2025-12-31,MINE_DONGRI_04,ZONE_DGB_01,Daily_Aggregate,480.0,486.6,0.0,42.0,22,Completed,0.0,2025-12-31T22:00:00Z
2025-12-31,MINE_DONGRI_04,ZONE_DGB_02,Daily_Aggregate,510.0,532.6,0.0,39.2,24,Completed,0.0,2025-12-31T22:00:00Z
2025-12-31,MINE_DONGRI_04,ZONE_DGB_03,Daily_Aggregate,240.0,231.6,8.4,40.8,11,Completed,0.0,2025-12-31T22:00:00Z
2025-12-31,MINE_DONGRI_04,ZONE_DGB_04,Daily_Aggregate,60.0,57.5,2.5,42.4,3,Completed,0.0,2025-12-31T22:00:00Z
2025-12-31,MINE_KANDRI_05,ZONE_KND_01,Daily_Aggregate,290.0,212.9,77.1,41.5,10,Delayed_Misfire,2.7,2025-12-31T22:00:00Z
2025-12-31,MINE_KANDRI_05,ZONE_KND_02,Daily_Aggregate,240.0,243.6,0.0,42.3,11,Completed,0.0,2025-12-31T22:00:00Z
2025-12-31,MINE_KANDRI_05,ZONE_KND_03,Daily_Aggregate,150.0,113.2,36.8,41.0,5,Delayed_Misfire,2.5,2025-12-31T22:00:00Z
2025-12-31,MINE_MANSAR_06,ZONE_MSR_01,Daily_Aggregate,280.0,281.0,0.0,39.8,13,Completed,0.0,2025-12-31T22:00:00Z
2025-12-31,MINE_MANSAR_06,ZONE_MSR_02,Daily_Aggregate,230.0,238.8,0.0,39.7,11,Completed,0.0,2025-12-31T22:00:00Z
2025-12-31,MINE_MANSAR_06,ZONE_MSR_03,Daily_Aggregate,160.0,155.9,4.1,40.4,7,Completed,0.0,2025-12-31T22:00:00Z
2025-12-31,MINE_CHIKLA_07,ZONE_CHK_01,Daily_Aggregate,310.0,321.7,0.0,40.3,15,Completed,0.0,2025-12-31T22:00:00Z
2025-12-31,MINE_CHIKLA_07,ZONE_CHK_02,Daily_Aggregate,270.0,206.1,63.9,42.0,9,Completed,0.9,2025-12-31T22:00:00Z
2025-12-31,MINE_CHIKLA_07,ZONE_CHK_03,Daily_Aggregate,170.0,95.3,74.7,38.4,4,Completed,0.4,2025-12-31T22:00:00Z
2025-12-31,MINE_UKWA_08,ZONE_UKW_01,Daily_Aggregate,330.0,320.9,9.1,39.1,15,Completed,0.0,2025-12-31T22:00:00Z
2025-12-31,MINE_UKWA_08,ZONE_UKW_02,Daily_Aggregate,290.0,294.5,0.0,43.6,13,Completed,0.0,2025-12-31T22:00:00Z
2025-12-31,MINE_UKWA_08,ZONE_UKW_03,Daily_Aggregate,190.0,187.4,2.6,42.2,9,Completed,0.0,2025-12-31T22:00:00Z
2026-01-01,MINE_GUMGAON_02,ZONE_GMG_01,Daily_Aggregate,220.0,210.1,9.9,41.5,10,Completed,0.0,2026-01-01T22:00:00Z
2026-01-01,MINE_GUMGAON_02,ZONE_GMG_02,Daily_Aggregate,260.0,187.5,72.5,40.9,9,Postponed_Rain,3.1,2026-01-01T22:00:00Z
2026-01-01,MINE_GUMGAON_02,ZONE_GMG_03,Daily_Aggregate,180.0,174.9,5.1,40.8,8,Completed,0.0,2026-01-01T22:00:00Z
2026-01-01,MINE_TIRODI_03,ZONE_TRD_01,Daily_Aggregate,340.0,331.2,8.8,40.9,15,Completed,0.0,2026-01-01T22:00:00Z
2026-01-01,MINE_TIRODI_03,ZONE_TRD_02,Daily_Aggregate,380.0,381.0,0.0,39.8,17,Completed,0.0,2026-01-01T22:00:00Z
2026-01-01,MINE_TIRODI_03,ZONE_TRD_03,Daily_Aggregate,200.0,194.2,5.8,41.8,9,Completed,0.0,2026-01-01T22:00:00Z
2026-01-01,MINE_DONGRI_04,ZONE_DGB_01,Daily_Aggregate,480.0,481.4,0.0,40.9,22,Completed,0.0,2026-01-01T22:00:00Z
2026-01-01,MINE_DONGRI_04,ZONE_DGB_02,Daily_Aggregate,510.0,486.7,23.3,40.7,22,Completed,0.0,2026-01-01T22:00:00Z
2026-01-01,MINE_DONGRI_04,ZONE_DGB_03,Daily_Aggregate,240.0,245.1,0.0,40.0,11,Completed,0.0,2026-01-01T22:00:00Z
2026-01-01,MINE_DONGRI_04,ZONE_DGB_04,Daily_Aggregate,60.0,35.8,24.2,40.3,2,Completed,0.5,2026-01-01T22:00:00Z
2026-01-01,MINE_KANDRI_05,ZONE_KND_01,Daily_Aggregate,290.0,172.2,117.8,36.6,8,Suspended_Pit_Inundation,4.0,2026-01-01T22:00:00Z
2026-01-01,MINE_KANDRI_05,ZONE_KND_02,Daily_Aggregate,240.0,234.9,5.1,40.5,11,Completed,0.0,2026-01-01T22:00:00Z
2026-01-01,MINE_KANDRI_05,ZONE_KND_03,Daily_Aggregate,150.0,156.1,0.0,39.1,7,Completed,0.0,2026-01-01T22:00:00Z
2026-01-01,MINE_MANSAR_06,ZONE_MSR_01,Daily_Aggregate,280.0,274.8,5.2,40.7,12,Completed,0.0,2026-01-01T22:00:00Z
2026-01-01,MINE_MANSAR_06,ZONE_MSR_02,Daily_Aggregate,230.0,227.5,2.5,42.9,10,Completed,0.0,2026-01-01T22:00:00Z
2026-01-01,MINE_MANSAR_06,ZONE_MSR_03,Daily_Aggregate,160.0,164.2,0.0,42.2,7,Completed,0.0,2026-01-01T22:00:00Z
2026-01-01,MINE_CHIKLA_07,ZONE_CHK_01,Daily_Aggregate,310.0,314.5,0.0,40.6,14,Completed,0.0,2026-01-01T22:00:00Z
2026-01-01,MINE_CHIKLA_07,ZONE_CHK_02,Daily_Aggregate,270.0,224.1,45.9,41.2,10,Delayed_Misfire,3.0,2026-01-01T22:00:00Z
2026-01-01,MINE_CHIKLA_07,ZONE_CHK_03,Daily_Aggregate,170.0,163.8,6.2,40.0,7,Completed,0.0,2026-01-01T22:00:00Z
2026-01-01,MINE_UKWA_08,ZONE_UKW_01,Daily_Aggregate,330.0,314.9,15.1,40.2,14,Completed,0.0,2026-01-01T22:00:00Z
2026-01-01,MINE_UKWA_08,ZONE_UKW_02,Daily_Aggregate,290.0,282.4,7.6,39.3,13,Completed,0.0,2026-01-01T22:00:00Z
2026-01-01,MINE_UKWA_08,ZONE_UKW_03,Daily_Aggregate,190.0,181.2,8.8,41.1,8,Completed,0.0,2026-01-01T22:00:00Z
2026-01-02,MINE_GUMGAON_02,ZONE_GMG_01,Daily_Aggregate,220.0,227.4,0.0,39.5,10,Completed,0.0,2026-01-02T22:00:00Z
2026-01-02,MINE_GUMGAON_02,ZONE_GMG_02,Daily_Aggregate,260.0,165.8,94.2,41.0,8,Completed,0.2,2026-01-02T22:00:00Z
2026-01-02,MINE_GUMGAON_02,ZONE_GMG_03,Daily_Aggregate,180.0,141.4,38.6,38.2,6,Postponed_Rain,1.7,2026-01-02T22:00:00Z
2026-01-02,MINE_TIRODI_03,ZONE_TRD_01,Daily_Aggregate,340.0,351.3,0.0,43.9,16,Completed,0.0,2026-01-02T22:00:00Z
2026-01-02,MINE_TIRODI_03,ZONE_TRD_02,Daily_Aggregate,380.0,376.1,3.9,39.7,17,Completed,0.0,2026-01-02T22:00:00Z
2026-01-02,MINE_TIRODI_03,ZONE_TRD_03,Daily_Aggregate,200.0,193.2,6.8,41.1,9,Completed,0.0,2026-01-02T22:00:00Z
2026-01-02,MINE_DONGRI_04,ZONE_DGB_01,Daily_Aggregate,480.0,371.3,108.7,38.0,17,Completed,0.1,2026-01-02T22:00:00Z
2026-01-02,MINE_DONGRI_04,ZONE_DGB_02,Daily_Aggregate,510.0,386.6,123.4,38.2,18,Postponed_Rain,3.4,2026-01-02T22:00:00Z
2026-01-02,MINE_DONGRI_04,ZONE_DGB_03,Daily_Aggregate,240.0,245.7,0.0,39.8,11,Completed,0.0,2026-01-02T22:00:00Z
2026-01-02,MINE_DONGRI_04,ZONE_DGB_04,Daily_Aggregate,60.0,57.1,2.9,40.2,3,Completed,0.0,2026-01-02T22:00:00Z
2026-01-02,MINE_KANDRI_05,ZONE_KND_01,Daily_Aggregate,290.0,295.9,0.0,39.1,13,Completed,0.0,2026-01-02T22:00:00Z
2026-01-02,MINE_KANDRI_05,ZONE_KND_02,Daily_Aggregate,240.0,231.1,8.9,41.6,11,Completed,0.0,2026-01-02T22:00:00Z
2026-01-02,MINE_KANDRI_05,ZONE_KND_03,Daily_Aggregate,150.0,150.7,0.0,42.4,7,Completed,0.0,2026-01-02T22:00:00Z
2026-01-02,MINE_MANSAR_06,ZONE_MSR_01,Daily_Aggregate,280.0,272.6,7.4,39.3,12,Completed,0.0,2026-01-02T22:00:00Z
2026-01-02,MINE_MANSAR_06,ZONE_MSR_02,Daily_Aggregate,230.0,229.7,0.3,39.5,10,Completed,0.0,2026-01-02T22:00:00Z
2026-01-02,MINE_MANSAR_06,ZONE_MSR_03,Daily_Aggregate,160.0,120.1,39.9,40.4,5,Delayed_Misfire,3.5,2026-01-02T22:00:00Z
2026-01-02,MINE_CHIKLA_07,ZONE_CHK_01,Daily_Aggregate,310.0,131.2,178.8,39.0,6,Suspended_Pit_Inundation,5.4,2026-01-02T22:00:00Z
2026-01-02,MINE_CHIKLA_07,ZONE_CHK_02,Daily_Aggregate,270.0,264.1,5.9,42.7,12,Completed,0.0,2026-01-02T22:00:00Z
2026-01-02,MINE_CHIKLA_07,ZONE_CHK_03,Daily_Aggregate,170.0,168.4,1.6,41.4,8,Completed,0.0,2026-01-02T22:00:00Z
2026-01-02,MINE_UKWA_08,ZONE_UKW_01,Daily_Aggregate,330.0,315.3,14.7,42.8,14,Completed,0.0,2026-01-02T22:00:00Z
2026-01-02,MINE_UKWA_08,ZONE_UKW_02,Daily_Aggregate,290.0,232.8,57.2,38.8,11,Postponed_Rain,2.7,2026-01-02T22:00:00Z
2026-01-02,MINE_UKWA_08,ZONE_UKW_03,Daily_Aggregate,190.0,187.4,2.6,40.9,9,Completed,0.0,2026-01-02T22:00:00Z
2026-01-03,MINE_GUMGAON_02,ZONE_GMG_01,Daily_Aggregate,220.0,121.2,98.8,41.2,6,Completed,0.2,2026-01-03T22:00:00Z
2026-01-03,MINE_GUMGAON_02,ZONE_GMG_02,Daily_Aggregate,260.0,248.4,11.6,40.2,11,Completed,0.0,2026-01-03T22:00:00Z
2026-01-03,MINE_GUMGAON_02,ZONE_GMG_03,Daily_Aggregate,180.0,136.2,43.8,41.8,6,Delayed_Misfire,2.3,2026-01-03T22:00:00Z
2026-01-03,MINE_TIRODI_03,ZONE_TRD_01,Daily_Aggregate,340.0,243.4,96.6,40.3,11,Completed,0.3,2026-01-03T22:00:00Z
2026-01-03,MINE_TIRODI_03,ZONE_TRD_02,Daily_Aggregate,380.0,377.0,3.0,41.4,17,Completed,0.0,2026-01-03T22:00:00Z
2026-01-03,MINE_TIRODI_03,ZONE_TRD_03,Daily_Aggregate,200.0,163.4,36.6,40.4,7,Delayed_Misfire,2.9,2026-01-03T22:00:00Z
2026-01-03,MINE_DONGRI_04,ZONE_DGB_01,Daily_Aggregate,480.0,495.0,0.0,42.3,22,Completed,0.0,2026-01-03T22:00:00Z
2026-01-03,MINE_DONGRI_04,ZONE_DGB_02,Daily_Aggregate,510.0,520.6,0.0,43.3,24,Completed,0.0,2026-01-03T22:00:00Z
2026-01-03,MINE_DONGRI_04,ZONE_DGB_03,Daily_Aggregate,240.0,245.4,0.0,39.9,11,Completed,0.0,2026-01-03T22:00:00Z
2026-01-03,MINE_DONGRI_04,ZONE_DGB_04,Daily_Aggregate,60.0,62.7,0.0,39.8,3,Completed,0.0,2026-01-03T22:00:00Z
2026-01-03,MINE_KANDRI_05,ZONE_KND_01,Daily_Aggregate,290.0,280.3,9.7,39.8,13,Completed,0.0,2026-01-03T22:00:00Z
2026-01-03,MINE_KANDRI_05,ZONE_KND_02,Daily_Aggregate,240.0,231.9,8.1,41.7,11,Completed,0.0,2026-01-03T22:00:00Z
2026-01-03,MINE_KANDRI_05,ZONE_KND_03,Daily_Aggregate,150.0,150.3,0.0,42.9,7,Completed,0.0,2026-01-03T22:00:00Z
2026-01-03,MINE_MANSAR_06,ZONE_MSR_01,Daily_Aggregate,280.0,292.3,0.0,40.6,13,Completed,0.0,2026-01-03T22:00:00Z
2026-01-03,MINE_MANSAR_06,ZONE_MSR_02,Daily_Aggregate,230.0,223.5,6.5,42.0,10,Completed,0.0,2026-01-03T22:00:00Z
2026-01-03,MINE_MANSAR_06,ZONE_MSR_03,Daily_Aggregate,160.0,154.3,5.7,42.4,7,Completed,0.0,2026-01-03T22:00:00Z
2026-01-03,MINE_CHIKLA_07,ZONE_CHK_01,Daily_Aggregate,310.0,246.9,63.1,40.9,11,Postponed_Rain,2.1,2026-01-03T22:00:00Z
2026-01-03,MINE_CHIKLA_07,ZONE_CHK_02,Daily_Aggregate,270.0,203.0,67.0,43.0,9,Completed,0.7,2026-01-03T22:00:00Z
2026-01-03,MINE_CHIKLA_07,ZONE_CHK_03,Daily_Aggregate,170.0,164.4,5.6,40.7,7,Completed,0.0,2026-01-03T22:00:00Z
2026-01-03,MINE_UKWA_08,ZONE_UKW_01,Daily_Aggregate,330.0,333.0,0.0,39.8,15,Completed,0.0,2026-01-03T22:00:00Z
2026-01-03,MINE_UKWA_08,ZONE_UKW_02,Daily_Aggregate,290.0,207.6,82.4,39.1,9,Postponed_Rain,2.9,2026-01-03T22:00:00Z
2026-01-03,MINE_UKWA_08,ZONE_UKW_03,Daily_Aggregate,190.0,141.8,48.2,37.9,6,Postponed_Rain,2.7,2026-01-03T22:00:00Z
2026-01-04,MINE_GUMGAON_02,ZONE_GMG_01,Daily_Aggregate,220.0,153.6,66.4,40.1,7,Completed,0.0,2026-01-04T22:00:00Z
2026-01-04,MINE_GUMGAON_02,ZONE_GMG_02,Daily_Aggregate,260.0,272.1,0.0,42.5,12,Completed,0.0,2026-01-04T22:00:00Z
2026-01-04,MINE_GUMGAON_02,ZONE_GMG_03,Daily_Aggregate,180.0,188.2,0.0,40.4,9,Completed,0.0,2026-01-04T22:00:00Z
2026-01-04,MINE_TIRODI_03,ZONE_TRD_01,Daily_Aggregate,340.0,329.7,10.3,40.7,15,Completed,0.0,2026-01-04T22:00:00Z
2026-01-04,MINE_TIRODI_03,ZONE_TRD_02,Daily_Aggregate,380.0,294.0,86.0,37.9,13,Postponed_Rain,3.4,2026-01-04T22:00:00Z
2026-01-04,MINE_TIRODI_03,ZONE_TRD_03,Daily_Aggregate,200.0,198.9,1.1,42.2,9,Completed,0.0,2026-01-04T22:00:00Z
2026-01-04,MINE_DONGRI_04,ZONE_DGB_01,Daily_Aggregate,480.0,493.8,0.0,39.4,22,Completed,0.0,2026-01-04T22:00:00Z
2026-01-04,MINE_DONGRI_04,ZONE_DGB_02,Daily_Aggregate,510.0,389.1,120.9,39.2,18,Completed,0.0,2026-01-04T22:00:00Z
2026-01-04,MINE_DONGRI_04,ZONE_DGB_03,Daily_Aggregate,240.0,243.3,0.0,40.3,11,Completed,0.0,2026-01-04T22:00:00Z
2026-01-04,MINE_DONGRI_04,ZONE_DGB_04,Daily_Aggregate,60.0,59.2,0.8,40.7,3,Completed,0.0,2026-01-04T22:00:00Z
2026-01-04,MINE_KANDRI_05,ZONE_KND_01,Daily_Aggregate,290.0,304.2,0.0,40.7,14,Completed,0.0,2026-01-04T22:00:00Z
2026-01-04,MINE_KANDRI_05,ZONE_KND_02,Daily_Aggregate,240.0,139.1,100.9,41.5,6,Completed,0.2,2026-01-04T22:00:00Z
2026-01-04,MINE_KANDRI_05,ZONE_KND_03,Daily_Aggregate,150.0,142.6,7.4,39.0,6,Completed,0.0,2026-01-04T22:00:00Z
2026-01-04,MINE_MANSAR_06,ZONE_MSR_01,Daily_Aggregate,280.0,290.9,0.0,41.8,13,Completed,0.0,2026-01-04T22:00:00Z
2026-01-04,MINE_MANSAR_06,ZONE_MSR_02,Daily_Aggregate,230.0,225.5,4.5,43.1,10,Completed,0.0,2026-01-04T22:00:00Z
2026-01-04,MINE_MANSAR_06,ZONE_MSR_03,Daily_Aggregate,160.0,159.3,0.7,41.3,7,Completed,0.0,2026-01-04T22:00:00Z
2026-01-04,MINE_CHIKLA_07,ZONE_CHK_01,Daily_Aggregate,310.0,305.4,4.6,42.7,14,Completed,0.0,2026-01-04T22:00:00Z
2026-01-04,MINE_CHIKLA_07,ZONE_CHK_02,Daily_Aggregate,270.0,271.3,0.0,42.7,12,Completed,0.0,2026-01-04T22:00:00Z
2026-01-04,MINE_CHIKLA_07,ZONE_CHK_03,Daily_Aggregate,170.0,128.7,41.3,40.2,6,Delayed_Misfire,2.7,2026-01-04T22:00:00Z
2026-01-04,MINE_UKWA_08,ZONE_UKW_01,Daily_Aggregate,330.0,246.6,83.4,37.6,11,Postponed_Rain,2.8,2026-01-04T22:00:00Z
2026-01-04,MINE_UKWA_08,ZONE_UKW_02,Daily_Aggregate,290.0,217.2,72.8,41.7,10,Completed,0.7,2026-01-04T22:00:00Z
2026-01-04,MINE_UKWA_08,ZONE_UKW_03,Daily_Aggregate,190.0,183.0,7.0,42.4,8,Completed,0.0,2026-01-04T22:00:00Z
2026-01-05,MINE_GUMGAON_02,ZONE_GMG_01,Daily_Aggregate,220.0,166.8,53.2,40.6,8,Postponed_Rain,2.9,2026-01-05T22:00:00Z
2026-01-05,MINE_GUMGAON_02,ZONE_GMG_02,Daily_Aggregate,260.0,249.9,10.1,42.3,11,Completed,0.0,2026-01-05T22:00:00Z
2026-01-05,MINE_GUMGAON_02,ZONE_GMG_03,Daily_Aggregate,180.0,135.2,44.8,40.1,6,Completed,0.4,2026-01-05T22:00:00Z
2026-01-05,MINE_TIRODI_03,ZONE_TRD_01,Daily_Aggregate,340.0,356.3,0.0,39.7,16,Completed,0.0,2026-01-05T22:00:00Z
2026-01-05,MINE_TIRODI_03,ZONE_TRD_02,Daily_Aggregate,380.0,377.9,2.1,43.5,17,Completed,0.0,2026-01-05T22:00:00Z
2026-01-05,MINE_TIRODI_03,ZONE_TRD_03,Daily_Aggregate,200.0,205.7,0.0,43.7,9,Completed,0.0,2026-01-05T22:00:00Z
2026-01-05,MINE_DONGRI_04,ZONE_DGB_01,Daily_Aggregate,480.0,389.5,90.5,39.3,18,Postponed_Rain,3.0,2026-01-05T22:00:00Z
2026-01-05,MINE_DONGRI_04,ZONE_DGB_02,Daily_Aggregate,510.0,486.3,23.7,40.0,22,Completed,0.0,2026-01-05T22:00:00Z
2026-01-05,MINE_DONGRI_04,ZONE_DGB_03,Daily_Aggregate,240.0,163.0,77.0,40.1,7,Postponed_Rain,2.1,2026-01-05T22:00:00Z
2026-01-05,MINE_DONGRI_04,ZONE_DGB_04,Daily_Aggregate,60.0,49.0,11.0,38.7,2,Postponed_Rain,1.8,2026-01-05T22:00:00Z
2026-01-05,MINE_KANDRI_05,ZONE_KND_01,Daily_Aggregate,290.0,296.6,0.0,40.1,13,Completed,0.0,2026-01-05T22:00:00Z
2026-01-05,MINE_KANDRI_05,ZONE_KND_02,Daily_Aggregate,240.0,126.4,113.6,35.9,6,Suspended_Pit_Inundation,3.7,2026-01-05T22:00:00Z
2026-01-05,MINE_KANDRI_05,ZONE_KND_03,Daily_Aggregate,150.0,106.5,43.5,42.2,5,Completed,0.9,2026-01-05T22:00:00Z
2026-01-05,MINE_MANSAR_06,ZONE_MSR_01,Daily_Aggregate,280.0,312.3,0.0,41.3,14,Completed,0.0,2026-01-05T22:00:00Z
2026-01-05,MINE_MANSAR_06,ZONE_MSR_02,Daily_Aggregate,230.0,237.9,0.0,40.3,11,Completed,0.0,2026-01-05T22:00:00Z
2026-01-05,MINE_MANSAR_06,ZONE_MSR_03,Daily_Aggregate,160.0,105.2,54.8,39.7,5,Postponed_Rain,1.6,2026-01-05T22:00:00Z
2026-01-05,MINE_CHIKLA_07,ZONE_CHK_01,Daily_Aggregate,310.0,241.8,68.2,38.1,11,Delayed_Misfire,3.3,2026-01-05T22:00:00Z
2026-01-05,MINE_CHIKLA_07,ZONE_CHK_02,Daily_Aggregate,270.0,218.9,51.1,41.9,10,Delayed_Misfire,2.5,2026-01-05T22:00:00Z
2026-01-05,MINE_CHIKLA_07,ZONE_CHK_03,Daily_Aggregate,170.0,178.3,0.0,39.8,8,Completed,0.0,2026-01-05T22:00:00Z
2026-01-05,MINE_UKWA_08,ZONE_UKW_01,Daily_Aggregate,330.0,337.8,0.0,42.9,15,Completed,0.0,2026-01-05T22:00:00Z
2026-01-05,MINE_UKWA_08,ZONE_UKW_02,Daily_Aggregate,290.0,288.4,1.6,41.2,13,Completed,0.0,2026-01-05T22:00:00Z
2026-01-05,MINE_UKWA_08,ZONE_UKW_03,Daily_Aggregate,190.0,188.8,1.2,42.3,9,Completed,0.0,2026-01-05T22:00:00Z
2026-01-06,MINE_GUMGAON_02,ZONE_GMG_01,Daily_Aggregate,220.0,215.4,4.6,39.8,10,Completed,0.0,2026-01-06T22:00:00Z
2026-01-06,MINE_GUMGAON_02,ZONE_GMG_02,Daily_Aggregate,260.0,271.3,0.0,40.2,12,Completed,0.0,2026-01-06T22:00:00Z
2026-01-06,MINE_GUMGAON_02,ZONE_GMG_03,Daily_Aggregate,180.0,182.9,0.0,39.1,8,Completed,0.0,2026-01-06T22:00:00Z
2026-01-06,MINE_TIRODI_03,ZONE_TRD_01,Daily_Aggregate,340.0,348.0,0.0,42.7,16,Completed,0.0,2026-01-06T22:00:00Z
2026-01-06,MINE_TIRODI_03,ZONE_TRD_02,Daily_Aggregate,380.0,365.1,14.9,40.5,17,Completed,0.0,2026-01-06T22:00:00Z
2026-01-06,MINE_TIRODI_03,ZONE_TRD_03,Daily_Aggregate,200.0,123.3,76.7,39.9,6,Completed,0.8,2026-01-06T22:00:00Z
2026-01-06,MINE_DONGRI_04,ZONE_DGB_01,Daily_Aggregate,480.0,470.3,9.7,39.6,21,Completed,0.0,2026-01-06T22:00:00Z
2026-01-06,MINE_DONGRI_04,ZONE_DGB_02,Daily_Aggregate,510.0,510.5,0.0,40.5,23,Completed,0.0,2026-01-06T22:00:00Z
2026-01-06,MINE_DONGRI_04,ZONE_DGB_03,Daily_Aggregate,240.0,228.5,11.5,40.4,10,Completed,0.0,2026-01-06T22:00:00Z
2026-01-06,MINE_DONGRI_04,ZONE_DGB_04,Daily_Aggregate,60.0,62.0,0.0,42.3,3,Completed,0.0,2026-01-06T22:00:00Z
2026-01-06,MINE_KANDRI_05,ZONE_KND_01,Daily_Aggregate,290.0,191.5,98.5,37.8,9,Postponed_Rain,1.8,2026-01-06T22:00:00Z
2026-01-06,MINE_KANDRI_05,ZONE_KND_02,Daily_Aggregate,240.0,248.2,0.0,40.5,11,Completed,0.0,2026-01-06T22:00:00Z
2026-01-06,MINE_KANDRI_05,ZONE_KND_03,Daily_Aggregate,150.0,157.5,0.0,40.4,7,Completed,0.0,2026-01-06T22:00:00Z
2026-01-06,MINE_MANSAR_06,ZONE_MSR_01,Daily_Aggregate,280.0,266.5,13.5,43.8,12,Completed,0.0,2026-01-06T22:00:00Z
2026-01-06,MINE_MANSAR_06,ZONE_MSR_02,Daily_Aggregate,230.0,238.9,0.0,39.4,11,Completed,0.0,2026-01-06T22:00:00Z
2026-01-06,MINE_MANSAR_06,ZONE_MSR_03,Daily_Aggregate,160.0,159.3,0.7,42.4,7,Completed,0.0,2026-01-06T22:00:00Z
2026-01-06,MINE_CHIKLA_07,ZONE_CHK_01,Daily_Aggregate,310.0,324.5,0.0,39.4,15,Completed,0.0,2026-01-06T22:00:00Z
2026-01-06,MINE_CHIKLA_07,ZONE_CHK_02,Daily_Aggregate,270.0,192.5,77.5,37.4,9,Postponed_Rain,1.5,2026-01-06T22:00:00Z
2026-01-06,MINE_CHIKLA_07,ZONE_CHK_03,Daily_Aggregate,170.0,170.2,0.0,41.7,8,Completed,0.0,2026-01-06T22:00:00Z
2026-01-06,MINE_UKWA_08,ZONE_UKW_01,Daily_Aggregate,330.0,327.2,2.8,42.9,15,Completed,0.0,2026-01-06T22:00:00Z
2026-01-06,MINE_UKWA_08,ZONE_UKW_02,Daily_Aggregate,290.0,299.0,0.0,42.2,14,Completed,0.0,2026-01-06T22:00:00Z
2026-01-06,MINE_UKWA_08,ZONE_UKW_03,Daily_Aggregate,190.0,185.5,4.5,40.1,8,Completed,0.0,2026-01-06T22:00:00Z
2026-01-07,MINE_GUMGAON_02,ZONE_GMG_01,Daily_Aggregate,220.0,165.0,55.0,39.4,8,Delayed_Misfire,2.0,2026-01-07T22:00:00Z
2026-01-07,MINE_GUMGAON_02,ZONE_GMG_02,Daily_Aggregate,260.0,250.4,9.6,41.3,11,Completed,0.0,2026-01-07T22:00:00Z
2026-01-07,MINE_GUMGAON_02,ZONE_GMG_03,Daily_Aggregate,180.0,173.8,6.2,40.7,8,Completed,0.0,2026-01-07T22:00:00Z
2026-01-07,MINE_TIRODI_03,ZONE_TRD_01,Daily_Aggregate,340.0,336.2,3.8,39.5,15,Completed,0.0,2026-01-07T22:00:00Z
2026-01-07,MINE_TIRODI_03,ZONE_TRD_02,Daily_Aggregate,380.0,365.5,14.5,43.5,17,Completed,0.0,2026-01-07T22:00:00Z
2026-01-07,MINE_TIRODI_03,ZONE_TRD_03,Daily_Aggregate,200.0,207.3,0.0,41.4,9,Completed,0.0,2026-01-07T22:00:00Z
2026-01-07,MINE_DONGRI_04,ZONE_DGB_01,Daily_Aggregate,480.0,466.0,14.0,40.8,21,Completed,0.0,2026-01-07T22:00:00Z
2026-01-07,MINE_DONGRI_04,ZONE_DGB_02,Daily_Aggregate,510.0,490.2,19.8,41.0,22,Completed,0.0,2026-01-07T22:00:00Z
2026-01-07,MINE_DONGRI_04,ZONE_DGB_03,Daily_Aggregate,240.0,238.1,1.9,40.6,11,Completed,0.0,2026-01-07T22:00:00Z
2026-01-07,MINE_DONGRI_04,ZONE_DGB_04,Daily_Aggregate,60.0,62.7,0.0,43.4,3,Completed,0.0,2026-01-07T22:00:00Z
2026-01-07,MINE_KANDRI_05,ZONE_KND_01,Daily_Aggregate,290.0,284.7,5.3,40.1,13,Completed,0.0,2026-01-07T22:00:00Z
2026-01-07,MINE_KANDRI_05,ZONE_KND_02,Daily_Aggregate,240.0,134.0,106.0,42.5,6,Completed,0.2,2026-01-07T22:00:00Z
2026-01-07,MINE_KANDRI_05,ZONE_KND_03,Daily_Aggregate,150.0,142.6,7.4,39.7,6,Completed,0.0,2026-01-07T22:00:00Z
2026-01-07,MINE_MANSAR_06,ZONE_MSR_01,Daily_Aggregate,280.0,281.3,0.0,43.9,13,Completed,0.0,2026-01-07T22:00:00Z
2026-01-07,MINE_MANSAR_06,ZONE_MSR_02,Daily_Aggregate,230.0,235.2,0.0,39.9,11,Completed,0.0,2026-01-07T22:00:00Z
2026-01-07,MINE_MANSAR_06,ZONE_MSR_03,Daily_Aggregate,160.0,125.2,34.8,41.2,6,Delayed_Misfire,2.9,2026-01-07T22:00:00Z
2026-01-07,MINE_CHIKLA_07,ZONE_CHK_01,Daily_Aggregate,310.0,307.8,2.2,42.0,14,Completed,0.0,2026-01-07T22:00:00Z
2026-01-07,MINE_CHIKLA_07,ZONE_CHK_02,Daily_Aggregate,270.0,282.0,0.0,43.1,13,Completed,0.0,2026-01-07T22:00:00Z
2026-01-07,MINE_CHIKLA_07,ZONE_CHK_03,Daily_Aggregate,170.0,163.2,6.8,39.1,7,Completed,0.0,2026-01-07T22:00:00Z
2026-01-07,MINE_UKWA_08,ZONE_UKW_01,Daily_Aggregate,330.0,267.4,62.6,39.0,12,Delayed_Misfire,3.2,2026-01-07T22:00:00Z
2026-01-07,MINE_UKWA_08,ZONE_UKW_02,Daily_Aggregate,290.0,300.8,0.0,43.9,14,Completed,0.0,2026-01-07T22:00:00Z
2026-01-07,MINE_UKWA_08,ZONE_UKW_03,Daily_Aggregate,190.0,153.1,36.9,38.2,7,Delayed_Misfire,2.5,2026-01-07T22:00:00Z
2026-01-08,MINE_GUMGAON_02,ZONE_GMG_01,Daily_Aggregate,220.0,165.9,54.1,37.7,8,Postponed_Rain,2.5,2026-01-08T22:00:00Z
2026-01-08,MINE_GUMGAON_02,ZONE_GMG_02,Daily_Aggregate,260.0,263.2,0.0,43.7,12,Completed,0.0,2026-01-08T22:00:00Z
2026-01-08,MINE_GUMGAON_02,ZONE_GMG_03,Daily_Aggregate,180.0,185.2,0.0,39.7,8,Completed,0.0,2026-01-08T22:00:00Z
2026-01-08,MINE_TIRODI_03,ZONE_TRD_01,Daily_Aggregate,340.0,349.9,0.0,39.9,16,Completed,0.0,2026-01-08T22:00:00Z
2026-01-08,MINE_TIRODI_03,ZONE_TRD_02,Daily_Aggregate,380.0,393.6,0.0,40.5,18,Completed,0.0,2026-01-08T22:00:00Z
2026-01-08,MINE_TIRODI_03,ZONE_TRD_03,Daily_Aggregate,200.0,204.2,0.0,43.3,9,Completed,0.0,2026-01-08T22:00:00Z
2026-01-08,MINE_DONGRI_04,ZONE_DGB_01,Daily_Aggregate,480.0,463.2,16.8,40.8,21,Completed,0.0,2026-01-08T22:00:00Z
2026-01-08,MINE_DONGRI_04,ZONE_DGB_02,Daily_Aggregate,510.0,499.7,10.3,40.7,23,Completed,0.0,2026-01-08T22:00:00Z
2026-01-08,MINE_DONGRI_04,ZONE_DGB_03,Daily_Aggregate,240.0,237.7,2.3,40.3,11,Completed,0.0,2026-01-08T22:00:00Z
2026-01-08,MINE_DONGRI_04,ZONE_DGB_04,Daily_Aggregate,60.0,58.5,1.5,43.7,3,Completed,0.0,2026-01-08T22:00:00Z
2026-01-08,MINE_KANDRI_05,ZONE_KND_01,Daily_Aggregate,290.0,292.8,0.0,41.0,13,Completed,0.0,2026-01-08T22:00:00Z
2026-01-08,MINE_KANDRI_05,ZONE_KND_02,Daily_Aggregate,240.0,234.7,5.3,39.3,11,Completed,0.0,2026-01-08T22:00:00Z
2026-01-08,MINE_KANDRI_05,ZONE_KND_03,Daily_Aggregate,150.0,147.5,2.5,43.8,7,Completed,0.0,2026-01-08T22:00:00Z
2026-01-08,MINE_MANSAR_06,ZONE_MSR_01,Daily_Aggregate,280.0,283.9,0.0,39.7,13,Completed,0.0,2026-01-08T22:00:00Z
2026-01-08,MINE_MANSAR_06,ZONE_MSR_02,Daily_Aggregate,230.0,134.4,95.6,38.1,6,Completed,0.3,2026-01-08T22:00:00Z
2026-01-08,MINE_MANSAR_06,ZONE_MSR_03,Daily_Aggregate,160.0,159.5,0.5,42.1,7,Completed,0.0,2026-01-08T22:00:00Z
2026-01-08,MINE_CHIKLA_07,ZONE_CHK_01,Daily_Aggregate,310.0,306.4,3.6,41.3,14,Completed,0.0,2026-01-08T22:00:00Z
2026-01-08,MINE_CHIKLA_07,ZONE_CHK_02,Daily_Aggregate,270.0,269.8,0.2,41.6,12,Completed,0.0,2026-01-08T22:00:00Z
2026-01-08,MINE_CHIKLA_07,ZONE_CHK_03,Daily_Aggregate,170.0,103.3,66.7,41.0,5,Completed,0.1,2026-01-08T22:00:00Z
2026-01-08,MINE_UKWA_08,ZONE_UKW_01,Daily_Aggregate,330.0,325.3,4.7,42.6,15,Completed,0.0,2026-01-08T22:00:00Z
2026-01-08,MINE_UKWA_08,ZONE_UKW_02,Daily_Aggregate,290.0,174.1,115.9,38.5,8,Completed,0.7,2026-01-08T22:00:00Z
2026-01-08,MINE_UKWA_08,ZONE_UKW_03,Daily_Aggregate,190.0,191.5,0.0,39.3,9,Completed,0.0,2026-01-08T22:00:00Z
2026-01-09,MINE_GUMGAON_02,ZONE_GMG_01,Daily_Aggregate,220.0,214.5,5.5,41.2,10,Completed,0.0,2026-01-09T22:00:00Z
2026-01-09,MINE_GUMGAON_02,ZONE_GMG_02,Daily_Aggregate,260.0,265.5,0.0,42.2,12,Completed,0.0,2026-01-09T22:00:00Z
2026-01-09,MINE_GUMGAON_02,ZONE_GMG_03,Daily_Aggregate,180.0,179.0,1.0,43.9,8,Completed,0.0,2026-01-09T22:00:00Z
2026-01-09,MINE_TIRODI_03,ZONE_TRD_01,Daily_Aggregate,340.0,350.6,0.0,40.6,16,Completed,0.0,2026-01-09T22:00:00Z
2026-01-09,MINE_TIRODI_03,ZONE_TRD_02,Daily_Aggregate,380.0,366.3,13.7,42.2,17,Completed,0.0,2026-01-09T22:00:00Z
2026-01-09,MINE_TIRODI_03,ZONE_TRD_03,Daily_Aggregate,200.0,112.7,87.3,42.6,5,Completed,0.7,2026-01-09T22:00:00Z
2026-01-09,MINE_DONGRI_04,ZONE_DGB_01,Daily_Aggregate,480.0,484.1,0.0,42.9,22,Completed,0.0,2026-01-09T22:00:00Z
2026-01-09,MINE_DONGRI_04,ZONE_DGB_02,Daily_Aggregate,510.0,290.8,219.2,36.1,13,Suspended_Pit_Inundation,3.0,2026-01-09T22:00:00Z
2026-01-09,MINE_DONGRI_04,ZONE_DGB_03,Daily_Aggregate,240.0,243.0,0.0,42.7,11,Completed,0.0,2026-01-09T22:00:00Z
2026-01-09,MINE_DONGRI_04,ZONE_DGB_04,Daily_Aggregate,60.0,60.9,0.0,43.7,3,Completed,0.0,2026-01-09T22:00:00Z
2026-01-09,MINE_KANDRI_05,ZONE_KND_01,Daily_Aggregate,290.0,301.5,0.0,40.1,14,Completed,0.0,2026-01-09T22:00:00Z
2026-01-09,MINE_KANDRI_05,ZONE_KND_02,Daily_Aggregate,240.0,246.6,0.0,41.1,11,Completed,0.0,2026-01-09T22:00:00Z
2026-01-09,MINE_KANDRI_05,ZONE_KND_03,Daily_Aggregate,150.0,89.6,60.4,41.0,4,Completed,0.8,2026-01-09T22:00:00Z
2026-01-09,MINE_MANSAR_06,ZONE_MSR_01,Daily_Aggregate,280.0,114.5,165.5,36.6,5,Suspended_Pit_Inundation,4.0,2026-01-09T22:00:00Z
2026-01-09,MINE_MANSAR_06,ZONE_MSR_02,Daily_Aggregate,230.0,265.1,0.0,44.2,12,Completed,0.0,2026-01-09T22:00:00Z
2026-01-09,MINE_MANSAR_06,ZONE_MSR_03,Daily_Aggregate,160.0,152.3,7.7,42.2,7,Completed,0.0,2026-01-09T22:00:00Z
2026-01-09,MINE_CHIKLA_07,ZONE_CHK_01,Daily_Aggregate,310.0,305.0,5.0,43.6,14,Completed,0.0,2026-01-09T22:00:00Z
2026-01-09,MINE_CHIKLA_07,ZONE_CHK_02,Daily_Aggregate,270.0,257.9,12.1,40.1,12,Completed,0.0,2026-01-09T22:00:00Z
2026-01-09,MINE_CHIKLA_07,ZONE_CHK_03,Daily_Aggregate,170.0,172.1,0.0,40.8,8,Completed,0.0,2026-01-09T22:00:00Z
2026-01-09,MINE_UKWA_08,ZONE_UKW_01,Daily_Aggregate,330.0,333.0,0.0,41.5,15,Completed,0.0,2026-01-09T22:00:00Z
2026-01-09,MINE_UKWA_08,ZONE_UKW_02,Daily_Aggregate,290.0,304.0,0.0,43.8,14,Completed,0.0,2026-01-09T22:00:00Z
2026-01-09,MINE_UKWA_08,ZONE_UKW_03,Daily_Aggregate,190.0,145.1,44.9,38.4,7,Completed,0.3,2026-01-09T22:00:00Z
2026-01-10,MINE_GUMGAON_02,ZONE_GMG_01,Daily_Aggregate,220.0,215.3,4.7,39.3,10,Completed,0.0,2026-01-10T22:00:00Z
2026-01-10,MINE_GUMGAON_02,ZONE_GMG_02,Daily_Aggregate,260.0,252.5,7.5,39.3,11,Completed,0.0,2026-01-10T22:00:00Z
2026-01-10,MINE_GUMGAON_02,ZONE_GMG_03,Daily_Aggregate,180.0,171.2,8.8,39.9,8,Completed,0.0,2026-01-10T22:00:00Z
2026-01-10,MINE_TIRODI_03,ZONE_TRD_01,Daily_Aggregate,340.0,355.4,0.0,42.1,16,Completed,0.0,2026-01-10T22:00:00Z
2026-01-10,MINE_TIRODI_03,ZONE_TRD_02,Daily_Aggregate,380.0,376.2,3.8,41.9,17,Completed,0.0,2026-01-10T22:00:00Z
2026-01-10,MINE_TIRODI_03,ZONE_TRD_03,Daily_Aggregate,200.0,147.2,52.8,40.6,7,Postponed_Rain,3.0,2026-01-10T22:00:00Z
2026-01-10,MINE_DONGRI_04,ZONE_DGB_01,Daily_Aggregate,480.0,481.8,0.0,41.1,22,Completed,0.0,2026-01-10T22:00:00Z
2026-01-10,MINE_DONGRI_04,ZONE_DGB_02,Daily_Aggregate,510.0,515.6,0.0,40.2,23,Completed,0.0,2026-01-10T22:00:00Z
2026-01-10,MINE_DONGRI_04,ZONE_DGB_03,Daily_Aggregate,240.0,137.2,102.8,40.8,6,Completed,0.4,2026-01-10T22:00:00Z
2026-01-10,MINE_DONGRI_04,ZONE_DGB_04,Daily_Aggregate,60.0,42.8,17.2,39.9,2,Delayed_Misfire,2.2,2026-01-10T22:00:00Z
2026-01-10,MINE_KANDRI_05,ZONE_KND_01,Daily_Aggregate,290.0,286.3,3.7,43.8,13,Completed,0.0,2026-01-10T22:00:00Z
2026-01-10,MINE_KANDRI_05,ZONE_KND_02,Daily_Aggregate,240.0,291.4,0.0,42.1,13,Completed,0.0,2026-01-10T22:00:00Z
2026-01-10,MINE_KANDRI_05,ZONE_KND_03,Daily_Aggregate,150.0,106.1,43.9,40.0,5,Postponed_Rain,3.2,2026-01-10T22:00:00Z
2026-01-10,MINE_MANSAR_06,ZONE_MSR_01,Daily_Aggregate,280.0,288.9,0.0,40.8,13,Completed,0.0,2026-01-10T22:00:00Z
2026-01-10,MINE_MANSAR_06,ZONE_MSR_02,Daily_Aggregate,230.0,190.7,39.3,40.5,9,Delayed_Misfire,3.8,2026-01-10T22:00:00Z
2026-01-10,MINE_MANSAR_06,ZONE_MSR_03,Daily_Aggregate,160.0,160.6,0.0,43.1,7,Completed,0.0,2026-01-10T22:00:00Z
2026-01-10,MINE_CHIKLA_07,ZONE_CHK_01,Daily_Aggregate,310.0,322.6,0.0,43.7,15,Completed,0.0,2026-01-10T22:00:00Z
2026-01-10,MINE_CHIKLA_07,ZONE_CHK_02,Daily_Aggregate,270.0,268.0,2.0,40.5,12,Completed,0.0,2026-01-10T22:00:00Z
2026-01-10,MINE_CHIKLA_07,ZONE_CHK_03,Daily_Aggregate,170.0,176.0,0.0,43.4,8,Completed,0.0,2026-01-10T22:00:00Z
2026-01-10,MINE_UKWA_08,ZONE_UKW_01,Daily_Aggregate,330.0,325.6,4.4,40.0,15,Completed,0.0,2026-01-10T22:00:00Z
2026-01-10,MINE_UKWA_08,ZONE_UKW_02,Daily_Aggregate,290.0,235.0,55.0,38.0,11,Postponed_Rain,3.3,2026-01-10T22:00:00Z
2026-01-10,MINE_UKWA_08,ZONE_UKW_03,Daily_Aggregate,190.0,199.1,0.0,41.5,9,Completed,0.0,2026-01-10T22:00:00Z
2026-01-11,MINE_GUMGAON_02,ZONE_GMG_01,Daily_Aggregate,220.0,229.5,0.0,41.5,10,Completed,0.0,2026-01-11T22:00:00Z
2026-01-11,MINE_GUMGAON_02,ZONE_GMG_02,Daily_Aggregate,260.0,251.4,8.6,41.3,11,Completed,0.0,2026-01-11T22:00:00Z
2026-01-11,MINE_GUMGAON_02,ZONE_GMG_03,Daily_Aggregate,180.0,185.9,0.0,39.1,8,Completed,0.0,2026-01-11T22:00:00Z
2026-01-11,MINE_TIRODI_03,ZONE_TRD_01,Daily_Aggregate,340.0,326.0,14.0,39.0,15,Completed,0.0,2026-01-11T22:00:00Z
2026-01-11,MINE_TIRODI_03,ZONE_TRD_02,Daily_Aggregate,380.0,385.1,0.0,43.0,18,Completed,0.0,2026-01-11T22:00:00Z
2026-01-11,MINE_TIRODI_03,ZONE_TRD_03,Daily_Aggregate,200.0,193.0,7.0,40.2,9,Completed,0.0,2026-01-11T22:00:00Z
2026-01-11,MINE_DONGRI_04,ZONE_DGB_01,Daily_Aggregate,480.0,353.7,126.3,41.0,16,Completed,0.4,2026-01-11T22:00:00Z
2026-01-11,MINE_DONGRI_04,ZONE_DGB_02,Daily_Aggregate,510.0,513.9,0.0,40.7,23,Completed,0.0,2026-01-11T22:00:00Z
2026-01-11,MINE_DONGRI_04,ZONE_DGB_03,Daily_Aggregate,240.0,240.8,0.0,43.0,11,Completed,0.0,2026-01-11T22:00:00Z
2026-01-11,MINE_DONGRI_04,ZONE_DGB_04,Daily_Aggregate,60.0,59.4,0.6,39.4,3,Completed,0.0,2026-01-11T22:00:00Z
2026-01-11,MINE_KANDRI_05,ZONE_KND_01,Daily_Aggregate,290.0,301.0,0.0,40.3,14,Completed,0.0,2026-01-11T22:00:00Z
2026-01-11,MINE_KANDRI_05,ZONE_KND_02,Daily_Aggregate,240.0,242.4,0.0,40.4,11,Completed,0.0,2026-01-11T22:00:00Z
2026-01-11,MINE_KANDRI_05,ZONE_KND_03,Daily_Aggregate,150.0,104.9,45.1,40.6,5,Postponed_Rain,2.8,2026-01-11T22:00:00Z
2026-01-11,MINE_MANSAR_06,ZONE_MSR_01,Daily_Aggregate,280.0,268.1,11.9,43.8,12,Completed,0.0,2026-01-11T22:00:00Z
2026-01-11,MINE_MANSAR_06,ZONE_MSR_02,Daily_Aggregate,230.0,234.4,0.0,43.9,11,Completed,0.0,2026-01-11T22:00:00Z
2026-01-11,MINE_MANSAR_06,ZONE_MSR_03,Daily_Aggregate,160.0,166.1,0.0,39.7,8,Completed,0.0,2026-01-11T22:00:00Z
2026-01-11,MINE_CHIKLA_07,ZONE_CHK_01,Daily_Aggregate,310.0,305.1,4.9,42.9,14,Completed,0.0,2026-01-11T22:00:00Z
2026-01-11,MINE_CHIKLA_07,ZONE_CHK_02,Daily_Aggregate,270.0,218.9,51.1,38.5,10,Postponed_Rain,1.8,2026-01-11T22:00:00Z
2026-01-11,MINE_CHIKLA_07,ZONE_CHK_03,Daily_Aggregate,170.0,164.6,5.4,42.2,7,Completed,0.0,2026-01-11T22:00:00Z
2026-01-11,MINE_UKWA_08,ZONE_UKW_01,Daily_Aggregate,330.0,212.8,117.2,40.9,10,Completed,0.7,2026-01-11T22:00:00Z
2026-01-11,MINE_UKWA_08,ZONE_UKW_02,Daily_Aggregate,290.0,206.7,83.3,39.9,9,Completed,0.6,2026-01-11T22:00:00Z
2026-01-11,MINE_UKWA_08,ZONE_UKW_03,Daily_Aggregate,190.0,188.1,1.9,40.3,9,Completed,0.0,2026-01-11T22:00:00Z
2026-01-12,MINE_GUMGAON_02,ZONE_GMG_01,Daily_Aggregate,220.0,113.3,106.7,35.8,5,Suspended_Pit_Inundation,3.5,2026-01-12T22:00:00Z
2026-01-12,MINE_GUMGAON_02,ZONE_GMG_02,Daily_Aggregate,260.0,272.5,0.0,40.8,12,Completed,0.0,2026-01-12T22:00:00Z
2026-01-12,MINE_GUMGAON_02,ZONE_GMG_03,Daily_Aggregate,180.0,138.9,41.1,38.9,6,Completed,0.5,2026-01-12T22:00:00Z
2026-01-12,MINE_TIRODI_03,ZONE_TRD_01,Daily_Aggregate,340.0,341.9,0.0,41.1,16,Completed,0.0,2026-01-12T22:00:00Z
2026-01-12,MINE_TIRODI_03,ZONE_TRD_02,Daily_Aggregate,380.0,266.6,113.4,39.9,12,Postponed_Rain,2.0,2026-01-12T22:00:00Z
2026-01-12,MINE_TIRODI_03,ZONE_TRD_03,Daily_Aggregate,200.0,140.8,59.2,42.5,6,Completed,0.8,2026-01-12T22:00:00Z
2026-01-12,MINE_DONGRI_04,ZONE_DGB_01,Daily_Aggregate,480.0,486.9,0.0,39.2,22,Completed,0.0,2026-01-12T22:00:00Z
2026-01-12,MINE_DONGRI_04,ZONE_DGB_02,Daily_Aggregate,510.0,210.3,299.7,36.4,10,Suspended_Pit_Inundation,3.8,2026-01-12T22:00:00Z
2026-01-12,MINE_DONGRI_04,ZONE_DGB_03,Daily_Aggregate,240.0,175.1,64.9,38.6,8,Postponed_Rain,2.1,2026-01-12T22:00:00Z
2026-01-12,MINE_DONGRI_04,ZONE_DGB_04,Daily_Aggregate,60.0,60.2,0.0,40.1,3,Completed,0.0,2026-01-12T22:00:00Z
2026-01-12,MINE_KANDRI_05,ZONE_KND_01,Daily_Aggregate,290.0,296.1,0.0,39.1,13,Completed,0.0,2026-01-12T22:00:00Z
2026-01-12,MINE_KANDRI_05,ZONE_KND_02,Daily_Aggregate,240.0,250.4,0.0,39.8,11,Completed,0.0,2026-01-12T22:00:00Z
2026-01-12,MINE_KANDRI_05,ZONE_KND_03,Daily_Aggregate,150.0,156.6,0.0,40.7,7,Completed,0.0,2026-01-12T22:00:00Z
2026-01-12,MINE_MANSAR_06,ZONE_MSR_01,Daily_Aggregate,280.0,173.0,107.0,41.3,8,Completed,0.7,2026-01-12T22:00:00Z
2026-01-12,MINE_MANSAR_06,ZONE_MSR_02,Daily_Aggregate,230.0,236.7,0.0,43.5,11,Completed,0.0,2026-01-12T22:00:00Z
2026-01-12,MINE_MANSAR_06,ZONE_MSR_03,Daily_Aggregate,160.0,164.1,0.0,41.1,7,Completed,0.0,2026-01-12T22:00:00Z
2026-01-12,MINE_CHIKLA_07,ZONE_CHK_01,Daily_Aggregate,310.0,294.6,15.4,41.6,13,Completed,0.0,2026-01-12T22:00:00Z
2026-01-12,MINE_CHIKLA_07,ZONE_CHK_02,Daily_Aggregate,270.0,257.7,12.3,39.1,12,Completed,0.0,2026-01-12T22:00:00Z
2026-01-12,MINE_CHIKLA_07,ZONE_CHK_03,Daily_Aggregate,170.0,129.9,40.1,41.5,6,Delayed_Misfire,2.6,2026-01-12T22:00:00Z
2026-01-12,MINE_UKWA_08,ZONE_UKW_01,Daily_Aggregate,330.0,335.9,0.0,42.5,15,Completed,0.0,2026-01-12T22:00:00Z
2026-01-12,MINE_UKWA_08,ZONE_UKW_02,Daily_Aggregate,290.0,286.2,3.8,41.1,13,Completed,0.0,2026-01-12T22:00:00Z
2026-01-12,MINE_UKWA_08,ZONE_UKW_03,Daily_Aggregate,190.0,194.9,0.0,40.1,9,Completed,0.0,2026-01-12T22:00:00Z
2026-01-13,MINE_GUMGAON_02,ZONE_GMG_01,Daily_Aggregate,220.0,152.4,67.6,37.2,7,Postponed_Rain,2.8,2026-01-13T22:00:00Z
2026-01-13,MINE_GUMGAON_02,ZONE_GMG_02,Daily_Aggregate,260.0,265.8,0.0,42.1,12,Completed,0.0,2026-01-13T22:00:00Z
2026-01-13,MINE_GUMGAON_02,ZONE_GMG_03,Daily_Aggregate,180.0,175.2,4.8,41.9,8,Completed,0.0,2026-01-13T22:00:00Z
2026-01-13,MINE_TIRODI_03,ZONE_TRD_01,Daily_Aggregate,340.0,340.9,0.0,43.5,15,Completed,0.0,2026-01-13T22:00:00Z
2026-01-13,MINE_TIRODI_03,ZONE_TRD_02,Daily_Aggregate,380.0,375.3,4.7,43.7,17,Completed,0.0,2026-01-13T22:00:00Z
2026-01-13,MINE_TIRODI_03,ZONE_TRD_03,Daily_Aggregate,200.0,205.1,0.0,41.6,9,Completed,0.0,2026-01-13T22:00:00Z
2026-01-13,MINE_DONGRI_04,ZONE_DGB_01,Daily_Aggregate,480.0,542.4,0.0,43.1,25,Completed,0.0,2026-01-13T22:00:00Z
2026-01-13,MINE_DONGRI_04,ZONE_DGB_02,Daily_Aggregate,510.0,562.7,0.0,43.8,26,Completed,0.0,2026-01-13T22:00:00Z
2026-01-13,MINE_DONGRI_04,ZONE_DGB_03,Daily_Aggregate,240.0,196.3,43.7,39.2,9,Postponed_Rain,1.9,2026-01-13T22:00:00Z
2026-01-13,MINE_DONGRI_04,ZONE_DGB_04,Daily_Aggregate,60.0,44.9,15.1,42.7,2,Completed,0.3,2026-01-13T22:00:00Z
2026-01-13,MINE_KANDRI_05,ZONE_KND_01,Daily_Aggregate,290.0,276.0,14.0,43.5,13,Completed,0.0,2026-01-13T22:00:00Z
2026-01-13,MINE_KANDRI_05,ZONE_KND_02,Daily_Aggregate,240.0,160.3,79.7,38.2,7,Postponed_Rain,1.6,2026-01-13T22:00:00Z
2026-01-13,MINE_KANDRI_05,ZONE_KND_03,Daily_Aggregate,150.0,149.9,0.1,41.1,7,Completed,0.0,2026-01-13T22:00:00Z
2026-01-13,MINE_MANSAR_06,ZONE_MSR_01,Daily_Aggregate,280.0,276.0,4.0,41.6,13,Completed,0.0,2026-01-13T22:00:00Z
2026-01-13,MINE_MANSAR_06,ZONE_MSR_02,Daily_Aggregate,230.0,180.8,49.2,38.0,8,Postponed_Rain,3.3,2026-01-13T22:00:00Z
2026-01-13,MINE_MANSAR_06,ZONE_MSR_03,Daily_Aggregate,160.0,194.8,0.0,41.3,9,Completed,0.0,2026-01-13T22:00:00Z
2026-01-13,MINE_CHIKLA_07,ZONE_CHK_01,Daily_Aggregate,310.0,299.1,10.9,44.0,14,Completed,0.0,2026-01-13T22:00:00Z
2026-01-13,MINE_CHIKLA_07,ZONE_CHK_02,Daily_Aggregate,270.0,265.9,4.1,42.8,12,Completed,0.0,2026-01-13T22:00:00Z
2026-01-13,MINE_CHIKLA_07,ZONE_CHK_03,Daily_Aggregate,170.0,164.9,5.1,41.5,7,Completed,0.0,2026-01-13T22:00:00Z
2026-01-13,MINE_UKWA_08,ZONE_UKW_01,Daily_Aggregate,330.0,323.5,6.5,41.5,15,Completed,0.0,2026-01-13T22:00:00Z
2026-01-13,MINE_UKWA_08,ZONE_UKW_02,Daily_Aggregate,290.0,180.0,110.0,38.1,8,Completed,0.9,2026-01-13T22:00:00Z
2026-01-13,MINE_UKWA_08,ZONE_UKW_03,Daily_Aggregate,190.0,133.5,56.5,37.5,6,Postponed_Rain,2.6,2026-01-13T22:00:00Z
2026-01-14,MINE_GUMGAON_02,ZONE_GMG_01,Daily_Aggregate,220.0,165.2,54.8,37.2,8,Postponed_Rain,3.2,2026-01-14T22:00:00Z
2026-01-14,MINE_GUMGAON_02,ZONE_GMG_02,Daily_Aggregate,260.0,248.4,11.6,41.5,11,Completed,0.0,2026-01-14T22:00:00Z
2026-01-14,MINE_GUMGAON_02,ZONE_GMG_03,Daily_Aggregate,180.0,186.6,0.0,40.7,8,Completed,0.0,2026-01-14T22:00:00Z
2026-01-14,MINE_TIRODI_03,ZONE_TRD_01,Daily_Aggregate,340.0,333.9,6.1,43.9,15,Completed,0.0,2026-01-14T22:00:00Z
2026-01-14,MINE_TIRODI_03,ZONE_TRD_02,Daily_Aggregate,380.0,391.2,0.0,43.3,18,Completed,0.0,2026-01-14T22:00:00Z
2026-01-14,MINE_TIRODI_03,ZONE_TRD_03,Daily_Aggregate,200.0,206.4,0.0,42.6,9,Completed,0.0,2026-01-14T22:00:00Z
2026-01-14,MINE_DONGRI_04,ZONE_DGB_01,Daily_Aggregate,480.0,474.8,5.2,41.3,22,Completed,0.0,2026-01-14T22:00:00Z
2026-01-14,MINE_DONGRI_04,ZONE_DGB_02,Daily_Aggregate,510.0,504.3,5.7,40.3,23,Completed,0.0,2026-01-14T22:00:00Z
2026-01-14,MINE_DONGRI_04,ZONE_DGB_03,Daily_Aggregate,240.0,118.6,121.4,36.4,5,Suspended_Pit_Inundation,3.2,2026-01-14T22:00:00Z
2026-01-14,MINE_DONGRI_04,ZONE_DGB_04,Daily_Aggregate,60.0,47.5,12.5,37.6,2,Postponed_Rain,3.0,2026-01-14T22:00:00Z
2026-01-14,MINE_KANDRI_05,ZONE_KND_01,Daily_Aggregate,290.0,287.6,2.4,39.3,13,Completed,0.0,2026-01-14T22:00:00Z
2026-01-14,MINE_KANDRI_05,ZONE_KND_02,Daily_Aggregate,240.0,249.1,0.0,43.0,11,Completed,0.0,2026-01-14T22:00:00Z
2026-01-14,MINE_KANDRI_05,ZONE_KND_03,Daily_Aggregate,150.0,156.9,0.0,40.3,7,Completed,0.0,2026-01-14T22:00:00Z
2026-01-14,MINE_MANSAR_06,ZONE_MSR_01,Daily_Aggregate,280.0,274.4,5.6,40.7,12,Completed,0.0,2026-01-14T22:00:00Z
2026-01-14,MINE_MANSAR_06,ZONE_MSR_02,Daily_Aggregate,230.0,222.2,7.8,41.2,10,Completed,0.0,2026-01-14T22:00:00Z
2026-01-14,MINE_MANSAR_06,ZONE_MSR_03,Daily_Aggregate,160.0,159.9,0.1,40.0,7,Completed,0.0,2026-01-14T22:00:00Z
2026-01-14,MINE_CHIKLA_07,ZONE_CHK_01,Daily_Aggregate,310.0,205.1,104.9,38.6,9,Postponed_Rain,3.2,2026-01-14T22:00:00Z
2026-01-14,MINE_CHIKLA_07,ZONE_CHK_02,Daily_Aggregate,270.0,274.6,0.0,42.8,12,Completed,0.0,2026-01-14T22:00:00Z
2026-01-14,MINE_CHIKLA_07,ZONE_CHK_03,Daily_Aggregate,170.0,166.7,3.3,43.5,8,Completed,0.0,2026-01-14T22:00:00Z
2026-01-14,MINE_UKWA_08,ZONE_UKW_01,Daily_Aggregate,330.0,340.7,0.0,41.9,15,Completed,0.0,2026-01-14T22:00:00Z
2026-01-14,MINE_UKWA_08,ZONE_UKW_02,Daily_Aggregate,290.0,295.1,0.0,43.0,13,Completed,0.0,2026-01-14T22:00:00Z
2026-01-14,MINE_UKWA_08,ZONE_UKW_03,Daily_Aggregate,190.0,134.1,55.9,41.3,6,Completed,0.9,2026-01-14T22:00:00Z
2026-01-15,MINE_GUMGAON_02,ZONE_GMG_01,Daily_Aggregate,220.0,211.8,8.2,41.6,10,Completed,0.0,2026-01-15T22:00:00Z
2026-01-15,MINE_GUMGAON_02,ZONE_GMG_02,Daily_Aggregate,260.0,272.1,0.0,41.4,12,Completed,0.0,2026-01-15T22:00:00Z
2026-01-15,MINE_GUMGAON_02,ZONE_GMG_03,Daily_Aggregate,180.0,176.9,3.1,39.0,8,Completed,0.0,2026-01-15T22:00:00Z
2026-01-15,MINE_TIRODI_03,ZONE_TRD_01,Daily_Aggregate,340.0,354.9,0.0,41.4,16,Completed,0.0,2026-01-15T22:00:00Z
2026-01-15,MINE_TIRODI_03,ZONE_TRD_02,Daily_Aggregate,380.0,374.1,5.9,43.4,17,Completed,0.0,2026-01-15T22:00:00Z
2026-01-15,MINE_TIRODI_03,ZONE_TRD_03,Daily_Aggregate,200.0,203.2,0.0,39.0,9,Completed,0.0,2026-01-15T22:00:00Z
2026-01-15,MINE_DONGRI_04,ZONE_DGB_01,Daily_Aggregate,480.0,487.1,0.0,39.8,22,Completed,0.0,2026-01-15T22:00:00Z
2026-01-15,MINE_DONGRI_04,ZONE_DGB_02,Daily_Aggregate,510.0,400.7,109.3,38.7,18,Postponed_Rain,2.8,2026-01-15T22:00:00Z
2026-01-15,MINE_DONGRI_04,ZONE_DGB_03,Daily_Aggregate,240.0,241.7,0.0,43.6,11,Completed,0.0,2026-01-15T22:00:00Z
2026-01-15,MINE_DONGRI_04,ZONE_DGB_04,Daily_Aggregate,60.0,59.2,0.8,39.9,3,Completed,0.0,2026-01-15T22:00:00Z
2026-01-15,MINE_KANDRI_05,ZONE_KND_01,Daily_Aggregate,290.0,282.8,7.2,42.4,13,Completed,0.0,2026-01-15T22:00:00Z
2026-01-15,MINE_KANDRI_05,ZONE_KND_02,Daily_Aggregate,240.0,233.6,6.4,40.5,11,Completed,0.0,2026-01-15T22:00:00Z
2026-01-15,MINE_KANDRI_05,ZONE_KND_03,Daily_Aggregate,150.0,150.2,0.0,43.9,7,Completed,0.0,2026-01-15T22:00:00Z
2026-01-15,MINE_MANSAR_06,ZONE_MSR_01,Daily_Aggregate,280.0,282.9,0.0,40.8,13,Completed,0.0,2026-01-15T22:00:00Z
2026-01-15,MINE_MANSAR_06,ZONE_MSR_02,Daily_Aggregate,230.0,223.9,6.1,42.3,10,Completed,0.0,2026-01-15T22:00:00Z
2026-01-15,MINE_MANSAR_06,ZONE_MSR_03,Daily_Aggregate,160.0,154.7,5.3,42.4,7,Completed,0.0,2026-01-15T22:00:00Z
2026-01-15,MINE_CHIKLA_07,ZONE_CHK_01,Daily_Aggregate,310.0,189.2,120.8,39.3,9,Completed,0.0,2026-01-15T22:00:00Z
2026-01-15,MINE_CHIKLA_07,ZONE_CHK_02,Daily_Aggregate,270.0,279.9,0.0,40.8,13,Completed,0.0,2026-01-15T22:00:00Z
2026-01-15,MINE_CHIKLA_07,ZONE_CHK_03,Daily_Aggregate,170.0,120.8,49.2,42.9,5,Completed,0.6,2026-01-15T22:00:00Z
2026-01-15,MINE_UKWA_08,ZONE_UKW_01,Daily_Aggregate,330.0,345.4,0.0,39.3,16,Completed,0.0,2026-01-15T22:00:00Z
2026-01-15,MINE_UKWA_08,ZONE_UKW_02,Daily_Aggregate,290.0,294.5,0.0,40.9,13,Completed,0.0,2026-01-15T22:00:00Z
2026-01-15,MINE_UKWA_08,ZONE_UKW_03,Daily_Aggregate,190.0,192.0,0.0,43.2,9,Completed,0.0,2026-01-15T22:00:00Z
2026-01-16,MINE_GUMGAON_02,ZONE_GMG_01,Daily_Aggregate,220.0,227.9,0.0,41.6,10,Completed,0.0,2026-01-16T22:00:00Z
2026-01-16,MINE_GUMGAON_02,ZONE_GMG_02,Daily_Aggregate,260.0,265.8,0.0,43.3,12,Completed,0.0,2026-01-16T22:00:00Z
2026-01-16,MINE_GUMGAON_02,ZONE_GMG_03,Daily_Aggregate,180.0,172.1,7.9,43.4,8,Completed,0.0,2026-01-16T22:00:00Z
2026-01-16,MINE_TIRODI_03,ZONE_TRD_01,Daily_Aggregate,340.0,250.9,89.1,40.9,11,Postponed_Rain,2.0,2026-01-16T22:00:00Z
2026-01-16,MINE_TIRODI_03,ZONE_TRD_02,Daily_Aggregate,380.0,261.5,118.5,39.3,12,Postponed_Rain,1.8,2026-01-16T22:00:00Z
2026-01-16,MINE_TIRODI_03,ZONE_TRD_03,Daily_Aggregate,200.0,199.3,0.7,42.6,9,Completed,0.0,2026-01-16T22:00:00Z
2026-01-16,MINE_DONGRI_04,ZONE_DGB_01,Daily_Aggregate,480.0,470.9,9.1,43.4,21,Completed,0.0,2026-01-16T22:00:00Z
2026-01-16,MINE_DONGRI_04,ZONE_DGB_02,Daily_Aggregate,510.0,498.8,11.2,39.8,23,Completed,0.0,2026-01-16T22:00:00Z
2026-01-16,MINE_DONGRI_04,ZONE_DGB_03,Daily_Aggregate,240.0,174.5,65.5,40.7,8,Completed,0.8,2026-01-16T22:00:00Z
2026-01-16,MINE_DONGRI_04,ZONE_DGB_04,Daily_Aggregate,60.0,61.2,0.0,41.6,3,Completed,0.0,2026-01-16T22:00:00Z
2026-01-16,MINE_KANDRI_05,ZONE_KND_01,Daily_Aggregate,290.0,296.5,0.0,42.1,13,Completed,0.0,2026-01-16T22:00:00Z
2026-01-16,MINE_KANDRI_05,ZONE_KND_02,Daily_Aggregate,240.0,241.4,0.0,42.1,11,Completed,0.0,2026-01-16T22:00:00Z
2026-01-16,MINE_KANDRI_05,ZONE_KND_03,Daily_Aggregate,150.0,149.3,0.7,40.0,7,Completed,0.0,2026-01-16T22:00:00Z
2026-01-16,MINE_MANSAR_06,ZONE_MSR_01,Daily_Aggregate,280.0,170.4,109.6,40.4,8,Completed,0.7,2026-01-16T22:00:00Z
2026-01-16,MINE_MANSAR_06,ZONE_MSR_02,Daily_Aggregate,230.0,237.0,0.0,39.5,11,Completed,0.0,2026-01-16T22:00:00Z
2026-01-16,MINE_MANSAR_06,ZONE_MSR_03,Daily_Aggregate,160.0,160.8,0.0,40.0,7,Completed,0.0,2026-01-16T22:00:00Z
2026-01-16,MINE_CHIKLA_07,ZONE_CHK_01,Daily_Aggregate,310.0,229.8,80.2,38.6,10,Postponed_Rain,2.2,2026-01-16T22:00:00Z
2026-01-16,MINE_CHIKLA_07,ZONE_CHK_02,Daily_Aggregate,270.0,173.6,96.4,40.4,8,Completed,0.1,2026-01-16T22:00:00Z
2026-01-16,MINE_CHIKLA_07,ZONE_CHK_03,Daily_Aggregate,170.0,169.6,0.4,39.4,8,Completed,0.0,2026-01-16T22:00:00Z
2026-01-16,MINE_UKWA_08,ZONE_UKW_01,Daily_Aggregate,330.0,337.3,0.0,40.0,15,Completed,0.0,2026-01-16T22:00:00Z
2026-01-16,MINE_UKWA_08,ZONE_UKW_02,Daily_Aggregate,290.0,295.8,0.0,43.9,13,Completed,0.0,2026-01-16T22:00:00Z
2026-01-16,MINE_UKWA_08,ZONE_UKW_03,Daily_Aggregate,190.0,129.4,60.6,40.0,6,Completed,0.8,2026-01-16T22:00:00Z
2026-01-17,MINE_GUMGAON_02,ZONE_GMG_01,Daily_Aggregate,220.0,226.0,0.0,39.6,10,Completed,0.0,2026-01-17T22:00:00Z
2026-01-17,MINE_GUMGAON_02,ZONE_GMG_02,Daily_Aggregate,260.0,266.4,0.0,42.3,12,Completed,0.0,2026-01-17T22:00:00Z
2026-01-17,MINE_GUMGAON_02,ZONE_GMG_03,Daily_Aggregate,180.0,180.8,0.0,42.6,8,Completed,0.0,2026-01-17T22:00:00Z
2026-01-17,MINE_TIRODI_03,ZONE_TRD_01,Daily_Aggregate,340.0,337.7,2.3,43.4,15,Completed,0.0,2026-01-17T22:00:00Z
2026-01-17,MINE_TIRODI_03,ZONE_TRD_02,Daily_Aggregate,380.0,396.6,0.0,39.4,18,Completed,0.0,2026-01-17T22:00:00Z
2026-01-17,MINE_TIRODI_03,ZONE_TRD_03,Daily_Aggregate,200.0,196.2,3.8,41.8,9,Completed,0.0,2026-01-17T22:00:00Z
2026-01-17,MINE_DONGRI_04,ZONE_DGB_01,Daily_Aggregate,480.0,464.7,15.3,40.3,21,Completed,0.0,2026-01-17T22:00:00Z
2026-01-17,MINE_DONGRI_04,ZONE_DGB_02,Daily_Aggregate,510.0,534.2,0.0,43.6,24,Completed,0.0,2026-01-17T22:00:00Z
2026-01-17,MINE_DONGRI_04,ZONE_DGB_03,Daily_Aggregate,240.0,229.0,11.0,42.4,10,Completed,0.0,2026-01-17T22:00:00Z
2026-01-17,MINE_DONGRI_04,ZONE_DGB_04,Daily_Aggregate,60.0,62.1,0.0,39.5,3,Completed,0.0,2026-01-17T22:00:00Z
2026-01-17,MINE_KANDRI_05,ZONE_KND_01,Daily_Aggregate,290.0,294.8,0.0,40.8,13,Completed,0.0,2026-01-17T22:00:00Z
2026-01-17,MINE_KANDRI_05,ZONE_KND_02,Daily_Aggregate,240.0,236.0,4.0,41.7,11,Completed,0.0,2026-01-17T22:00:00Z
2026-01-17,MINE_KANDRI_05,ZONE_KND_03,Daily_Aggregate,150.0,145.4,4.6,40.6,7,Completed,0.0,2026-01-17T22:00:00Z
2026-01-17,MINE_MANSAR_06,ZONE_MSR_01,Daily_Aggregate,280.0,280.1,0.0,43.9,13,Completed,0.0,2026-01-17T22:00:00Z
2026-01-17,MINE_MANSAR_06,ZONE_MSR_02,Daily_Aggregate,230.0,232.8,0.0,40.5,11,Completed,0.0,2026-01-17T22:00:00Z
2026-01-17,MINE_MANSAR_06,ZONE_MSR_03,Daily_Aggregate,160.0,164.4,0.0,40.2,7,Completed,0.0,2026-01-17T22:00:00Z
2026-01-17,MINE_CHIKLA_07,ZONE_CHK_01,Daily_Aggregate,310.0,298.5,11.5,40.4,14,Completed,0.0,2026-01-17T22:00:00Z
2026-01-17,MINE_CHIKLA_07,ZONE_CHK_02,Daily_Aggregate,270.0,199.3,70.7,38.3,9,Completed,0.1,2026-01-17T22:00:00Z
2026-01-17,MINE_CHIKLA_07,ZONE_CHK_03,Daily_Aggregate,170.0,113.7,56.3,38.9,5,Completed,0.2,2026-01-17T22:00:00Z
2026-01-17,MINE_UKWA_08,ZONE_UKW_01,Daily_Aggregate,330.0,317.2,12.8,41.8,14,Completed,0.0,2026-01-17T22:00:00Z
2026-01-17,MINE_UKWA_08,ZONE_UKW_02,Daily_Aggregate,290.0,278.2,11.8,42.0,13,Completed,0.0,2026-01-17T22:00:00Z
2026-01-17,MINE_UKWA_08,ZONE_UKW_03,Daily_Aggregate,190.0,196.1,0.0,41.2,9,Completed,0.0,2026-01-17T22:00:00Z
2026-01-18,MINE_GUMGAON_02,ZONE_GMG_01,Daily_Aggregate,220.0,218.4,1.6,42.3,10,Completed,0.0,2026-01-18T22:00:00Z
2026-01-18,MINE_GUMGAON_02,ZONE_GMG_02,Daily_Aggregate,260.0,269.6,0.0,40.0,12,Completed,0.0,2026-01-18T22:00:00Z
2026-01-18,MINE_GUMGAON_02,ZONE_GMG_03,Daily_Aggregate,180.0,129.0,51.0,38.3,6,Postponed_Rain,3.2,2026-01-18T22:00:00Z
2026-01-18,MINE_TIRODI_03,ZONE_TRD_01,Daily_Aggregate,340.0,329.6,10.4,43.4,15,Completed,0.0,2026-01-18T22:00:00Z
2026-01-18,MINE_TIRODI_03,ZONE_TRD_02,Daily_Aggregate,380.0,373.3,6.7,39.0,17,Completed,0.0,2026-01-18T22:00:00Z
2026-01-18,MINE_TIRODI_03,ZONE_TRD_03,Daily_Aggregate,200.0,197.2,2.8,40.2,9,Completed,0.0,2026-01-18T22:00:00Z
2026-01-18,MINE_DONGRI_04,ZONE_DGB_01,Daily_Aggregate,480.0,389.8,90.2,41.3,18,Delayed_Misfire,3.9,2026-01-18T22:00:00Z
2026-01-18,MINE_DONGRI_04,ZONE_DGB_02,Daily_Aggregate,510.0,489.6,20.4,40.7,22,Completed,0.0,2026-01-18T22:00:00Z
2026-01-18,MINE_DONGRI_04,ZONE_DGB_03,Daily_Aggregate,240.0,237.7,2.3,40.6,11,Completed,0.0,2026-01-18T22:00:00Z
2026-01-18,MINE_DONGRI_04,ZONE_DGB_04,Daily_Aggregate,60.0,34.0,26.0,41.3,2,Completed,0.6,2026-01-18T22:00:00Z
2026-01-18,MINE_KANDRI_05,ZONE_KND_01,Daily_Aggregate,290.0,292.1,0.0,43.3,13,Completed,0.0,2026-01-18T22:00:00Z
2026-01-18,MINE_KANDRI_05,ZONE_KND_02,Daily_Aggregate,240.0,229.0,11.0,39.5,10,Completed,0.0,2026-01-18T22:00:00Z
2026-01-18,MINE_KANDRI_05,ZONE_KND_03,Daily_Aggregate,150.0,97.5,52.5,39.6,4,Postponed_Rain,2.4,2026-01-18T22:00:00Z
2026-01-18,MINE_MANSAR_06,ZONE_MSR_01,Daily_Aggregate,280.0,281.5,0.0,39.9,13,Completed,0.0,2026-01-18T22:00:00Z
2026-01-18,MINE_MANSAR_06,ZONE_MSR_02,Daily_Aggregate,230.0,224.6,5.4,43.6,10,Completed,0.0,2026-01-18T22:00:00Z
2026-01-18,MINE_MANSAR_06,ZONE_MSR_03,Daily_Aggregate,160.0,157.9,2.1,43.0,7,Completed,0.0,2026-01-18T22:00:00Z
2026-01-18,MINE_CHIKLA_07,ZONE_CHK_01,Daily_Aggregate,310.0,226.5,83.5,41.1,10,Completed,0.9,2026-01-18T22:00:00Z
2026-01-18,MINE_CHIKLA_07,ZONE_CHK_02,Daily_Aggregate,270.0,278.2,0.0,43.9,13,Completed,0.0,2026-01-18T22:00:00Z
2026-01-18,MINE_CHIKLA_07,ZONE_CHK_03,Daily_Aggregate,170.0,168.9,1.1,41.1,8,Completed,0.0,2026-01-18T22:00:00Z
2026-01-18,MINE_UKWA_08,ZONE_UKW_01,Daily_Aggregate,330.0,204.3,125.7,41.6,9,Completed,0.7,2026-01-18T22:00:00Z
2026-01-18,MINE_UKWA_08,ZONE_UKW_02,Daily_Aggregate,290.0,193.4,96.6,41.3,9,Completed,0.1,2026-01-18T22:00:00Z
2026-01-18,MINE_UKWA_08,ZONE_UKW_03,Daily_Aggregate,190.0,138.5,51.5,39.7,6,Delayed_Misfire,2.3,2026-01-18T22:00:00Z
2026-01-19,MINE_GUMGAON_02,ZONE_GMG_01,Daily_Aggregate,220.0,213.2,6.8,39.7,10,Completed,0.0,2026-01-19T22:00:00Z
2026-01-19,MINE_GUMGAON_02,ZONE_GMG_02,Daily_Aggregate,260.0,268.3,0.0,42.9,12,Completed,0.0,2026-01-19T22:00:00Z
2026-01-19,MINE_GUMGAON_02,ZONE_GMG_03,Daily_Aggregate,180.0,186.6,0.0,41.9,8,Completed,0.0,2026-01-19T22:00:00Z
2026-01-19,MINE_TIRODI_03,ZONE_TRD_01,Daily_Aggregate,340.0,343.7,0.0,39.7,16,Completed,0.0,2026-01-19T22:00:00Z
2026-01-19,MINE_TIRODI_03,ZONE_TRD_02,Daily_Aggregate,380.0,384.3,0.0,39.9,17,Completed,0.0,2026-01-19T22:00:00Z
2026-01-19,MINE_TIRODI_03,ZONE_TRD_03,Daily_Aggregate,200.0,209.1,0.0,42.2,10,Completed,0.0,2026-01-19T22:00:00Z
2026-01-19,MINE_DONGRI_04,ZONE_DGB_01,Daily_Aggregate,480.0,339.8,140.2,39.7,15,Postponed_Rain,2.4,2026-01-19T22:00:00Z
2026-01-19,MINE_DONGRI_04,ZONE_DGB_02,Daily_Aggregate,510.0,493.1,16.9,41.9,22,Completed,0.0,2026-01-19T22:00:00Z
2026-01-19,MINE_DONGRI_04,ZONE_DGB_03,Daily_Aggregate,240.0,240.1,0.0,39.7,11,Completed,0.0,2026-01-19T22:00:00Z
2026-01-19,MINE_DONGRI_04,ZONE_DGB_04,Daily_Aggregate,60.0,57.8,2.2,39.1,3,Completed,0.0,2026-01-19T22:00:00Z
2026-01-19,MINE_KANDRI_05,ZONE_KND_01,Daily_Aggregate,290.0,296.5,0.0,42.1,13,Completed,0.0,2026-01-19T22:00:00Z
2026-01-19,MINE_KANDRI_05,ZONE_KND_02,Daily_Aggregate,240.0,246.2,0.0,43.9,11,Completed,0.0,2026-01-19T22:00:00Z
2026-01-19,MINE_KANDRI_05,ZONE_KND_03,Daily_Aggregate,150.0,114.1,35.9,42.4,5,Completed,0.1,2026-01-19T22:00:00Z
2026-01-19,MINE_MANSAR_06,ZONE_MSR_01,Daily_Aggregate,280.0,227.3,52.7,38.5,10,Postponed_Rain,2.9,2026-01-19T22:00:00Z
2026-01-19,MINE_MANSAR_06,ZONE_MSR_02,Daily_Aggregate,230.0,225.4,4.6,43.9,10,Completed,0.0,2026-01-19T22:00:00Z
2026-01-19,MINE_MANSAR_06,ZONE_MSR_03,Daily_Aggregate,160.0,160.9,0.0,42.8,7,Completed,0.0,2026-01-19T22:00:00Z
2026-01-19,MINE_CHIKLA_07,ZONE_CHK_01,Daily_Aggregate,310.0,324.8,0.0,41.6,15,Completed,0.0,2026-01-19T22:00:00Z
2026-01-19,MINE_CHIKLA_07,ZONE_CHK_02,Daily_Aggregate,270.0,190.5,79.5,41.4,9,Delayed_Misfire,3.5,2026-01-19T22:00:00Z
2026-01-19,MINE_CHIKLA_07,ZONE_CHK_03,Daily_Aggregate,170.0,178.0,0.0,42.4,8,Completed,0.0,2026-01-19T22:00:00Z
2026-01-19,MINE_UKWA_08,ZONE_UKW_01,Daily_Aggregate,330.0,342.2,0.0,41.6,16,Completed,0.0,2026-01-19T22:00:00Z
2026-01-19,MINE_UKWA_08,ZONE_UKW_02,Daily_Aggregate,290.0,295.8,0.0,40.0,13,Completed,0.0,2026-01-19T22:00:00Z
2026-01-19,MINE_UKWA_08,ZONE_UKW_03,Daily_Aggregate,190.0,152.7,37.3,38.0,7,Postponed_Rain,1.9,2026-01-19T22:00:00Z
2026-01-20,MINE_GUMGAON_02,ZONE_GMG_01,Daily_Aggregate,220.0,216.9,3.1,40.3,10,Completed,0.0,2026-01-20T22:00:00Z
2026-01-20,MINE_GUMGAON_02,ZONE_GMG_02,Daily_Aggregate,260.0,266.1,0.0,39.5,12,Completed,0.0,2026-01-20T22:00:00Z
2026-01-20,MINE_GUMGAON_02,ZONE_GMG_03,Daily_Aggregate,180.0,135.3,44.7,40.5,6,Delayed_Misfire,3.1,2026-01-20T22:00:00Z
2026-01-20,MINE_TIRODI_03,ZONE_TRD_01,Daily_Aggregate,340.0,345.0,0.0,39.7,16,Completed,0.0,2026-01-20T22:00:00Z
2026-01-20,MINE_TIRODI_03,ZONE_TRD_02,Daily_Aggregate,380.0,387.0,0.0,42.0,18,Completed,0.0,2026-01-20T22:00:00Z
2026-01-20,MINE_TIRODI_03,ZONE_TRD_03,Daily_Aggregate,200.0,103.9,96.1,39.0,5,Suspended_Pit_Inundation,5.1,2026-01-20T22:00:00Z
2026-01-20,MINE_DONGRI_04,ZONE_DGB_01,Daily_Aggregate,480.0,487.6,0.0,42.0,22,Completed,0.0,2026-01-20T22:00:00Z
2026-01-20,MINE_DONGRI_04,ZONE_DGB_02,Daily_Aggregate,510.0,503.8,6.2,39.3,23,Completed,0.0,2026-01-20T22:00:00Z
2026-01-20,MINE_DONGRI_04,ZONE_DGB_03,Daily_Aggregate,240.0,235.6,4.4,42.5,11,Completed,0.0,2026-01-20T22:00:00Z
2026-01-20,MINE_DONGRI_04,ZONE_DGB_04,Daily_Aggregate,60.0,62.5,0.0,43.1,3,Completed,0.0,2026-01-20T22:00:00Z
2026-01-20,MINE_KANDRI_05,ZONE_KND_01,Daily_Aggregate,290.0,133.6,156.4,38.1,6,Suspended_Pit_Inundation,4.6,2026-01-20T22:00:00Z
2026-01-20,MINE_KANDRI_05,ZONE_KND_02,Daily_Aggregate,240.0,241.7,0.0,39.1,11,Completed,0.0,2026-01-20T22:00:00Z
2026-01-20,MINE_KANDRI_05,ZONE_KND_03,Daily_Aggregate,150.0,85.1,64.9,38.1,4,Completed,0.8,2026-01-20T22:00:00Z
2026-01-20,MINE_MANSAR_06,ZONE_MSR_01,Daily_Aggregate,280.0,198.2,81.8,39.6,9,Postponed_Rain,3.5,2026-01-20T22:00:00Z
2026-01-20,MINE_MANSAR_06,ZONE_MSR_02,Daily_Aggregate,230.0,264.7,0.0,43.5,12,Completed,0.0,2026-01-20T22:00:00Z
2026-01-20,MINE_MANSAR_06,ZONE_MSR_03,Daily_Aggregate,160.0,161.7,0.0,40.8,7,Completed,0.0,2026-01-20T22:00:00Z
2026-01-20,MINE_CHIKLA_07,ZONE_CHK_01,Daily_Aggregate,310.0,184.4,125.6,41.0,8,Completed,0.3,2026-01-20T22:00:00Z
2026-01-20,MINE_CHIKLA_07,ZONE_CHK_02,Daily_Aggregate,270.0,258.1,11.9,43.3,12,Completed,0.0,2026-01-20T22:00:00Z
2026-01-20,MINE_CHIKLA_07,ZONE_CHK_03,Daily_Aggregate,170.0,177.6,0.0,40.9,8,Completed,0.0,2026-01-20T22:00:00Z
2026-01-20,MINE_UKWA_08,ZONE_UKW_01,Daily_Aggregate,330.0,340.0,0.0,43.9,15,Completed,0.0,2026-01-20T22:00:00Z
2026-01-20,MINE_UKWA_08,ZONE_UKW_02,Daily_Aggregate,290.0,206.2,83.8,40.1,9,Postponed_Rain,1.9,2026-01-20T22:00:00Z
2026-01-20,MINE_UKWA_08,ZONE_UKW_03,Daily_Aggregate,190.0,104.3,85.7,37.7,5,Suspended_Pit_Inundation,5.3,2026-01-20T22:00:00Z
2026-01-21,MINE_GUMGAON_02,ZONE_GMG_01,Daily_Aggregate,220.0,258.0,0.0,44.4,12,Completed,0.0,2026-01-21T22:00:00Z
2026-01-21,MINE_GUMGAON_02,ZONE_GMG_02,Daily_Aggregate,260.0,264.9,0.0,43.8,12,Completed,0.0,2026-01-21T22:00:00Z
2026-01-21,MINE_GUMGAON_02,ZONE_GMG_03,Daily_Aggregate,180.0,185.4,0.0,44.0,8,Completed,0.0,2026-01-21T22:00:00Z
2026-01-21,MINE_TIRODI_03,ZONE_TRD_01,Daily_Aggregate,340.0,332.0,8.0,40.4,15,Completed,0.0,2026-01-21T22:00:00Z
2026-01-21,MINE_TIRODI_03,ZONE_TRD_02,Daily_Aggregate,380.0,237.9,142.1,43.0,11,Completed,0.4,2026-01-21T22:00:00Z
2026-01-21,MINE_TIRODI_03,ZONE_TRD_03,Daily_Aggregate,200.0,201.4,0.0,40.1,9,Completed,0.0,2026-01-21T22:00:00Z
2026-01-21,MINE_DONGRI_04,ZONE_DGB_01,Daily_Aggregate,480.0,457.5,22.5,40.7,21,Completed,0.0,2026-01-21T22:00:00Z
2026-01-21,MINE_DONGRI_04,ZONE_DGB_02,Daily_Aggregate,510.0,408.9,101.1,39.7,19,Postponed_Rain,3.0,2026-01-21T22:00:00Z
2026-01-21,MINE_DONGRI_04,ZONE_DGB_03,Daily_Aggregate,240.0,160.1,79.9,39.3,7,Postponed_Rain,3.3,2026-01-21T22:00:00Z
2026-01-21,MINE_DONGRI_04,ZONE_DGB_04,Daily_Aggregate,60.0,60.4,0.0,42.1,3,Completed,0.0,2026-01-21T22:00:00Z
2026-01-21,MINE_KANDRI_05,ZONE_KND_01,Daily_Aggregate,290.0,294.2,0.0,41.9,13,Completed,0.0,2026-01-21T22:00:00Z
2026-01-21,MINE_KANDRI_05,ZONE_KND_02,Daily_Aggregate,240.0,247.5,0.0,41.0,11,Completed,0.0,2026-01-21T22:00:00Z
2026-01-21,MINE_KANDRI_05,ZONE_KND_03,Daily_Aggregate,150.0,142.9,7.1,43.3,6,Completed,0.0,2026-01-21T22:00:00Z
2026-01-21,MINE_MANSAR_06,ZONE_MSR_01,Daily_Aggregate,280.0,309.8,0.0,44.9,14,Completed,0.0,2026-01-21T22:00:00Z
2026-01-21,MINE_MANSAR_06,ZONE_MSR_02,Daily_Aggregate,230.0,172.5,57.5,41.9,8,Delayed_Misfire,3.0,2026-01-21T22:00:00Z
2026-01-21,MINE_MANSAR_06,ZONE_MSR_03,Daily_Aggregate,160.0,163.5,0.0,40.3,7,Completed,0.0,2026-01-21T22:00:00Z
2026-01-21,MINE_CHIKLA_07,ZONE_CHK_01,Daily_Aggregate,310.0,366.7,0.0,41.6,17,Completed,0.0,2026-01-21T22:00:00Z
2026-01-21,MINE_CHIKLA_07,ZONE_CHK_02,Daily_Aggregate,270.0,283.4,0.0,41.6,13,Completed,0.0,2026-01-21T22:00:00Z
2026-01-21,MINE_CHIKLA_07,ZONE_CHK_03,Daily_Aggregate,170.0,171.5,0.0,39.7,8,Completed,0.0,2026-01-21T22:00:00Z
2026-01-21,MINE_UKWA_08,ZONE_UKW_01,Daily_Aggregate,330.0,258.7,71.3,38.3,12,Postponed_Rain,3.2,2026-01-21T22:00:00Z
2026-01-21,MINE_UKWA_08,ZONE_UKW_02,Daily_Aggregate,290.0,281.3,8.7,42.6,13,Completed,0.0,2026-01-21T22:00:00Z
2026-01-21,MINE_UKWA_08,ZONE_UKW_03,Daily_Aggregate,190.0,77.7,112.3,35.9,4,Suspended_Pit_Inundation,4.2,2026-01-21T22:00:00Z
2026-01-22,MINE_GUMGAON_02,ZONE_GMG_01,Daily_Aggregate,220.0,225.5,0.0,39.8,10,Completed,0.0,2026-01-22T22:00:00Z
2026-01-22,MINE_GUMGAON_02,ZONE_GMG_02,Daily_Aggregate,260.0,261.3,0.0,41.8,12,Completed,0.0,2026-01-22T22:00:00Z
2026-01-22,MINE_GUMGAON_02,ZONE_GMG_03,Daily_Aggregate,180.0,183.4,0.0,41.6,8,Completed,0.0,2026-01-22T22:00:00Z
2026-01-22,MINE_TIRODI_03,ZONE_TRD_01,Daily_Aggregate,340.0,325.1,14.9,40.3,15,Completed,0.0,2026-01-22T22:00:00Z
2026-01-22,MINE_TIRODI_03,ZONE_TRD_02,Daily_Aggregate,380.0,381.9,0.0,43.0,17,Completed,0.0,2026-01-22T22:00:00Z
2026-01-22,MINE_TIRODI_03,ZONE_TRD_03,Daily_Aggregate,200.0,190.4,9.6,42.0,9,Completed,0.0,2026-01-22T22:00:00Z
2026-01-22,MINE_DONGRI_04,ZONE_DGB_01,Daily_Aggregate,480.0,461.6,18.4,40.4,21,Completed,0.0,2026-01-22T22:00:00Z
2026-01-22,MINE_DONGRI_04,ZONE_DGB_02,Daily_Aggregate,510.0,522.4,0.0,41.8,24,Completed,0.0,2026-01-22T22:00:00Z
2026-01-22,MINE_DONGRI_04,ZONE_DGB_03,Daily_Aggregate,240.0,248.3,0.0,40.9,11,Completed,0.0,2026-01-22T22:00:00Z
2026-01-22,MINE_DONGRI_04,ZONE_DGB_04,Daily_Aggregate,60.0,57.2,2.8,39.2,3,Completed,0.0,2026-01-22T22:00:00Z
2026-01-22,MINE_KANDRI_05,ZONE_KND_01,Daily_Aggregate,290.0,299.3,0.0,40.5,14,Completed,0.0,2026-01-22T22:00:00Z
2026-01-22,MINE_KANDRI_05,ZONE_KND_02,Daily_Aggregate,240.0,245.4,0.0,42.9,11,Completed,0.0,2026-01-22T22:00:00Z
2026-01-22,MINE_KANDRI_05,ZONE_KND_03,Daily_Aggregate,150.0,152.7,0.0,42.3,7,Completed,0.0,2026-01-22T22:00:00Z
2026-01-22,MINE_MANSAR_06,ZONE_MSR_01,Daily_Aggregate,280.0,268.9,11.1,43.4,12,Completed,0.0,2026-01-22T22:00:00Z
2026-01-22,MINE_MANSAR_06,ZONE_MSR_02,Daily_Aggregate,230.0,234.1,0.0,39.8,11,Completed,0.0,2026-01-22T22:00:00Z
2026-01-22,MINE_MANSAR_06,ZONE_MSR_03,Daily_Aggregate,160.0,156.0,4.0,41.9,7,Completed,0.0,2026-01-22T22:00:00Z
2026-01-22,MINE_CHIKLA_07,ZONE_CHK_01,Daily_Aggregate,310.0,320.6,0.0,41.2,15,Completed,0.0,2026-01-22T22:00:00Z
2026-01-22,MINE_CHIKLA_07,ZONE_CHK_02,Daily_Aggregate,270.0,259.2,10.8,39.8,12,Completed,0.0,2026-01-22T22:00:00Z
2026-01-22,MINE_CHIKLA_07,ZONE_CHK_03,Daily_Aggregate,170.0,93.9,76.1,38.9,4,Suspended_Pit_Inundation,4.9,2026-01-22T22:00:00Z
2026-01-22,MINE_UKWA_08,ZONE_UKW_01,Daily_Aggregate,330.0,315.5,14.5,43.6,14,Completed,0.0,2026-01-22T22:00:00Z
2026-01-22,MINE_UKWA_08,ZONE_UKW_02,Daily_Aggregate,290.0,281.0,9.0,39.6,13,Completed,0.0,2026-01-22T22:00:00Z
2026-01-22,MINE_UKWA_08,ZONE_UKW_03,Daily_Aggregate,190.0,191.7,0.0,39.5,9,Completed,0.0,2026-01-22T22:00:00Z
2026-01-23,MINE_GUMGAON_02,ZONE_GMG_01,Daily_Aggregate,220.0,147.1,72.9,40.4,7,Postponed_Rain,1.7,2026-01-23T22:00:00Z
2026-01-23,MINE_GUMGAON_02,ZONE_GMG_02,Daily_Aggregate,260.0,253.1,6.9,40.3,12,Completed,0.0,2026-01-23T22:00:00Z
2026-01-23,MINE_GUMGAON_02,ZONE_GMG_03,Daily_Aggregate,180.0,181.8,0.0,42.7,8,Completed,0.0,2026-01-23T22:00:00Z
2026-01-23,MINE_TIRODI_03,ZONE_TRD_01,Daily_Aggregate,340.0,244.9,95.1,41.3,11,Delayed_Misfire,3.4,2026-01-23T22:00:00Z
2026-01-23,MINE_TIRODI_03,ZONE_TRD_02,Daily_Aggregate,380.0,375.7,4.3,42.9,17,Completed,0.0,2026-01-23T22:00:00Z
2026-01-23,MINE_TIRODI_03,ZONE_TRD_03,Daily_Aggregate,200.0,235.2,0.0,43.1,11,Completed,0.0,2026-01-23T22:00:00Z
2026-01-23,MINE_DONGRI_04,ZONE_DGB_01,Daily_Aggregate,480.0,396.9,83.1,38.3,18,Delayed_Misfire,2.1,2026-01-23T22:00:00Z
2026-01-23,MINE_DONGRI_04,ZONE_DGB_02,Daily_Aggregate,510.0,495.1,14.9,43.9,23,Completed,0.0,2026-01-23T22:00:00Z
2026-01-23,MINE_DONGRI_04,ZONE_DGB_03,Daily_Aggregate,240.0,238.1,1.9,41.9,11,Completed,0.0,2026-01-23T22:00:00Z
2026-01-23,MINE_DONGRI_04,ZONE_DGB_04,Daily_Aggregate,60.0,62.9,0.0,42.1,3,Completed,0.0,2026-01-23T22:00:00Z
2026-01-23,MINE_KANDRI_05,ZONE_KND_01,Daily_Aggregate,290.0,289.0,1.0,40.2,13,Completed,0.0,2026-01-23T22:00:00Z
2026-01-23,MINE_KANDRI_05,ZONE_KND_02,Daily_Aggregate,240.0,245.4,0.0,43.0,11,Completed,0.0,2026-01-23T22:00:00Z
2026-01-23,MINE_KANDRI_05,ZONE_KND_03,Daily_Aggregate,150.0,171.9,0.0,42.2,8,Completed,0.0,2026-01-23T22:00:00Z
2026-01-23,MINE_MANSAR_06,ZONE_MSR_01,Daily_Aggregate,280.0,274.6,5.4,41.0,12,Completed,0.0,2026-01-23T22:00:00Z
2026-01-23,MINE_MANSAR_06,ZONE_MSR_02,Daily_Aggregate,230.0,236.9,0.0,39.1,11,Completed,0.0,2026-01-23T22:00:00Z
2026-01-23,MINE_MANSAR_06,ZONE_MSR_03,Daily_Aggregate,160.0,162.6,0.0,42.2,7,Completed,0.0,2026-01-23T22:00:00Z
2026-01-23,MINE_CHIKLA_07,ZONE_CHK_01,Daily_Aggregate,310.0,300.7,9.3,42.4,14,Completed,0.0,2026-01-23T22:00:00Z
2026-01-23,MINE_CHIKLA_07,ZONE_CHK_02,Daily_Aggregate,270.0,184.0,86.0,39.7,8,Completed,0.6,2026-01-23T22:00:00Z
2026-01-23,MINE_CHIKLA_07,ZONE_CHK_03,Daily_Aggregate,170.0,161.6,8.4,42.8,7,Completed,0.0,2026-01-23T22:00:00Z
2026-01-23,MINE_UKWA_08,ZONE_UKW_01,Daily_Aggregate,330.0,279.0,51.0,40.6,13,Delayed_Misfire,2.3,2026-01-23T22:00:00Z
2026-01-23,MINE_UKWA_08,ZONE_UKW_02,Daily_Aggregate,290.0,282.2,7.8,39.8,13,Completed,0.0,2026-01-23T22:00:00Z
2026-01-23,MINE_UKWA_08,ZONE_UKW_03,Daily_Aggregate,190.0,147.0,43.0,40.8,7,Delayed_Misfire,2.2,2026-01-23T22:00:00Z
2026-01-24,MINE_GUMGAON_02,ZONE_GMG_01,Daily_Aggregate,220.0,219.3,0.7,43.8,10,Completed,0.0,2026-01-24T22:00:00Z
2026-01-24,MINE_GUMGAON_02,ZONE_GMG_02,Daily_Aggregate,260.0,248.3,11.7,43.7,11,Completed,0.0,2026-01-24T22:00:00Z
2026-01-24,MINE_GUMGAON_02,ZONE_GMG_03,Daily_Aggregate,180.0,187.5,0.0,43.6,9,Completed,0.0,2026-01-24T22:00:00Z
2026-01-24,MINE_TIRODI_03,ZONE_TRD_01,Daily_Aggregate,340.0,353.8,0.0,41.9,16,Completed,0.0,2026-01-24T22:00:00Z
2026-01-24,MINE_TIRODI_03,ZONE_TRD_02,Daily_Aggregate,380.0,389.5,0.0,39.4,18,Completed,0.0,2026-01-24T22:00:00Z
2026-01-24,MINE_TIRODI_03,ZONE_TRD_03,Daily_Aggregate,200.0,191.8,8.2,40.6,9,Completed,0.0,2026-01-24T22:00:00Z
2026-01-24,MINE_DONGRI_04,ZONE_DGB_01,Daily_Aggregate,480.0,502.8,0.0,40.8,23,Completed,0.0,2026-01-24T22:00:00Z
2026-01-24,MINE_DONGRI_04,ZONE_DGB_02,Daily_Aggregate,510.0,497.6,12.4,42.1,23,Completed,0.0,2026-01-24T22:00:00Z
2026-01-24,MINE_DONGRI_04,ZONE_DGB_03,Daily_Aggregate,240.0,230.3,9.7,40.0,10,Completed,0.0,2026-01-24T22:00:00Z
2026-01-24,MINE_DONGRI_04,ZONE_DGB_04,Daily_Aggregate,60.0,57.8,2.2,42.9,3,Completed,0.0,2026-01-24T22:00:00Z
2026-01-24,MINE_KANDRI_05,ZONE_KND_01,Daily_Aggregate,290.0,294.2,0.0,39.9,13,Completed,0.0,2026-01-24T22:00:00Z
2026-01-24,MINE_KANDRI_05,ZONE_KND_02,Daily_Aggregate,240.0,243.9,0.0,39.1,11,Completed,0.0,2026-01-24T22:00:00Z
2026-01-24,MINE_KANDRI_05,ZONE_KND_03,Daily_Aggregate,150.0,143.6,6.4,43.6,7,Completed,0.0,2026-01-24T22:00:00Z
2026-01-24,MINE_MANSAR_06,ZONE_MSR_01,Daily_Aggregate,280.0,320.7,0.0,44.1,15,Completed,0.0,2026-01-24T22:00:00Z
2026-01-24,MINE_MANSAR_06,ZONE_MSR_02,Daily_Aggregate,230.0,224.1,5.9,40.3,10,Completed,0.0,2026-01-24T22:00:00Z
2026-01-24,MINE_MANSAR_06,ZONE_MSR_03,Daily_Aggregate,160.0,162.0,0.0,43.2,7,Completed,0.0,2026-01-24T22:00:00Z
2026-01-24,MINE_CHIKLA_07,ZONE_CHK_01,Daily_Aggregate,310.0,297.9,12.1,43.9,14,Completed,0.0,2026-01-24T22:00:00Z
2026-01-24,MINE_CHIKLA_07,ZONE_CHK_02,Daily_Aggregate,270.0,266.3,3.7,42.8,12,Completed,0.0,2026-01-24T22:00:00Z
2026-01-24,MINE_CHIKLA_07,ZONE_CHK_03,Daily_Aggregate,170.0,173.8,0.0,40.1,8,Completed,0.0,2026-01-24T22:00:00Z
2026-01-24,MINE_UKWA_08,ZONE_UKW_01,Daily_Aggregate,330.0,342.7,0.0,40.4,16,Completed,0.0,2026-01-24T22:00:00Z
2026-01-24,MINE_UKWA_08,ZONE_UKW_02,Daily_Aggregate,290.0,276.0,14.0,39.6,13,Completed,0.0,2026-01-24T22:00:00Z
2026-01-24,MINE_UKWA_08,ZONE_UKW_03,Daily_Aggregate,190.0,185.9,4.1,40.5,8,Completed,0.0,2026-01-24T22:00:00Z
2026-01-25,MINE_GUMGAON_02,ZONE_GMG_01,Daily_Aggregate,220.0,210.8,9.2,40.2,10,Completed,0.0,2026-01-25T22:00:00Z
2026-01-25,MINE_GUMGAON_02,ZONE_GMG_02,Daily_Aggregate,260.0,260.1,0.0,43.4,12,Completed,0.0,2026-01-25T22:00:00Z
2026-01-25,MINE_GUMGAON_02,ZONE_GMG_03,Daily_Aggregate,180.0,186.3,0.0,40.7,8,Completed,0.0,2026-01-25T22:00:00Z
2026-01-25,MINE_TIRODI_03,ZONE_TRD_01,Daily_Aggregate,340.0,197.8,142.2,40.4,9,Completed,0.1,2026-01-25T22:00:00Z
2026-01-25,MINE_TIRODI_03,ZONE_TRD_02,Daily_Aggregate,380.0,396.8,0.0,39.6,18,Completed,0.0,2026-01-25T22:00:00Z
2026-01-25,MINE_TIRODI_03,ZONE_TRD_03,Daily_Aggregate,200.0,196.1,3.9,41.3,9,Completed,0.0,2026-01-25T22:00:00Z
2026-01-25,MINE_DONGRI_04,ZONE_DGB_01,Daily_Aggregate,480.0,487.2,0.0,42.1,22,Completed,0.0,2026-01-25T22:00:00Z
2026-01-25,MINE_DONGRI_04,ZONE_DGB_02,Daily_Aggregate,510.0,510.9,0.0,41.2,23,Completed,0.0,2026-01-25T22:00:00Z
2026-01-25,MINE_DONGRI_04,ZONE_DGB_03,Daily_Aggregate,240.0,237.7,2.3,42.0,11,Completed,0.0,2026-01-25T22:00:00Z
2026-01-25,MINE_DONGRI_04,ZONE_DGB_04,Daily_Aggregate,60.0,58.8,1.2,39.3,3,Completed,0.0,2026-01-25T22:00:00Z
2026-01-25,MINE_KANDRI_05,ZONE_KND_01,Daily_Aggregate,290.0,300.3,0.0,42.5,14,Completed,0.0,2026-01-25T22:00:00Z
2026-01-25,MINE_KANDRI_05,ZONE_KND_02,Daily_Aggregate,240.0,181.2,58.8,37.7,8,Postponed_Rain,2.3,2026-01-25T22:00:00Z
2026-01-25,MINE_KANDRI_05,ZONE_KND_03,Daily_Aggregate,150.0,148.5,1.5,40.1,7,Completed,0.0,2026-01-25T22:00:00Z
2026-01-25,MINE_MANSAR_06,ZONE_MSR_01,Daily_Aggregate,280.0,266.7,13.3,39.2,12,Completed,0.0,2026-01-25T22:00:00Z
2026-01-25,MINE_MANSAR_06,ZONE_MSR_02,Daily_Aggregate,230.0,220.9,9.1,43.3,10,Completed,0.0,2026-01-25T22:00:00Z
2026-01-25,MINE_MANSAR_06,ZONE_MSR_03,Daily_Aggregate,160.0,152.8,7.2,43.7,7,Completed,0.0,2026-01-25T22:00:00Z
2026-01-25,MINE_CHIKLA_07,ZONE_CHK_01,Daily_Aggregate,310.0,300.2,9.8,39.2,14,Completed,0.0,2026-01-25T22:00:00Z
2026-01-25,MINE_CHIKLA_07,ZONE_CHK_02,Daily_Aggregate,270.0,280.4,0.0,42.9,13,Completed,0.0,2026-01-25T22:00:00Z
2026-01-25,MINE_CHIKLA_07,ZONE_CHK_03,Daily_Aggregate,170.0,175.3,0.0,39.0,8,Completed,0.0,2026-01-25T22:00:00Z
2026-01-25,MINE_UKWA_08,ZONE_UKW_01,Daily_Aggregate,330.0,317.7,12.3,42.5,14,Completed,0.0,2026-01-25T22:00:00Z
2026-01-25,MINE_UKWA_08,ZONE_UKW_02,Daily_Aggregate,290.0,234.5,55.5,40.9,11,Delayed_Misfire,2.5,2026-01-25T22:00:00Z
2026-01-25,MINE_UKWA_08,ZONE_UKW_03,Daily_Aggregate,190.0,195.0,0.0,39.4,9,Completed,0.0,2026-01-25T22:00:00Z
2026-01-26,MINE_GUMGAON_02,ZONE_GMG_01,Daily_Aggregate,220.0,213.7,6.3,41.0,10,Completed,0.0,2026-01-26T22:00:00Z
2026-01-26,MINE_GUMGAON_02,ZONE_GMG_02,Daily_Aggregate,260.0,107.9,152.1,38.0,5,Suspended_Pit_Inundation,5.5,2026-01-26T22:00:00Z
2026-01-26,MINE_GUMGAON_02,ZONE_GMG_03,Daily_Aggregate,180.0,183.0,0.0,40.5,8,Completed,0.0,2026-01-26T22:00:00Z
2026-01-26,MINE_TIRODI_03,ZONE_TRD_01,Daily_Aggregate,340.0,352.8,0.0,41.9,16,Completed,0.0,2026-01-26T22:00:00Z
2026-01-26,MINE_TIRODI_03,ZONE_TRD_02,Daily_Aggregate,380.0,365.4,14.6,42.0,17,Completed,0.0,2026-01-26T22:00:00Z
2026-01-26,MINE_TIRODI_03,ZONE_TRD_03,Daily_Aggregate,200.0,204.4,0.0,40.7,9,Completed,0.0,2026-01-26T22:00:00Z
2026-01-26,MINE_DONGRI_04,ZONE_DGB_01,Daily_Aggregate,480.0,461.3,18.7,40.9,21,Completed,0.0,2026-01-26T22:00:00Z
2026-01-26,MINE_DONGRI_04,ZONE_DGB_02,Daily_Aggregate,510.0,507.6,2.4,40.2,23,Completed,0.0,2026-01-26T22:00:00Z
2026-01-26,MINE_DONGRI_04,ZONE_DGB_03,Daily_Aggregate,240.0,232.7,7.3,39.6,11,Completed,0.0,2026-01-26T22:00:00Z
2026-01-26,MINE_DONGRI_04,ZONE_DGB_04,Daily_Aggregate,60.0,62.6,0.0,41.6,3,Completed,0.0,2026-01-26T22:00:00Z
2026-01-26,MINE_KANDRI_05,ZONE_KND_01,Daily_Aggregate,290.0,287.2,2.8,39.7,13,Completed,0.0,2026-01-26T22:00:00Z
2026-01-26,MINE_KANDRI_05,ZONE_KND_02,Daily_Aggregate,240.0,232.3,7.7,43.2,11,Completed,0.0,2026-01-26T22:00:00Z
2026-01-26,MINE_KANDRI_05,ZONE_KND_03,Daily_Aggregate,150.0,150.1,0.0,42.6,7,Completed,0.0,2026-01-26T22:00:00Z
2026-01-26,MINE_MANSAR_06,ZONE_MSR_01,Daily_Aggregate,280.0,276.5,3.5,41.9,13,Completed,0.0,2026-01-26T22:00:00Z
2026-01-26,MINE_MANSAR_06,ZONE_MSR_02,Daily_Aggregate,230.0,220.1,9.9,40.4,10,Completed,0.0,2026-01-26T22:00:00Z
2026-01-26,MINE_MANSAR_06,ZONE_MSR_03,Daily_Aggregate,160.0,159.9,0.1,43.3,7,Completed,0.0,2026-01-26T22:00:00Z
2026-01-26,MINE_CHIKLA_07,ZONE_CHK_01,Daily_Aggregate,310.0,295.2,14.8,42.2,13,Completed,0.0,2026-01-26T22:00:00Z
2026-01-26,MINE_CHIKLA_07,ZONE_CHK_02,Daily_Aggregate,270.0,258.3,11.7,43.4,12,Completed,0.0,2026-01-26T22:00:00Z
2026-01-26,MINE_CHIKLA_07,ZONE_CHK_03,Daily_Aggregate,170.0,124.9,45.1,38.2,6,Postponed_Rain,2.0,2026-01-26T22:00:00Z
2026-01-26,MINE_UKWA_08,ZONE_UKW_01,Daily_Aggregate,330.0,318.7,11.3,41.4,14,Completed,0.0,2026-01-26T22:00:00Z
2026-01-26,MINE_UKWA_08,ZONE_UKW_02,Daily_Aggregate,290.0,290.3,0.0,40.3,13,Completed,0.0,2026-01-26T22:00:00Z
2026-01-26,MINE_UKWA_08,ZONE_UKW_03,Daily_Aggregate,190.0,198.3,0.0,41.2,9,Completed,0.0,2026-01-26T22:00:00Z
2026-01-27,MINE_GUMGAON_02,ZONE_GMG_01,Daily_Aggregate,220.0,158.2,61.8,37.2,7,Postponed_Rain,2.4,2026-01-27T22:00:00Z
2026-01-27,MINE_GUMGAON_02,ZONE_GMG_02,Daily_Aggregate,260.0,266.7,0.0,42.9,12,Completed,0.0,2026-01-27T22:00:00Z
2026-01-27,MINE_GUMGAON_02,ZONE_GMG_03,Daily_Aggregate,180.0,173.1,6.9,41.7,8,Completed,0.0,2026-01-27T22:00:00Z
2026-01-27,MINE_TIRODI_03,ZONE_TRD_01,Daily_Aggregate,340.0,325.3,14.7,39.8,15,Completed,0.0,2026-01-27T22:00:00Z
2026-01-27,MINE_TIRODI_03,ZONE_TRD_02,Daily_Aggregate,380.0,377.7,2.3,40.1,17,Completed,0.0,2026-01-27T22:00:00Z
2026-01-27,MINE_TIRODI_03,ZONE_TRD_03,Daily_Aggregate,200.0,145.8,54.2,38.8,7,Postponed_Rain,2.7,2026-01-27T22:00:00Z
2026-01-27,MINE_DONGRI_04,ZONE_DGB_01,Daily_Aggregate,480.0,470.0,10.0,42.5,21,Completed,0.0,2026-01-27T22:00:00Z
2026-01-27,MINE_DONGRI_04,ZONE_DGB_02,Daily_Aggregate,510.0,496.5,13.5,43.9,23,Completed,0.0,2026-01-27T22:00:00Z
2026-01-27,MINE_DONGRI_04,ZONE_DGB_03,Daily_Aggregate,240.0,243.4,0.0,42.2,11,Completed,0.0,2026-01-27T22:00:00Z
2026-01-27,MINE_DONGRI_04,ZONE_DGB_04,Daily_Aggregate,60.0,48.2,11.8,38.7,2,Postponed_Rain,1.7,2026-01-27T22:00:00Z
2026-01-27,MINE_KANDRI_05,ZONE_KND_01,Daily_Aggregate,290.0,283.8,6.2,43.1,13,Completed,0.0,2026-01-27T22:00:00Z
2026-01-27,MINE_KANDRI_05,ZONE_KND_02,Daily_Aggregate,240.0,167.3,72.7,39.5,8,Postponed_Rain,3.0,2026-01-27T22:00:00Z
2026-01-27,MINE_KANDRI_05,ZONE_KND_03,Daily_Aggregate,150.0,149.1,0.9,41.3,7,Completed,0.0,2026-01-27T22:00:00Z
2026-01-27,MINE_MANSAR_06,ZONE_MSR_01,Daily_Aggregate,280.0,216.5,63.5,39.9,10,Postponed_Rain,2.7,2026-01-27T22:00:00Z
2026-01-27,MINE_MANSAR_06,ZONE_MSR_02,Daily_Aggregate,230.0,228.7,1.3,39.3,10,Completed,0.0,2026-01-27T22:00:00Z
2026-01-27,MINE_MANSAR_06,ZONE_MSR_03,Daily_Aggregate,160.0,162.2,0.0,40.7,7,Completed,0.0,2026-01-27T22:00:00Z
2026-01-27,MINE_CHIKLA_07,ZONE_CHK_01,Daily_Aggregate,310.0,325.2,0.0,39.4,15,Completed,0.0,2026-01-27T22:00:00Z
2026-01-27,MINE_CHIKLA_07,ZONE_CHK_02,Daily_Aggregate,270.0,277.5,0.0,40.3,13,Completed,0.0,2026-01-27T22:00:00Z
2026-01-27,MINE_CHIKLA_07,ZONE_CHK_03,Daily_Aggregate,170.0,164.4,5.6,40.8,7,Completed,0.0,2026-01-27T22:00:00Z
2026-01-27,MINE_UKWA_08,ZONE_UKW_01,Daily_Aggregate,330.0,334.6,0.0,41.9,15,Completed,0.0,2026-01-27T22:00:00Z
2026-01-27,MINE_UKWA_08,ZONE_UKW_02,Daily_Aggregate,290.0,286.6,3.4,42.5,13,Completed,0.0,2026-01-27T22:00:00Z
2026-01-27,MINE_UKWA_08,ZONE_UKW_03,Daily_Aggregate,190.0,187.5,2.5,40.7,9,Completed,0.0,2026-01-27T22:00:00Z
2026-01-28,MINE_GUMGAON_02,ZONE_GMG_01,Daily_Aggregate,220.0,222.8,0.0,40.6,10,Completed,0.0,2026-01-28T22:00:00Z
2026-01-28,MINE_GUMGAON_02,ZONE_GMG_02,Daily_Aggregate,260.0,172.8,87.2,40.7,8,Completed,0.3,2026-01-28T22:00:00Z
2026-01-28,MINE_GUMGAON_02,ZONE_GMG_03,Daily_Aggregate,180.0,173.8,6.2,42.3,8,Completed,0.0,2026-01-28T22:00:00Z
2026-01-28,MINE_TIRODI_03,ZONE_TRD_01,Daily_Aggregate,340.0,328.3,11.7,43.4,15,Completed,0.0,2026-01-28T22:00:00Z
2026-01-28,MINE_TIRODI_03,ZONE_TRD_02,Daily_Aggregate,380.0,377.6,2.4,39.8,17,Completed,0.0,2026-01-28T22:00:00Z
2026-01-28,MINE_TIRODI_03,ZONE_TRD_03,Daily_Aggregate,200.0,205.6,0.0,39.1,9,Completed,0.0,2026-01-28T22:00:00Z
2026-01-28,MINE_DONGRI_04,ZONE_DGB_01,Daily_Aggregate,480.0,469.2,10.8,39.0,21,Completed,0.0,2026-01-28T22:00:00Z
2026-01-28,MINE_DONGRI_04,ZONE_DGB_02,Daily_Aggregate,510.0,513.6,0.0,39.2,23,Completed,0.0,2026-01-28T22:00:00Z
2026-01-28,MINE_DONGRI_04,ZONE_DGB_03,Daily_Aggregate,240.0,236.2,3.8,42.6,11,Completed,0.0,2026-01-28T22:00:00Z
2026-01-28,MINE_DONGRI_04,ZONE_DGB_04,Daily_Aggregate,60.0,49.9,10.1,39.1,2,Delayed_Misfire,2.2,2026-01-28T22:00:00Z
2026-01-28,MINE_KANDRI_05,ZONE_KND_01,Daily_Aggregate,290.0,276.9,13.1,41.1,13,Completed,0.0,2026-01-28T22:00:00Z
2026-01-28,MINE_KANDRI_05,ZONE_KND_02,Daily_Aggregate,240.0,183.8,56.2,38.2,8,Delayed_Misfire,2.7,2026-01-28T22:00:00Z
2026-01-28,MINE_KANDRI_05,ZONE_KND_03,Daily_Aggregate,150.0,144.9,5.1,39.6,7,Completed,0.0,2026-01-28T22:00:00Z
2026-01-28,MINE_MANSAR_06,ZONE_MSR_01,Daily_Aggregate,280.0,276.9,3.1,43.2,13,Completed,0.0,2026-01-28T22:00:00Z
2026-01-28,MINE_MANSAR_06,ZONE_MSR_02,Daily_Aggregate,230.0,236.7,0.0,39.3,11,Completed,0.0,2026-01-28T22:00:00Z
2026-01-28,MINE_MANSAR_06,ZONE_MSR_03,Daily_Aggregate,160.0,158.8,1.2,40.7,7,Completed,0.0,2026-01-28T22:00:00Z
2026-01-28,MINE_CHIKLA_07,ZONE_CHK_01,Daily_Aggregate,310.0,312.1,0.0,43.6,14,Completed,0.0,2026-01-28T22:00:00Z
2026-01-28,MINE_CHIKLA_07,ZONE_CHK_02,Daily_Aggregate,270.0,276.0,0.0,43.9,13,Completed,0.0,2026-01-28T22:00:00Z
2026-01-28,MINE_CHIKLA_07,ZONE_CHK_03,Daily_Aggregate,170.0,132.3,37.7,39.4,6,Delayed_Misfire,2.5,2026-01-28T22:00:00Z
2026-01-28,MINE_UKWA_08,ZONE_UKW_01,Daily_Aggregate,330.0,321.8,8.2,43.5,15,Completed,0.0,2026-01-28T22:00:00Z
2026-01-28,MINE_UKWA_08,ZONE_UKW_02,Daily_Aggregate,290.0,301.8,0.0,39.1,14,Completed,0.0,2026-01-28T22:00:00Z
2026-01-28,MINE_UKWA_08,ZONE_UKW_03,Daily_Aggregate,190.0,197.4,0.0,39.9,9,Completed,0.0,2026-01-28T22:00:00Z
2026-01-29,MINE_GUMGAON_02,ZONE_GMG_01,Daily_Aggregate,220.0,217.3,2.7,41.0,10,Completed,0.0,2026-01-29T22:00:00Z
2026-01-29,MINE_GUMGAON_02,ZONE_GMG_02,Daily_Aggregate,260.0,248.5,11.5,42.9,11,Completed,0.0,2026-01-29T22:00:00Z
2026-01-29,MINE_GUMGAON_02,ZONE_GMG_03,Daily_Aggregate,180.0,188.0,0.0,39.5,9,Completed,0.0,2026-01-29T22:00:00Z
2026-01-29,MINE_TIRODI_03,ZONE_TRD_01,Daily_Aggregate,340.0,346.7,0.0,43.2,16,Completed,0.0,2026-01-29T22:00:00Z
2026-01-29,MINE_TIRODI_03,ZONE_TRD_02,Daily_Aggregate,380.0,383.9,0.0,41.4,17,Completed,0.0,2026-01-29T22:00:00Z
2026-01-29,MINE_TIRODI_03,ZONE_TRD_03,Daily_Aggregate,200.0,160.3,39.7,38.3,7,Postponed_Rain,2.3,2026-01-29T22:00:00Z
2026-01-29,MINE_DONGRI_04,ZONE_DGB_01,Daily_Aggregate,480.0,467.2,12.8,43.7,21,Completed,0.0,2026-01-29T22:00:00Z
2026-01-29,MINE_DONGRI_04,ZONE_DGB_02,Daily_Aggregate,510.0,495.3,14.7,43.5,23,Completed,0.0,2026-01-29T22:00:00Z
2026-01-29,MINE_DONGRI_04,ZONE_DGB_03,Daily_Aggregate,240.0,239.9,0.1,39.2,11,Completed,0.0,2026-01-29T22:00:00Z
2026-01-29,MINE_DONGRI_04,ZONE_DGB_04,Daily_Aggregate,60.0,57.5,2.5,42.4,3,Completed,0.0,2026-01-29T22:00:00Z
2026-01-29,MINE_KANDRI_05,ZONE_KND_01,Daily_Aggregate,290.0,222.9,67.1,40.2,10,Delayed_Misfire,2.3,2026-01-29T22:00:00Z
2026-01-29,MINE_KANDRI_05,ZONE_KND_02,Daily_Aggregate,240.0,250.3,0.0,42.0,11,Completed,0.0,2026-01-29T22:00:00Z
2026-01-29,MINE_KANDRI_05,ZONE_KND_03,Daily_Aggregate,150.0,150.1,0.0,40.0,7,Completed,0.0,2026-01-29T22:00:00Z
2026-01-29,MINE_MANSAR_06,ZONE_MSR_01,Daily_Aggregate,280.0,292.1,0.0,39.8,13,Completed,0.0,2026-01-29T22:00:00Z
2026-01-29,MINE_MANSAR_06,ZONE_MSR_02,Daily_Aggregate,230.0,219.3,10.7,41.4,10,Completed,0.0,2026-01-29T22:00:00Z
2026-01-29,MINE_MANSAR_06,ZONE_MSR_03,Daily_Aggregate,160.0,166.2,0.0,42.2,8,Completed,0.0,2026-01-29T22:00:00Z
2026-01-29,MINE_CHIKLA_07,ZONE_CHK_01,Daily_Aggregate,310.0,310.9,0.0,43.8,14,Completed,0.0,2026-01-29T22:00:00Z
2026-01-29,MINE_CHIKLA_07,ZONE_CHK_02,Daily_Aggregate,270.0,195.9,74.1,38.6,9,Completed,0.5,2026-01-29T22:00:00Z
2026-01-29,MINE_CHIKLA_07,ZONE_CHK_03,Daily_Aggregate,170.0,165.0,5.0,42.3,8,Completed,0.0,2026-01-29T22:00:00Z
2026-01-29,MINE_UKWA_08,ZONE_UKW_01,Daily_Aggregate,330.0,344.3,0.0,39.8,16,Completed,0.0,2026-01-29T22:00:00Z
2026-01-29,MINE_UKWA_08,ZONE_UKW_02,Daily_Aggregate,290.0,282.0,8.0,43.6,13,Completed,0.0,2026-01-29T22:00:00Z
2026-01-29,MINE_UKWA_08,ZONE_UKW_03,Daily_Aggregate,190.0,184.5,5.5,41.5,8,Completed,0.0,2026-01-29T22:00:00Z
2026-01-30,MINE_GUMGAON_02,ZONE_GMG_01,Daily_Aggregate,220.0,215.3,4.7,41.6,10,Completed,0.0,2026-01-30T22:00:00Z
2026-01-30,MINE_GUMGAON_02,ZONE_GMG_02,Daily_Aggregate,260.0,264.0,0.0,42.1,12,Completed,0.0,2026-01-30T22:00:00Z
2026-01-30,MINE_GUMGAON_02,ZONE_GMG_03,Daily_Aggregate,180.0,180.9,0.0,42.0,8,Completed,0.0,2026-01-30T22:00:00Z
2026-01-30,MINE_TIRODI_03,ZONE_TRD_01,Daily_Aggregate,340.0,336.9,3.1,40.4,15,Completed,0.0,2026-01-30T22:00:00Z
2026-01-30,MINE_TIRODI_03,ZONE_TRD_02,Daily_Aggregate,380.0,396.5,0.0,39.8,18,Completed,0.0,2026-01-30T22:00:00Z
2026-01-30,MINE_TIRODI_03,ZONE_TRD_03,Daily_Aggregate,200.0,204.5,0.0,40.8,9,Completed,0.0,2026-01-30T22:00:00Z
2026-01-30,MINE_DONGRI_04,ZONE_DGB_01,Daily_Aggregate,480.0,462.2,17.8,41.9,21,Completed,0.0,2026-01-30T22:00:00Z
2026-01-30,MINE_DONGRI_04,ZONE_DGB_02,Daily_Aggregate,510.0,514.5,0.0,41.3,23,Completed,0.0,2026-01-30T22:00:00Z
2026-01-30,MINE_DONGRI_04,ZONE_DGB_03,Daily_Aggregate,240.0,249.3,0.0,40.5,11,Completed,0.0,2026-01-30T22:00:00Z
2026-01-30,MINE_DONGRI_04,ZONE_DGB_04,Daily_Aggregate,60.0,61.4,0.0,42.1,3,Completed,0.0,2026-01-30T22:00:00Z
2026-01-30,MINE_KANDRI_05,ZONE_KND_01,Daily_Aggregate,290.0,276.5,13.5,41.4,13,Completed,0.0,2026-01-30T22:00:00Z
2026-01-30,MINE_KANDRI_05,ZONE_KND_02,Daily_Aggregate,240.0,229.2,10.8,43.8,10,Completed,0.0,2026-01-30T22:00:00Z
2026-01-30,MINE_KANDRI_05,ZONE_KND_03,Daily_Aggregate,150.0,105.3,44.7,42.9,5,Completed,0.6,2026-01-30T22:00:00Z
2026-01-30,MINE_MANSAR_06,ZONE_MSR_01,Daily_Aggregate,280.0,268.3,11.7,42.7,12,Completed,0.0,2026-01-30T22:00:00Z
2026-01-30,MINE_MANSAR_06,ZONE_MSR_02,Daily_Aggregate,230.0,159.9,70.1,40.5,7,Postponed_Rain,2.5,2026-01-30T22:00:00Z
2026-01-30,MINE_MANSAR_06,ZONE_MSR_03,Daily_Aggregate,160.0,162.6,0.0,41.3,7,Completed,0.0,2026-01-30T22:00:00Z
2026-01-30,MINE_CHIKLA_07,ZONE_CHK_01,Daily_Aggregate,310.0,194.0,116.0,40.1,9,Completed,0.2,2026-01-30T22:00:00Z
2026-01-30,MINE_CHIKLA_07,ZONE_CHK_02,Daily_Aggregate,270.0,183.2,86.8,40.3,8,Postponed_Rain,3.4,2026-01-30T22:00:00Z
2026-01-30,MINE_CHIKLA_07,ZONE_CHK_03,Daily_Aggregate,170.0,191.5,0.0,43.7,9,Completed,0.0,2026-01-30T22:00:00Z
2026-01-30,MINE_UKWA_08,ZONE_UKW_01,Daily_Aggregate,330.0,269.6,60.4,37.0,12,Postponed_Rain,3.1,2026-01-30T22:00:00Z
2026-01-30,MINE_UKWA_08,ZONE_UKW_02,Daily_Aggregate,290.0,301.5,0.0,40.8,14,Completed,0.0,2026-01-30T22:00:00Z
2026-01-30,MINE_UKWA_08,ZONE_UKW_03,Daily_Aggregate,190.0,191.6,0.0,39.2,9,Completed,0.0,2026-01-30T22:00:00Z
2026-01-31,MINE_GUMGAON_02,ZONE_GMG_01,Daily_Aggregate,220.0,225.6,0.0,42.7,10,Completed,0.0,2026-01-31T22:00:00Z
2026-01-31,MINE_GUMGAON_02,ZONE_GMG_02,Daily_Aggregate,260.0,251.8,8.2,41.0,11,Completed,0.0,2026-01-31T22:00:00Z
2026-01-31,MINE_GUMGAON_02,ZONE_GMG_03,Daily_Aggregate,180.0,184.7,0.0,39.4,8,Completed,0.0,2026-01-31T22:00:00Z
2026-01-31,MINE_TIRODI_03,ZONE_TRD_01,Daily_Aggregate,340.0,334.5,5.5,39.9,15,Completed,0.0,2026-01-31T22:00:00Z
2026-01-31,MINE_TIRODI_03,ZONE_TRD_02,Daily_Aggregate,380.0,367.5,12.5,41.3,17,Completed,0.0,2026-01-31T22:00:00Z
2026-01-31,MINE_TIRODI_03,ZONE_TRD_03,Daily_Aggregate,200.0,149.8,50.2,38.2,7,Postponed_Rain,2.3,2026-01-31T22:00:00Z
2026-01-31,MINE_DONGRI_04,ZONE_DGB_01,Daily_Aggregate,480.0,463.0,17.0,43.4,21,Completed,0.0,2026-01-31T22:00:00Z
2026-01-31,MINE_DONGRI_04,ZONE_DGB_02,Daily_Aggregate,510.0,531.6,0.0,40.2,24,Completed,0.0,2026-01-31T22:00:00Z
2026-01-31,MINE_DONGRI_04,ZONE_DGB_03,Daily_Aggregate,240.0,241.2,0.0,40.7,11,Completed,0.0,2026-01-31T22:00:00Z
2026-01-31,MINE_DONGRI_04,ZONE_DGB_04,Daily_Aggregate,60.0,46.3,13.7,40.4,2,Completed,0.4,2026-01-31T22:00:00Z
2026-01-31,MINE_KANDRI_05,ZONE_KND_01,Daily_Aggregate,290.0,289.6,0.4,39.8,13,Completed,0.0,2026-01-31T22:00:00Z
2026-01-31,MINE_KANDRI_05,ZONE_KND_02,Daily_Aggregate,240.0,249.9,0.0,40.8,11,Completed,0.0,2026-01-31T22:00:00Z
2026-01-31,MINE_KANDRI_05,ZONE_KND_03,Daily_Aggregate,150.0,154.8,0.0,43.9,7,Completed,0.0,2026-01-31T22:00:00Z
2026-01-31,MINE_MANSAR_06,ZONE_MSR_01,Daily_Aggregate,280.0,182.1,97.9,40.9,8,Completed,0.0,2026-01-31T22:00:00Z
2026-01-31,MINE_MANSAR_06,ZONE_MSR_02,Daily_Aggregate,230.0,241.4,0.0,40.4,11,Completed,0.0,2026-01-31T22:00:00Z
2026-01-31,MINE_MANSAR_06,ZONE_MSR_03,Daily_Aggregate,160.0,163.7,0.0,43.0,7,Completed,0.0,2026-01-31T22:00:00Z
2026-01-31,MINE_CHIKLA_07,ZONE_CHK_01,Daily_Aggregate,310.0,301.3,8.7,43.3,14,Completed,0.0,2026-01-31T22:00:00Z
2026-01-31,MINE_CHIKLA_07,ZONE_CHK_02,Daily_Aggregate,270.0,279.0,0.0,41.9,13,Completed,0.0,2026-01-31T22:00:00Z
2026-01-31,MINE_CHIKLA_07,ZONE_CHK_03,Daily_Aggregate,170.0,109.7,60.3,41.2,5,Completed,0.4,2026-01-31T22:00:00Z
2026-01-31,MINE_UKWA_08,ZONE_UKW_01,Daily_Aggregate,330.0,344.7,0.0,41.4,16,Completed,0.0,2026-01-31T22:00:00Z
2026-01-31,MINE_UKWA_08,ZONE_UKW_02,Daily_Aggregate,290.0,285.2,4.8,39.3,13,Completed,0.0,2026-01-31T22:00:00Z
2026-01-31,MINE_UKWA_08,ZONE_UKW_03,Daily_Aggregate,190.0,195.9,0.0,41.4,9,Completed,0.0,2026-01-31T22:00:00Z
2026-02-01,MINE_GUMGAON_02,ZONE_GMG_01,Daily_Aggregate,220.0,222.6,0.0,42.5,10,Completed,0.0,2026-02-01T22:00:00Z
2026-02-01,MINE_GUMGAON_02,ZONE_GMG_02,Daily_Aggregate,260.0,247.4,12.6,41.4,11,Completed,0.0,2026-02-01T22:00:00Z
2026-02-01,MINE_GUMGAON_02,ZONE_GMG_03,Daily_Aggregate,180.0,173.8,6.2,39.2,8,Completed,0.0,2026-02-01T22:00:00Z
2026-02-01,MINE_TIRODI_03,ZONE_TRD_01,Daily_Aggregate,340.0,222.4,117.6,38.7,10,Completed,0.1,2026-02-01T22:00:00Z
2026-02-01,MINE_TIRODI_03,ZONE_TRD_02,Daily_Aggregate,380.0,391.6,0.0,40.4,18,Completed,0.0,2026-02-01T22:00:00Z
2026-02-01,MINE_TIRODI_03,ZONE_TRD_03,Daily_Aggregate,200.0,147.0,53.0,39.3,7,Postponed_Rain,2.6,2026-02-01T22:00:00Z
2026-02-01,MINE_DONGRI_04,ZONE_DGB_01,Daily_Aggregate,480.0,488.9,0.0,43.9,22,Completed,0.0,2026-02-01T22:00:00Z
2026-02-01,MINE_DONGRI_04,ZONE_DGB_02,Daily_Aggregate,510.0,516.2,0.0,43.4,23,Completed,0.0,2026-02-01T22:00:00Z
2026-02-01,MINE_DONGRI_04,ZONE_DGB_03,Daily_Aggregate,240.0,231.8,8.2,43.1,11,Completed,0.0,2026-02-01T22:00:00Z
2026-02-01,MINE_DONGRI_04,ZONE_DGB_04,Daily_Aggregate,60.0,57.8,2.2,40.2,3,Completed,0.0,2026-02-01T22:00:00Z
2026-02-01,MINE_KANDRI_05,ZONE_KND_01,Daily_Aggregate,290.0,282.6,7.4,41.0,13,Completed,0.0,2026-02-01T22:00:00Z
2026-02-01,MINE_KANDRI_05,ZONE_KND_02,Daily_Aggregate,240.0,251.2,0.0,40.1,11,Completed,0.0,2026-02-01T22:00:00Z
2026-02-01,MINE_KANDRI_05,ZONE_KND_03,Daily_Aggregate,150.0,98.3,51.7,40.2,4,Postponed_Rain,2.4,2026-02-01T22:00:00Z
2026-02-01,MINE_MANSAR_06,ZONE_MSR_01,Daily_Aggregate,280.0,287.9,0.0,42.1,13,Completed,0.0,2026-02-01T22:00:00Z
2026-02-01,MINE_MANSAR_06,ZONE_MSR_02,Daily_Aggregate,230.0,230.1,0.0,42.2,10,Completed,0.0,2026-02-01T22:00:00Z
2026-02-01,MINE_MANSAR_06,ZONE_MSR_03,Daily_Aggregate,160.0,166.7,0.0,42.3,8,Completed,0.0,2026-02-01T22:00:00Z
2026-02-01,MINE_CHIKLA_07,ZONE_CHK_01,Daily_Aggregate,310.0,319.3,0.0,43.1,15,Completed,0.0,2026-02-01T22:00:00Z
2026-02-01,MINE_CHIKLA_07,ZONE_CHK_02,Daily_Aggregate,270.0,270.9,0.0,42.6,12,Completed,0.0,2026-02-01T22:00:00Z
2026-02-01,MINE_CHIKLA_07,ZONE_CHK_03,Daily_Aggregate,170.0,172.1,0.0,40.2,8,Completed,0.0,2026-02-01T22:00:00Z
2026-02-01,MINE_UKWA_08,ZONE_UKW_01,Daily_Aggregate,330.0,327.9,2.1,44.0,15,Completed,0.0,2026-02-01T22:00:00Z
2026-02-01,MINE_UKWA_08,ZONE_UKW_02,Daily_Aggregate,290.0,204.7,85.3,38.9,9,Postponed_Rain,1.8,2026-02-01T22:00:00Z
2026-02-01,MINE_UKWA_08,ZONE_UKW_03,Daily_Aggregate,190.0,183.1,6.9,41.4,8,Completed,0.0,2026-02-01T22:00:00Z
2026-02-02,MINE_GUMGAON_02,ZONE_GMG_01,Daily_Aggregate,220.0,168.8,51.2,38.9,8,Postponed_Rain,2.9,2026-02-02T22:00:00Z
2026-02-02,MINE_GUMGAON_02,ZONE_GMG_02,Daily_Aggregate,260.0,250.8,9.2,43.0,11,Completed,0.0,2026-02-02T22:00:00Z
2026-02-02,MINE_GUMGAON_02,ZONE_GMG_03,Daily_Aggregate,180.0,201.7,0.0,42.3,9,Completed,0.0,2026-02-02T22:00:00Z
2026-02-02,MINE_TIRODI_03,ZONE_TRD_01,Daily_Aggregate,340.0,243.7,96.3,37.8,11,Postponed_Rain,3.2,2026-02-02T22:00:00Z
2026-02-02,MINE_TIRODI_03,ZONE_TRD_02,Daily_Aggregate,380.0,258.5,121.5,39.3,12,Completed,0.9,2026-02-02T22:00:00Z
2026-02-02,MINE_TIRODI_03,ZONE_TRD_03,Daily_Aggregate,200.0,204.1,0.0,41.0,9,Completed,0.0,2026-02-02T22:00:00Z
2026-02-02,MINE_DONGRI_04,ZONE_DGB_01,Daily_Aggregate,480.0,392.7,87.3,38.7,18,Postponed_Rain,3.1,2026-02-02T22:00:00Z
2026-02-02,MINE_DONGRI_04,ZONE_DGB_02,Daily_Aggregate,510.0,493.3,16.7,43.8,22,Completed,0.0,2026-02-02T22:00:00Z
2026-02-02,MINE_DONGRI_04,ZONE_DGB_03,Daily_Aggregate,240.0,175.2,64.8,39.1,8,Completed,0.9,2026-02-02T22:00:00Z
2026-02-02,MINE_DONGRI_04,ZONE_DGB_04,Daily_Aggregate,60.0,59.6,0.4,42.6,3,Completed,0.0,2026-02-02T22:00:00Z
2026-02-02,MINE_KANDRI_05,ZONE_KND_01,Daily_Aggregate,290.0,244.3,45.7,39.3,11,Delayed_Misfire,3.7,2026-02-02T22:00:00Z
2026-02-02,MINE_KANDRI_05,ZONE_KND_02,Daily_Aggregate,240.0,241.8,0.0,41.0,11,Completed,0.0,2026-02-02T22:00:00Z
2026-02-02,MINE_KANDRI_05,ZONE_KND_03,Daily_Aggregate,150.0,156.9,0.0,39.3,7,Completed,0.0,2026-02-02T22:00:00Z
2026-02-02,MINE_MANSAR_06,ZONE_MSR_01,Daily_Aggregate,280.0,280.3,0.0,40.1,13,Completed,0.0,2026-02-02T22:00:00Z
2026-02-02,MINE_MANSAR_06,ZONE_MSR_02,Daily_Aggregate,230.0,161.3,68.7,39.0,7,Completed,0.5,2026-02-02T22:00:00Z
2026-02-02,MINE_MANSAR_06,ZONE_MSR_03,Daily_Aggregate,160.0,161.3,0.0,39.4,7,Completed,0.0,2026-02-02T22:00:00Z
2026-02-02,MINE_CHIKLA_07,ZONE_CHK_01,Daily_Aggregate,310.0,306.9,3.1,43.6,14,Completed,0.0,2026-02-02T22:00:00Z
2026-02-02,MINE_CHIKLA_07,ZONE_CHK_02,Daily_Aggregate,270.0,196.6,73.4,40.2,9,Completed,0.9,2026-02-02T22:00:00Z
2026-02-02,MINE_CHIKLA_07,ZONE_CHK_03,Daily_Aggregate,170.0,176.1,0.0,40.7,8,Completed,0.0,2026-02-02T22:00:00Z
2026-02-02,MINE_UKWA_08,ZONE_UKW_01,Daily_Aggregate,330.0,186.3,143.7,42.4,8,Completed,0.4,2026-02-02T22:00:00Z
2026-02-02,MINE_UKWA_08,ZONE_UKW_02,Daily_Aggregate,290.0,202.8,87.2,41.1,9,Completed,0.4,2026-02-02T22:00:00Z
2026-02-02,MINE_UKWA_08,ZONE_UKW_03,Daily_Aggregate,190.0,149.5,40.5,40.4,7,Delayed_Misfire,3.9,2026-02-02T22:00:00Z
2026-02-03,MINE_GUMGAON_02,ZONE_GMG_01,Daily_Aggregate,220.0,253.0,0.0,42.8,12,Completed,0.0,2026-02-03T22:00:00Z
2026-02-03,MINE_GUMGAON_02,ZONE_GMG_02,Daily_Aggregate,260.0,251.8,8.2,40.0,11,Completed,0.0,2026-02-03T22:00:00Z
2026-02-03,MINE_GUMGAON_02,ZONE_GMG_03,Daily_Aggregate,180.0,176.5,3.5,42.5,8,Completed,0.0,2026-02-03T22:00:00Z
2026-02-03,MINE_TIRODI_03,ZONE_TRD_01,Daily_Aggregate,340.0,241.1,98.9,38.2,11,Postponed_Rain,1.7,2026-02-03T22:00:00Z
2026-02-03,MINE_TIRODI_03,ZONE_TRD_02,Daily_Aggregate,380.0,361.2,18.8,40.3,16,Completed,0.0,2026-02-03T22:00:00Z
2026-02-03,MINE_TIRODI_03,ZONE_TRD_03,Daily_Aggregate,200.0,121.6,78.4,41.0,6,Completed,0.2,2026-02-03T22:00:00Z
2026-02-03,MINE_DONGRI_04,ZONE_DGB_01,Daily_Aggregate,480.0,281.1,198.9,40.5,13,Completed,0.2,2026-02-03T22:00:00Z
2026-02-03,MINE_DONGRI_04,ZONE_DGB_02,Daily_Aggregate,510.0,498.4,11.6,43.5,23,Completed,0.0,2026-02-03T22:00:00Z
2026-02-03,MINE_DONGRI_04,ZONE_DGB_03,Daily_Aggregate,240.0,231.5,8.5,43.3,11,Completed,0.0,2026-02-03T22:00:00Z
2026-02-03,MINE_DONGRI_04,ZONE_DGB_04,Daily_Aggregate,60.0,57.8,2.2,42.2,3,Completed,0.0,2026-02-03T22:00:00Z
2026-02-03,MINE_KANDRI_05,ZONE_KND_01,Daily_Aggregate,290.0,227.6,62.4,37.8,10,Postponed_Rain,3.2,2026-02-03T22:00:00Z
2026-02-03,MINE_KANDRI_05,ZONE_KND_02,Daily_Aggregate,240.0,244.0,0.0,43.4,11,Completed,0.0,2026-02-03T22:00:00Z
2026-02-03,MINE_KANDRI_05,ZONE_KND_03,Daily_Aggregate,150.0,142.9,7.1,40.2,6,Completed,0.0,2026-02-03T22:00:00Z
2026-02-03,MINE_MANSAR_06,ZONE_MSR_01,Daily_Aggregate,280.0,268.9,11.1,40.6,12,Completed,0.0,2026-02-03T22:00:00Z
2026-02-03,MINE_MANSAR_06,ZONE_MSR_02,Daily_Aggregate,230.0,222.6,7.4,43.6,10,Completed,0.0,2026-02-03T22:00:00Z
2026-02-03,MINE_MANSAR_06,ZONE_MSR_03,Daily_Aggregate,160.0,163.7,0.0,40.6,7,Completed,0.0,2026-02-03T22:00:00Z
2026-02-03,MINE_CHIKLA_07,ZONE_CHK_01,Daily_Aggregate,310.0,300.9,9.1,39.8,14,Completed,0.0,2026-02-03T22:00:00Z
2026-02-03,MINE_CHIKLA_07,ZONE_CHK_02,Daily_Aggregate,270.0,264.6,5.4,40.0,12,Completed,0.0,2026-02-03T22:00:00Z
2026-02-03,MINE_CHIKLA_07,ZONE_CHK_03,Daily_Aggregate,170.0,121.2,48.8,40.6,6,Delayed_Misfire,2.4,2026-02-03T22:00:00Z
2026-02-03,MINE_UKWA_08,ZONE_UKW_01,Daily_Aggregate,330.0,346.0,0.0,42.5,16,Completed,0.0,2026-02-03T22:00:00Z
2026-02-03,MINE_UKWA_08,ZONE_UKW_02,Daily_Aggregate,290.0,316.4,0.0,42.8,14,Completed,0.0,2026-02-03T22:00:00Z
2026-02-03,MINE_UKWA_08,ZONE_UKW_03,Daily_Aggregate,190.0,193.3,0.0,42.2,9,Completed,0.0,2026-02-03T22:00:00Z
2026-02-04,MINE_GUMGAON_02,ZONE_GMG_01,Daily_Aggregate,220.0,231.0,0.0,40.2,10,Completed,0.0,2026-02-04T22:00:00Z
2026-02-04,MINE_GUMGAON_02,ZONE_GMG_02,Daily_Aggregate,260.0,202.6,57.4,39.5,9,Postponed_Rain,2.0,2026-02-04T22:00:00Z
2026-02-04,MINE_GUMGAON_02,ZONE_GMG_03,Daily_Aggregate,180.0,186.7,0.0,43.3,8,Completed,0.0,2026-02-04T22:00:00Z
2026-02-04,MINE_TIRODI_03,ZONE_TRD_01,Daily_Aggregate,340.0,354.9,0.0,42.2,16,Completed,0.0,2026-02-04T22:00:00Z
2026-02-04,MINE_TIRODI_03,ZONE_TRD_02,Daily_Aggregate,380.0,275.5,104.5,39.9,13,Delayed_Misfire,2.6,2026-02-04T22:00:00Z
2026-02-04,MINE_TIRODI_03,ZONE_TRD_03,Daily_Aggregate,200.0,201.4,0.0,39.7,9,Completed,0.0,2026-02-04T22:00:00Z
2026-02-04,MINE_DONGRI_04,ZONE_DGB_01,Daily_Aggregate,480.0,457.6,22.4,43.6,21,Completed,0.0,2026-02-04T22:00:00Z
2026-02-04,MINE_DONGRI_04,ZONE_DGB_02,Daily_Aggregate,510.0,532.8,0.0,42.0,24,Completed,0.0,2026-02-04T22:00:00Z
2026-02-04,MINE_DONGRI_04,ZONE_DGB_03,Daily_Aggregate,240.0,236.2,3.8,41.8,11,Completed,0.0,2026-02-04T22:00:00Z
2026-02-04,MINE_DONGRI_04,ZONE_DGB_04,Daily_Aggregate,60.0,62.6,0.0,43.7,3,Completed,0.0,2026-02-04T22:00:00Z
2026-02-04,MINE_KANDRI_05,ZONE_KND_01,Daily_Aggregate,290.0,278.9,11.1,41.8,13,Completed,0.0,2026-02-04T22:00:00Z
2026-02-04,MINE_KANDRI_05,ZONE_KND_02,Daily_Aggregate,240.0,244.5,0.0,39.5,11,Completed,0.0,2026-02-04T22:00:00Z
2026-02-04,MINE_KANDRI_05,ZONE_KND_03,Daily_Aggregate,150.0,152.2,0.0,43.9,7,Completed,0.0,2026-02-04T22:00:00Z
2026-02-04,MINE_MANSAR_06,ZONE_MSR_01,Daily_Aggregate,280.0,270.9,9.1,43.7,12,Completed,0.0,2026-02-04T22:00:00Z
2026-02-04,MINE_MANSAR_06,ZONE_MSR_02,Daily_Aggregate,230.0,223.0,7.0,43.6,10,Completed,0.0,2026-02-04T22:00:00Z
2026-02-04,MINE_MANSAR_06,ZONE_MSR_03,Daily_Aggregate,160.0,163.7,0.0,40.7,7,Completed,0.0,2026-02-04T22:00:00Z
2026-02-04,MINE_CHIKLA_07,ZONE_CHK_01,Daily_Aggregate,310.0,323.0,0.0,43.8,15,Completed,0.0,2026-02-04T22:00:00Z
2026-02-04,MINE_CHIKLA_07,ZONE_CHK_02,Daily_Aggregate,270.0,262.5,7.5,41.3,12,Completed,0.0,2026-02-04T22:00:00Z
2026-02-04,MINE_CHIKLA_07,ZONE_CHK_03,Daily_Aggregate,170.0,168.1,1.9,41.2,8,Completed,0.0,2026-02-04T22:00:00Z
2026-02-04,MINE_UKWA_08,ZONE_UKW_01,Daily_Aggregate,330.0,313.9,16.1,40.4,14,Completed,0.0,2026-02-04T22:00:00Z
2026-02-04,MINE_UKWA_08,ZONE_UKW_02,Daily_Aggregate,290.0,295.3,0.0,41.4,13,Completed,0.0,2026-02-04T22:00:00Z
2026-02-04,MINE_UKWA_08,ZONE_UKW_03,Daily_Aggregate,190.0,193.7,0.0,40.2,9,Completed,0.0,2026-02-04T22:00:00Z
2026-02-05,MINE_GUMGAON_02,ZONE_GMG_01,Daily_Aggregate,220.0,211.8,8.2,42.5,10,Completed,0.0,2026-02-05T22:00:00Z
2026-02-05,MINE_GUMGAON_02,ZONE_GMG_02,Daily_Aggregate,260.0,257.9,2.1,42.8,12,Completed,0.0,2026-02-05T22:00:00Z
2026-02-05,MINE_GUMGAON_02,ZONE_GMG_03,Daily_Aggregate,180.0,138.9,41.1,38.9,6,Completed,0.8,2026-02-05T22:00:00Z
2026-02-05,MINE_TIRODI_03,ZONE_TRD_01,Daily_Aggregate,340.0,341.0,0.0,42.8,16,Completed,0.0,2026-02-05T22:00:00Z
2026-02-05,MINE_TIRODI_03,ZONE_TRD_02,Daily_Aggregate,380.0,361.0,19.0,42.4,16,Completed,0.0,2026-02-05T22:00:00Z
2026-02-05,MINE_TIRODI_03,ZONE_TRD_03,Daily_Aggregate,200.0,199.0,1.0,43.9,9,Completed,0.0,2026-02-05T22:00:00Z
2026-02-05,MINE_DONGRI_04,ZONE_DGB_01,Daily_Aggregate,480.0,503.3,0.0,43.3,23,Completed,0.0,2026-02-05T22:00:00Z
2026-02-05,MINE_DONGRI_04,ZONE_DGB_02,Daily_Aggregate,510.0,512.8,0.0,39.8,23,Completed,0.0,2026-02-05T22:00:00Z
2026-02-05,MINE_DONGRI_04,ZONE_DGB_03,Daily_Aggregate,240.0,242.8,0.0,43.9,11,Completed,0.0,2026-02-05T22:00:00Z
2026-02-05,MINE_DONGRI_04,ZONE_DGB_04,Daily_Aggregate,60.0,62.3,0.0,41.8,3,Completed,0.0,2026-02-05T22:00:00Z
2026-02-05,MINE_KANDRI_05,ZONE_KND_01,Daily_Aggregate,290.0,189.7,100.3,42.7,9,Completed,0.7,2026-02-05T22:00:00Z
2026-02-05,MINE_KANDRI_05,ZONE_KND_02,Daily_Aggregate,240.0,234.2,5.8,43.8,11,Completed,0.0,2026-02-05T22:00:00Z
2026-02-05,MINE_KANDRI_05,ZONE_KND_03,Daily_Aggregate,150.0,154.2,0.0,39.6,7,Completed,0.0,2026-02-05T22:00:00Z
2026-02-05,MINE_MANSAR_06,ZONE_MSR_01,Daily_Aggregate,280.0,212.4,67.6,40.5,10,Postponed_Rain,2.2,2026-02-05T22:00:00Z
2026-02-05,MINE_MANSAR_06,ZONE_MSR_02,Daily_Aggregate,230.0,226.2,3.8,43.0,10,Completed,0.0,2026-02-05T22:00:00Z
2026-02-05,MINE_MANSAR_06,ZONE_MSR_03,Daily_Aggregate,160.0,165.4,0.0,41.2,8,Completed,0.0,2026-02-05T22:00:00Z
2026-02-05,MINE_CHIKLA_07,ZONE_CHK_01,Daily_Aggregate,310.0,301.8,8.2,43.2,14,Completed,0.0,2026-02-05T22:00:00Z
2026-02-05,MINE_CHIKLA_07,ZONE_CHK_02,Daily_Aggregate,270.0,165.4,104.6,42.4,8,Completed,0.2,2026-02-05T22:00:00Z
2026-02-05,MINE_CHIKLA_07,ZONE_CHK_03,Daily_Aggregate,170.0,167.9,2.1,40.7,8,Completed,0.0,2026-02-05T22:00:00Z
2026-02-05,MINE_UKWA_08,ZONE_UKW_01,Daily_Aggregate,330.0,327.3,2.7,41.9,15,Completed,0.0,2026-02-05T22:00:00Z
2026-02-05,MINE_UKWA_08,ZONE_UKW_02,Daily_Aggregate,290.0,284.0,6.0,40.3,13,Completed,0.0,2026-02-05T22:00:00Z
2026-02-05,MINE_UKWA_08,ZONE_UKW_03,Daily_Aggregate,190.0,193.0,0.0,39.3,9,Completed,0.0,2026-02-05T22:00:00Z
2026-02-06,MINE_GUMGAON_02,ZONE_GMG_01,Daily_Aggregate,220.0,213.3,6.7,42.4,10,Completed,0.0,2026-02-06T22:00:00Z
2026-02-06,MINE_GUMGAON_02,ZONE_GMG_02,Daily_Aggregate,260.0,260.2,0.0,42.2,12,Completed,0.0,2026-02-06T22:00:00Z
2026-02-06,MINE_GUMGAON_02,ZONE_GMG_03,Daily_Aggregate,180.0,184.6,0.0,39.9,8,Completed,0.0,2026-02-06T22:00:00Z
2026-02-06,MINE_TIRODI_03,ZONE_TRD_01,Daily_Aggregate,340.0,330.1,9.9,42.1,15,Completed,0.0,2026-02-06T22:00:00Z
2026-02-06,MINE_TIRODI_03,ZONE_TRD_02,Daily_Aggregate,380.0,441.8,0.0,41.9,20,Completed,0.0,2026-02-06T22:00:00Z
2026-02-06,MINE_TIRODI_03,ZONE_TRD_03,Daily_Aggregate,200.0,140.5,59.5,39.1,6,Postponed_Rain,3.4,2026-02-06T22:00:00Z
2026-02-06,MINE_DONGRI_04,ZONE_DGB_01,Daily_Aggregate,480.0,473.5,6.5,41.9,22,Completed,0.0,2026-02-06T22:00:00Z
2026-02-06,MINE_DONGRI_04,ZONE_DGB_02,Daily_Aggregate,510.0,334.8,175.2,40.0,15,Completed,0.8,2026-02-06T22:00:00Z
2026-02-06,MINE_DONGRI_04,ZONE_DGB_03,Daily_Aggregate,240.0,240.3,0.0,41.0,11,Completed,0.0,2026-02-06T22:00:00Z
2026-02-06,MINE_DONGRI_04,ZONE_DGB_04,Daily_Aggregate,60.0,44.9,15.1,39.9,2,Postponed_Rain,1.8,2026-02-06T22:00:00Z
2026-02-06,MINE_KANDRI_05,ZONE_KND_01,Daily_Aggregate,290.0,283.3,6.7,41.4,13,Completed,0.0,2026-02-06T22:00:00Z
2026-02-06,MINE_KANDRI_05,ZONE_KND_02,Daily_Aggregate,240.0,238.1,1.9,39.9,11,Completed,0.0,2026-02-06T22:00:00Z
2026-02-06,MINE_KANDRI_05,ZONE_KND_03,Daily_Aggregate,150.0,143.7,6.3,43.1,7,Completed,0.0,2026-02-06T22:00:00Z
2026-02-06,MINE_MANSAR_06,ZONE_MSR_01,Daily_Aggregate,280.0,136.5,143.5,38.9,6,Suspended_Pit_Inundation,5.2,2026-02-06T22:00:00Z
2026-02-06,MINE_MANSAR_06,ZONE_MSR_02,Daily_Aggregate,230.0,235.9,0.0,40.7,11,Completed,0.0,2026-02-06T22:00:00Z
2026-02-06,MINE_MANSAR_06,ZONE_MSR_03,Daily_Aggregate,160.0,156.3,3.7,40.8,7,Completed,0.0,2026-02-06T22:00:00Z
2026-02-06,MINE_CHIKLA_07,ZONE_CHK_01,Daily_Aggregate,310.0,315.1,0.0,41.6,14,Completed,0.0,2026-02-06T22:00:00Z
2026-02-06,MINE_CHIKLA_07,ZONE_CHK_02,Daily_Aggregate,270.0,277.5,0.0,39.6,13,Completed,0.0,2026-02-06T22:00:00Z
2026-02-06,MINE_CHIKLA_07,ZONE_CHK_03,Daily_Aggregate,170.0,168.5,1.5,42.9,8,Completed,0.0,2026-02-06T22:00:00Z
2026-02-06,MINE_UKWA_08,ZONE_UKW_01,Daily_Aggregate,330.0,332.4,0.0,41.3,15,Completed,0.0,2026-02-06T22:00:00Z
2026-02-06,MINE_UKWA_08,ZONE_UKW_02,Daily_Aggregate,290.0,285.2,4.8,42.5,13,Completed,0.0,2026-02-06T22:00:00Z
2026-02-06,MINE_UKWA_08,ZONE_UKW_03,Daily_Aggregate,190.0,189.0,1.0,40.0,9,Completed,0.0,2026-02-06T22:00:00Z
2026-02-07,MINE_GUMGAON_02,ZONE_GMG_01,Daily_Aggregate,220.0,152.2,67.8,38.4,7,Completed,0.9,2026-02-07T22:00:00Z
2026-02-07,MINE_GUMGAON_02,ZONE_GMG_02,Daily_Aggregate,260.0,185.1,74.9,42.6,8,Completed,0.3,2026-02-07T22:00:00Z
2026-02-07,MINE_GUMGAON_02,ZONE_GMG_03,Daily_Aggregate,180.0,176.6,3.4,43.4,8,Completed,0.0,2026-02-07T22:00:00Z
2026-02-07,MINE_TIRODI_03,ZONE_TRD_01,Daily_Aggregate,340.0,232.3,107.7,39.9,11,Completed,0.5,2026-02-07T22:00:00Z
2026-02-07,MINE_TIRODI_03,ZONE_TRD_02,Daily_Aggregate,380.0,366.4,13.6,43.8,17,Completed,0.0,2026-02-07T22:00:00Z
2026-02-07,MINE_TIRODI_03,ZONE_TRD_03,Daily_Aggregate,200.0,195.2,4.8,40.5,9,Completed,0.0,2026-02-07T22:00:00Z
2026-02-07,MINE_DONGRI_04,ZONE_DGB_01,Daily_Aggregate,480.0,362.6,117.4,40.8,16,Delayed_Misfire,3.5,2026-02-07T22:00:00Z
2026-02-07,MINE_DONGRI_04,ZONE_DGB_02,Daily_Aggregate,510.0,508.2,1.8,43.6,23,Completed,0.0,2026-02-07T22:00:00Z
2026-02-07,MINE_DONGRI_04,ZONE_DGB_03,Daily_Aggregate,240.0,236.8,3.2,43.6,11,Completed,0.0,2026-02-07T22:00:00Z
2026-02-07,MINE_DONGRI_04,ZONE_DGB_04,Daily_Aggregate,60.0,62.6,0.0,43.0,3,Completed,0.0,2026-02-07T22:00:00Z
2026-02-07,MINE_KANDRI_05,ZONE_KND_01,Daily_Aggregate,290.0,303.5,0.0,42.9,14,Completed,0.0,2026-02-07T22:00:00Z
2026-02-07,MINE_KANDRI_05,ZONE_KND_02,Daily_Aggregate,240.0,238.6,1.4,43.1,11,Completed,0.0,2026-02-07T22:00:00Z
2026-02-07,MINE_KANDRI_05,ZONE_KND_03,Daily_Aggregate,150.0,143.7,6.3,42.2,7,Completed,0.0,2026-02-07T22:00:00Z
2026-02-07,MINE_MANSAR_06,ZONE_MSR_01,Daily_Aggregate,280.0,277.1,2.9,42.3,13,Completed,0.0,2026-02-07T22:00:00Z
2026-02-07,MINE_MANSAR_06,ZONE_MSR_02,Daily_Aggregate,230.0,187.3,42.7,40.4,9,Postponed_Rain,1.7,2026-02-07T22:00:00Z
2026-02-07,MINE_MANSAR_06,ZONE_MSR_03,Daily_Aggregate,160.0,154.7,5.3,43.0,7,Completed,0.0,2026-02-07T22:00:00Z
2026-02-07,MINE_CHIKLA_07,ZONE_CHK_01,Daily_Aggregate,310.0,324.0,0.0,41.0,15,Completed,0.0,2026-02-07T22:00:00Z
2026-02-07,MINE_CHIKLA_07,ZONE_CHK_02,Daily_Aggregate,270.0,257.6,12.4,39.6,12,Completed,0.0,2026-02-07T22:00:00Z
2026-02-07,MINE_CHIKLA_07,ZONE_CHK_03,Daily_Aggregate,170.0,170.0,0.0,41.6,8,Completed,0.0,2026-02-07T22:00:00Z
2026-02-07,MINE_UKWA_08,ZONE_UKW_01,Daily_Aggregate,330.0,318.1,11.9,41.9,14,Completed,0.0,2026-02-07T22:00:00Z
2026-02-07,MINE_UKWA_08,ZONE_UKW_02,Daily_Aggregate,290.0,192.8,97.2,39.5,9,Postponed_Rain,2.9,2026-02-07T22:00:00Z
2026-02-07,MINE_UKWA_08,ZONE_UKW_03,Daily_Aggregate,190.0,191.6,0.0,40.8,9,Completed,0.0,2026-02-07T22:00:00Z
2026-02-08,MINE_GUMGAON_02,ZONE_GMG_01,Daily_Aggregate,220.0,225.2,0.0,40.5,10,Completed,0.0,2026-02-08T22:00:00Z
2026-02-08,MINE_GUMGAON_02,ZONE_GMG_02,Daily_Aggregate,260.0,264.5,0.0,43.2,12,Completed,0.0,2026-02-08T22:00:00Z
2026-02-08,MINE_GUMGAON_02,ZONE_GMG_03,Daily_Aggregate,180.0,181.3,0.0,42.5,8,Completed,0.0,2026-02-08T22:00:00Z
2026-02-08,MINE_TIRODI_03,ZONE_TRD_01,Daily_Aggregate,340.0,385.8,0.0,42.0,18,Completed,0.0,2026-02-08T22:00:00Z
2026-02-08,MINE_TIRODI_03,ZONE_TRD_02,Daily_Aggregate,380.0,387.4,0.0,39.1,18,Completed,0.0,2026-02-08T22:00:00Z
2026-02-08,MINE_TIRODI_03,ZONE_TRD_03,Daily_Aggregate,200.0,208.3,0.0,40.7,9,Completed,0.0,2026-02-08T22:00:00Z
2026-02-08,MINE_DONGRI_04,ZONE_DGB_01,Daily_Aggregate,480.0,470.1,9.9,40.9,21,Completed,0.0,2026-02-08T22:00:00Z
2026-02-08,MINE_DONGRI_04,ZONE_DGB_02,Daily_Aggregate,510.0,499.0,11.0,43.1,23,Completed,0.0,2026-02-08T22:00:00Z
2026-02-08,MINE_DONGRI_04,ZONE_DGB_03,Daily_Aggregate,240.0,233.1,6.9,43.7,11,Completed,0.0,2026-02-08T22:00:00Z
2026-02-08,MINE_DONGRI_04,ZONE_DGB_04,Daily_Aggregate,60.0,47.7,12.3,40.6,2,Postponed_Rain,2.6,2026-02-08T22:00:00Z
2026-02-08,MINE_KANDRI_05,ZONE_KND_01,Daily_Aggregate,290.0,217.3,72.7,40.9,10,Completed,0.3,2026-02-08T22:00:00Z
2026-02-08,MINE_KANDRI_05,ZONE_KND_02,Daily_Aggregate,240.0,245.1,0.0,41.8,11,Completed,0.0,2026-02-08T22:00:00Z
2026-02-08,MINE_KANDRI_05,ZONE_KND_03,Daily_Aggregate,150.0,111.8,38.2,37.8,5,Postponed_Rain,2.1,2026-02-08T22:00:00Z
2026-02-08,MINE_MANSAR_06,ZONE_MSR_01,Daily_Aggregate,280.0,288.3,0.0,41.0,13,Completed,0.0,2026-02-08T22:00:00Z
2026-02-08,MINE_MANSAR_06,ZONE_MSR_02,Daily_Aggregate,230.0,159.5,70.5,38.1,7,Postponed_Rain,3.2,2026-02-08T22:00:00Z
2026-02-08,MINE_MANSAR_06,ZONE_MSR_03,Daily_Aggregate,160.0,155.2,4.8,42.2,7,Completed,0.0,2026-02-08T22:00:00Z
2026-02-08,MINE_CHIKLA_07,ZONE_CHK_01,Daily_Aggregate,310.0,321.6,0.0,40.5,15,Completed,0.0,2026-02-08T22:00:00Z
2026-02-08,MINE_CHIKLA_07,ZONE_CHK_02,Daily_Aggregate,270.0,228.1,41.9,41.0,10,Delayed_Misfire,3.4,2026-02-08T22:00:00Z
2026-02-08,MINE_CHIKLA_07,ZONE_CHK_03,Daily_Aggregate,170.0,164.8,5.2,40.4,7,Completed,0.0,2026-02-08T22:00:00Z
2026-02-08,MINE_UKWA_08,ZONE_UKW_01,Daily_Aggregate,330.0,321.2,8.8,42.8,15,Completed,0.0,2026-02-08T22:00:00Z
2026-02-08,MINE_UKWA_08,ZONE_UKW_02,Daily_Aggregate,290.0,303.3,0.0,42.5,14,Completed,0.0,2026-02-08T22:00:00Z
2026-02-08,MINE_UKWA_08,ZONE_UKW_03,Daily_Aggregate,190.0,145.9,44.1,41.3,7,Delayed_Misfire,3.1,2026-02-08T22:00:00Z
2026-02-09,MINE_GUMGAON_02,ZONE_GMG_01,Daily_Aggregate,220.0,126.1,93.9,38.8,6,Completed,0.9,2026-02-09T22:00:00Z
2026-02-09,MINE_GUMGAON_02,ZONE_GMG_02,Daily_Aggregate,260.0,198.6,61.4,39.7,9,Postponed_Rain,3.3,2026-02-09T22:00:00Z
2026-02-09,MINE_GUMGAON_02,ZONE_GMG_03,Daily_Aggregate,180.0,188.3,0.0,39.3,9,Completed,0.0,2026-02-09T22:00:00Z
2026-02-09,MINE_TIRODI_03,ZONE_TRD_01,Daily_Aggregate,340.0,261.5,78.5,40.1,12,Delayed_Misfire,3.3,2026-02-09T22:00:00Z
2026-02-09,MINE_TIRODI_03,ZONE_TRD_02,Daily_Aggregate,380.0,386.1,0.0,43.1,18,Completed,0.0,2026-02-09T22:00:00Z
2026-02-09,MINE_TIRODI_03,ZONE_TRD_03,Daily_Aggregate,200.0,209.0,0.0,39.3,10,Completed,0.0,2026-02-09T22:00:00Z
2026-02-09,MINE_DONGRI_04,ZONE_DGB_01,Daily_Aggregate,480.0,353.0,127.0,39.0,16,Delayed_Misfire,3.1,2026-02-09T22:00:00Z
2026-02-09,MINE_DONGRI_04,ZONE_DGB_02,Daily_Aggregate,510.0,513.9,0.0,41.4,23,Completed,0.0,2026-02-09T22:00:00Z
2026-02-09,MINE_DONGRI_04,ZONE_DGB_03,Daily_Aggregate,240.0,244.2,0.0,43.0,11,Completed,0.0,2026-02-09T22:00:00Z
2026-02-09,MINE_DONGRI_04,ZONE_DGB_04,Daily_Aggregate,60.0,59.1,0.9,42.0,3,Completed,0.0,2026-02-09T22:00:00Z
2026-02-09,MINE_KANDRI_05,ZONE_KND_01,Daily_Aggregate,290.0,298.2,0.0,41.1,14,Completed,0.0,2026-02-09T22:00:00Z
2026-02-09,MINE_KANDRI_05,ZONE_KND_02,Daily_Aggregate,240.0,229.5,10.5,39.3,10,Completed,0.0,2026-02-09T22:00:00Z
2026-02-09,MINE_KANDRI_05,ZONE_KND_03,Daily_Aggregate,150.0,145.3,4.7,40.5,7,Completed,0.0,2026-02-09T22:00:00Z
2026-02-09,MINE_MANSAR_06,ZONE_MSR_01,Daily_Aggregate,280.0,215.0,65.0,38.0,10,Postponed_Rain,2.5,2026-02-09T22:00:00Z
2026-02-09,MINE_MANSAR_06,ZONE_MSR_02,Daily_Aggregate,230.0,124.3,105.7,38.2,6,Suspended_Pit_Inundation,3.4,2026-02-09T22:00:00Z
2026-02-09,MINE_MANSAR_06,ZONE_MSR_03,Daily_Aggregate,160.0,155.7,4.3,42.5,7,Completed,0.0,2026-02-09T22:00:00Z
2026-02-09,MINE_CHIKLA_07,ZONE_CHK_01,Daily_Aggregate,310.0,132.9,177.1,36.9,6,Suspended_Pit_Inundation,3.6,2026-02-09T22:00:00Z
2026-02-09,MINE_CHIKLA_07,ZONE_CHK_02,Daily_Aggregate,270.0,258.5,11.5,40.6,12,Completed,0.0,2026-02-09T22:00:00Z
2026-02-09,MINE_CHIKLA_07,ZONE_CHK_03,Daily_Aggregate,170.0,171.7,0.0,39.1,8,Completed,0.0,2026-02-09T22:00:00Z
2026-02-09,MINE_UKWA_08,ZONE_UKW_01,Daily_Aggregate,330.0,335.8,0.0,42.8,15,Completed,0.0,2026-02-09T22:00:00Z
2026-02-09,MINE_UKWA_08,ZONE_UKW_02,Daily_Aggregate,290.0,301.5,0.0,42.1,14,Completed,0.0,2026-02-09T22:00:00Z
2026-02-09,MINE_UKWA_08,ZONE_UKW_03,Daily_Aggregate,190.0,185.0,5.0,43.8,8,Completed,0.0,2026-02-09T22:00:00Z
2026-02-10,MINE_GUMGAON_02,ZONE_GMG_01,Daily_Aggregate,220.0,175.8,44.2,38.5,8,Postponed_Rain,1.7,2026-02-10T22:00:00Z
2026-02-10,MINE_GUMGAON_02,ZONE_GMG_02,Daily_Aggregate,260.0,252.9,7.1,40.1,11,Completed,0.0,2026-02-10T22:00:00Z
2026-02-10,MINE_GUMGAON_02,ZONE_GMG_03,Daily_Aggregate,180.0,179.0,1.0,43.9,8,Completed,0.0,2026-02-10T22:00:00Z
2026-02-10,MINE_TIRODI_03,ZONE_TRD_01,Daily_Aggregate,340.0,330.4,9.6,42.8,15,Completed,0.0,2026-02-10T22:00:00Z
2026-02-10,MINE_TIRODI_03,ZONE_TRD_02,Daily_Aggregate,380.0,363.0,17.0,39.9,16,Completed,0.0,2026-02-10T22:00:00Z
2026-02-10,MINE_TIRODI_03,ZONE_TRD_03,Daily_Aggregate,200.0,197.8,2.2,41.6,9,Completed,0.0,2026-02-10T22:00:00Z
2026-02-10,MINE_DONGRI_04,ZONE_DGB_01,Daily_Aggregate,480.0,464.2,15.8,43.8,21,Completed,0.0,2026-02-10T22:00:00Z
2026-02-10,MINE_DONGRI_04,ZONE_DGB_02,Daily_Aggregate,510.0,502.1,7.9,40.7,23,Completed,0.0,2026-02-10T22:00:00Z
2026-02-10,MINE_DONGRI_04,ZONE_DGB_03,Daily_Aggregate,240.0,229.8,10.2,42.4,10,Completed,0.0,2026-02-10T22:00:00Z
2026-02-10,MINE_DONGRI_04,ZONE_DGB_04,Daily_Aggregate,60.0,60.8,0.0,43.8,3,Completed,0.0,2026-02-10T22:00:00Z
2026-02-10,MINE_KANDRI_05,ZONE_KND_01,Daily_Aggregate,290.0,299.0,0.0,40.8,14,Completed,0.0,2026-02-10T22:00:00Z
2026-02-10,MINE_KANDRI_05,ZONE_KND_02,Daily_Aggregate,240.0,246.6,0.0,41.8,11,Completed,0.0,2026-02-10T22:00:00Z
2026-02-10,MINE_KANDRI_05,ZONE_KND_03,Daily_Aggregate,150.0,151.4,0.0,39.0,7,Completed,0.0,2026-02-10T22:00:00Z
2026-02-10,MINE_MANSAR_06,ZONE_MSR_01,Daily_Aggregate,280.0,276.3,3.7,43.0,13,Completed,0.0,2026-02-10T22:00:00Z
2026-02-10,MINE_MANSAR_06,ZONE_MSR_02,Daily_Aggregate,230.0,171.0,59.0,37.1,8,Postponed_Rain,3.4,2026-02-10T22:00:00Z
2026-02-10,MINE_MANSAR_06,ZONE_MSR_03,Daily_Aggregate,160.0,154.2,5.8,39.5,7,Completed,0.0,2026-02-10T22:00:00Z
2026-02-10,MINE_CHIKLA_07,ZONE_CHK_01,Daily_Aggregate,310.0,308.6,1.4,42.1,14,Completed,0.0,2026-02-10T22:00:00Z
2026-02-10,MINE_CHIKLA_07,ZONE_CHK_02,Daily_Aggregate,270.0,265.8,4.2,40.3,12,Completed,0.0,2026-02-10T22:00:00Z
2026-02-10,MINE_CHIKLA_07,ZONE_CHK_03,Daily_Aggregate,170.0,116.8,53.2,39.2,5,Completed,1.0,2026-02-10T22:00:00Z
2026-02-10,MINE_UKWA_08,ZONE_UKW_01,Daily_Aggregate,330.0,345.2,0.0,40.0,16,Completed,0.0,2026-02-10T22:00:00Z
2026-02-10,MINE_UKWA_08,ZONE_UKW_02,Daily_Aggregate,290.0,283.5,6.5,42.6,13,Completed,0.0,2026-02-10T22:00:00Z
2026-02-10,MINE_UKWA_08,ZONE_UKW_03,Daily_Aggregate,190.0,189.7,0.3,41.5,9,Completed,0.0,2026-02-10T22:00:00Z
2026-02-11,MINE_GUMGAON_02,ZONE_GMG_01,Daily_Aggregate,220.0,230.7,0.0,43.5,10,Completed,0.0,2026-02-11T22:00:00Z
2026-02-11,MINE_GUMGAON_02,ZONE_GMG_02,Daily_Aggregate,260.0,170.1,89.9,42.1,8,Completed,0.6,2026-02-11T22:00:00Z
2026-02-11,MINE_GUMGAON_02,ZONE_GMG_03,Daily_Aggregate,180.0,188.9,0.0,43.4,9,Completed,0.0,2026-02-11T22:00:00Z
2026-02-11,MINE_TIRODI_03,ZONE_TRD_01,Daily_Aggregate,340.0,337.7,2.3,41.3,15,Completed,0.0,2026-02-11T22:00:00Z
2026-02-11,MINE_TIRODI_03,ZONE_TRD_02,Daily_Aggregate,380.0,379.8,0.2,42.0,17,Completed,0.0,2026-02-11T22:00:00Z
2026-02-11,MINE_TIRODI_03,ZONE_TRD_03,Daily_Aggregate,200.0,161.7,38.3,37.8,7,Postponed_Rain,3.0,2026-02-11T22:00:00Z
2026-02-11,MINE_DONGRI_04,ZONE_DGB_01,Daily_Aggregate,480.0,464.7,15.3,40.7,21,Completed,0.0,2026-02-11T22:00:00Z
2026-02-11,MINE_DONGRI_04,ZONE_DGB_02,Daily_Aggregate,510.0,506.4,3.6,43.2,23,Completed,0.0,2026-02-11T22:00:00Z
2026-02-11,MINE_DONGRI_04,ZONE_DGB_03,Daily_Aggregate,240.0,232.2,7.8,43.5,11,Completed,0.0,2026-02-11T22:00:00Z
2026-02-11,MINE_DONGRI_04,ZONE_DGB_04,Daily_Aggregate,60.0,59.5,0.5,39.5,3,Completed,0.0,2026-02-11T22:00:00Z
2026-02-11,MINE_KANDRI_05,ZONE_KND_01,Daily_Aggregate,290.0,284.3,5.7,41.9,13,Completed,0.0,2026-02-11T22:00:00Z
2026-02-11,MINE_KANDRI_05,ZONE_KND_02,Daily_Aggregate,240.0,241.5,0.0,42.2,11,Completed,0.0,2026-02-11T22:00:00Z
2026-02-11,MINE_KANDRI_05,ZONE_KND_03,Daily_Aggregate,150.0,126.6,23.4,39.6,6,Delayed_Misfire,3.9,2026-02-11T22:00:00Z
2026-02-11,MINE_MANSAR_06,ZONE_MSR_01,Daily_Aggregate,280.0,292.7,0.0,42.0,13,Completed,0.0,2026-02-11T22:00:00Z
2026-02-11,MINE_MANSAR_06,ZONE_MSR_02,Daily_Aggregate,230.0,237.9,0.0,39.2,11,Completed,0.0,2026-02-11T22:00:00Z
2026-02-11,MINE_MANSAR_06,ZONE_MSR_03,Daily_Aggregate,160.0,108.9,51.1,38.4,5,Completed,0.9,2026-02-11T22:00:00Z
2026-02-11,MINE_CHIKLA_07,ZONE_CHK_01,Daily_Aggregate,310.0,305.8,4.2,40.0,14,Completed,0.0,2026-02-11T22:00:00Z
2026-02-11,MINE_CHIKLA_07,ZONE_CHK_02,Daily_Aggregate,270.0,279.3,0.0,42.8,13,Completed,0.0,2026-02-11T22:00:00Z
2026-02-11,MINE_CHIKLA_07,ZONE_CHK_03,Daily_Aggregate,170.0,136.7,33.3,37.7,6,Postponed_Rain,3.5,2026-02-11T22:00:00Z
2026-02-11,MINE_UKWA_08,ZONE_UKW_01,Daily_Aggregate,330.0,193.7,136.3,36.4,9,Suspended_Pit_Inundation,4.9,2026-02-11T22:00:00Z
2026-02-11,MINE_UKWA_08,ZONE_UKW_02,Daily_Aggregate,290.0,284.5,5.5,41.5,13,Completed,0.0,2026-02-11T22:00:00Z
2026-02-11,MINE_UKWA_08,ZONE_UKW_03,Daily_Aggregate,190.0,187.3,2.7,42.3,9,Completed,0.0,2026-02-11T22:00:00Z
2026-02-12,MINE_GUMGAON_02,ZONE_GMG_01,Daily_Aggregate,220.0,219.7,0.3,39.0,10,Completed,0.0,2026-02-12T22:00:00Z
2026-02-12,MINE_GUMGAON_02,ZONE_GMG_02,Daily_Aggregate,260.0,257.6,2.4,40.8,12,Completed,0.0,2026-02-12T22:00:00Z
2026-02-12,MINE_GUMGAON_02,ZONE_GMG_03,Daily_Aggregate,180.0,115.4,64.6,41.9,5,Completed,0.6,2026-02-12T22:00:00Z
2026-02-12,MINE_TIRODI_03,ZONE_TRD_01,Daily_Aggregate,340.0,332.5,7.5,40.7,15,Completed,0.0,2026-02-12T22:00:00Z
2026-02-12,MINE_TIRODI_03,ZONE_TRD_02,Daily_Aggregate,380.0,383.3,0.0,39.0,17,Completed,0.0,2026-02-12T22:00:00Z
2026-02-12,MINE_TIRODI_03,ZONE_TRD_03,Daily_Aggregate,200.0,207.5,0.0,43.2,9,Completed,0.0,2026-02-12T22:00:00Z
2026-02-12,MINE_DONGRI_04,ZONE_DGB_01,Daily_Aggregate,480.0,477.9,2.1,40.6,22,Completed,0.0,2026-02-12T22:00:00Z
2026-02-12,MINE_DONGRI_04,ZONE_DGB_02,Daily_Aggregate,510.0,497.9,12.1,43.8,23,Completed,0.0,2026-02-12T22:00:00Z
2026-02-12,MINE_DONGRI_04,ZONE_DGB_03,Daily_Aggregate,240.0,236.6,3.4,43.2,11,Completed,0.0,2026-02-12T22:00:00Z
2026-02-12,MINE_DONGRI_04,ZONE_DGB_04,Daily_Aggregate,60.0,61.7,0.0,40.5,3,Completed,0.0,2026-02-12T22:00:00Z
2026-02-12,MINE_KANDRI_05,ZONE_KND_01,Daily_Aggregate,290.0,299.8,0.0,42.5,14,Completed,0.0,2026-02-12T22:00:00Z
2026-02-12,MINE_KANDRI_05,ZONE_KND_02,Daily_Aggregate,240.0,233.3,6.7,42.5,11,Completed,0.0,2026-02-12T22:00:00Z
2026-02-12,MINE_KANDRI_05,ZONE_KND_03,Daily_Aggregate,150.0,102.2,47.8,39.9,5,Postponed_Rain,2.2,2026-02-12T22:00:00Z
2026-02-12,MINE_MANSAR_06,ZONE_MSR_01,Daily_Aggregate,280.0,270.0,10.0,41.3,12,Completed,0.0,2026-02-12T22:00:00Z
2026-02-12,MINE_MANSAR_06,ZONE_MSR_02,Daily_Aggregate,230.0,236.9,0.0,42.2,11,Completed,0.0,2026-02-12T22:00:00Z
2026-02-12,MINE_MANSAR_06,ZONE_MSR_03,Daily_Aggregate,160.0,161.8,0.0,39.9,7,Completed,0.0,2026-02-12T22:00:00Z
2026-02-12,MINE_CHIKLA_07,ZONE_CHK_01,Daily_Aggregate,310.0,300.2,9.8,42.9,14,Completed,0.0,2026-02-12T22:00:00Z
2026-02-12,MINE_CHIKLA_07,ZONE_CHK_02,Daily_Aggregate,270.0,256.8,13.2,41.9,12,Completed,0.0,2026-02-12T22:00:00Z
2026-02-12,MINE_CHIKLA_07,ZONE_CHK_03,Daily_Aggregate,170.0,166.3,3.7,42.5,8,Completed,0.0,2026-02-12T22:00:00Z
2026-02-12,MINE_UKWA_08,ZONE_UKW_01,Daily_Aggregate,330.0,346.1,0.0,43.2,16,Completed,0.0,2026-02-12T22:00:00Z
2026-02-12,MINE_UKWA_08,ZONE_UKW_02,Daily_Aggregate,290.0,184.7,105.3,41.6,8,Completed,0.3,2026-02-12T22:00:00Z
2026-02-12,MINE_UKWA_08,ZONE_UKW_03,Daily_Aggregate,190.0,117.3,72.7,41.0,5,Completed,0.5,2026-02-12T22:00:00Z
2026-02-13,MINE_GUMGAON_02,ZONE_GMG_01,Daily_Aggregate,220.0,211.0,9.0,42.4,10,Completed,0.0,2026-02-13T22:00:00Z
2026-02-13,MINE_GUMGAON_02,ZONE_GMG_02,Daily_Aggregate,260.0,262.5,0.0,40.6,12,Completed,0.0,2026-02-13T22:00:00Z
2026-02-13,MINE_GUMGAON_02,ZONE_GMG_03,Daily_Aggregate,180.0,185.5,0.0,42.0,8,Completed,0.0,2026-02-13T22:00:00Z
2026-02-13,MINE_TIRODI_03,ZONE_TRD_01,Daily_Aggregate,340.0,341.6,0.0,40.1,16,Completed,0.0,2026-02-13T22:00:00Z
2026-02-13,MINE_TIRODI_03,ZONE_TRD_02,Daily_Aggregate,380.0,393.9,0.0,40.7,18,Completed,0.0,2026-02-13T22:00:00Z
2026-02-13,MINE_TIRODI_03,ZONE_TRD_03,Daily_Aggregate,200.0,123.5,76.5,42.2,6,Completed,0.6,2026-02-13T22:00:00Z
2026-02-13,MINE_DONGRI_04,ZONE_DGB_01,Daily_Aggregate,480.0,496.5,0.0,39.3,23,Completed,0.0,2026-02-13T22:00:00Z
2026-02-13,MINE_DONGRI_04,ZONE_DGB_02,Daily_Aggregate,510.0,495.9,14.1,40.7,23,Completed,0.0,2026-02-13T22:00:00Z
2026-02-13,MINE_DONGRI_04,ZONE_DGB_03,Daily_Aggregate,240.0,182.4,57.6,37.6,8,Postponed_Rain,2.9,2026-02-13T22:00:00Z
2026-02-13,MINE_DONGRI_04,ZONE_DGB_04,Daily_Aggregate,60.0,59.8,0.2,42.4,3,Completed,0.0,2026-02-13T22:00:00Z
2026-02-13,MINE_KANDRI_05,ZONE_KND_01,Daily_Aggregate,290.0,304.3,0.0,41.9,14,Completed,0.0,2026-02-13T22:00:00Z
2026-02-13,MINE_KANDRI_05,ZONE_KND_02,Daily_Aggregate,240.0,241.2,0.0,41.5,11,Completed,0.0,2026-02-13T22:00:00Z
2026-02-13,MINE_KANDRI_05,ZONE_KND_03,Daily_Aggregate,150.0,151.1,0.0,40.2,7,Completed,0.0,2026-02-13T22:00:00Z
2026-02-13,MINE_MANSAR_06,ZONE_MSR_01,Daily_Aggregate,280.0,268.2,11.8,43.5,12,Completed,0.0,2026-02-13T22:00:00Z
2026-02-13,MINE_MANSAR_06,ZONE_MSR_02,Daily_Aggregate,230.0,223.3,6.7,43.3,10,Completed,0.0,2026-02-13T22:00:00Z
2026-02-13,MINE_MANSAR_06,ZONE_MSR_03,Daily_Aggregate,160.0,161.8,0.0,39.5,7,Completed,0.0,2026-02-13T22:00:00Z
2026-02-13,MINE_CHIKLA_07,ZONE_CHK_01,Daily_Aggregate,310.0,192.9,117.1,41.4,9,Completed,0.0,2026-02-13T22:00:00Z
2026-02-13,MINE_CHIKLA_07,ZONE_CHK_02,Daily_Aggregate,270.0,203.3,66.7,40.4,9,Postponed_Rain,2.3,2026-02-13T22:00:00Z
2026-02-13,MINE_CHIKLA_07,ZONE_CHK_03,Daily_Aggregate,170.0,169.2,0.8,42.2,8,Completed,0.0,2026-02-13T22:00:00Z
2026-02-13,MINE_UKWA_08,ZONE_UKW_01,Daily_Aggregate,330.0,314.4,15.6,42.5,14,Completed,0.0,2026-02-13T22:00:00Z
2026-02-13,MINE_UKWA_08,ZONE_UKW_02,Daily_Aggregate,290.0,286.1,3.9,41.6,13,Completed,0.0,2026-02-13T22:00:00Z
2026-02-13,MINE_UKWA_08,ZONE_UKW_03,Daily_Aggregate,190.0,193.3,0.0,40.5,9,Completed,0.0,2026-02-13T22:00:00Z
2026-02-14,MINE_GUMGAON_02,ZONE_GMG_01,Daily_Aggregate,220.0,215.0,5.0,39.4,10,Completed,0.0,2026-02-14T22:00:00Z
2026-02-14,MINE_GUMGAON_02,ZONE_GMG_02,Daily_Aggregate,260.0,251.2,8.8,42.4,11,Completed,0.0,2026-02-14T22:00:00Z
2026-02-14,MINE_GUMGAON_02,ZONE_GMG_03,Daily_Aggregate,180.0,132.7,47.3,38.9,6,Completed,0.9,2026-02-14T22:00:00Z
2026-02-14,MINE_TIRODI_03,ZONE_TRD_01,Daily_Aggregate,340.0,355.3,0.0,40.6,16,Completed,0.0,2026-02-14T22:00:00Z
2026-02-14,MINE_TIRODI_03,ZONE_TRD_02,Daily_Aggregate,380.0,392.7,0.0,41.7,18,Completed,0.0,2026-02-14T22:00:00Z
2026-02-14,MINE_TIRODI_03,ZONE_TRD_03,Daily_Aggregate,200.0,196.6,3.4,42.5,9,Completed,0.0,2026-02-14T22:00:00Z
2026-02-14,MINE_DONGRI_04,ZONE_DGB_01,Daily_Aggregate,480.0,472.1,7.9,43.4,21,Completed,0.0,2026-02-14T22:00:00Z
2026-02-14,MINE_DONGRI_04,ZONE_DGB_02,Daily_Aggregate,510.0,513.8,0.0,41.3,23,Completed,0.0,2026-02-14T22:00:00Z
2026-02-14,MINE_DONGRI_04,ZONE_DGB_03,Daily_Aggregate,240.0,173.9,66.1,42.9,8,Completed,1.0,2026-02-14T22:00:00Z
2026-02-14,MINE_DONGRI_04,ZONE_DGB_04,Daily_Aggregate,60.0,44.4,15.6,39.9,2,Completed,0.6,2026-02-14T22:00:00Z
2026-02-14,MINE_KANDRI_05,ZONE_KND_01,Daily_Aggregate,290.0,225.3,64.7,38.5,10,Completed,0.7,2026-02-14T22:00:00Z
2026-02-14,MINE_KANDRI_05,ZONE_KND_02,Daily_Aggregate,240.0,242.1,0.0,39.6,11,Completed,0.0,2026-02-14T22:00:00Z
2026-02-14,MINE_KANDRI_05,ZONE_KND_03,Daily_Aggregate,150.0,118.3,31.7,39.2,5,Postponed_Rain,1.8,2026-02-14T22:00:00Z
2026-02-14,MINE_MANSAR_06,ZONE_MSR_01,Daily_Aggregate,280.0,208.5,71.5,39.4,9,Postponed_Rain,2.3,2026-02-14T22:00:00Z
2026-02-14,MINE_MANSAR_06,ZONE_MSR_02,Daily_Aggregate,230.0,128.1,101.9,36.5,6,Suspended_Pit_Inundation,4.5,2026-02-14T22:00:00Z
2026-02-14,MINE_MANSAR_06,ZONE_MSR_03,Daily_Aggregate,160.0,79.5,80.5,37.8,4,Suspended_Pit_Inundation,4.8,2026-02-14T22:00:00Z
2026-02-14,MINE_CHIKLA_07,ZONE_CHK_01,Daily_Aggregate,310.0,320.7,0.0,43.4,15,Completed,0.0,2026-02-14T22:00:00Z
2026-02-14,MINE_CHIKLA_07,ZONE_CHK_02,Daily_Aggregate,270.0,279.1,0.0,39.6,13,Completed,0.0,2026-02-14T22:00:00Z
2026-02-14,MINE_CHIKLA_07,ZONE_CHK_03,Daily_Aggregate,170.0,171.1,0.0,42.4,8,Completed,0.0,2026-02-14T22:00:00Z
2026-02-14,MINE_UKWA_08,ZONE_UKW_01,Daily_Aggregate,330.0,314.4,15.6,43.4,14,Completed,0.0,2026-02-14T22:00:00Z
2026-02-14,MINE_UKWA_08,ZONE_UKW_02,Daily_Aggregate,290.0,202.5,87.5,38.6,9,Completed,0.5,2026-02-14T22:00:00Z
2026-02-14,MINE_UKWA_08,ZONE_UKW_03,Daily_Aggregate,190.0,194.0,0.0,40.8,9,Completed,0.0,2026-02-14T22:00:00Z
2026-02-15,MINE_GUMGAON_02,ZONE_GMG_01,Daily_Aggregate,220.0,212.0,8.0,43.6,10,Completed,0.0,2026-02-15T22:00:00Z
2026-02-15,MINE_GUMGAON_02,ZONE_GMG_02,Daily_Aggregate,260.0,180.4,79.6,39.8,8,Postponed_Rain,3.5,2026-02-15T22:00:00Z
2026-02-15,MINE_GUMGAON_02,ZONE_GMG_03,Daily_Aggregate,180.0,173.0,7.0,43.8,8,Completed,0.0,2026-02-15T22:00:00Z
2026-02-15,MINE_TIRODI_03,ZONE_TRD_01,Daily_Aggregate,340.0,346.9,0.0,42.0,16,Completed,0.0,2026-02-15T22:00:00Z
2026-02-15,MINE_TIRODI_03,ZONE_TRD_02,Daily_Aggregate,380.0,258.2,121.8,41.3,12,Completed,0.9,2026-02-15T22:00:00Z
2026-02-15,MINE_TIRODI_03,ZONE_TRD_03,Daily_Aggregate,200.0,199.5,0.5,41.8,9,Completed,0.0,2026-02-15T22:00:00Z
2026-02-15,MINE_DONGRI_04,ZONE_DGB_01,Daily_Aggregate,480.0,490.6,0.0,42.0,22,Completed,0.0,2026-02-15T22:00:00Z
2026-02-15,MINE_DONGRI_04,ZONE_DGB_02,Daily_Aggregate,510.0,521.9,0.0,42.7,24,Completed,0.0,2026-02-15T22:00:00Z
2026-02-15,MINE_DONGRI_04,ZONE_DGB_03,Daily_Aggregate,240.0,161.2,78.8,38.6,7,Completed,0.9,2026-02-15T22:00:00Z
2026-02-15,MINE_DONGRI_04,ZONE_DGB_04,Daily_Aggregate,60.0,60.8,0.0,42.3,3,Completed,0.0,2026-02-15T22:00:00Z
2026-02-15,MINE_KANDRI_05,ZONE_KND_01,Daily_Aggregate,290.0,204.9,85.1,39.2,9,Completed,0.1,2026-02-15T22:00:00Z
2026-02-15,MINE_KANDRI_05,ZONE_KND_02,Daily_Aggregate,240.0,180.9,59.1,40.7,8,Postponed_Rain,3.3,2026-02-15T22:00:00Z
2026-02-15,MINE_KANDRI_05,ZONE_KND_03,Daily_Aggregate,150.0,143.9,6.1,40.2,7,Completed,0.0,2026-02-15T22:00:00Z
2026-02-15,MINE_MANSAR_06,ZONE_MSR_01,Daily_Aggregate,280.0,283.6,0.0,41.2,13,Completed,0.0,2026-02-15T22:00:00Z
2026-02-15,MINE_MANSAR_06,ZONE_MSR_02,Daily_Aggregate,230.0,238.7,0.0,42.8,11,Completed,0.0,2026-02-15T22:00:00Z
2026-02-15,MINE_MANSAR_06,ZONE_MSR_03,Daily_Aggregate,160.0,160.1,0.0,42.9,7,Completed,0.0,2026-02-15T22:00:00Z
2026-02-15,MINE_CHIKLA_07,ZONE_CHK_01,Daily_Aggregate,310.0,302.1,7.9,41.5,14,Completed,0.0,2026-02-15T22:00:00Z
2026-02-15,MINE_CHIKLA_07,ZONE_CHK_02,Daily_Aggregate,270.0,203.8,66.2,39.1,9,Postponed_Rain,1.6,2026-02-15T22:00:00Z
2026-02-15,MINE_CHIKLA_07,ZONE_CHK_03,Daily_Aggregate,170.0,173.0,0.0,39.9,8,Completed,0.0,2026-02-15T22:00:00Z
2026-02-15,MINE_UKWA_08,ZONE_UKW_01,Daily_Aggregate,330.0,340.9,0.0,43.7,15,Completed,0.0,2026-02-15T22:00:00Z
2026-02-15,MINE_UKWA_08,ZONE_UKW_02,Daily_Aggregate,290.0,277.1,12.9,40.4,13,Completed,0.0,2026-02-15T22:00:00Z
2026-02-15,MINE_UKWA_08,ZONE_UKW_03,Daily_Aggregate,190.0,196.0,0.0,40.2,9,Completed,0.0,2026-02-15T22:00:00Z
2026-02-16,MINE_GUMGAON_02,ZONE_GMG_01,Daily_Aggregate,220.0,222.3,0.0,41.6,10,Completed,0.0,2026-02-16T22:00:00Z
2026-02-16,MINE_GUMGAON_02,ZONE_GMG_02,Daily_Aggregate,260.0,176.6,83.4,39.3,8,Completed,0.4,2026-02-16T22:00:00Z
2026-02-16,MINE_GUMGAON_02,ZONE_GMG_03,Daily_Aggregate,180.0,173.0,7.0,42.8,8,Completed,0.0,2026-02-16T22:00:00Z
2026-02-16,MINE_TIRODI_03,ZONE_TRD_01,Daily_Aggregate,340.0,277.2,62.8,38.4,13,Postponed_Rain,2.8,2026-02-16T22:00:00Z
2026-02-16,MINE_TIRODI_03,ZONE_TRD_02,Daily_Aggregate,380.0,361.6,18.4,42.5,16,Completed,0.0,2026-02-16T22:00:00Z
2026-02-16,MINE_TIRODI_03,ZONE_TRD_03,Daily_Aggregate,200.0,118.6,81.4,38.7,5,Completed,0.3,2026-02-16T22:00:00Z
2026-02-16,MINE_DONGRI_04,ZONE_DGB_01,Daily_Aggregate,480.0,352.7,127.3,39.2,16,Postponed_Rain,2.9,2026-02-16T22:00:00Z
2026-02-16,MINE_DONGRI_04,ZONE_DGB_02,Daily_Aggregate,510.0,403.4,106.6,40.4,18,Postponed_Rain,3.5,2026-02-16T22:00:00Z
2026-02-16,MINE_DONGRI_04,ZONE_DGB_03,Daily_Aggregate,240.0,165.7,74.3,38.1,8,Postponed_Rain,2.5,2026-02-16T22:00:00Z
2026-02-16,MINE_DONGRI_04,ZONE_DGB_04,Daily_Aggregate,60.0,58.3,1.7,43.4,3,Completed,0.0,2026-02-16T22:00:00Z
2026-02-16,MINE_KANDRI_05,ZONE_KND_01,Daily_Aggregate,290.0,285.4,4.6,42.3,13,Completed,0.0,2026-02-16T22:00:00Z
2026-02-16,MINE_KANDRI_05,ZONE_KND_02,Daily_Aggregate,240.0,236.0,4.0,43.0,11,Completed,0.0,2026-02-16T22:00:00Z
2026-02-16,MINE_KANDRI_05,ZONE_KND_03,Daily_Aggregate,150.0,145.8,4.2,40.2,7,Completed,0.0,2026-02-16T22:00:00Z
2026-02-16,MINE_MANSAR_06,ZONE_MSR_01,Daily_Aggregate,280.0,269.2,10.8,41.0,12,Completed,0.0,2026-02-16T22:00:00Z
2026-02-16,MINE_MANSAR_06,ZONE_MSR_02,Daily_Aggregate,230.0,222.2,7.8,39.4,10,Completed,0.0,2026-02-16T22:00:00Z
2026-02-16,MINE_MANSAR_06,ZONE_MSR_03,Daily_Aggregate,160.0,119.5,40.5,42.6,5,Completed,0.6,2026-02-16T22:00:00Z
2026-02-16,MINE_CHIKLA_07,ZONE_CHK_01,Daily_Aggregate,310.0,307.5,2.5,40.8,14,Completed,0.0,2026-02-16T22:00:00Z
2026-02-16,MINE_CHIKLA_07,ZONE_CHK_02,Daily_Aggregate,270.0,261.2,8.8,39.5,12,Completed,0.0,2026-02-16T22:00:00Z
2026-02-16,MINE_CHIKLA_07,ZONE_CHK_03,Daily_Aggregate,170.0,119.2,50.8,38.7,5,Delayed_Misfire,2.1,2026-02-16T22:00:00Z
2026-02-16,MINE_UKWA_08,ZONE_UKW_01,Daily_Aggregate,330.0,344.7,0.0,43.1,16,Completed,0.0,2026-02-16T22:00:00Z
2026-02-16,MINE_UKWA_08,ZONE_UKW_02,Daily_Aggregate,290.0,288.8,1.2,42.9,13,Completed,0.0,2026-02-16T22:00:00Z
2026-02-16,MINE_UKWA_08,ZONE_UKW_03,Daily_Aggregate,190.0,185.9,4.1,42.2,8,Completed,0.0,2026-02-16T22:00:00Z
2026-02-17,MINE_GUMGAON_02,ZONE_GMG_01,Daily_Aggregate,220.0,227.0,0.0,40.9,10,Completed,0.0,2026-02-17T22:00:00Z
2026-02-17,MINE_GUMGAON_02,ZONE_GMG_02,Daily_Aggregate,260.0,174.7,85.3,38.0,8,Postponed_Rain,3.0,2026-02-17T22:00:00Z
2026-02-17,MINE_GUMGAON_02,ZONE_GMG_03,Daily_Aggregate,180.0,171.8,8.2,43.3,8,Completed,0.0,2026-02-17T22:00:00Z
2026-02-17,MINE_TIRODI_03,ZONE_TRD_01,Daily_Aggregate,340.0,332.2,7.8,43.6,15,Completed,0.0,2026-02-17T22:00:00Z
2026-02-17,MINE_TIRODI_03,ZONE_TRD_02,Daily_Aggregate,380.0,395.9,0.0,43.9,18,Completed,0.0,2026-02-17T22:00:00Z
2026-02-17,MINE_TIRODI_03,ZONE_TRD_03,Daily_Aggregate,200.0,136.7,63.3,38.7,6,Completed,0.0,2026-02-17T22:00:00Z
2026-02-17,MINE_DONGRI_04,ZONE_DGB_01,Daily_Aggregate,480.0,496.4,0.0,41.6,23,Completed,0.0,2026-02-17T22:00:00Z
2026-02-17,MINE_DONGRI_04,ZONE_DGB_02,Daily_Aggregate,510.0,514.4,0.0,42.0,23,Completed,0.0,2026-02-17T22:00:00Z
2026-02-17,MINE_DONGRI_04,ZONE_DGB_03,Daily_Aggregate,240.0,244.0,0.0,42.6,11,Completed,0.0,2026-02-17T22:00:00Z
2026-02-17,MINE_DONGRI_04,ZONE_DGB_04,Daily_Aggregate,60.0,60.6,0.0,39.7,3,Completed,0.0,2026-02-17T22:00:00Z
2026-02-17,MINE_KANDRI_05,ZONE_KND_01,Daily_Aggregate,290.0,299.9,0.0,42.3,14,Completed,0.0,2026-02-17T22:00:00Z
2026-02-17,MINE_KANDRI_05,ZONE_KND_02,Daily_Aggregate,240.0,167.8,72.2,40.3,8,Postponed_Rain,2.0,2026-02-17T22:00:00Z
2026-02-17,MINE_KANDRI_05,ZONE_KND_03,Daily_Aggregate,150.0,179.3,0.0,42.8,8,Completed,0.0,2026-02-17T22:00:00Z
2026-02-17,MINE_MANSAR_06,ZONE_MSR_01,Daily_Aggregate,280.0,272.5,7.5,40.3,12,Completed,0.0,2026-02-17T22:00:00Z
2026-02-17,MINE_MANSAR_06,ZONE_MSR_02,Daily_Aggregate,230.0,224.5,5.5,40.9,10,Completed,0.0,2026-02-17T22:00:00Z
2026-02-17,MINE_MANSAR_06,ZONE_MSR_03,Daily_Aggregate,160.0,156.5,3.5,40.3,7,Completed,0.0,2026-02-17T22:00:00Z
2026-02-17,MINE_CHIKLA_07,ZONE_CHK_01,Daily_Aggregate,310.0,319.3,0.0,41.4,15,Completed,0.0,2026-02-17T22:00:00Z
2026-02-17,MINE_CHIKLA_07,ZONE_CHK_02,Daily_Aggregate,270.0,278.1,0.0,42.7,13,Completed,0.0,2026-02-17T22:00:00Z
2026-02-17,MINE_CHIKLA_07,ZONE_CHK_03,Daily_Aggregate,170.0,163.8,6.2,43.4,7,Completed,0.0,2026-02-17T22:00:00Z
2026-02-17,MINE_UKWA_08,ZONE_UKW_01,Daily_Aggregate,330.0,244.5,85.5,38.2,11,Postponed_Rain,3.1,2026-02-17T22:00:00Z
2026-02-17,MINE_UKWA_08,ZONE_UKW_02,Daily_Aggregate,290.0,276.0,14.0,41.8,13,Completed,0.0,2026-02-17T22:00:00Z
2026-02-17,MINE_UKWA_08,ZONE_UKW_03,Daily_Aggregate,190.0,181.0,9.0,40.2,8,Completed,0.0,2026-02-17T22:00:00Z
2026-02-18,MINE_GUMGAON_02,ZONE_GMG_01,Daily_Aggregate,220.0,229.4,0.0,40.5,10,Completed,0.0,2026-02-18T22:00:00Z
2026-02-18,MINE_GUMGAON_02,ZONE_GMG_02,Daily_Aggregate,260.0,271.4,0.0,39.5,12,Completed,0.0,2026-02-18T22:00:00Z
2026-02-18,MINE_GUMGAON_02,ZONE_GMG_03,Daily_Aggregate,180.0,138.5,41.5,39.0,6,Postponed_Rain,2.7,2026-02-18T22:00:00Z
2026-02-18,MINE_TIRODI_03,ZONE_TRD_01,Daily_Aggregate,340.0,330.4,9.6,40.1,15,Completed,0.0,2026-02-18T22:00:00Z
2026-02-18,MINE_TIRODI_03,ZONE_TRD_02,Daily_Aggregate,380.0,395.0,0.0,39.7,18,Completed,0.0,2026-02-18T22:00:00Z
2026-02-18,MINE_TIRODI_03,ZONE_TRD_03,Daily_Aggregate,200.0,145.0,55.0,38.4,7,Postponed_Rain,1.7,2026-02-18T22:00:00Z
2026-02-18,MINE_DONGRI_04,ZONE_DGB_01,Daily_Aggregate,480.0,282.0,198.0,43.0,13,Completed,0.1,2026-02-18T22:00:00Z
2026-02-18,MINE_DONGRI_04,ZONE_DGB_02,Daily_Aggregate,510.0,304.8,205.2,35.8,14,Suspended_Pit_Inundation,3.0,2026-02-18T22:00:00Z
2026-02-18,MINE_DONGRI_04,ZONE_DGB_03,Daily_Aggregate,240.0,233.1,6.9,42.8,11,Completed,0.0,2026-02-18T22:00:00Z
2026-02-18,MINE_DONGRI_04,ZONE_DGB_04,Daily_Aggregate,60.0,59.8,0.2,39.9,3,Completed,0.0,2026-02-18T22:00:00Z
2026-02-18,MINE_KANDRI_05,ZONE_KND_01,Daily_Aggregate,290.0,165.6,124.4,35.2,8,Suspended_Pit_Inundation,5.3,2026-02-18T22:00:00Z
2026-02-18,MINE_KANDRI_05,ZONE_KND_02,Daily_Aggregate,240.0,229.7,10.3,41.4,10,Completed,0.0,2026-02-18T22:00:00Z
2026-02-18,MINE_KANDRI_05,ZONE_KND_03,Daily_Aggregate,150.0,149.7,0.3,43.7,7,Completed,0.0,2026-02-18T22:00:00Z
2026-02-18,MINE_MANSAR_06,ZONE_MSR_01,Daily_Aggregate,280.0,278.0,2.0,39.8,13,Completed,0.0,2026-02-18T22:00:00Z
2026-02-18,MINE_MANSAR_06,ZONE_MSR_02,Daily_Aggregate,230.0,239.8,0.0,41.8,11,Completed,0.0,2026-02-18T22:00:00Z
2026-02-18,MINE_MANSAR_06,ZONE_MSR_03,Daily_Aggregate,160.0,166.4,0.0,43.7,8,Completed,0.0,2026-02-18T22:00:00Z
2026-02-18,MINE_CHIKLA_07,ZONE_CHK_01,Daily_Aggregate,310.0,324.1,0.0,39.8,15,Completed,0.0,2026-02-18T22:00:00Z
2026-02-18,MINE_CHIKLA_07,ZONE_CHK_02,Daily_Aggregate,270.0,316.0,0.0,44.7,14,Completed,0.0,2026-02-18T22:00:00Z
2026-02-18,MINE_CHIKLA_07,ZONE_CHK_03,Daily_Aggregate,170.0,172.4,0.0,40.8,8,Completed,0.0,2026-02-18T22:00:00Z
2026-02-18,MINE_UKWA_08,ZONE_UKW_01,Daily_Aggregate,330.0,331.5,0.0,42.9,15,Completed,0.0,2026-02-18T22:00:00Z
2026-02-18,MINE_UKWA_08,ZONE_UKW_02,Daily_Aggregate,290.0,287.5,2.5,40.1,13,Completed,0.0,2026-02-18T22:00:00Z
2026-02-18,MINE_UKWA_08,ZONE_UKW_03,Daily_Aggregate,190.0,148.0,42.0,42.0,7,Delayed_Misfire,2.6,2026-02-18T22:00:00Z
2026-02-19,MINE_GUMGAON_02,ZONE_GMG_01,Daily_Aggregate,220.0,175.9,44.1,39.2,8,Postponed_Rain,3.0,2026-02-19T22:00:00Z
2026-02-19,MINE_GUMGAON_02,ZONE_GMG_02,Daily_Aggregate,260.0,260.2,0.0,42.5,12,Completed,0.0,2026-02-19T22:00:00Z
2026-02-19,MINE_GUMGAON_02,ZONE_GMG_03,Daily_Aggregate,180.0,188.5,0.0,42.3,9,Completed,0.0,2026-02-19T22:00:00Z
2026-02-19,MINE_TIRODI_03,ZONE_TRD_01,Daily_Aggregate,340.0,354.0,0.0,43.0,16,Completed,0.0,2026-02-19T22:00:00Z
2026-02-19,MINE_TIRODI_03,ZONE_TRD_02,Daily_Aggregate,380.0,371.3,8.7,41.8,17,Completed,0.0,2026-02-19T22:00:00Z
2026-02-19,MINE_TIRODI_03,ZONE_TRD_03,Daily_Aggregate,200.0,207.8,0.0,41.8,9,Completed,0.0,2026-02-19T22:00:00Z
2026-02-19,MINE_DONGRI_04,ZONE_DGB_01,Daily_Aggregate,480.0,493.4,0.0,39.0,22,Completed,0.0,2026-02-19T22:00:00Z
2026-02-19,MINE_DONGRI_04,ZONE_DGB_02,Daily_Aggregate,510.0,494.7,15.3,43.6,22,Completed,0.0,2026-02-19T22:00:00Z
2026-02-19,MINE_DONGRI_04,ZONE_DGB_03,Daily_Aggregate,240.0,249.4,0.0,40.6,11,Completed,0.0,2026-02-19T22:00:00Z
2026-02-19,MINE_DONGRI_04,ZONE_DGB_04,Daily_Aggregate,60.0,58.9,1.1,39.9,3,Completed,0.0,2026-02-19T22:00:00Z
2026-02-19,MINE_KANDRI_05,ZONE_KND_01,Daily_Aggregate,290.0,288.7,1.3,39.5,13,Completed,0.0,2026-02-19T22:00:00Z
2026-02-19,MINE_KANDRI_05,ZONE_KND_02,Daily_Aggregate,240.0,231.1,8.9,39.1,11,Completed,0.0,2026-02-19T22:00:00Z
2026-02-19,MINE_KANDRI_05,ZONE_KND_03,Daily_Aggregate,150.0,156.4,0.0,41.8,7,Completed,0.0,2026-02-19T22:00:00Z
2026-02-19,MINE_MANSAR_06,ZONE_MSR_01,Daily_Aggregate,280.0,203.8,76.2,41.1,9,Delayed_Misfire,2.3,2026-02-19T22:00:00Z
2026-02-19,MINE_MANSAR_06,ZONE_MSR_02,Daily_Aggregate,230.0,187.5,42.5,37.1,9,Postponed_Rain,3.2,2026-02-19T22:00:00Z
2026-02-19,MINE_MANSAR_06,ZONE_MSR_03,Daily_Aggregate,160.0,162.3,0.0,42.4,7,Completed,0.0,2026-02-19T22:00:00Z
2026-02-19,MINE_CHIKLA_07,ZONE_CHK_01,Daily_Aggregate,310.0,152.5,157.5,35.8,7,Suspended_Pit_Inundation,3.3,2026-02-19T22:00:00Z
2026-02-19,MINE_CHIKLA_07,ZONE_CHK_02,Daily_Aggregate,270.0,274.0,0.0,39.0,12,Completed,0.0,2026-02-19T22:00:00Z
2026-02-19,MINE_CHIKLA_07,ZONE_CHK_03,Daily_Aggregate,170.0,175.0,0.0,41.5,8,Completed,0.0,2026-02-19T22:00:00Z
2026-02-19,MINE_UKWA_08,ZONE_UKW_01,Daily_Aggregate,330.0,152.2,177.8,36.0,7,Suspended_Pit_Inundation,4.2,2026-02-19T22:00:00Z
2026-02-19,MINE_UKWA_08,ZONE_UKW_02,Daily_Aggregate,290.0,276.3,13.7,41.4,13,Completed,0.0,2026-02-19T22:00:00Z
2026-02-19,MINE_UKWA_08,ZONE_UKW_03,Daily_Aggregate,190.0,108.2,81.8,39.8,5,Completed,0.9,2026-02-19T22:00:00Z
2026-02-20,MINE_GUMGAON_02,ZONE_GMG_01,Daily_Aggregate,220.0,220.9,0.0,41.9,10,Completed,0.0,2026-02-20T22:00:00Z
2026-02-20,MINE_GUMGAON_02,ZONE_GMG_02,Daily_Aggregate,260.0,220.4,39.6,39.2,10,Delayed_Misfire,2.1,2026-02-20T22:00:00Z
2026-02-20,MINE_GUMGAON_02,ZONE_GMG_03,Daily_Aggregate,180.0,188.8,0.0,43.2,9,Completed,0.0,2026-02-20T22:00:00Z
2026-02-20,MINE_TIRODI_03,ZONE_TRD_01,Daily_Aggregate,340.0,339.0,1.0,39.8,15,Completed,0.0,2026-02-20T22:00:00Z
2026-02-20,MINE_TIRODI_03,ZONE_TRD_02,Daily_Aggregate,380.0,385.8,0.0,40.8,18,Completed,0.0,2026-02-20T22:00:00Z
2026-02-20,MINE_TIRODI_03,ZONE_TRD_03,Daily_Aggregate,200.0,231.0,0.0,43.3,10,Completed,0.0,2026-02-20T22:00:00Z
2026-02-20,MINE_DONGRI_04,ZONE_DGB_01,Daily_Aggregate,480.0,459.7,20.3,39.7,21,Completed,0.0,2026-02-20T22:00:00Z
2026-02-20,MINE_DONGRI_04,ZONE_DGB_02,Daily_Aggregate,510.0,305.2,204.8,41.9,14,Completed,0.1,2026-02-20T22:00:00Z
2026-02-20,MINE_DONGRI_04,ZONE_DGB_03,Daily_Aggregate,240.0,240.2,0.0,40.8,11,Completed,0.0,2026-02-20T22:00:00Z
2026-02-20,MINE_DONGRI_04,ZONE_DGB_04,Daily_Aggregate,60.0,59.1,0.9,43.6,3,Completed,0.0,2026-02-20T22:00:00Z
2026-02-20,MINE_KANDRI_05,ZONE_KND_01,Daily_Aggregate,290.0,241.2,48.8,39.5,11,Delayed_Misfire,2.1,2026-02-20T22:00:00Z
2026-02-20,MINE_KANDRI_05,ZONE_KND_02,Daily_Aggregate,240.0,228.5,11.5,39.7,10,Completed,0.0,2026-02-20T22:00:00Z
2026-02-20,MINE_KANDRI_05,ZONE_KND_03,Daily_Aggregate,150.0,143.4,6.6,42.3,7,Completed,0.0,2026-02-20T22:00:00Z
2026-02-20,MINE_MANSAR_06,ZONE_MSR_01,Daily_Aggregate,280.0,268.7,11.3,39.7,12,Completed,0.0,2026-02-20T22:00:00Z
2026-02-20,MINE_MANSAR_06,ZONE_MSR_02,Daily_Aggregate,230.0,146.0,84.0,38.2,7,Completed,0.0,2026-02-20T22:00:00Z
2026-02-20,MINE_MANSAR_06,ZONE_MSR_03,Daily_Aggregate,160.0,165.8,0.0,42.8,8,Completed,0.0,2026-02-20T22:00:00Z
2026-02-20,MINE_CHIKLA_07,ZONE_CHK_01,Daily_Aggregate,310.0,321.2,0.0,40.2,15,Completed,0.0,2026-02-20T22:00:00Z
2026-02-20,MINE_CHIKLA_07,ZONE_CHK_02,Daily_Aggregate,270.0,220.7,49.3,37.9,10,Postponed_Rain,3.5,2026-02-20T22:00:00Z
2026-02-20,MINE_CHIKLA_07,ZONE_CHK_03,Daily_Aggregate,170.0,175.1,0.0,43.9,8,Completed,0.0,2026-02-20T22:00:00Z
2026-02-20,MINE_UKWA_08,ZONE_UKW_01,Daily_Aggregate,330.0,219.6,110.4,38.1,10,Postponed_Rain,2.9,2026-02-20T22:00:00Z
2026-02-20,MINE_UKWA_08,ZONE_UKW_02,Daily_Aggregate,290.0,193.0,97.0,39.1,9,Completed,0.9,2026-02-20T22:00:00Z
2026-02-20,MINE_UKWA_08,ZONE_UKW_03,Daily_Aggregate,190.0,183.9,6.1,39.9,8,Completed,0.0,2026-02-20T22:00:00Z
2026-02-21,MINE_GUMGAON_02,ZONE_GMG_01,Daily_Aggregate,220.0,163.0,57.0,37.8,7,Postponed_Rain,1.9,2026-02-21T22:00:00Z
2026-02-21,MINE_GUMGAON_02,ZONE_GMG_02,Daily_Aggregate,260.0,201.1,58.9,38.6,9,Completed,0.3,2026-02-21T22:00:00Z
2026-02-21,MINE_GUMGAON_02,ZONE_GMG_03,Daily_Aggregate,180.0,182.9,0.0,43.7,8,Completed,0.0,2026-02-21T22:00:00Z
2026-02-21,MINE_TIRODI_03,ZONE_TRD_01,Daily_Aggregate,340.0,330.0,10.0,42.8,15,Completed,0.0,2026-02-21T22:00:00Z
2026-02-21,MINE_TIRODI_03,ZONE_TRD_02,Daily_Aggregate,380.0,366.9,13.1,39.8,17,Completed,0.0,2026-02-21T22:00:00Z
2026-02-21,MINE_TIRODI_03,ZONE_TRD_03,Daily_Aggregate,200.0,197.3,2.7,40.9,9,Completed,0.0,2026-02-21T22:00:00Z
2026-02-21,MINE_DONGRI_04,ZONE_DGB_01,Daily_Aggregate,480.0,470.2,9.8,42.6,21,Completed,0.0,2026-02-21T22:00:00Z
2026-02-21,MINE_DONGRI_04,ZONE_DGB_02,Daily_Aggregate,510.0,502.4,7.6,43.3,23,Completed,0.0,2026-02-21T22:00:00Z
2026-02-21,MINE_DONGRI_04,ZONE_DGB_03,Daily_Aggregate,240.0,231.8,8.2,40.4,11,Completed,0.0,2026-02-21T22:00:00Z
2026-02-21,MINE_DONGRI_04,ZONE_DGB_04,Daily_Aggregate,60.0,38.4,21.6,41.8,2,Completed,1.0,2026-02-21T22:00:00Z
2026-02-21,MINE_KANDRI_05,ZONE_KND_01,Daily_Aggregate,290.0,289.8,0.2,40.1,13,Completed,0.0,2026-02-21T22:00:00Z
2026-02-21,MINE_KANDRI_05,ZONE_KND_02,Daily_Aggregate,240.0,242.4,0.0,40.5,11,Completed,0.0,2026-02-21T22:00:00Z
2026-02-21,MINE_KANDRI_05,ZONE_KND_03,Daily_Aggregate,150.0,151.4,0.0,43.2,7,Completed,0.0,2026-02-21T22:00:00Z
2026-02-21,MINE_MANSAR_06,ZONE_MSR_01,Daily_Aggregate,280.0,275.5,4.5,40.8,13,Completed,0.0,2026-02-21T22:00:00Z
2026-02-21,MINE_MANSAR_06,ZONE_MSR_02,Daily_Aggregate,230.0,238.1,0.0,40.4,11,Completed,0.0,2026-02-21T22:00:00Z
2026-02-21,MINE_MANSAR_06,ZONE_MSR_03,Daily_Aggregate,160.0,95.5,64.5,42.9,4,Completed,0.2,2026-02-21T22:00:00Z
2026-02-21,MINE_CHIKLA_07,ZONE_CHK_01,Daily_Aggregate,310.0,308.5,1.5,40.9,14,Completed,0.0,2026-02-21T22:00:00Z
2026-02-21,MINE_CHIKLA_07,ZONE_CHK_02,Daily_Aggregate,270.0,158.9,111.1,40.4,7,Completed,0.9,2026-02-21T22:00:00Z
2026-02-21,MINE_CHIKLA_07,ZONE_CHK_03,Daily_Aggregate,170.0,166.7,3.3,41.2,8,Completed,0.0,2026-02-21T22:00:00Z
2026-02-21,MINE_UKWA_08,ZONE_UKW_01,Daily_Aggregate,330.0,340.1,0.0,44.0,15,Completed,0.0,2026-02-21T22:00:00Z
2026-02-21,MINE_UKWA_08,ZONE_UKW_02,Daily_Aggregate,290.0,280.3,9.7,39.7,13,Completed,0.0,2026-02-21T22:00:00Z
2026-02-21,MINE_UKWA_08,ZONE_UKW_03,Daily_Aggregate,190.0,183.7,6.3,39.2,8,Completed,0.0,2026-02-21T22:00:00Z
2026-02-22,MINE_GUMGAON_02,ZONE_GMG_01,Daily_Aggregate,220.0,218.4,1.6,43.9,10,Completed,0.0,2026-02-22T22:00:00Z
2026-02-22,MINE_GUMGAON_02,ZONE_GMG_02,Daily_Aggregate,260.0,254.5,5.5,41.2,12,Completed,0.0,2026-02-22T22:00:00Z
2026-02-22,MINE_GUMGAON_02,ZONE_GMG_03,Daily_Aggregate,180.0,175.9,4.1,41.4,8,Completed,0.0,2026-02-22T22:00:00Z
2026-02-22,MINE_TIRODI_03,ZONE_TRD_01,Daily_Aggregate,340.0,355.1,0.0,42.3,16,Completed,0.0,2026-02-22T22:00:00Z
2026-02-22,MINE_TIRODI_03,ZONE_TRD_02,Daily_Aggregate,380.0,387.4,0.0,39.9,18,Completed,0.0,2026-02-22T22:00:00Z
2026-02-22,MINE_TIRODI_03,ZONE_TRD_03,Daily_Aggregate,200.0,147.0,53.0,42.6,7,Completed,0.6,2026-02-22T22:00:00Z
2026-02-22,MINE_DONGRI_04,ZONE_DGB_01,Daily_Aggregate,480.0,461.2,18.8,39.2,21,Completed,0.0,2026-02-22T22:00:00Z
2026-02-22,MINE_DONGRI_04,ZONE_DGB_02,Daily_Aggregate,510.0,527.6,0.0,40.2,24,Completed,0.0,2026-02-22T22:00:00Z
2026-02-22,MINE_DONGRI_04,ZONE_DGB_03,Daily_Aggregate,240.0,165.3,74.7,38.5,8,Completed,0.2,2026-02-22T22:00:00Z
2026-02-22,MINE_DONGRI_04,ZONE_DGB_04,Daily_Aggregate,60.0,45.5,14.5,38.3,2,Postponed_Rain,3.4,2026-02-22T22:00:00Z
2026-02-22,MINE_KANDRI_05,ZONE_KND_01,Daily_Aggregate,290.0,201.1,88.9,37.1,9,Postponed_Rain,1.7,2026-02-22T22:00:00Z
2026-02-22,MINE_KANDRI_05,ZONE_KND_02,Daily_Aggregate,240.0,233.1,6.9,42.2,11,Completed,0.0,2026-02-22T22:00:00Z
2026-02-22,MINE_KANDRI_05,ZONE_KND_03,Daily_Aggregate,150.0,154.3,0.0,42.5,7,Completed,0.0,2026-02-22T22:00:00Z
2026-02-22,MINE_MANSAR_06,ZONE_MSR_01,Daily_Aggregate,280.0,281.3,0.0,41.7,13,Completed,0.0,2026-02-22T22:00:00Z
2026-02-22,MINE_MANSAR_06,ZONE_MSR_02,Daily_Aggregate,230.0,226.3,3.7,42.6,10,Completed,0.0,2026-02-22T22:00:00Z
2026-02-22,MINE_MANSAR_06,ZONE_MSR_03,Daily_Aggregate,160.0,157.6,2.4,41.5,7,Completed,0.0,2026-02-22T22:00:00Z
2026-02-22,MINE_CHIKLA_07,ZONE_CHK_01,Daily_Aggregate,310.0,227.4,82.6,39.1,10,Delayed_Misfire,2.5,2026-02-22T22:00:00Z
2026-02-22,MINE_CHIKLA_07,ZONE_CHK_02,Daily_Aggregate,270.0,266.6,3.4,42.1,12,Completed,0.0,2026-02-22T22:00:00Z
2026-02-22,MINE_CHIKLA_07,ZONE_CHK_03,Daily_Aggregate,170.0,174.6,0.0,42.6,8,Completed,0.0,2026-02-22T22:00:00Z
2026-02-22,MINE_UKWA_08,ZONE_UKW_01,Daily_Aggregate,330.0,325.0,5.0,40.5,15,Completed,0.0,2026-02-22T22:00:00Z
2026-02-22,MINE_UKWA_08,ZONE_UKW_02,Daily_Aggregate,290.0,292.3,0.0,43.9,13,Completed,0.0,2026-02-22T22:00:00Z
2026-02-22,MINE_UKWA_08,ZONE_UKW_03,Daily_Aggregate,190.0,196.6,0.0,40.1,9,Completed,0.0,2026-02-22T22:00:00Z
2026-02-23,MINE_GUMGAON_02,ZONE_GMG_01,Daily_Aggregate,220.0,226.5,0.0,40.6,10,Completed,0.0,2026-02-23T22:00:00Z
2026-02-23,MINE_GUMGAON_02,ZONE_GMG_02,Daily_Aggregate,260.0,262.2,0.0,41.5,12,Completed,0.0,2026-02-23T22:00:00Z
2026-02-23,MINE_GUMGAON_02,ZONE_GMG_03,Daily_Aggregate,180.0,176.9,3.1,43.0,8,Completed,0.0,2026-02-23T22:00:00Z
2026-02-23,MINE_TIRODI_03,ZONE_TRD_01,Daily_Aggregate,340.0,222.4,117.6,42.4,10,Completed,0.9,2026-02-23T22:00:00Z
2026-02-23,MINE_TIRODI_03,ZONE_TRD_02,Daily_Aggregate,380.0,251.1,128.9,39.6,11,Completed,0.2,2026-02-23T22:00:00Z
2026-02-23,MINE_TIRODI_03,ZONE_TRD_03,Daily_Aggregate,200.0,200.2,0.0,40.7,9,Completed,0.0,2026-02-23T22:00:00Z
2026-02-23,MINE_DONGRI_04,ZONE_DGB_01,Daily_Aggregate,480.0,497.2,0.0,43.8,23,Completed,0.0,2026-02-23T22:00:00Z
2026-02-23,MINE_DONGRI_04,ZONE_DGB_02,Daily_Aggregate,510.0,524.2,0.0,43.4,24,Completed,0.0,2026-02-23T22:00:00Z
2026-02-23,MINE_DONGRI_04,ZONE_DGB_03,Daily_Aggregate,240.0,230.6,9.4,43.2,10,Completed,0.0,2026-02-23T22:00:00Z
2026-02-23,MINE_DONGRI_04,ZONE_DGB_04,Daily_Aggregate,60.0,45.5,14.5,42.3,2,Completed,0.7,2026-02-23T22:00:00Z
2026-02-23,MINE_KANDRI_05,ZONE_KND_01,Daily_Aggregate,290.0,208.8,81.2,39.9,9,Postponed_Rain,1.6,2026-02-23T22:00:00Z
2026-02-23,MINE_KANDRI_05,ZONE_KND_02,Daily_Aggregate,240.0,242.2,0.0,41.3,11,Completed,0.0,2026-02-23T22:00:00Z
2026-02-23,MINE_KANDRI_05,ZONE_KND_03,Daily_Aggregate,150.0,149.1,0.9,39.5,7,Completed,0.0,2026-02-23T22:00:00Z
2026-02-23,MINE_MANSAR_06,ZONE_MSR_01,Daily_Aggregate,280.0,200.6,79.4,41.1,9,Completed,0.7,2026-02-23T22:00:00Z
2026-02-23,MINE_MANSAR_06,ZONE_MSR_02,Daily_Aggregate,230.0,183.5,46.5,37.8,8,Postponed_Rain,2.8,2026-02-23T22:00:00Z
2026-02-23,MINE_MANSAR_06,ZONE_MSR_03,Daily_Aggregate,160.0,164.3,0.0,43.2,7,Completed,0.0,2026-02-23T22:00:00Z
2026-02-23,MINE_CHIKLA_07,ZONE_CHK_01,Daily_Aggregate,310.0,296.2,13.8,40.0,13,Completed,0.0,2026-02-23T22:00:00Z
2026-02-23,MINE_CHIKLA_07,ZONE_CHK_02,Daily_Aggregate,270.0,271.7,0.0,40.2,12,Completed,0.0,2026-02-23T22:00:00Z
2026-02-23,MINE_CHIKLA_07,ZONE_CHK_03,Daily_Aggregate,170.0,173.1,0.0,39.1,8,Completed,0.0,2026-02-23T22:00:00Z
2026-02-23,MINE_UKWA_08,ZONE_UKW_01,Daily_Aggregate,330.0,340.1,0.0,40.4,15,Completed,0.0,2026-02-23T22:00:00Z
2026-02-23,MINE_UKWA_08,ZONE_UKW_02,Daily_Aggregate,290.0,152.1,137.9,37.8,7,Suspended_Pit_Inundation,4.2,2026-02-23T22:00:00Z
2026-02-23,MINE_UKWA_08,ZONE_UKW_03,Daily_Aggregate,190.0,133.2,56.8,38.3,6,Completed,0.1,2026-02-23T22:00:00Z
2026-02-24,MINE_GUMGAON_02,ZONE_GMG_01,Daily_Aggregate,220.0,216.2,3.8,43.8,10,Completed,0.0,2026-02-24T22:00:00Z
2026-02-24,MINE_GUMGAON_02,ZONE_GMG_02,Daily_Aggregate,260.0,267.3,0.0,40.1,12,Completed,0.0,2026-02-24T22:00:00Z
2026-02-24,MINE_GUMGAON_02,ZONE_GMG_03,Daily_Aggregate,180.0,184.9,0.0,42.6,8,Completed,0.0,2026-02-24T22:00:00Z
2026-02-24,MINE_TIRODI_03,ZONE_TRD_01,Daily_Aggregate,340.0,207.8,132.2,38.5,9,Completed,0.1,2026-02-24T22:00:00Z
2026-02-24,MINE_TIRODI_03,ZONE_TRD_02,Daily_Aggregate,380.0,368.2,11.8,39.2,17,Completed,0.0,2026-02-24T22:00:00Z
2026-02-24,MINE_TIRODI_03,ZONE_TRD_03,Daily_Aggregate,200.0,204.1,0.0,39.1,9,Completed,0.0,2026-02-24T22:00:00Z
2026-02-24,MINE_DONGRI_04,ZONE_DGB_01,Daily_Aggregate,480.0,481.4,0.0,41.1,22,Completed,0.0,2026-02-24T22:00:00Z
2026-02-24,MINE_DONGRI_04,ZONE_DGB_02,Daily_Aggregate,510.0,487.4,22.6,41.3,22,Completed,0.0,2026-02-24T22:00:00Z
2026-02-24,MINE_DONGRI_04,ZONE_DGB_03,Daily_Aggregate,240.0,165.6,74.4,39.5,8,Postponed_Rain,1.9,2026-02-24T22:00:00Z
2026-02-24,MINE_DONGRI_04,ZONE_DGB_04,Daily_Aggregate,60.0,33.6,26.4,36.8,2,Suspended_Pit_Inundation,5.0,2026-02-24T22:00:00Z
2026-02-24,MINE_KANDRI_05,ZONE_KND_01,Daily_Aggregate,290.0,289.7,0.3,41.1,13,Completed,0.0,2026-02-24T22:00:00Z
2026-02-24,MINE_KANDRI_05,ZONE_KND_02,Daily_Aggregate,240.0,229.0,11.0,43.8,10,Completed,0.0,2026-02-24T22:00:00Z
2026-02-24,MINE_KANDRI_05,ZONE_KND_03,Daily_Aggregate,150.0,156.2,0.0,43.1,7,Completed,0.0,2026-02-24T22:00:00Z
2026-02-24,MINE_MANSAR_06,ZONE_MSR_01,Daily_Aggregate,280.0,267.4,12.6,42.0,12,Completed,0.0,2026-02-24T22:00:00Z
2026-02-24,MINE_MANSAR_06,ZONE_MSR_02,Daily_Aggregate,230.0,219.9,10.1,40.1,10,Completed,0.0,2026-02-24T22:00:00Z
2026-02-24,MINE_MANSAR_06,ZONE_MSR_03,Daily_Aggregate,160.0,162.8,0.0,42.9,7,Completed,0.0,2026-02-24T22:00:00Z
2026-02-24,MINE_CHIKLA_07,ZONE_CHK_01,Daily_Aggregate,310.0,321.4,0.0,41.7,15,Completed,0.0,2026-02-24T22:00:00Z
2026-02-24,MINE_CHIKLA_07,ZONE_CHK_02,Daily_Aggregate,270.0,256.6,13.4,43.6,12,Completed,0.0,2026-02-24T22:00:00Z
2026-02-24,MINE_CHIKLA_07,ZONE_CHK_03,Daily_Aggregate,170.0,133.9,36.1,39.0,6,Postponed_Rain,1.6,2026-02-24T22:00:00Z
2026-02-24,MINE_UKWA_08,ZONE_UKW_01,Daily_Aggregate,330.0,220.1,109.9,40.0,10,Postponed_Rain,3.3,2026-02-24T22:00:00Z
2026-02-24,MINE_UKWA_08,ZONE_UKW_02,Daily_Aggregate,290.0,278.9,11.1,42.5,13,Completed,0.0,2026-02-24T22:00:00Z
2026-02-24,MINE_UKWA_08,ZONE_UKW_03,Daily_Aggregate,190.0,184.6,5.4,43.9,8,Completed,0.0,2026-02-24T22:00:00Z
2026-02-25,MINE_GUMGAON_02,ZONE_GMG_01,Daily_Aggregate,220.0,216.0,4.0,43.2,10,Completed,0.0,2026-02-25T22:00:00Z
2026-02-25,MINE_GUMGAON_02,ZONE_GMG_02,Daily_Aggregate,260.0,271.0,0.0,43.2,12,Completed,0.0,2026-02-25T22:00:00Z
2026-02-25,MINE_GUMGAON_02,ZONE_GMG_03,Daily_Aggregate,180.0,144.3,35.7,39.9,7,Postponed_Rain,3.3,2026-02-25T22:00:00Z
2026-02-25,MINE_TIRODI_03,ZONE_TRD_01,Daily_Aggregate,340.0,349.9,0.0,42.6,16,Completed,0.0,2026-02-25T22:00:00Z
2026-02-25,MINE_TIRODI_03,ZONE_TRD_02,Daily_Aggregate,380.0,390.8,0.0,43.6,18,Completed,0.0,2026-02-25T22:00:00Z
2026-02-25,MINE_TIRODI_03,ZONE_TRD_03,Daily_Aggregate,200.0,200.4,0.0,41.4,9,Completed,0.0,2026-02-25T22:00:00Z
2026-02-25,MINE_DONGRI_04,ZONE_DGB_01,Daily_Aggregate,480.0,496.3,0.0,39.5,23,Completed,0.0,2026-02-25T22:00:00Z
2026-02-25,MINE_DONGRI_04,ZONE_DGB_02,Daily_Aggregate,510.0,488.5,21.5,43.0,22,Completed,0.0,2026-02-25T22:00:00Z
2026-02-25,MINE_DONGRI_04,ZONE_DGB_03,Daily_Aggregate,240.0,203.7,36.3,38.7,9,Delayed_Misfire,2.5,2026-02-25T22:00:00Z
2026-02-25,MINE_DONGRI_04,ZONE_DGB_04,Daily_Aggregate,60.0,57.9,2.1,39.6,3,Completed,0.0,2026-02-25T22:00:00Z
2026-02-25,MINE_KANDRI_05,ZONE_KND_01,Daily_Aggregate,290.0,297.9,0.0,43.6,14,Completed,0.0,2026-02-25T22:00:00Z
2026-02-25,MINE_KANDRI_05,ZONE_KND_02,Daily_Aggregate,240.0,201.7,38.3,39.5,9,Delayed_Misfire,3.0,2026-02-25T22:00:00Z
2026-02-25,MINE_KANDRI_05,ZONE_KND_03,Daily_Aggregate,150.0,144.7,5.3,39.3,7,Completed,0.0,2026-02-25T22:00:00Z
2026-02-25,MINE_MANSAR_06,ZONE_MSR_01,Daily_Aggregate,280.0,155.3,124.7,42.1,7,Completed,0.8,2026-02-25T22:00:00Z
2026-02-25,MINE_MANSAR_06,ZONE_MSR_02,Daily_Aggregate,230.0,225.4,4.6,43.1,10,Completed,0.0,2026-02-25T22:00:00Z
2026-02-25,MINE_MANSAR_06,ZONE_MSR_03,Daily_Aggregate,160.0,157.2,2.8,43.9,7,Completed,0.0,2026-02-25T22:00:00Z
2026-02-25,MINE_CHIKLA_07,ZONE_CHK_01,Daily_Aggregate,310.0,323.1,0.0,39.8,15,Completed,0.0,2026-02-25T22:00:00Z
2026-02-25,MINE_CHIKLA_07,ZONE_CHK_02,Daily_Aggregate,270.0,279.3,0.0,42.3,13,Completed,0.0,2026-02-25T22:00:00Z
2026-02-25,MINE_CHIKLA_07,ZONE_CHK_03,Daily_Aggregate,170.0,137.0,33.0,38.1,6,Postponed_Rain,3.2,2026-02-25T22:00:00Z
2026-02-25,MINE_UKWA_08,ZONE_UKW_01,Daily_Aggregate,330.0,324.4,5.6,41.3,15,Completed,0.0,2026-02-25T22:00:00Z
2026-02-25,MINE_UKWA_08,ZONE_UKW_02,Daily_Aggregate,290.0,299.8,0.0,40.6,14,Completed,0.0,2026-02-25T22:00:00Z
2026-02-25,MINE_UKWA_08,ZONE_UKW_03,Daily_Aggregate,190.0,210.7,0.0,41.6,10,Completed,0.0,2026-02-25T22:00:00Z
2026-02-26,MINE_GUMGAON_02,ZONE_GMG_01,Daily_Aggregate,220.0,225.9,0.0,41.1,10,Completed,0.0,2026-02-26T22:00:00Z
2026-02-26,MINE_GUMGAON_02,ZONE_GMG_02,Daily_Aggregate,260.0,256.7,3.3,40.1,12,Completed,0.0,2026-02-26T22:00:00Z
2026-02-26,MINE_GUMGAON_02,ZONE_GMG_03,Daily_Aggregate,180.0,182.3,0.0,40.4,8,Completed,0.0,2026-02-26T22:00:00Z
2026-02-26,MINE_TIRODI_03,ZONE_TRD_01,Daily_Aggregate,340.0,355.1,0.0,43.2,16,Completed,0.0,2026-02-26T22:00:00Z
2026-02-26,MINE_TIRODI_03,ZONE_TRD_02,Daily_Aggregate,380.0,163.7,216.3,36.6,7,Suspended_Pit_Inundation,3.4,2026-02-26T22:00:00Z
2026-02-26,MINE_TIRODI_03,ZONE_TRD_03,Daily_Aggregate,200.0,202.3,0.0,42.2,9,Completed,0.0,2026-02-26T22:00:00Z
2026-02-26,MINE_DONGRI_04,ZONE_DGB_01,Daily_Aggregate,480.0,461.1,18.9,41.6,21,Completed,0.0,2026-02-26T22:00:00Z
2026-02-26,MINE_DONGRI_04,ZONE_DGB_02,Daily_Aggregate,510.0,526.9,0.0,42.9,24,Completed,0.0,2026-02-26T22:00:00Z
2026-02-26,MINE_DONGRI_04,ZONE_DGB_03,Daily_Aggregate,240.0,235.4,4.6,43.4,11,Completed,0.0,2026-02-26T22:00:00Z
2026-02-26,MINE_DONGRI_04,ZONE_DGB_04,Daily_Aggregate,60.0,61.5,0.0,41.8,3,Completed,0.0,2026-02-26T22:00:00Z
2026-02-26,MINE_KANDRI_05,ZONE_KND_01,Daily_Aggregate,290.0,281.2,8.8,39.3,13,Completed,0.0,2026-02-26T22:00:00Z
2026-02-26,MINE_KANDRI_05,ZONE_KND_02,Daily_Aggregate,240.0,200.3,39.7,38.9,9,Delayed_Misfire,3.2,2026-02-26T22:00:00Z
2026-02-26,MINE_KANDRI_05,ZONE_KND_03,Daily_Aggregate,150.0,156.2,0.0,41.1,7,Completed,0.0,2026-02-26T22:00:00Z
2026-02-26,MINE_MANSAR_06,ZONE_MSR_01,Daily_Aggregate,280.0,202.8,77.2,40.8,9,Completed,0.4,2026-02-26T22:00:00Z
2026-02-26,MINE_MANSAR_06,ZONE_MSR_02,Daily_Aggregate,230.0,222.1,7.9,43.0,10,Completed,0.0,2026-02-26T22:00:00Z
2026-02-26,MINE_MANSAR_06,ZONE_MSR_03,Daily_Aggregate,160.0,158.9,1.1,42.3,7,Completed,0.0,2026-02-26T22:00:00Z
2026-02-26,MINE_CHIKLA_07,ZONE_CHK_01,Daily_Aggregate,310.0,213.2,96.8,41.2,10,Completed,0.9,2026-02-26T22:00:00Z
2026-02-26,MINE_CHIKLA_07,ZONE_CHK_02,Daily_Aggregate,270.0,275.8,0.0,39.6,13,Completed,0.0,2026-02-26T22:00:00Z
2026-02-26,MINE_CHIKLA_07,ZONE_CHK_03,Daily_Aggregate,170.0,175.5,0.0,42.0,8,Completed,0.0,2026-02-26T22:00:00Z
2026-02-26,MINE_UKWA_08,ZONE_UKW_01,Daily_Aggregate,330.0,256.4,73.6,41.2,12,Completed,1.0,2026-02-26T22:00:00Z
2026-02-26,MINE_UKWA_08,ZONE_UKW_02,Daily_Aggregate,290.0,208.4,81.6,39.7,9,Completed,0.9,2026-02-26T22:00:00Z
2026-02-26,MINE_UKWA_08,ZONE_UKW_03,Daily_Aggregate,190.0,198.5,0.0,40.2,9,Completed,0.0,2026-02-26T22:00:00Z
2026-02-27,MINE_GUMGAON_02,ZONE_GMG_01,Daily_Aggregate,220.0,166.7,53.3,37.8,8,Postponed_Rain,1.7,2026-02-27T22:00:00Z
2026-02-27,MINE_GUMGAON_02,ZONE_GMG_02,Daily_Aggregate,260.0,260.1,0.0,41.9,12,Completed,0.0,2026-02-27T22:00:00Z
2026-02-27,MINE_GUMGAON_02,ZONE_GMG_03,Daily_Aggregate,180.0,174.1,5.9,43.5,8,Completed,0.0,2026-02-27T22:00:00Z
2026-02-27,MINE_TIRODI_03,ZONE_TRD_01,Daily_Aggregate,340.0,330.3,9.7,43.7,15,Completed,0.0,2026-02-27T22:00:00Z
2026-02-27,MINE_TIRODI_03,ZONE_TRD_02,Daily_Aggregate,380.0,299.1,80.9,38.7,14,Postponed_Rain,3.0,2026-02-27T22:00:00Z
2026-02-27,MINE_TIRODI_03,ZONE_TRD_03,Daily_Aggregate,200.0,205.1,0.0,41.7,9,Completed,0.0,2026-02-27T22:00:00Z
2026-02-27,MINE_DONGRI_04,ZONE_DGB_01,Daily_Aggregate,480.0,480.0,0.0,40.5,22,Completed,0.0,2026-02-27T22:00:00Z
2026-02-27,MINE_DONGRI_04,ZONE_DGB_02,Daily_Aggregate,510.0,525.2,0.0,43.9,24,Completed,0.0,2026-02-27T22:00:00Z
2026-02-27,MINE_DONGRI_04,ZONE_DGB_03,Daily_Aggregate,240.0,236.2,3.8,40.4,11,Completed,0.0,2026-02-27T22:00:00Z
2026-02-27,MINE_DONGRI_04,ZONE_DGB_04,Daily_Aggregate,60.0,62.4,0.0,39.2,3,Completed,0.0,2026-02-27T22:00:00Z
2026-02-27,MINE_KANDRI_05,ZONE_KND_01,Daily_Aggregate,290.0,294.2,0.0,43.2,13,Completed,0.0,2026-02-27T22:00:00Z
2026-02-27,MINE_KANDRI_05,ZONE_KND_02,Daily_Aggregate,240.0,238.0,2.0,42.8,11,Completed,0.0,2026-02-27T22:00:00Z
2026-02-27,MINE_KANDRI_05,ZONE_KND_03,Daily_Aggregate,150.0,101.9,48.1,42.6,5,Completed,0.4,2026-02-27T22:00:00Z
2026-02-27,MINE_MANSAR_06,ZONE_MSR_01,Daily_Aggregate,280.0,281.5,0.0,43.9,13,Completed,0.0,2026-02-27T22:00:00Z
2026-02-27,MINE_MANSAR_06,ZONE_MSR_02,Daily_Aggregate,230.0,241.0,0.0,40.5,11,Completed,0.0,2026-02-27T22:00:00Z
2026-02-27,MINE_MANSAR_06,ZONE_MSR_03,Daily_Aggregate,160.0,129.4,30.6,39.6,6,Delayed_Misfire,2.4,2026-02-27T22:00:00Z
2026-02-27,MINE_CHIKLA_07,ZONE_CHK_01,Daily_Aggregate,310.0,299.5,10.5,39.7,14,Completed,0.0,2026-02-27T22:00:00Z
2026-02-27,MINE_CHIKLA_07,ZONE_CHK_02,Daily_Aggregate,270.0,203.0,67.0,38.7,9,Postponed_Rain,3.0,2026-02-27T22:00:00Z
2026-02-27,MINE_CHIKLA_07,ZONE_CHK_03,Daily_Aggregate,170.0,169.7,0.3,40.8,8,Completed,0.0,2026-02-27T22:00:00Z
2026-02-27,MINE_UKWA_08,ZONE_UKW_01,Daily_Aggregate,330.0,334.4,0.0,42.3,15,Completed,0.0,2026-02-27T22:00:00Z
2026-02-27,MINE_UKWA_08,ZONE_UKW_02,Daily_Aggregate,290.0,172.7,117.3,37.5,8,Suspended_Pit_Inundation,5.1,2026-02-27T22:00:00Z
2026-02-27,MINE_UKWA_08,ZONE_UKW_03,Daily_Aggregate,190.0,184.3,5.7,43.0,8,Completed,0.0,2026-02-27T22:00:00Z
2026-02-28,MINE_GUMGAON_02,ZONE_GMG_01,Daily_Aggregate,220.0,217.7,2.3,43.0,10,Completed,0.0,2026-02-28T22:00:00Z
2026-02-28,MINE_GUMGAON_02,ZONE_GMG_02,Daily_Aggregate,260.0,256.5,3.5,41.3,12,Completed,0.0,2026-02-28T22:00:00Z
2026-02-28,MINE_GUMGAON_02,ZONE_GMG_03,Daily_Aggregate,180.0,75.6,104.4,35.4,3,Suspended_Pit_Inundation,3.8,2026-02-28T22:00:00Z
2026-02-28,MINE_TIRODI_03,ZONE_TRD_01,Daily_Aggregate,340.0,256.2,83.8,38.4,12,Delayed_Misfire,3.5,2026-02-28T22:00:00Z
2026-02-28,MINE_TIRODI_03,ZONE_TRD_02,Daily_Aggregate,380.0,366.8,13.2,39.3,17,Completed,0.0,2026-02-28T22:00:00Z
2026-02-28,MINE_TIRODI_03,ZONE_TRD_03,Daily_Aggregate,200.0,195.5,4.5,41.7,9,Completed,0.0,2026-02-28T22:00:00Z
2026-02-28,MINE_DONGRI_04,ZONE_DGB_01,Daily_Aggregate,480.0,482.2,0.0,43.4,22,Completed,0.0,2026-02-28T22:00:00Z
2026-02-28,MINE_DONGRI_04,ZONE_DGB_02,Daily_Aggregate,510.0,382.8,127.2,38.3,17,Delayed_Misfire,3.2,2026-02-28T22:00:00Z
2026-02-28,MINE_DONGRI_04,ZONE_DGB_03,Daily_Aggregate,240.0,242.4,0.0,43.4,11,Completed,0.0,2026-02-28T22:00:00Z
2026-02-28,MINE_DONGRI_04,ZONE_DGB_04,Daily_Aggregate,60.0,59.2,0.8,41.2,3,Completed,0.0,2026-02-28T22:00:00Z
2026-02-28,MINE_KANDRI_05,ZONE_KND_01,Daily_Aggregate,290.0,297.3,0.0,42.8,14,Completed,0.0,2026-02-28T22:00:00Z
2026-02-28,MINE_KANDRI_05,ZONE_KND_02,Daily_Aggregate,240.0,247.3,0.0,39.3,11,Completed,0.0,2026-02-28T22:00:00Z
2026-02-28,MINE_KANDRI_05,ZONE_KND_03,Daily_Aggregate,150.0,151.6,0.0,43.1,7,Completed,0.0,2026-02-28T22:00:00Z
2026-02-28,MINE_MANSAR_06,ZONE_MSR_01,Daily_Aggregate,280.0,284.0,0.0,43.3,13,Completed,0.0,2026-02-28T22:00:00Z
2026-02-28,MINE_MANSAR_06,ZONE_MSR_02,Daily_Aggregate,230.0,218.8,11.2,39.7,10,Completed,0.0,2026-02-28T22:00:00Z
2026-02-28,MINE_MANSAR_06,ZONE_MSR_03,Daily_Aggregate,160.0,154.2,5.8,39.1,7,Completed,0.0,2026-02-28T22:00:00Z
2026-02-28,MINE_CHIKLA_07,ZONE_CHK_01,Daily_Aggregate,310.0,306.8,3.2,40.4,14,Completed,0.0,2026-02-28T22:00:00Z
2026-02-28,MINE_CHIKLA_07,ZONE_CHK_02,Daily_Aggregate,270.0,267.7,2.3,39.9,12,Completed,0.0,2026-02-28T22:00:00Z
2026-02-28,MINE_CHIKLA_07,ZONE_CHK_03,Daily_Aggregate,170.0,172.3,0.0,39.9,8,Completed,0.0,2026-02-28T22:00:00Z
2026-02-28,MINE_UKWA_08,ZONE_UKW_01,Daily_Aggregate,330.0,252.4,77.6,42.0,11,Completed,0.9,2026-02-28T22:00:00Z
2026-02-28,MINE_UKWA_08,ZONE_UKW_02,Daily_Aggregate,290.0,282.1,7.9,42.2,13,Completed,0.0,2026-02-28T22:00:00Z
2026-02-28,MINE_UKWA_08,ZONE_UKW_03,Daily_Aggregate,190.0,185.2,4.8,42.7,8,Completed,0.0,2026-02-28T22:00:00Z
2026-03-01,MINE_GUMGAON_02,ZONE_GMG_01,Daily_Aggregate,220.0,214.0,6.0,42.0,10,Completed,0.0,2026-03-01T22:00:00Z
2026-03-01,MINE_GUMGAON_02,ZONE_GMG_02,Daily_Aggregate,260.0,195.6,64.4,38.4,9,Completed,0.5,2026-03-01T22:00:00Z
2026-03-01,MINE_GUMGAON_02,ZONE_GMG_03,Daily_Aggregate,180.0,186.3,0.0,43.8,8,Completed,0.0,2026-03-01T22:00:00Z
2026-03-01,MINE_TIRODI_03,ZONE_TRD_01,Daily_Aggregate,340.0,353.4,0.0,39.7,16,Completed,0.0,2026-03-01T22:00:00Z
2026-03-01,MINE_TIRODI_03,ZONE_TRD_02,Daily_Aggregate,380.0,391.2,0.0,42.4,18,Completed,0.0,2026-03-01T22:00:00Z
2026-03-01,MINE_TIRODI_03,ZONE_TRD_03,Daily_Aggregate,200.0,154.8,45.2,38.1,7,Postponed_Rain,3.3,2026-03-01T22:00:00Z
2026-03-01,MINE_DONGRI_04,ZONE_DGB_01,Daily_Aggregate,480.0,491.2,0.0,43.2,22,Completed,0.0,2026-03-01T22:00:00Z
2026-03-01,MINE_DONGRI_04,ZONE_DGB_02,Daily_Aggregate,510.0,529.0,0.0,39.3,24,Completed,0.0,2026-03-01T22:00:00Z
2026-03-01,MINE_DONGRI_04,ZONE_DGB_03,Daily_Aggregate,240.0,245.0,0.0,39.7,11,Completed,0.0,2026-03-01T22:00:00Z
2026-03-01,MINE_DONGRI_04,ZONE_DGB_04,Daily_Aggregate,60.0,60.6,0.0,40.6,3,Completed,0.0,2026-03-01T22:00:00Z
2026-03-01,MINE_KANDRI_05,ZONE_KND_01,Daily_Aggregate,290.0,277.0,13.0,41.7,13,Completed,0.0,2026-03-01T22:00:00Z
2026-03-01,MINE_KANDRI_05,ZONE_KND_02,Daily_Aggregate,240.0,234.2,5.8,41.8,11,Completed,0.0,2026-03-01T22:00:00Z
2026-03-01,MINE_KANDRI_05,ZONE_KND_03,Daily_Aggregate,150.0,149.8,0.2,40.7,7,Completed,0.0,2026-03-01T22:00:00Z
2026-03-01,MINE_MANSAR_06,ZONE_MSR_01,Daily_Aggregate,280.0,227.2,52.8,40.3,10,Postponed_Rain,2.5,2026-03-01T22:00:00Z
2026-03-01,MINE_MANSAR_06,ZONE_MSR_02,Daily_Aggregate,230.0,226.2,3.8,42.0,10,Completed,0.0,2026-03-01T22:00:00Z
2026-03-01,MINE_MANSAR_06,ZONE_MSR_03,Daily_Aggregate,160.0,125.3,34.7,38.7,6,Delayed_Misfire,3.2,2026-03-01T22:00:00Z
2026-03-01,MINE_CHIKLA_07,ZONE_CHK_01,Daily_Aggregate,310.0,230.4,79.6,39.2,10,Delayed_Misfire,2.7,2026-03-01T22:00:00Z
2026-03-01,MINE_CHIKLA_07,ZONE_CHK_02,Daily_Aggregate,270.0,281.8,0.0,39.8,13,Completed,0.0,2026-03-01T22:00:00Z
2026-03-01,MINE_CHIKLA_07,ZONE_CHK_03,Daily_Aggregate,170.0,163.4,6.6,42.2,7,Completed,0.0,2026-03-01T22:00:00Z
2026-03-01,MINE_UKWA_08,ZONE_UKW_01,Daily_Aggregate,330.0,317.4,12.6,42.8,14,Completed,0.0,2026-03-01T22:00:00Z
2026-03-01,MINE_UKWA_08,ZONE_UKW_02,Daily_Aggregate,290.0,189.2,100.8,39.4,9,Completed,0.3,2026-03-01T22:00:00Z
2026-03-01,MINE_UKWA_08,ZONE_UKW_03,Daily_Aggregate,190.0,194.5,0.0,42.2,9,Completed,0.0,2026-03-01T22:00:00Z
2026-03-02,MINE_GUMGAON_02,ZONE_GMG_01,Daily_Aggregate,220.0,218.7,1.3,42.1,10,Completed,0.0,2026-03-02T22:00:00Z
2026-03-02,MINE_GUMGAON_02,ZONE_GMG_02,Daily_Aggregate,260.0,271.3,0.0,43.9,12,Completed,0.0,2026-03-02T22:00:00Z
2026-03-02,MINE_GUMGAON_02,ZONE_GMG_03,Daily_Aggregate,180.0,174.2,5.8,42.9,8,Completed,0.0,2026-03-02T22:00:00Z
2026-03-02,MINE_TIRODI_03,ZONE_TRD_01,Daily_Aggregate,340.0,334.5,5.5,40.2,15,Completed,0.0,2026-03-02T22:00:00Z
2026-03-02,MINE_TIRODI_03,ZONE_TRD_02,Daily_Aggregate,380.0,313.6,66.4,40.7,14,Delayed_Misfire,2.1,2026-03-02T22:00:00Z
2026-03-02,MINE_TIRODI_03,ZONE_TRD_03,Daily_Aggregate,200.0,140.1,59.9,42.7,6,Completed,0.7,2026-03-02T22:00:00Z
2026-03-02,MINE_DONGRI_04,ZONE_DGB_01,Daily_Aggregate,480.0,497.3,0.0,39.9,23,Completed,0.0,2026-03-02T22:00:00Z
2026-03-02,MINE_DONGRI_04,ZONE_DGB_02,Daily_Aggregate,510.0,504.9,5.1,40.0,23,Completed,0.0,2026-03-02T22:00:00Z
2026-03-02,MINE_DONGRI_04,ZONE_DGB_03,Daily_Aggregate,240.0,158.9,81.1,38.5,7,Completed,0.7,2026-03-02T22:00:00Z
2026-03-02,MINE_DONGRI_04,ZONE_DGB_04,Daily_Aggregate,60.0,40.6,19.4,39.9,2,Postponed_Rain,2.2,2026-03-02T22:00:00Z
2026-03-02,MINE_KANDRI_05,ZONE_KND_01,Daily_Aggregate,290.0,276.4,13.6,40.1,13,Completed,0.0,2026-03-02T22:00:00Z
2026-03-02,MINE_KANDRI_05,ZONE_KND_02,Daily_Aggregate,240.0,247.5,0.0,39.3,11,Completed,0.0,2026-03-02T22:00:00Z
2026-03-02,MINE_KANDRI_05,ZONE_KND_03,Daily_Aggregate,150.0,149.9,0.1,42.3,7,Completed,0.0,2026-03-02T22:00:00Z
2026-03-02,MINE_MANSAR_06,ZONE_MSR_01,Daily_Aggregate,280.0,271.5,8.5,39.7,12,Completed,0.0,2026-03-02T22:00:00Z
2026-03-02,MINE_MANSAR_06,ZONE_MSR_02,Daily_Aggregate,230.0,231.5,0.0,39.9,11,Completed,0.0,2026-03-02T22:00:00Z
2026-03-02,MINE_MANSAR_06,ZONE_MSR_03,Daily_Aggregate,160.0,157.4,2.6,41.9,7,Completed,0.0,2026-03-02T22:00:00Z
2026-03-02,MINE_CHIKLA_07,ZONE_CHK_01,Daily_Aggregate,310.0,311.6,0.0,43.4,14,Completed,0.0,2026-03-02T22:00:00Z
2026-03-02,MINE_CHIKLA_07,ZONE_CHK_02,Daily_Aggregate,270.0,268.9,1.1,39.3,12,Completed,0.0,2026-03-02T22:00:00Z
2026-03-02,MINE_CHIKLA_07,ZONE_CHK_03,Daily_Aggregate,170.0,173.1,0.0,42.0,8,Completed,0.0,2026-03-02T22:00:00Z
2026-03-02,MINE_UKWA_08,ZONE_UKW_01,Daily_Aggregate,330.0,336.5,0.0,41.6,15,Completed,0.0,2026-03-02T22:00:00Z
2026-03-02,MINE_UKWA_08,ZONE_UKW_02,Daily_Aggregate,290.0,302.0,0.0,43.6,14,Completed,0.0,2026-03-02T22:00:00Z
2026-03-02,MINE_UKWA_08,ZONE_UKW_03,Daily_Aggregate,190.0,132.5,57.5,40.1,6,Postponed_Rain,3.3,2026-03-02T22:00:00Z
2026-03-03,MINE_GUMGAON_02,ZONE_GMG_01,Daily_Aggregate,220.0,218.5,1.5,42.6,10,Completed,0.0,2026-03-03T22:00:00Z
2026-03-03,MINE_GUMGAON_02,ZONE_GMG_02,Daily_Aggregate,260.0,262.9,0.0,42.9,12,Completed,0.0,2026-03-03T22:00:00Z
2026-03-03,MINE_GUMGAON_02,ZONE_GMG_03,Daily_Aggregate,180.0,185.0,0.0,43.3,8,Completed,0.0,2026-03-03T22:00:00Z
2026-03-03,MINE_TIRODI_03,ZONE_TRD_01,Daily_Aggregate,340.0,349.1,0.0,39.0,16,Completed,0.0,2026-03-03T22:00:00Z
2026-03-03,MINE_TIRODI_03,ZONE_TRD_02,Daily_Aggregate,380.0,366.4,13.6,41.7,17,Completed,0.0,2026-03-03T22:00:00Z
2026-03-03,MINE_TIRODI_03,ZONE_TRD_03,Daily_Aggregate,200.0,203.2,0.0,42.5,9,Completed,0.0,2026-03-03T22:00:00Z
2026-03-03,MINE_DONGRI_04,ZONE_DGB_01,Daily_Aggregate,480.0,463.4,16.6,42.5,21,Completed,0.0,2026-03-03T22:00:00Z
2026-03-03,MINE_DONGRI_04,ZONE_DGB_02,Daily_Aggregate,510.0,489.7,20.3,40.1,22,Completed,0.0,2026-03-03T22:00:00Z
2026-03-03,MINE_DONGRI_04,ZONE_DGB_03,Daily_Aggregate,240.0,247.0,0.0,39.2,11,Completed,0.0,2026-03-03T22:00:00Z
2026-03-03,MINE_DONGRI_04,ZONE_DGB_04,Daily_Aggregate,60.0,62.2,0.0,42.7,3,Completed,0.0,2026-03-03T22:00:00Z
2026-03-03,MINE_KANDRI_05,ZONE_KND_01,Daily_Aggregate,290.0,299.5,0.0,40.9,14,Completed,0.0,2026-03-03T22:00:00Z
2026-03-03,MINE_KANDRI_05,ZONE_KND_02,Daily_Aggregate,240.0,244.4,0.0,42.2,11,Completed,0.0,2026-03-03T22:00:00Z
2026-03-03,MINE_KANDRI_05,ZONE_KND_03,Daily_Aggregate,150.0,175.9,0.0,44.9,8,Completed,0.0,2026-03-03T22:00:00Z
2026-03-03,MINE_MANSAR_06,ZONE_MSR_01,Daily_Aggregate,280.0,280.5,0.0,41.8,13,Completed,0.0,2026-03-03T22:00:00Z
2026-03-03,MINE_MANSAR_06,ZONE_MSR_02,Daily_Aggregate,230.0,220.3,9.7,40.4,10,Completed,0.0,2026-03-03T22:00:00Z
2026-03-03,MINE_MANSAR_06,ZONE_MSR_03,Daily_Aggregate,160.0,155.3,4.7,42.8,7,Completed,0.0,2026-03-03T22:00:00Z
2026-03-03,MINE_CHIKLA_07,ZONE_CHK_01,Daily_Aggregate,310.0,304.4,5.6,42.8,14,Completed,0.0,2026-03-03T22:00:00Z
2026-03-03,MINE_CHIKLA_07,ZONE_CHK_02,Daily_Aggregate,270.0,265.1,4.9,43.8,12,Completed,0.0,2026-03-03T22:00:00Z
2026-03-03,MINE_CHIKLA_07,ZONE_CHK_03,Daily_Aggregate,170.0,174.2,0.0,39.6,8,Completed,0.0,2026-03-03T22:00:00Z
2026-03-03,MINE_UKWA_08,ZONE_UKW_01,Daily_Aggregate,330.0,326.5,3.5,42.5,15,Completed,0.0,2026-03-03T22:00:00Z
2026-03-03,MINE_UKWA_08,ZONE_UKW_02,Daily_Aggregate,290.0,223.8,66.2,38.6,10,Postponed_Rain,3.0,2026-03-03T22:00:00Z
2026-03-03,MINE_UKWA_08,ZONE_UKW_03,Daily_Aggregate,190.0,193.5,0.0,42.7,9,Completed,0.0,2026-03-03T22:00:00Z
2026-03-04,MINE_GUMGAON_02,ZONE_GMG_01,Daily_Aggregate,220.0,228.1,0.0,39.7,10,Completed,0.0,2026-03-04T22:00:00Z
2026-03-04,MINE_GUMGAON_02,ZONE_GMG_02,Daily_Aggregate,260.0,258.1,1.9,40.8,12,Completed,0.0,2026-03-04T22:00:00Z
2026-03-04,MINE_GUMGAON_02,ZONE_GMG_03,Daily_Aggregate,180.0,183.5,0.0,39.3,8,Completed,0.0,2026-03-04T22:00:00Z
2026-03-04,MINE_TIRODI_03,ZONE_TRD_01,Daily_Aggregate,340.0,350.6,0.0,43.0,16,Completed,0.0,2026-03-04T22:00:00Z
2026-03-04,MINE_TIRODI_03,ZONE_TRD_02,Daily_Aggregate,380.0,377.6,2.4,42.2,17,Completed,0.0,2026-03-04T22:00:00Z
2026-03-04,MINE_TIRODI_03,ZONE_TRD_03,Daily_Aggregate,200.0,195.8,4.2,40.6,9,Completed,0.0,2026-03-04T22:00:00Z
2026-03-04,MINE_DONGRI_04,ZONE_DGB_01,Daily_Aggregate,480.0,500.3,0.0,40.0,23,Completed,0.0,2026-03-04T22:00:00Z
2026-03-04,MINE_DONGRI_04,ZONE_DGB_02,Daily_Aggregate,510.0,517.4,0.0,42.9,24,Completed,0.0,2026-03-04T22:00:00Z
2026-03-04,MINE_DONGRI_04,ZONE_DGB_03,Daily_Aggregate,240.0,187.1,52.9,40.0,9,Postponed_Rain,3.4,2026-03-04T22:00:00Z
2026-03-04,MINE_DONGRI_04,ZONE_DGB_04,Daily_Aggregate,60.0,58.7,1.3,42.2,3,Completed,0.0,2026-03-04T22:00:00Z
2026-03-04,MINE_KANDRI_05,ZONE_KND_01,Daily_Aggregate,290.0,287.7,2.3,43.2,13,Completed,0.0,2026-03-04T22:00:00Z
2026-03-04,MINE_KANDRI_05,ZONE_KND_02,Daily_Aggregate,240.0,170.1,69.9,37.8,8,Postponed_Rain,1.7,2026-03-04T22:00:00Z
2026-03-04,MINE_KANDRI_05,ZONE_KND_03,Daily_Aggregate,150.0,145.5,4.5,39.9,7,Completed,0.0,2026-03-04T22:00:00Z
2026-03-04,MINE_MANSAR_06,ZONE_MSR_01,Daily_Aggregate,280.0,290.1,0.0,43.8,13,Completed,0.0,2026-03-04T22:00:00Z
2026-03-04,MINE_MANSAR_06,ZONE_MSR_02,Daily_Aggregate,230.0,228.5,1.5,39.2,10,Completed,0.0,2026-03-04T22:00:00Z
2026-03-04,MINE_MANSAR_06,ZONE_MSR_03,Daily_Aggregate,160.0,157.7,2.3,42.4,7,Completed,0.0,2026-03-04T22:00:00Z
2026-03-04,MINE_CHIKLA_07,ZONE_CHK_01,Daily_Aggregate,310.0,222.8,87.2,41.0,10,Postponed_Rain,1.6,2026-03-04T22:00:00Z
2026-03-04,MINE_CHIKLA_07,ZONE_CHK_02,Daily_Aggregate,270.0,281.0,0.0,40.7,13,Completed,0.0,2026-03-04T22:00:00Z
2026-03-04,MINE_CHIKLA_07,ZONE_CHK_03,Daily_Aggregate,170.0,178.3,0.0,41.1,8,Completed,0.0,2026-03-04T22:00:00Z
2026-03-04,MINE_UKWA_08,ZONE_UKW_01,Daily_Aggregate,330.0,326.3,3.7,42.2,15,Completed,0.0,2026-03-04T22:00:00Z
2026-03-04,MINE_UKWA_08,ZONE_UKW_02,Daily_Aggregate,290.0,290.5,0.0,40.8,13,Completed,0.0,2026-03-04T22:00:00Z
2026-03-04,MINE_UKWA_08,ZONE_UKW_03,Daily_Aggregate,190.0,182.1,7.9,39.2,8,Completed,0.0,2026-03-04T22:00:00Z
2026-03-05,MINE_GUMGAON_02,ZONE_GMG_01,Daily_Aggregate,220.0,218.0,2.0,40.7,10,Completed,0.0,2026-03-05T22:00:00Z
2026-03-05,MINE_GUMGAON_02,ZONE_GMG_02,Daily_Aggregate,260.0,155.5,104.5,42.9,7,Completed,0.4,2026-03-05T22:00:00Z
2026-03-05,MINE_GUMGAON_02,ZONE_GMG_03,Daily_Aggregate,180.0,186.6,0.0,42.2,8,Completed,0.0,2026-03-05T22:00:00Z
2026-03-05,MINE_TIRODI_03,ZONE_TRD_01,Daily_Aggregate,340.0,329.1,10.9,40.4,15,Completed,0.0,2026-03-05T22:00:00Z
2026-03-05,MINE_TIRODI_03,ZONE_TRD_02,Daily_Aggregate,380.0,392.8,0.0,40.0,18,Completed,0.0,2026-03-05T22:00:00Z
2026-03-05,MINE_TIRODI_03,ZONE_TRD_03,Daily_Aggregate,200.0,195.7,4.3,43.2,9,Completed,0.0,2026-03-05T22:00:00Z
2026-03-05,MINE_DONGRI_04,ZONE_DGB_01,Daily_Aggregate,480.0,493.8,0.0,40.9,22,Completed,0.0,2026-03-05T22:00:00Z
2026-03-05,MINE_DONGRI_04,ZONE_DGB_02,Daily_Aggregate,510.0,529.5,0.0,41.8,24,Completed,0.0,2026-03-05T22:00:00Z
2026-03-05,MINE_DONGRI_04,ZONE_DGB_03,Daily_Aggregate,240.0,228.2,11.8,41.6,10,Completed,0.0,2026-03-05T22:00:00Z
2026-03-05,MINE_DONGRI_04,ZONE_DGB_04,Daily_Aggregate,60.0,60.8,0.0,41.7,3,Completed,0.0,2026-03-05T22:00:00Z
2026-03-05,MINE_KANDRI_05,ZONE_KND_01,Daily_Aggregate,290.0,292.7,0.0,42.6,13,Completed,0.0,2026-03-05T22:00:00Z
2026-03-05,MINE_KANDRI_05,ZONE_KND_02,Daily_Aggregate,240.0,243.4,0.0,41.4,11,Completed,0.0,2026-03-05T22:00:00Z
2026-03-05,MINE_KANDRI_05,ZONE_KND_03,Daily_Aggregate,150.0,150.1,0.0,41.9,7,Completed,0.0,2026-03-05T22:00:00Z
2026-03-05,MINE_MANSAR_06,ZONE_MSR_01,Daily_Aggregate,280.0,289.5,0.0,39.5,13,Completed,0.0,2026-03-05T22:00:00Z
2026-03-05,MINE_MANSAR_06,ZONE_MSR_02,Daily_Aggregate,230.0,229.5,0.5,42.0,10,Completed,0.0,2026-03-05T22:00:00Z
2026-03-05,MINE_MANSAR_06,ZONE_MSR_03,Daily_Aggregate,160.0,157.3,2.7,39.5,7,Completed,0.0,2026-03-05T22:00:00Z
2026-03-05,MINE_CHIKLA_07,ZONE_CHK_01,Daily_Aggregate,310.0,296.8,13.2,42.7,13,Completed,0.0,2026-03-05T22:00:00Z
2026-03-05,MINE_CHIKLA_07,ZONE_CHK_02,Daily_Aggregate,270.0,276.6,0.0,39.5,13,Completed,0.0,2026-03-05T22:00:00Z
2026-03-05,MINE_CHIKLA_07,ZONE_CHK_03,Daily_Aggregate,170.0,170.3,0.0,42.6,8,Completed,0.0,2026-03-05T22:00:00Z
2026-03-05,MINE_UKWA_08,ZONE_UKW_01,Daily_Aggregate,330.0,324.0,6.0,39.6,15,Completed,0.0,2026-03-05T22:00:00Z
2026-03-05,MINE_UKWA_08,ZONE_UKW_02,Daily_Aggregate,290.0,284.4,5.6,42.9,13,Completed,0.0,2026-03-05T22:00:00Z
2026-03-05,MINE_UKWA_08,ZONE_UKW_03,Daily_Aggregate,190.0,193.5,0.0,42.1,9,Completed,0.0,2026-03-05T22:00:00Z
2026-03-06,MINE_GUMGAON_02,ZONE_GMG_01,Daily_Aggregate,220.0,211.4,8.6,43.0,10,Completed,0.0,2026-03-06T22:00:00Z
2026-03-06,MINE_GUMGAON_02,ZONE_GMG_02,Daily_Aggregate,260.0,195.2,64.8,41.7,9,Completed,0.3,2026-03-06T22:00:00Z
2026-03-06,MINE_GUMGAON_02,ZONE_GMG_03,Daily_Aggregate,180.0,179.8,0.2,39.4,8,Completed,0.0,2026-03-06T22:00:00Z
2026-03-06,MINE_TIRODI_03,ZONE_TRD_01,Daily_Aggregate,340.0,343.9,0.0,43.0,16,Completed,0.0,2026-03-06T22:00:00Z
2026-03-06,MINE_TIRODI_03,ZONE_TRD_02,Daily_Aggregate,380.0,258.8,121.2,39.6,12,Completed,0.1,2026-03-06T22:00:00Z
2026-03-06,MINE_TIRODI_03,ZONE_TRD_03,Daily_Aggregate,200.0,205.9,0.0,41.4,9,Completed,0.0,2026-03-06T22:00:00Z
2026-03-06,MINE_DONGRI_04,ZONE_DGB_01,Daily_Aggregate,480.0,393.6,86.4,39.4,18,Delayed_Misfire,3.6,2026-03-06T22:00:00Z
2026-03-06,MINE_DONGRI_04,ZONE_DGB_02,Daily_Aggregate,510.0,533.1,0.0,41.1,24,Completed,0.0,2026-03-06T22:00:00Z
2026-03-06,MINE_DONGRI_04,ZONE_DGB_03,Daily_Aggregate,240.0,230.2,9.8,41.6,10,Completed,0.0,2026-03-06T22:00:00Z
2026-03-06,MINE_DONGRI_04,ZONE_DGB_04,Daily_Aggregate,60.0,59.6,0.4,43.4,3,Completed,0.0,2026-03-06T22:00:00Z
2026-03-06,MINE_KANDRI_05,ZONE_KND_01,Daily_Aggregate,290.0,285.3,4.7,40.9,13,Completed,0.0,2026-03-06T22:00:00Z
2026-03-06,MINE_KANDRI_05,ZONE_KND_02,Daily_Aggregate,240.0,238.9,1.1,41.3,11,Completed,0.0,2026-03-06T22:00:00Z
2026-03-06,MINE_KANDRI_05,ZONE_KND_03,Daily_Aggregate,150.0,103.9,46.1,38.7,5,Postponed_Rain,2.9,2026-03-06T22:00:00Z
2026-03-06,MINE_MANSAR_06,ZONE_MSR_01,Daily_Aggregate,280.0,290.3,0.0,43.9,13,Completed,0.0,2026-03-06T22:00:00Z
2026-03-06,MINE_MANSAR_06,ZONE_MSR_02,Daily_Aggregate,230.0,221.3,8.7,42.9,10,Completed,0.0,2026-03-06T22:00:00Z
2026-03-06,MINE_MANSAR_06,ZONE_MSR_03,Daily_Aggregate,160.0,155.2,4.8,41.0,7,Completed,0.0,2026-03-06T22:00:00Z
2026-03-06,MINE_CHIKLA_07,ZONE_CHK_01,Daily_Aggregate,310.0,304.1,5.9,42.0,14,Completed,0.0,2026-03-06T22:00:00Z
2026-03-06,MINE_CHIKLA_07,ZONE_CHK_02,Daily_Aggregate,270.0,208.2,61.8,40.2,9,Completed,0.4,2026-03-06T22:00:00Z
2026-03-06,MINE_CHIKLA_07,ZONE_CHK_03,Daily_Aggregate,170.0,166.5,3.5,42.5,8,Completed,0.0,2026-03-06T22:00:00Z
2026-03-06,MINE_UKWA_08,ZONE_UKW_01,Daily_Aggregate,330.0,321.8,8.2,39.7,15,Completed,0.0,2026-03-06T22:00:00Z
2026-03-06,MINE_UKWA_08,ZONE_UKW_02,Daily_Aggregate,290.0,301.3,0.0,44.0,14,Completed,0.0,2026-03-06T22:00:00Z
2026-03-06,MINE_UKWA_08,ZONE_UKW_03,Daily_Aggregate,190.0,199.1,0.0,42.3,9,Completed,0.0,2026-03-06T22:00:00Z
2026-03-07,MINE_GUMGAON_02,ZONE_GMG_01,Daily_Aggregate,220.0,211.8,8.2,40.6,10,Completed,0.0,2026-03-07T22:00:00Z
2026-03-07,MINE_GUMGAON_02,ZONE_GMG_02,Daily_Aggregate,260.0,261.1,0.0,41.4,12,Completed,0.0,2026-03-07T22:00:00Z
2026-03-07,MINE_GUMGAON_02,ZONE_GMG_03,Daily_Aggregate,180.0,185.8,0.0,43.5,8,Completed,0.0,2026-03-07T22:00:00Z
2026-03-07,MINE_TIRODI_03,ZONE_TRD_01,Daily_Aggregate,340.0,330.4,9.6,39.3,15,Completed,0.0,2026-03-07T22:00:00Z
2026-03-07,MINE_TIRODI_03,ZONE_TRD_02,Daily_Aggregate,380.0,372.8,7.2,42.3,17,Completed,0.0,2026-03-07T22:00:00Z
2026-03-07,MINE_TIRODI_03,ZONE_TRD_03,Daily_Aggregate,200.0,200.9,0.0,42.3,9,Completed,0.0,2026-03-07T22:00:00Z
2026-03-07,MINE_DONGRI_04,ZONE_DGB_01,Daily_Aggregate,480.0,476.1,3.9,41.8,22,Completed,0.0,2026-03-07T22:00:00Z
2026-03-07,MINE_DONGRI_04,ZONE_DGB_02,Daily_Aggregate,510.0,522.5,0.0,41.7,24,Completed,0.0,2026-03-07T22:00:00Z
2026-03-07,MINE_DONGRI_04,ZONE_DGB_03,Daily_Aggregate,240.0,168.0,72.0,37.3,8,Postponed_Rain,3.3,2026-03-07T22:00:00Z
2026-03-07,MINE_DONGRI_04,ZONE_DGB_04,Daily_Aggregate,60.0,58.0,2.0,42.7,3,Completed,0.0,2026-03-07T22:00:00Z
2026-03-07,MINE_KANDRI_05,ZONE_KND_01,Daily_Aggregate,290.0,290.5,0.0,42.5,13,Completed,0.0,2026-03-07T22:00:00Z
2026-03-07,MINE_KANDRI_05,ZONE_KND_02,Daily_Aggregate,240.0,167.3,72.7,42.2,8,Completed,0.3,2026-03-07T22:00:00Z
2026-03-07,MINE_KANDRI_05,ZONE_KND_03,Daily_Aggregate,150.0,148.0,2.0,41.3,7,Completed,0.0,2026-03-07T22:00:00Z
2026-03-07,MINE_MANSAR_06,ZONE_MSR_01,Daily_Aggregate,280.0,193.3,86.7,42.9,9,Completed,0.7,2026-03-07T22:00:00Z
2026-03-07,MINE_MANSAR_06,ZONE_MSR_02,Daily_Aggregate,230.0,175.5,54.5,39.7,8,Delayed_Misfire,2.8,2026-03-07T22:00:00Z
2026-03-07,MINE_MANSAR_06,ZONE_MSR_03,Daily_Aggregate,160.0,163.4,0.0,39.2,7,Completed,0.0,2026-03-07T22:00:00Z
2026-03-07,MINE_CHIKLA_07,ZONE_CHK_01,Daily_Aggregate,310.0,310.0,0.0,39.2,14,Completed,0.0,2026-03-07T22:00:00Z
2026-03-07,MINE_CHIKLA_07,ZONE_CHK_02,Daily_Aggregate,270.0,272.9,0.0,40.1,12,Completed,0.0,2026-03-07T22:00:00Z
2026-03-07,MINE_CHIKLA_07,ZONE_CHK_03,Daily_Aggregate,170.0,176.0,0.0,41.4,8,Completed,0.0,2026-03-07T22:00:00Z
2026-03-07,MINE_UKWA_08,ZONE_UKW_01,Daily_Aggregate,330.0,341.4,0.0,39.2,16,Completed,0.0,2026-03-07T22:00:00Z
2026-03-07,MINE_UKWA_08,ZONE_UKW_02,Daily_Aggregate,290.0,304.3,0.0,41.8,14,Completed,0.0,2026-03-07T22:00:00Z
2026-03-07,MINE_UKWA_08,ZONE_UKW_03,Daily_Aggregate,190.0,189.4,0.6,39.6,9,Completed,0.0,2026-03-07T22:00:00Z
2026-03-08,MINE_GUMGAON_02,ZONE_GMG_01,Daily_Aggregate,220.0,147.2,72.8,39.8,7,Postponed_Rain,1.9,2026-03-08T22:00:00Z
2026-03-08,MINE_GUMGAON_02,ZONE_GMG_02,Daily_Aggregate,260.0,156.0,104.0,39.4,7,Completed,0.9,2026-03-08T22:00:00Z
2026-03-08,MINE_GUMGAON_02,ZONE_GMG_03,Daily_Aggregate,180.0,175.4,4.6,42.7,8,Completed,0.0,2026-03-08T22:00:00Z
2026-03-08,MINE_TIRODI_03,ZONE_TRD_01,Daily_Aggregate,340.0,339.2,0.8,42.4,15,Completed,0.0,2026-03-08T22:00:00Z
2026-03-08,MINE_TIRODI_03,ZONE_TRD_02,Daily_Aggregate,380.0,293.7,86.3,41.7,13,Delayed_Misfire,3.4,2026-03-08T22:00:00Z
2026-03-08,MINE_TIRODI_03,ZONE_TRD_03,Daily_Aggregate,200.0,161.1,38.9,39.7,7,Postponed_Rain,1.9,2026-03-08T22:00:00Z
2026-03-08,MINE_DONGRI_04,ZONE_DGB_01,Daily_Aggregate,480.0,474.9,5.1,43.5,22,Completed,0.0,2026-03-08T22:00:00Z
2026-03-08,MINE_DONGRI_04,ZONE_DGB_02,Daily_Aggregate,510.0,489.4,20.6,43.7,22,Completed,0.0,2026-03-08T22:00:00Z
2026-03-08,MINE_DONGRI_04,ZONE_DGB_03,Daily_Aggregate,240.0,185.1,54.9,40.0,8,Delayed_Misfire,3.6,2026-03-08T22:00:00Z
2026-03-08,MINE_DONGRI_04,ZONE_DGB_04,Daily_Aggregate,60.0,41.6,18.4,40.6,2,Completed,0.5,2026-03-08T22:00:00Z
2026-03-08,MINE_KANDRI_05,ZONE_KND_01,Daily_Aggregate,290.0,300.3,0.0,42.1,14,Completed,0.0,2026-03-08T22:00:00Z
2026-03-08,MINE_KANDRI_05,ZONE_KND_02,Daily_Aggregate,240.0,242.9,0.0,43.4,11,Completed,0.0,2026-03-08T22:00:00Z
2026-03-08,MINE_KANDRI_05,ZONE_KND_03,Daily_Aggregate,150.0,151.2,0.0,39.4,7,Completed,0.0,2026-03-08T22:00:00Z
2026-03-08,MINE_MANSAR_06,ZONE_MSR_01,Daily_Aggregate,280.0,282.8,0.0,41.3,13,Completed,0.0,2026-03-08T22:00:00Z
2026-03-08,MINE_MANSAR_06,ZONE_MSR_02,Daily_Aggregate,230.0,130.8,99.2,37.6,6,Suspended_Pit_Inundation,4.0,2026-03-08T22:00:00Z
2026-03-08,MINE_MANSAR_06,ZONE_MSR_03,Daily_Aggregate,160.0,166.9,0.0,41.9,8,Completed,0.0,2026-03-08T22:00:00Z
2026-03-08,MINE_CHIKLA_07,ZONE_CHK_01,Daily_Aggregate,310.0,183.1,126.9,41.6,8,Completed,0.2,2026-03-08T22:00:00Z
2026-03-08,MINE_CHIKLA_07,ZONE_CHK_02,Daily_Aggregate,270.0,179.9,90.1,39.6,8,Postponed_Rain,2.6,2026-03-08T22:00:00Z
2026-03-08,MINE_CHIKLA_07,ZONE_CHK_03,Daily_Aggregate,170.0,124.0,46.0,42.7,6,Completed,0.9,2026-03-08T22:00:00Z
2026-03-08,MINE_UKWA_08,ZONE_UKW_01,Daily_Aggregate,330.0,252.1,77.9,38.6,11,Postponed_Rain,3.4,2026-03-08T22:00:00Z
2026-03-08,MINE_UKWA_08,ZONE_UKW_02,Daily_Aggregate,290.0,195.7,94.3,41.0,9,Completed,0.7,2026-03-08T22:00:00Z
2026-03-08,MINE_UKWA_08,ZONE_UKW_03,Daily_Aggregate,190.0,183.3,6.7,39.1,8,Completed,0.0,2026-03-08T22:00:00Z
2026-03-09,MINE_GUMGAON_02,ZONE_GMG_01,Daily_Aggregate,220.0,217.5,2.5,43.1,10,Completed,0.0,2026-03-09T22:00:00Z
2026-03-09,MINE_GUMGAON_02,ZONE_GMG_02,Daily_Aggregate,260.0,252.9,7.1,39.2,11,Completed,0.0,2026-03-09T22:00:00Z
2026-03-09,MINE_GUMGAON_02,ZONE_GMG_03,Daily_Aggregate,180.0,173.5,6.5,39.5,8,Completed,0.0,2026-03-09T22:00:00Z
2026-03-09,MINE_TIRODI_03,ZONE_TRD_01,Daily_Aggregate,340.0,328.7,11.3,42.7,15,Completed,0.0,2026-03-09T22:00:00Z
2026-03-09,MINE_TIRODI_03,ZONE_TRD_02,Daily_Aggregate,380.0,434.6,0.0,41.4,20,Completed,0.0,2026-03-09T22:00:00Z
2026-03-09,MINE_TIRODI_03,ZONE_TRD_03,Daily_Aggregate,200.0,137.3,62.7,39.3,6,Postponed_Rain,1.9,2026-03-09T22:00:00Z
2026-03-09,MINE_DONGRI_04,ZONE_DGB_01,Daily_Aggregate,480.0,478.9,1.1,39.3,22,Completed,0.0,2026-03-09T22:00:00Z
2026-03-09,MINE_DONGRI_04,ZONE_DGB_02,Daily_Aggregate,510.0,516.7,0.0,41.8,23,Completed,0.0,2026-03-09T22:00:00Z
2026-03-09,MINE_DONGRI_04,ZONE_DGB_03,Daily_Aggregate,240.0,135.9,104.1,39.4,6,Completed,0.0,2026-03-09T22:00:00Z
2026-03-09,MINE_DONGRI_04,ZONE_DGB_04,Daily_Aggregate,60.0,31.6,28.4,38.0,1,Suspended_Pit_Inundation,4.4,2026-03-09T22:00:00Z
2026-03-09,MINE_KANDRI_05,ZONE_KND_01,Daily_Aggregate,290.0,277.1,12.9,42.9,13,Completed,0.0,2026-03-09T22:00:00Z
2026-03-09,MINE_KANDRI_05,ZONE_KND_02,Daily_Aggregate,240.0,251.0,0.0,41.7,11,Completed,0.0,2026-03-09T22:00:00Z
2026-03-09,MINE_KANDRI_05,ZONE_KND_03,Daily_Aggregate,150.0,144.7,5.3,42.8,7,Completed,0.0,2026-03-09T22:00:00Z
2026-03-09,MINE_MANSAR_06,ZONE_MSR_01,Daily_Aggregate,280.0,279.7,0.3,39.8,13,Completed,0.0,2026-03-09T22:00:00Z
2026-03-09,MINE_MANSAR_06,ZONE_MSR_02,Daily_Aggregate,230.0,193.4,36.6,39.2,9,Delayed_Misfire,2.4,2026-03-09T22:00:00Z
2026-03-09,MINE_MANSAR_06,ZONE_MSR_03,Daily_Aggregate,160.0,164.0,0.0,44.0,7,Completed,0.0,2026-03-09T22:00:00Z
2026-03-09,MINE_CHIKLA_07,ZONE_CHK_01,Daily_Aggregate,310.0,325.1,0.0,39.6,15,Completed,0.0,2026-03-09T22:00:00Z
2026-03-09,MINE_CHIKLA_07,ZONE_CHK_02,Daily_Aggregate,270.0,281.7,0.0,43.6,13,Completed,0.0,2026-03-09T22:00:00Z
2026-03-09,MINE_CHIKLA_07,ZONE_CHK_03,Daily_Aggregate,170.0,173.1,0.0,40.5,8,Completed,0.0,2026-03-09T22:00:00Z
2026-03-09,MINE_UKWA_08,ZONE_UKW_01,Daily_Aggregate,330.0,250.4,79.6,39.9,11,Postponed_Rain,3.2,2026-03-09T22:00:00Z
2026-03-09,MINE_UKWA_08,ZONE_UKW_02,Daily_Aggregate,290.0,303.9,0.0,39.3,14,Completed,0.0,2026-03-09T22:00:00Z
2026-03-09,MINE_UKWA_08,ZONE_UKW_03,Daily_Aggregate,190.0,144.4,45.6,41.8,7,Completed,0.0,2026-03-09T22:00:00Z
2026-03-10,MINE_GUMGAON_02,ZONE_GMG_01,Daily_Aggregate,220.0,209.9,10.1,39.2,10,Completed,0.0,2026-03-10T22:00:00Z
2026-03-10,MINE_GUMGAON_02,ZONE_GMG_02,Daily_Aggregate,260.0,207.4,52.6,40.9,9,Postponed_Rain,2.1,2026-03-10T22:00:00Z
2026-03-10,MINE_GUMGAON_02,ZONE_GMG_03,Daily_Aggregate,180.0,174.9,5.1,42.6,8,Completed,0.0,2026-03-10T22:00:00Z
2026-03-10,MINE_TIRODI_03,ZONE_TRD_01,Daily_Aggregate,340.0,331.3,8.7,41.5,15,Completed,0.0,2026-03-10T22:00:00Z
2026-03-10,MINE_TIRODI_03,ZONE_TRD_02,Daily_Aggregate,380.0,363.9,16.1,40.5,17,Completed,0.0,2026-03-10T22:00:00Z
2026-03-10,MINE_TIRODI_03,ZONE_TRD_03,Daily_Aggregate,200.0,196.2,3.8,40.5,9,Completed,0.0,2026-03-10T22:00:00Z
2026-03-10,MINE_DONGRI_04,ZONE_DGB_01,Daily_Aggregate,480.0,461.9,18.1,41.6,21,Completed,0.0,2026-03-10T22:00:00Z
2026-03-10,MINE_DONGRI_04,ZONE_DGB_02,Daily_Aggregate,510.0,382.7,127.3,42.2,17,Completed,0.4,2026-03-10T22:00:00Z
2026-03-10,MINE_DONGRI_04,ZONE_DGB_03,Daily_Aggregate,240.0,188.0,52.0,40.4,9,Postponed_Rain,2.4,2026-03-10T22:00:00Z
2026-03-10,MINE_DONGRI_04,ZONE_DGB_04,Daily_Aggregate,60.0,61.4,0.0,43.7,3,Completed,0.0,2026-03-10T22:00:00Z
2026-03-10,MINE_KANDRI_05,ZONE_KND_01,Daily_Aggregate,290.0,303.4,0.0,42.2,14,Completed,0.0,2026-03-10T22:00:00Z
2026-03-10,MINE_KANDRI_05,ZONE_KND_02,Daily_Aggregate,240.0,228.8,11.2,39.5,10,Completed,0.0,2026-03-10T22:00:00Z
2026-03-10,MINE_KANDRI_05,ZONE_KND_03,Daily_Aggregate,150.0,155.9,0.0,41.7,7,Completed,0.0,2026-03-10T22:00:00Z
2026-03-10,MINE_MANSAR_06,ZONE_MSR_01,Daily_Aggregate,280.0,285.8,0.0,43.5,13,Completed,0.0,2026-03-10T22:00:00Z
2026-03-10,MINE_MANSAR_06,ZONE_MSR_02,Daily_Aggregate,230.0,167.1,62.9,41.7,8,Completed,1.0,2026-03-10T22:00:00Z
2026-03-10,MINE_MANSAR_06,ZONE_MSR_03,Daily_Aggregate,160.0,161.1,0.0,40.2,7,Completed,0.0,2026-03-10T22:00:00Z
2026-03-10,MINE_CHIKLA_07,ZONE_CHK_01,Daily_Aggregate,310.0,303.0,7.0,39.3,14,Completed,0.0,2026-03-10T22:00:00Z
2026-03-10,MINE_CHIKLA_07,ZONE_CHK_02,Daily_Aggregate,270.0,206.5,63.5,42.1,9,Completed,0.6,2026-03-10T22:00:00Z
2026-03-10,MINE_CHIKLA_07,ZONE_CHK_03,Daily_Aggregate,170.0,168.6,1.4,42.2,8,Completed,0.0,2026-03-10T22:00:00Z
2026-03-10,MINE_UKWA_08,ZONE_UKW_01,Daily_Aggregate,330.0,316.5,13.5,41.0,14,Completed,0.0,2026-03-10T22:00:00Z
2026-03-10,MINE_UKWA_08,ZONE_UKW_02,Daily_Aggregate,290.0,278.2,11.8,40.8,13,Completed,0.0,2026-03-10T22:00:00Z
2026-03-10,MINE_UKWA_08,ZONE_UKW_03,Daily_Aggregate,190.0,188.6,1.4,43.6,9,Completed,0.0,2026-03-10T22:00:00Z
2026-03-11,MINE_GUMGAON_02,ZONE_GMG_01,Daily_Aggregate,220.0,224.2,0.0,42.9,10,Completed,0.0,2026-03-11T22:00:00Z
2026-03-11,MINE_GUMGAON_02,ZONE_GMG_02,Daily_Aggregate,260.0,268.7,0.0,43.6,12,Completed,0.0,2026-03-11T22:00:00Z
2026-03-11,MINE_GUMGAON_02,ZONE_GMG_03,Daily_Aggregate,180.0,180.2,0.0,42.5,8,Completed,0.0,2026-03-11T22:00:00Z
2026-03-11,MINE_TIRODI_03,ZONE_TRD_01,Daily_Aggregate,340.0,326.3,13.7,43.4,15,Completed,0.0,2026-03-11T22:00:00Z
2026-03-11,MINE_TIRODI_03,ZONE_TRD_02,Daily_Aggregate,380.0,367.8,12.2,41.9,17,Completed,0.0,2026-03-11T22:00:00Z
2026-03-11,MINE_TIRODI_03,ZONE_TRD_03,Daily_Aggregate,200.0,193.9,6.1,42.5,9,Completed,0.0,2026-03-11T22:00:00Z
2026-03-11,MINE_DONGRI_04,ZONE_DGB_01,Daily_Aggregate,480.0,351.0,129.0,41.6,16,Completed,0.5,2026-03-11T22:00:00Z
2026-03-11,MINE_DONGRI_04,ZONE_DGB_02,Daily_Aggregate,510.0,518.5,0.0,42.8,24,Completed,0.0,2026-03-11T22:00:00Z
2026-03-11,MINE_DONGRI_04,ZONE_DGB_03,Daily_Aggregate,240.0,228.3,11.7,39.6,10,Completed,0.0,2026-03-11T22:00:00Z
2026-03-11,MINE_DONGRI_04,ZONE_DGB_04,Daily_Aggregate,60.0,60.5,0.0,41.1,3,Completed,0.0,2026-03-11T22:00:00Z
2026-03-11,MINE_KANDRI_05,ZONE_KND_01,Daily_Aggregate,290.0,283.5,6.5,40.7,13,Completed,0.0,2026-03-11T22:00:00Z
2026-03-11,MINE_KANDRI_05,ZONE_KND_02,Daily_Aggregate,240.0,251.8,0.0,40.5,11,Completed,0.0,2026-03-11T22:00:00Z
2026-03-11,MINE_KANDRI_05,ZONE_KND_03,Daily_Aggregate,150.0,153.0,0.0,39.1,7,Completed,0.0,2026-03-11T22:00:00Z
2026-03-11,MINE_MANSAR_06,ZONE_MSR_01,Daily_Aggregate,280.0,279.9,0.1,42.2,13,Completed,0.0,2026-03-11T22:00:00Z
2026-03-11,MINE_MANSAR_06,ZONE_MSR_02,Daily_Aggregate,230.0,241.2,0.0,43.8,11,Completed,0.0,2026-03-11T22:00:00Z
2026-03-11,MINE_MANSAR_06,ZONE_MSR_03,Daily_Aggregate,160.0,167.2,0.0,43.2,8,Completed,0.0,2026-03-11T22:00:00Z
2026-03-11,MINE_CHIKLA_07,ZONE_CHK_01,Daily_Aggregate,310.0,313.0,0.0,42.3,14,Completed,0.0,2026-03-11T22:00:00Z
2026-03-11,MINE_CHIKLA_07,ZONE_CHK_02,Daily_Aggregate,270.0,174.2,95.8,42.1,8,Completed,0.6,2026-03-11T22:00:00Z
2026-03-11,MINE_CHIKLA_07,ZONE_CHK_03,Daily_Aggregate,170.0,172.6,0.0,41.4,8,Completed,0.0,2026-03-11T22:00:00Z
2026-03-11,MINE_UKWA_08,ZONE_UKW_01,Daily_Aggregate,330.0,336.9,0.0,42.5,15,Completed,0.0,2026-03-11T22:00:00Z
2026-03-11,MINE_UKWA_08,ZONE_UKW_02,Daily_Aggregate,290.0,296.4,0.0,39.7,13,Completed,0.0,2026-03-11T22:00:00Z
2026-03-11,MINE_UKWA_08,ZONE_UKW_03,Daily_Aggregate,190.0,196.8,0.0,41.0,9,Completed,0.0,2026-03-11T22:00:00Z
2026-03-12,MINE_GUMGAON_02,ZONE_GMG_01,Daily_Aggregate,220.0,223.3,0.0,40.0,10,Completed,0.0,2026-03-12T22:00:00Z
2026-03-12,MINE_GUMGAON_02,ZONE_GMG_02,Daily_Aggregate,260.0,272.2,0.0,42.7,12,Completed,0.0,2026-03-12T22:00:00Z
2026-03-12,MINE_GUMGAON_02,ZONE_GMG_03,Daily_Aggregate,180.0,177.6,2.4,43.3,8,Completed,0.0,2026-03-12T22:00:00Z
2026-03-12,MINE_TIRODI_03,ZONE_TRD_01,Daily_Aggregate,340.0,347.0,0.0,43.5,16,Completed,0.0,2026-03-12T22:00:00Z
2026-03-12,MINE_TIRODI_03,ZONE_TRD_02,Daily_Aggregate,380.0,227.7,152.3,39.3,10,Completed,0.6,2026-03-12T22:00:00Z
2026-03-12,MINE_TIRODI_03,ZONE_TRD_03,Daily_Aggregate,200.0,148.6,51.4,40.0,7,Delayed_Misfire,2.0,2026-03-12T22:00:00Z
2026-03-12,MINE_DONGRI_04,ZONE_DGB_01,Daily_Aggregate,480.0,463.2,16.8,40.7,21,Completed,0.0,2026-03-12T22:00:00Z
2026-03-12,MINE_DONGRI_04,ZONE_DGB_02,Daily_Aggregate,510.0,485.5,24.5,39.4,22,Completed,0.0,2026-03-12T22:00:00Z
2026-03-12,MINE_DONGRI_04,ZONE_DGB_03,Daily_Aggregate,240.0,237.4,2.6,42.8,11,Completed,0.0,2026-03-12T22:00:00Z
2026-03-12,MINE_DONGRI_04,ZONE_DGB_04,Daily_Aggregate,60.0,59.2,0.8,42.8,3,Completed,0.0,2026-03-12T22:00:00Z
2026-03-12,MINE_KANDRI_05,ZONE_KND_01,Daily_Aggregate,290.0,299.8,0.0,40.6,14,Completed,0.0,2026-03-12T22:00:00Z
2026-03-12,MINE_KANDRI_05,ZONE_KND_02,Daily_Aggregate,240.0,127.0,113.0,35.4,6,Suspended_Pit_Inundation,4.1,2026-03-12T22:00:00Z
2026-03-12,MINE_KANDRI_05,ZONE_KND_03,Daily_Aggregate,150.0,101.3,48.7,38.7,5,Postponed_Rain,3.4,2026-03-12T22:00:00Z
2026-03-12,MINE_MANSAR_06,ZONE_MSR_01,Daily_Aggregate,280.0,284.4,0.0,41.5,13,Completed,0.0,2026-03-12T22:00:00Z
2026-03-12,MINE_MANSAR_06,ZONE_MSR_02,Daily_Aggregate,230.0,223.1,6.9,41.8,10,Completed,0.0,2026-03-12T22:00:00Z
2026-03-12,MINE_MANSAR_06,ZONE_MSR_03,Daily_Aggregate,160.0,130.3,29.7,40.8,6,Postponed_Rain,1.6,2026-03-12T22:00:00Z
2026-03-12,MINE_CHIKLA_07,ZONE_CHK_01,Daily_Aggregate,310.0,299.0,11.0,40.6,14,Completed,0.0,2026-03-12T22:00:00Z
2026-03-12,MINE_CHIKLA_07,ZONE_CHK_02,Daily_Aggregate,270.0,208.4,61.6,38.7,9,Postponed_Rain,2.9,2026-03-12T22:00:00Z
2026-03-12,MINE_CHIKLA_07,ZONE_CHK_03,Daily_Aggregate,170.0,169.3,0.7,41.9,8,Completed,0.0,2026-03-12T22:00:00Z
2026-03-12,MINE_UKWA_08,ZONE_UKW_01,Daily_Aggregate,330.0,341.2,0.0,42.1,16,Completed,0.0,2026-03-12T22:00:00Z
2026-03-12,MINE_UKWA_08,ZONE_UKW_02,Daily_Aggregate,290.0,294.6,0.0,42.8,13,Completed,0.0,2026-03-12T22:00:00Z
2026-03-12,MINE_UKWA_08,ZONE_UKW_03,Daily_Aggregate,190.0,130.7,59.3,40.1,6,Postponed_Rain,3.1,2026-03-12T22:00:00Z
2026-03-13,MINE_GUMGAON_02,ZONE_GMG_01,Daily_Aggregate,220.0,213.3,6.7,40.0,10,Completed,0.0,2026-03-13T22:00:00Z
2026-03-13,MINE_GUMGAON_02,ZONE_GMG_02,Daily_Aggregate,260.0,258.2,1.8,41.6,12,Completed,0.0,2026-03-13T22:00:00Z
2026-03-13,MINE_GUMGAON_02,ZONE_GMG_03,Daily_Aggregate,180.0,185.3,0.0,41.6,8,Completed,0.0,2026-03-13T22:00:00Z
2026-03-13,MINE_TIRODI_03,ZONE_TRD_01,Daily_Aggregate,340.0,229.6,110.4,40.8,10,Postponed_Rain,2.5,2026-03-13T22:00:00Z
2026-03-13,MINE_TIRODI_03,ZONE_TRD_02,Daily_Aggregate,380.0,394.1,0.0,41.2,18,Completed,0.0,2026-03-13T22:00:00Z
2026-03-13,MINE_TIRODI_03,ZONE_TRD_03,Daily_Aggregate,200.0,208.2,0.0,40.9,9,Completed,0.0,2026-03-13T22:00:00Z
2026-03-13,MINE_DONGRI_04,ZONE_DGB_01,Daily_Aggregate,480.0,462.8,17.2,40.7,21,Completed,0.0,2026-03-13T22:00:00Z
2026-03-13,MINE_DONGRI_04,ZONE_DGB_02,Daily_Aggregate,510.0,526.7,0.0,42.0,24,Completed,0.0,2026-03-13T22:00:00Z
2026-03-13,MINE_DONGRI_04,ZONE_DGB_03,Daily_Aggregate,240.0,242.8,0.0,41.4,11,Completed,0.0,2026-03-13T22:00:00Z
2026-03-13,MINE_DONGRI_04,ZONE_DGB_04,Daily_Aggregate,60.0,26.8,33.2,35.5,1,Suspended_Pit_Inundation,4.6,2026-03-13T22:00:00Z
2026-03-13,MINE_KANDRI_05,ZONE_KND_01,Daily_Aggregate,290.0,290.7,0.0,40.9,13,Completed,0.0,2026-03-13T22:00:00Z
2026-03-13,MINE_KANDRI_05,ZONE_KND_02,Daily_Aggregate,240.0,250.2,0.0,42.0,11,Completed,0.0,2026-03-13T22:00:00Z
2026-03-13,MINE_KANDRI_05,ZONE_KND_03,Daily_Aggregate,150.0,145.5,4.5,40.0,7,Completed,0.0,2026-03-13T22:00:00Z
2026-03-13,MINE_MANSAR_06,ZONE_MSR_01,Daily_Aggregate,280.0,282.6,0.0,43.2,13,Completed,0.0,2026-03-13T22:00:00Z
2026-03-13,MINE_MANSAR_06,ZONE_MSR_02,Daily_Aggregate,230.0,226.6,3.4,41.7,10,Completed,0.0,2026-03-13T22:00:00Z
2026-03-13,MINE_MANSAR_06,ZONE_MSR_03,Daily_Aggregate,160.0,168.0,0.0,39.8,8,Completed,0.0,2026-03-13T22:00:00Z
2026-03-13,MINE_CHIKLA_07,ZONE_CHK_01,Daily_Aggregate,310.0,308.0,2.0,41.7,14,Completed,0.0,2026-03-13T22:00:00Z
2026-03-13,MINE_CHIKLA_07,ZONE_CHK_02,Daily_Aggregate,270.0,176.4,93.6,41.7,8,Completed,0.4,2026-03-13T22:00:00Z
2026-03-13,MINE_CHIKLA_07,ZONE_CHK_03,Daily_Aggregate,170.0,174.7,0.0,43.3,8,Completed,0.0,2026-03-13T22:00:00Z
2026-03-13,MINE_UKWA_08,ZONE_UKW_01,Daily_Aggregate,330.0,176.3,153.7,37.4,8,Suspended_Pit_Inundation,3.6,2026-03-13T22:00:00Z
2026-03-13,MINE_UKWA_08,ZONE_UKW_02,Daily_Aggregate,290.0,304.4,0.0,43.9,14,Completed,0.0,2026-03-13T22:00:00Z
2026-03-13,MINE_UKWA_08,ZONE_UKW_03,Daily_Aggregate,190.0,192.9,0.0,41.2,9,Completed,0.0,2026-03-13T22:00:00Z
2026-03-14,MINE_GUMGAON_02,ZONE_GMG_01,Daily_Aggregate,220.0,146.4,73.6,42.5,7,Completed,0.8,2026-03-14T22:00:00Z
2026-03-14,MINE_GUMGAON_02,ZONE_GMG_02,Daily_Aggregate,260.0,247.9,12.1,40.1,11,Completed,0.0,2026-03-14T22:00:00Z
2026-03-14,MINE_GUMGAON_02,ZONE_GMG_03,Daily_Aggregate,180.0,171.8,8.2,41.1,8,Completed,0.0,2026-03-14T22:00:00Z
2026-03-14,MINE_TIRODI_03,ZONE_TRD_01,Daily_Aggregate,340.0,145.5,194.5,37.8,7,Suspended_Pit_Inundation,3.3,2026-03-14T22:00:00Z
2026-03-14,MINE_TIRODI_03,ZONE_TRD_02,Daily_Aggregate,380.0,371.6,8.4,41.8,17,Completed,0.0,2026-03-14T22:00:00Z
2026-03-14,MINE_TIRODI_03,ZONE_TRD_03,Daily_Aggregate,200.0,193.8,6.2,40.8,9,Completed,0.0,2026-03-14T22:00:00Z
2026-03-14,MINE_DONGRI_04,ZONE_DGB_01,Daily_Aggregate,480.0,469.1,10.9,42.0,21,Completed,0.0,2026-03-14T22:00:00Z
2026-03-14,MINE_DONGRI_04,ZONE_DGB_02,Daily_Aggregate,510.0,526.5,0.0,42.8,24,Completed,0.0,2026-03-14T22:00:00Z
2026-03-14,MINE_DONGRI_04,ZONE_DGB_03,Daily_Aggregate,240.0,231.4,8.6,40.5,11,Completed,0.0,2026-03-14T22:00:00Z
2026-03-14,MINE_DONGRI_04,ZONE_DGB_04,Daily_Aggregate,60.0,62.7,0.0,43.9,3,Completed,0.0,2026-03-14T22:00:00Z
2026-03-14,MINE_KANDRI_05,ZONE_KND_01,Daily_Aggregate,290.0,289.0,1.0,43.2,13,Completed,0.0,2026-03-14T22:00:00Z
2026-03-14,MINE_KANDRI_05,ZONE_KND_02,Daily_Aggregate,240.0,236.4,3.6,42.8,11,Completed,0.0,2026-03-14T22:00:00Z
2026-03-14,MINE_KANDRI_05,ZONE_KND_03,Daily_Aggregate,150.0,114.3,35.7,37.1,5,Postponed_Rain,2.5,2026-03-14T22:00:00Z
2026-03-14,MINE_MANSAR_06,ZONE_MSR_01,Daily_Aggregate,280.0,281.5,0.0,42.4,13,Completed,0.0,2026-03-14T22:00:00Z
2026-03-14,MINE_MANSAR_06,ZONE_MSR_02,Daily_Aggregate,230.0,223.7,6.3,42.2,10,Completed,0.0,2026-03-14T22:00:00Z
2026-03-14,MINE_MANSAR_06,ZONE_MSR_03,Daily_Aggregate,160.0,160.4,0.0,43.4,7,Completed,0.0,2026-03-14T22:00:00Z
2026-03-14,MINE_CHIKLA_07,ZONE_CHK_01,Daily_Aggregate,310.0,312.4,0.0,43.1,14,Completed,0.0,2026-03-14T22:00:00Z
2026-03-14,MINE_CHIKLA_07,ZONE_CHK_02,Daily_Aggregate,270.0,206.4,63.6,41.7,9,Delayed_Misfire,3.8,2026-03-14T22:00:00Z
2026-03-14,MINE_CHIKLA_07,ZONE_CHK_03,Daily_Aggregate,170.0,174.8,0.0,43.9,8,Completed,0.0,2026-03-14T22:00:00Z
2026-03-14,MINE_UKWA_08,ZONE_UKW_01,Daily_Aggregate,330.0,342.4,0.0,40.6,16,Completed,0.0,2026-03-14T22:00:00Z
2026-03-14,MINE_UKWA_08,ZONE_UKW_02,Daily_Aggregate,290.0,285.0,5.0,43.4,13,Completed,0.0,2026-03-14T22:00:00Z
2026-03-14,MINE_UKWA_08,ZONE_UKW_03,Daily_Aggregate,190.0,186.4,3.6,42.8,8,Completed,0.0,2026-03-14T22:00:00Z
