satellite_source,mine_id,zone_id,ndvi,ndwi,land_surface_temp_c,soil_moisture_satellite_pct,cloud_coverage_pct,data_quality_flag,timestamp
Landsat-9 OLI-2,MINE_BALAGHAT_01,ZONE_NORTH_A,0.139,-0.013,39.7,24.6,8.5,CLEAR,2026-02-12T10:30:00Z
Landsat-9 OLI-2,MINE_BALAGHAT_01,ZONE_CENTRAL_B,0.134,-0.068,41.4,27.8,9.6,CLEAR,2026-02-12T10:30:00Z
Landsat-9 OLI-2,MINE_BALAGHAT_01,ZONE_SOUTH_C,0.393,0.056,41.9,19.8,8.6,CLEAR,2026-02-12T10:30:00Z
Landsat-9 OLI-2,MINE_BALAGHAT_01,ZONE_EAST_D,0.394,0.129,36.6,19.5,9.3,CLEAR,2026-02-12T10:30:00Z
Sentinel-2 MSI,MINE_BALAGHAT_01,ZONE_WEST_E,0.416,0.063,36.9,17.4,2.7,CLEAR,2026-02-12T10:30:00Z
Landsat-9 OLI-2,MINE_BALAGHAT_01,ZONE_NORTH_A,0.156,0.146,33.7,23.1,3.5,HAZY,2026-02-15T10:30:00Z
Sentinel-2 MSI,MINE_BALAGHAT_01,ZONE_CENTRAL_B,0.135,-0.151,35.5,17.8,12.8,CLEAR,2026-02-15T10:30:00Z
Sentinel-2 MSI,MINE_BALAGHAT_01,ZONE_SOUTH_C,0.351,0.068,43.7,18.9,18.0,CLEAR,2026-02-15T10:30:00Z
Sentinel-2 MSI,MINE_BALAGHAT_01,ZONE_EAST_D,0.394,-0.153,38.2,22.0,13.0,CLEAR,2026-02-15T10:30:00Z
Sentinel-2 MSI,MINE_BALAGHAT_01,ZONE_WEST_E,0.391,-0.038,43.1,27.2,16.1,CLEAR,2026-02-15T10:30:00Z
Sentinel-2 MSI,MINE_BALAGHAT_01,ZONE_NORTH_A,0.14,0.029,35.4,20.5,14.6,HAZY,2026-02-18T10:30:00Z
Sentinel-2 MSI,MINE_BALAGHAT_01,ZONE_CENTRAL_B,0.17,0.084,43.4,26.9,10.4,CLEAR,2026-02-18T10:30:00Z
Sentinel-2 MSI,MINE_BALAGHAT_01,ZONE_SOUTH_C,0.376,-0.093,33.6,18.5,10.7,HAZY,2026-02-18T10:30:00Z
Landsat-9 OLI-2,MINE_BALAGHAT_01,ZONE_EAST_D,0.388,0.13,43.6,17.1,16.0,CLEAR,2026-02-18T10:30:00Z
Landsat-9 OLI-2,MINE_BALAGHAT_01,ZONE_WEST_E,0.368,-0.052,33.1,26.6,12.9,CLEAR,2026-02-18T10:30:00Z
Sentinel-2 MSI,MINE_BALAGHAT_01,ZONE_NORTH_A,0.146,-0.085,38.9,27.6,13.9,CLEAR,2026-02-21T10:30:00Z
Landsat-9 OLI-2,MINE_BALAGHAT_01,ZONE_CENTRAL_B,0.156,0.138,34.4,24.2,5.8,CLEAR,2026-02-21T10:30:00Z
Landsat-9 OLI-2,MINE_BALAGHAT_01,ZONE_SOUTH_C,0.36,0.042,39.1,23.5,11.5,CLEAR,2026-02-21T10:30:00Z
Sentinel-2 MSI,MINE_BALAGHAT_01,ZONE_EAST_D,0.392,-0.023,40.6,22.7,2.7,CLEAR,2026-02-21T10:30:00Z
Sentinel-2 MSI,MINE_BALAGHAT_01,ZONE_WEST_E,0.416,0.077,38.2,19.4,14.9,CLEAR,2026-02-21T10:30:00Z
Landsat-9 OLI-2,MINE_BALAGHAT_01,ZONE_NORTH_A,0.153,-0.101,32.0,17.6,17.0,CLEAR,2026-02-24T10:30:00Z
Sentinel-2 MSI,MINE_BALAGHAT_01,ZONE_CENTRAL_B,0.193,0.05,32.3,19.0,16.8,CLEAR,2026-02-24T10:30:00Z
Sentinel-2 MSI,MINE_BALAGHAT_01,ZONE_SOUTH_C,0.394,-0.14,39.3,21.8,12.5,HAZY,2026-02-24T10:30:00Z
Sentinel-2 MSI,MINE_BALAGHAT_01,ZONE_EAST_D,0.403,-0.152,36.4,25.5,11.4,CLEAR,2026-02-24T10:30:00Z
Sentinel-2 MSI,MINE_BALAGHAT_01,ZONE_WEST_E,0.35,-0.124,39.4,25.8,4.4,CLEAR,2026-02-24T10:30:00Z
Sentinel-2 MSI,MINE_BALAGHAT_01,ZONE_NORTH_A,0.166,-0.113,40.9,26.8,4.6,CLEAR,2026-02-27T10:30:00Z
Sentinel-2 MSI,MINE_BALAGHAT_01,ZONE_CENTRAL_B,0.137,0.113,36.5,17.5,8.3,CLEAR,2026-02-27T10:30:00Z
Sentinel-2 MSI,MINE_BALAGHAT_01,ZONE_SOUTH_C,0.351,-0.067,39.3,26.9,17.2,CLEAR,2026-02-27T10:30:00Z
Sentinel-2 MSI,MINE_BALAGHAT_01,ZONE_EAST_D,0.398,-0.19,39.7,16.9,9.8,CLEAR,2026-02-27T10:30:00Z
Sentinel-2 MSI,MINE_BALAGHAT_01,ZONE_WEST_E,0.355,-0.178,39.7,24.6,5.2,HAZY,2026-02-27T10:30:00Z
Sentinel-2 MSI,MINE_BALAGHAT_01,ZONE_NORTH_A,0.15,-0.2,39.8,17.6,15.3,CLEAR,2026-03-02T10:30:00Z
Landsat-9 OLI-2,MINE_BALAGHAT_01,ZONE_CENTRAL_B,0.151,-0.183,32.9,18.1,8.5,CLEAR,2026-03-02T10:30:00Z
Landsat-9 OLI-2,MINE_BALAGHAT_01,ZONE_SOUTH_C,0.409,-0.144,34.4,26.1,13.4,CLEAR,2026-03-02T10:30:00Z
Landsat-9 OLI-2,MINE_BALAGHAT_01,ZONE_EAST_D,0.378,-0.134,38.4,16.4,12.8,CLEAR,2026-03-02T10:30:00Z
Sentinel-2 MSI,MINE_BALAGHAT_01,ZONE_WEST_E,0.407,-0.1,35.1,25.9,17.5,CLEAR,2026-03-02T10:30:00Z
Landsat-9 OLI-2,MINE_BALAGHAT_01,ZONE_NORTH_A,0.153,-0.093,40.9,22.8,3.2,CLEAR,2026-03-05T10:30:00Z
Landsat-9 OLI-2,MINE_BALAGHAT_01,ZONE_CENTRAL_B,0.174,-0.15,39.0,24.5,15.9,CLEAR,2026-03-05T10:30:00Z
Landsat-9 OLI-2,MINE_BALAGHAT_01,ZONE_SOUTH_C,0.403,-0.162,34.1,22.8,10.9,CLEAR,2026-03-05T10:30:00Z
Sentinel-2 MSI,MINE_BALAGHAT_01,ZONE_EAST_D,0.411,-0.045,42.1,18.0,8.3,CLEAR,2026-03-05T10:30:00Z
Sentinel-2 MSI,MINE_BALAGHAT_01,ZONE_WEST_E,0.381,-0.156,40.7,18.1,3.0,CLEAR,2026-03-05T10:30:00Z
Landsat-9 OLI-2,MINE_BALAGHAT_01,ZONE_NORTH_A,0.136,-0.082,40.1,22.1,6.3,CLEAR,2026-03-08T10:30:00Z
Landsat-9 OLI-2,MINE_BALAGHAT_01,ZONE_CENTRAL_B,0.191,-0.042,34.9,17.6,5.3,CLEAR,2026-03-08T10:30:00Z
Landsat-9 OLI-2,MINE_BALAGHAT_01,ZONE_SOUTH_C,0.354,-0.191,41.3,18.3,15.2,CLEAR,2026-03-08T10:30:00Z
Landsat-9 OLI-2,MINE_BALAGHAT_01,ZONE_EAST_D,0.385,0.072,32.9,19.2,4.2,CLEAR,2026-03-08T10:30:00Z
Landsat-9 OLI-2,MINE_BALAGHAT_01,ZONE_WEST_E,0.409,-0.169,41.9,26.0,9.9,CLEAR,2026-03-08T10:30:00Z
Landsat-9 OLI-2,MINE_BALAGHAT_01,ZONE_NORTH_A,0.171,0.002,36.8,62.2,11.0,HAZY,2026-03-11T10:30:00Z
Landsat-9 OLI-2,MINE_BALAGHAT_01,ZONE_CENTRAL_B,0.199,0.008,41.4,56.2,4.4,CLEAR,2026-03-11T10:30:00Z
Sentinel-2 MSI,MINE_BALAGHAT_01,ZONE_SOUTH_C,0.363,0.141,35.6,60.9,7.3,HAZY,2026-03-11T10:30:00Z
Sentinel-2 MSI,MINE_BALAGHAT_01,ZONE_EAST_D,0.379,-0.099,39.2,56.8,5.7,CLEAR,2026-03-11T10:30:00Z
Sentinel-2 MSI,MINE_BALAGHAT_01,ZONE_WEST_E,0.375,0.033,33.1,62.6,17.4,CLEAR,2026-03-11T10:30:00Z
Sentinel-2 MSI,MINE_BALAGHAT_01,ZONE_NORTH_A,0.145,-0.018,35.5,46.6,1.7,CLEAR,2025-09-15T10:30:00Z
Sentinel-2 MSI,MINE_BALAGHAT_01,ZONE_CENTRAL_B,0.217,-0.066,33.2,35.2,4.7,CLEAR,2025-09-15T10:30:00Z
Sentinel-2 MSI,MINE_BALAGHAT_01,ZONE_SOUTH_C,0.329,-0.081,31.4,42.1,14.0,CLEAR,2025-09-15T10:30:00Z
Sentinel-2 MSI,MINE_BALAGHAT_01,ZONE_EAST_D,0.262,-0.227,38.9,35.2,9.5,CLEAR,2025-09-15T10:30:00Z
Sentinel-2 MSI,MINE_BALAGHAT_01,ZONE_WEST_E,0.463,-0.241,32.5,43.2,12.0,CLEAR,2025-09-15T10:30:00Z
Sentinel-2 MSI,MINE_GUMGAON_02,ZONE_GMG_01,0.319,-0.17,34.1,27.6,20.6,HAZE_CORRECTED,2025-09-15T10:30:00Z
Sentinel-2 MSI,MINE_GUMGAON_02,ZONE_GMG_02,0.249,-0.128,41.2,62.1,11.3,CLEAR,2025-09-15T10:30:00Z
Sentinel-2 MSI,MINE_GUMGAON_02,ZONE_GMG_03,0.341,-0.182,37.8,57.8,12.8,CLEAR,2025-09-15T10:30:00Z
Sentinel-2 MSI,MINE_GUMGAON_02,ZONE_GMG_04,0.249,-0.188,34.8,43.8,18.2,HAZE_CORRECTED,2025-09-15T10:30:00Z
Sentinel-2 MSI,MINE_TIRODI_03,ZONE_TRD_01,0.121,0.054,36.3,49.8,5.6,CLEAR,2025-09-15T10:30:00Z
Sentinel-2 MSI,MINE_TIRODI_03,ZONE_TRD_02,0.139,-0.206,36.6,38.8,12.7,CLEAR,2025-09-15T10:30:00Z
Sentinel-2 MSI,MINE_TIRODI_03,ZONE_TRD_03,0.349,-0.214,34.5,41.9,13.0,CLEAR,2025-09-15T10:30:00Z
Sentinel-2 MSI,MINE_TIRODI_03,ZONE_TRD_04,0.345,0.062,39.5,34.2,1.7,CLEAR,2025-09-15T10:30:00Z
Sentinel-2 MSI,MINE_TIRODI_03,ZONE_TRD_05,0.429,-0.237,41.4,28.0,7.1,CLEAR,2025-09-15T10:30:00Z
Sentinel-2 MSI,MINE_DONGRI_04,ZONE_DGB_01,0.16,0.0,36.7,58.0,10.8,CLEAR,2025-09-15T10:30:00Z
Sentinel-2 MSI,MINE_DONGRI_04,ZONE_DGB_02,0.167,-0.158,34.5,64.7,20.3,HAZE_CORRECTED,2025-09-15T10:30:00Z
Sentinel-2 MSI,MINE_DONGRI_04,ZONE_DGB_03,0.269,0.017,35.2,31.3,6.5,CLEAR,2025-09-15T10:30:00Z
Sentinel-2 MSI,MINE_DONGRI_04,ZONE_DGB_04,0.229,-0.217,31.0,42.8,3.3,CLEAR,2025-09-15T10:30:00Z
Sentinel-2 MSI,MINE_DONGRI_04,ZONE_DGB_05,0.223,0.008,36.2,67.8,7.6,CLEAR,2025-09-15T10:30:00Z
Sentinel-2 MSI,MINE_KANDRI_05,ZONE_KND_01,0.201,-0.17,39.3,51.5,19.7,HAZE_CORRECTED,2025-09-15T10:30:00Z
Sentinel-2 MSI,MINE_KANDRI_05,ZONE_KND_02,0.234,-0.051,37.9,40.5,12.3,CLEAR,2025-09-15T10:30:00Z
Sentinel-2 MSI,MINE_KANDRI_05,ZONE_KND_03,0.238,-0.185,35.7,47.8,24.3,HAZE_CORRECTED,2025-09-15T10:30:00Z
Sentinel-2 MSI,MINE_KANDRI_05,ZONE_KND_04,0.409,-0.216,40.5,64.6,11.9,CLEAR,2025-09-15T10:30:00Z
Sentinel-2 MSI,MINE_MANSAR_06,ZONE_MSR_01,0.22,-0.005,37.6,59.3,19.5,HAZE_CORRECTED,2025-09-15T10:30:00Z
Sentinel-2 MSI,MINE_MANSAR_06,ZONE_MSR_02,0.215,-0.224,34.1,31.5,14.5,CLEAR,2025-09-15T10:30:00Z
Sentinel-2 MSI,MINE_MANSAR_06,ZONE_MSR_03,0.255,-0.074,33.0,64.9,2.2,CLEAR,2025-09-15T10:30:00Z
Sentinel-2 MSI,MINE_MANSAR_06,ZONE_MSR_04,0.26,-0.228,30.6,33.0,12.6,CLEAR,2025-09-15T10:30:00Z
Sentinel-2 MSI,MINE_CHIKLA_07,ZONE_CHK_01,0.127,0.004,39.1,42.9,0.3,CLEAR,2025-09-15T10:30:00Z
Sentinel-2 MSI,MINE_CHIKLA_07,ZONE_CHK_02,0.277,-0.142,41.9,43.7,10.3,CLEAR,2025-09-15T10:30:00Z
Sentinel-2 MSI,MINE_CHIKLA_07,ZONE_CHK_03,0.304,-0.162,36.1,22.2,17.4,HAZE_CORRECTED,2025-09-15T10:30:00Z
Sentinel-2 MSI,MINE_CHIKLA_07,ZONE_CHK_04,0.237,-0.219,35.8,25.4,13.3,CLEAR,2025-09-15T10:30:00Z
Sentinel-2 MSI,MINE_CHIKLA_07,ZONE_CHK_05,0.3,-0.095,37.6,49.7,13.5,CLEAR,2025-09-15T10:30:00Z
Sentinel-2 MSI,MINE_UKWA_08,ZONE_UKW_01,0.211,-0.051,41.3,67.8,19.4,HAZE_CORRECTED,2025-09-15T10:30:00Z
Sentinel-2 MSI,MINE_UKWA_08,ZONE_UKW_02,0.334,0.088,39.5,58.2,16.2,HAZE_CORRECTED,2025-09-15T10:30:00Z
Sentinel-2 MSI,MINE_UKWA_08,ZONE_UKW_03,0.278,-0.154,36.9,33.5,7.9,CLEAR,2025-09-15T10:30:00Z
Sentinel-2 MSI,MINE_UKWA_08,ZONE_UKW_04,0.324,-0.102,36.2,28.8,23.7,HAZE_CORRECTED,2025-09-15T10:30:00Z
Sentinel-2 MSI,MINE_UKWA_08,ZONE_UKW_05,0.444,-0.235,32.0,35.8,12.8,CLEAR,2025-09-15T10:30:00Z
Sentinel-2 MSI,MINE_SITAPATORE_09,ZONE_STP_01,0.215,-0.012,34.1,58.8,16.8,HAZE_CORRECTED,2025-09-15T10:30:00Z
Sentinel-2 MSI,MINE_SITAPATORE_09,ZONE_STP_02,0.318,0.013,32.8,24.4,17.4,HAZE_CORRECTED,2025-09-15T10:30:00Z
Sentinel-2 MSI,MINE_SITAPATORE_09,ZONE_STP_03,0.275,-0.24,38.2,34.9,12.3,CLEAR,2025-09-15T10:30:00Z
Sentinel-2 MSI,MINE_SITAPATORE_09,ZONE_STP_04,0.349,-0.153,41.8,61.0,14.0,CLEAR,2025-09-15T10:30:00Z
Sentinel-2 MSI,MINE_BELDONGRI_10,ZONE_BLD_01,0.349,-0.161,35.3,67.6,22.2,HAZE_CORRECTED,2025-09-15T10:30:00Z
Sentinel-2 MSI,MINE_BELDONGRI_10,ZONE_BLD_02,0.224,0.096,32.4,41.3,7.1,CLEAR,2025-09-15T10:30:00Z
Sentinel-2 MSI,MINE_BELDONGRI_10,ZONE_BLD_03,0.267,-0.074,34.8,31.8,11.2,CLEAR,2025-09-15T10:30:00Z
Sentinel-2 MSI,MINE_BELDONGRI_10,ZONE_BLD_04,0.423,-0.055,38.4,44.1,5.5,CLEAR,2025-09-15T10:30:00Z
Sentinel-2 MSI,MINE_BALAGHAT_01,ZONE_NORTH_A,0.2,0.029,35.5,40.7,17.6,HAZE_CORRECTED,2025-09-19T10:30:00Z
Sentinel-2 MSI,MINE_BALAGHAT_01,ZONE_CENTRAL_B,0.217,-0.184,40.5,53.6,16.0,HAZE_CORRECTED,2025-09-19T10:30:00Z
Sentinel-2 MSI,MINE_BALAGHAT_01,ZONE_SOUTH_C,0.306,-0.107,36.8,48.8,10.7,CLEAR,2025-09-19T10:30:00Z
Sentinel-2 MSI,MINE_BALAGHAT_01,ZONE_EAST_D,0.316,-0.148,38.4,49.3,6.3,CLEAR,2025-09-19T10:30:00Z
Sentinel-2 MSI,MINE_BALAGHAT_01,ZONE_WEST_E,0.355,0.061,34.9,54.6,16.9,HAZE_CORRECTED,2025-09-19T10:30:00Z
Sentinel-2 MSI,MINE_GUMGAON_02,ZONE_GMG_01,0.271,0.042,34.5,57.9,22.7,HAZE_CORRECTED,2025-09-19T10:30:00Z
Sentinel-2 MSI,MINE_GUMGAON_02,ZONE_GMG_02,0.276,-0.126,34.1,42.8,17.9,HAZE_CORRECTED,2025-09-19T10:30:00Z
Sentinel-2 MSI,MINE_GUMGAON_02,ZONE_GMG_03,0.333,-0.123,31.7,50.0,24.1,HAZE_CORRECTED,2025-09-19T10:30:00Z
Sentinel-2 MSI,MINE_GUMGAON_02,ZONE_GMG_04,0.276,-0.105,36.4,53.3,20.1,HAZE_CORRECTED,2025-09-19T10:30:00Z
Sentinel-2 MSI,MINE_TIRODI_03,ZONE_TRD_01,0.211,-0.183,33.5,46.9,14.1,CLEAR,2025-09-19T10:30:00Z
Sentinel-2 MSI,MINE_TIRODI_03,ZONE_TRD_02,0.137,0.016,40.6,39.4,7.1,CLEAR,2025-09-19T10:30:00Z
Sentinel-2 MSI,MINE_TIRODI_03,ZONE_TRD_03,0.24,-0.136,32.2,60.3,9.7,CLEAR,2025-09-19T10:30:00Z
Sentinel-2 MSI,MINE_TIRODI_03,ZONE_TRD_04,0.296,-0.196,41.8,59.4,4.3,CLEAR,2025-09-19T10:30:00Z
Sentinel-2 MSI,MINE_TIRODI_03,ZONE_TRD_05,0.373,0.086,36.7,64.0,22.8,HAZE_CORRECTED,2025-09-19T10:30:00Z
Sentinel-2 MSI,MINE_DONGRI_04,ZONE_DGB_01,0.196,0.003,41.6,42.2,10.3,CLEAR,2025-09-19T10:30:00Z
Sentinel-2 MSI,MINE_DONGRI_04,ZONE_DGB_02,0.196,-0.044,30.0,60.4,12.7,CLEAR,2025-09-19T10:30:00Z
Sentinel-2 MSI,MINE_DONGRI_04,ZONE_DGB_03,0.323,0.085,33.6,44.6,2.3,CLEAR,2025-09-19T10:30:00Z
Sentinel-2 MSI,MINE_DONGRI_04,ZONE_DGB_04,0.224,-0.036,39.9,65.1,12.8,CLEAR,2025-09-19T10:30:00Z
Sentinel-2 MSI,MINE_DONGRI_04,ZONE_DGB_05,0.256,-0.138,31.4,46.1,19.4,HAZE_CORRECTED,2025-09-19T10:30:00Z
Sentinel-2 MSI,MINE_KANDRI_05,ZONE_KND_01,0.215,0.039,35.6,67.1,21.7,HAZE_CORRECTED,2025-09-19T10:30:00Z
Sentinel-2 MSI,MINE_KANDRI_05,ZONE_KND_02,0.327,0.011,32.5,58.4,17.0,HAZE_CORRECTED,2025-09-19T10:30:00Z
Sentinel-2 MSI,MINE_KANDRI_05,ZONE_KND_03,0.235,-0.032,30.4,53.1,19.9,HAZE_CORRECTED,2025-09-19T10:30:00Z
Sentinel-2 MSI,MINE_KANDRI_05,ZONE_KND_04,0.414,-0.186,40.8,25.0,23.5,HAZE_CORRECTED,2025-09-19T10:30:00Z
Sentinel-2 MSI,MINE_MANSAR_06,ZONE_MSR_01,0.256,-0.122,33.8,35.9,9.5,CLEAR,2025-09-19T10:30:00Z
Sentinel-2 MSI,MINE_MANSAR_06,ZONE_MSR_02,0.295,-0.056,41.7,53.5,16.7,HAZE_CORRECTED,2025-09-19T10:30:00Z
Sentinel-2 MSI,MINE_MANSAR_06,ZONE_MSR_03,0.3,0.014,39.4,40.1,21.8,HAZE_CORRECTED,2025-09-19T10:30:00Z
Sentinel-2 MSI,MINE_MANSAR_06,ZONE_MSR_04,0.251,-0.14,32.5,55.0,19.1,HAZE_CORRECTED,2025-09-19T10:30:00Z
Sentinel-2 MSI,MINE_CHIKLA_07,ZONE_CHK_01,0.204,-0.209,36.9,22.3,0.7,CLEAR,2025-09-19T10:30:00Z
Sentinel-2 MSI,MINE_CHIKLA_07,ZONE_CHK_02,0.265,-0.117,31.4,62.4,20.1,HAZE_CORRECTED,2025-09-19T10:30:00Z
Sentinel-2 MSI,MINE_CHIKLA_07,ZONE_CHK_03,0.329,-0.019,32.3,25.6,9.5,CLEAR,2025-09-19T10:30:00Z
Sentinel-2 MSI,MINE_CHIKLA_07,ZONE_CHK_04,0.203,-0.007,33.5,53.9,9.4,CLEAR,2025-09-19T10:30:00Z
Sentinel-2 MSI,MINE_CHIKLA_07,ZONE_CHK_05,0.269,-0.044,36.1,35.5,5.8,CLEAR,2025-09-19T10:30:00Z
Sentinel-2 MSI,MINE_UKWA_08,ZONE_UKW_01,0.189,0.058,34.6,50.5,11.3,CLEAR,2025-09-19T10:30:00Z
Sentinel-2 MSI,MINE_UKWA_08,ZONE_UKW_02,0.269,0.046,34.3,40.1,0.4,CLEAR,2025-09-19T10:30:00Z
Sentinel-2 MSI,MINE_UKWA_08,ZONE_UKW_03,0.283,-0.156,42.0,41.2,9.3,CLEAR,2025-09-19T10:30:00Z
Sentinel-2 MSI,MINE_UKWA_08,ZONE_UKW_04,0.235,-0.066,31.9,51.0,15.2,HAZE_CORRECTED,2025-09-19T10:30:00Z
Sentinel-2 MSI,MINE_UKWA_08,ZONE_UKW_05,0.414,-0.098,34.8,55.4,13.7,CLEAR,2025-09-19T10:30:00Z
Sentinel-2 MSI,MINE_SITAPATORE_09,ZONE_STP_01,0.317,0.078,39.8,27.3,11.7,CLEAR,2025-09-19T10:30:00Z
Sentinel-2 MSI,MINE_SITAPATORE_09,ZONE_STP_02,0.248,-0.055,33.5,35.3,0.5,CLEAR,2025-09-19T10:30:00Z
Sentinel-2 MSI,MINE_SITAPATORE_09,ZONE_STP_03,0.263,-0.172,33.7,42.5,8.3,CLEAR,2025-09-19T10:30:00Z
Sentinel-2 MSI,MINE_SITAPATORE_09,ZONE_STP_04,0.221,0.01,31.5,47.9,6.0,CLEAR,2025-09-19T10:30:00Z
Sentinel-2 MSI,MINE_BELDONGRI_10,ZONE_BLD_01,0.268,-0.23,32.0,52.1,22.3,HAZE_CORRECTED,2025-09-19T10:30:00Z
Sentinel-2 MSI,MINE_BELDONGRI_10,ZONE_BLD_02,0.231,-0.242,37.8,35.4,5.4,CLEAR,2025-09-19T10:30:00Z
Sentinel-2 MSI,MINE_BELDONGRI_10,ZONE_BLD_03,0.341,-0.01,31.0,31.1,24.8,HAZE_CORRECTED,2025-09-19T10:30:00Z
Sentinel-2 MSI,MINE_BELDONGRI_10,ZONE_BLD_04,0.434,-0.134,35.3,50.1,0.8,CLEAR,2025-09-19T10:30:00Z
Sentinel-2 MSI,MINE_BALAGHAT_01,ZONE_NORTH_A,0.124,-0.185,34.8,58.0,21.3,HAZE_CORRECTED,2025-09-23T10:30:00Z
Sentinel-2 MSI,MINE_BALAGHAT_01,ZONE_CENTRAL_B,0.176,-0.204,33.0,39.6,5.2,CLEAR,2025-09-23T10:30:00Z
Sentinel-2 MSI,MINE_BALAGHAT_01,ZONE_SOUTH_C,0.263,-0.094,36.3,31.1,17.4,HAZE_CORRECTED,2025-09-23T10:30:00Z
Sentinel-2 MSI,MINE_BALAGHAT_01,ZONE_EAST_D,0.297,-0.12,41.6,24.4,2.5,CLEAR,2025-09-23T10:30:00Z
Sentinel-2 MSI,MINE_BALAGHAT_01,ZONE_WEST_E,0.384,-0.091,41.5,67.9,15.2,HAZE_CORRECTED,2025-09-23T10:30:00Z
Sentinel-2 MSI,MINE_GUMGAON_02,ZONE_GMG_01,0.321,-0.02,37.7,56.2,18.0,HAZE_CORRECTED,2025-09-23T10:30:00Z
Sentinel-2 MSI,MINE_GUMGAON_02,ZONE_GMG_02,0.22,0.055,34.6,32.0,2.0,CLEAR,2025-09-23T10:30:00Z
Sentinel-2 MSI,MINE_GUMGAON_02,ZONE_GMG_03,0.263,-0.14,39.4,48.8,3.0,CLEAR,2025-09-23T10:30:00Z
Sentinel-2 MSI,MINE_GUMGAON_02,ZONE_GMG_04,0.22,0.043,33.7,34.1,0.6,CLEAR,2025-09-23T10:30:00Z
Sentinel-2 MSI,MINE_TIRODI_03,ZONE_TRD_01,0.136,-0.003,40.6,34.8,7.5,CLEAR,2025-09-23T10:30:00Z
Sentinel-2 MSI,MINE_TIRODI_03,ZONE_TRD_02,0.176,0.008,31.7,60.7,11.2,CLEAR,2025-09-23T10:30:00Z
Sentinel-2 MSI,MINE_TIRODI_03,ZONE_TRD_03,0.286,0.085,32.8,39.9,12.2,CLEAR,2025-09-23T10:30:00Z
Sentinel-2 MSI,MINE_TIRODI_03,ZONE_TRD_04,0.315,-0.068,40.1,49.8,14.6,CLEAR,2025-09-23T10:30:00Z
Sentinel-2 MSI,MINE_TIRODI_03,ZONE_TRD_05,0.416,-0.247,39.2,45.8,5.8,CLEAR,2025-09-23T10:30:00Z
Sentinel-2 MSI,MINE_DONGRI_04,ZONE_DGB_01,0.211,0.095,33.6,46.8,6.0,CLEAR,2025-09-23T10:30:00Z
Sentinel-2 MSI,MINE_DONGRI_04,ZONE_DGB_02,0.178,0.011,40.8,35.1,1.3,CLEAR,2025-09-23T10:30:00Z
Sentinel-2 MSI,MINE_DONGRI_04,ZONE_DGB_03,0.242,-0.148,35.6,30.6,1.3,CLEAR,2025-09-23T10:30:00Z
Sentinel-2 MSI,MINE_DONGRI_04,ZONE_DGB_04,0.221,-0.145,34.1,28.9,14.0,CLEAR,2025-09-23T10:30:00Z
Sentinel-2 MSI,MINE_DONGRI_04,ZONE_DGB_05,0.21,-0.039,33.0,60.1,4.1,CLEAR,2025-09-23T10:30:00Z
Sentinel-2 MSI,MINE_KANDRI_05,ZONE_KND_01,0.271,0.067,35.5,67.1,21.8,HAZE_CORRECTED,2025-09-23T10:30:00Z
Sentinel-2 MSI,MINE_KANDRI_05,ZONE_KND_02,0.237,-0.207,33.0,58.7,6.0,CLEAR,2025-09-23T10:30:00Z
Sentinel-2 MSI,MINE_KANDRI_05,ZONE_KND_03,0.282,0.094,41.3,23.4,7.9,CLEAR,2025-09-23T10:30:00Z
Sentinel-2 MSI,MINE_KANDRI_05,ZONE_KND_04,0.404,-0.041,38.3,53.1,0.5,CLEAR,2025-09-23T10:30:00Z
Sentinel-2 MSI,MINE_MANSAR_06,ZONE_MSR_01,0.298,-0.12,35.9,43.1,22.3,HAZE_CORRECTED,2025-09-23T10:30:00Z
Sentinel-2 MSI,MINE_MANSAR_06,ZONE_MSR_02,0.27,-0.24,32.3,52.1,15.6,HAZE_CORRECTED,2025-09-23T10:30:00Z
Sentinel-2 MSI,MINE_MANSAR_06,ZONE_MSR_03,0.326,-0.04,32.1,36.8,24.2,HAZE_CORRECTED,2025-09-23T10:30:00Z
Sentinel-2 MSI,MINE_MANSAR_06,ZONE_MSR_04,0.268,-0.036,42.0,67.7,17.3,HAZE_CORRECTED,2025-09-23T10:30:00Z
Sentinel-2 MSI,MINE_CHIKLA_07,ZONE_CHK_01,0.15,-0.013,34.7,33.3,19.1,HAZE_CORRECTED,2025-09-23T10:30:00Z
Sentinel-2 MSI,MINE_CHIKLA_07,ZONE_CHK_02,0.272,-0.081,36.2,30.3,10.2,CLEAR,2025-09-23T10:30:00Z
Sentinel-2 MSI,MINE_CHIKLA_07,ZONE_CHK_03,0.266,0.018,36.3,25.2,22.6,HAZE_CORRECTED,2025-09-23T10:30:00Z
Sentinel-2 MSI,MINE_CHIKLA_07,ZONE_CHK_04,0.319,0.018,34.7,58.4,3.0,CLEAR,2025-09-23T10:30:00Z
Sentinel-2 MSI,MINE_CHIKLA_07,ZONE_CHK_05,0.202,-0.181,38.9,40.9,7.6,CLEAR,2025-09-23T10:30:00Z
Sentinel-2 MSI,MINE_UKWA_08,ZONE_UKW_01,0.202,-0.07,33.6,50.1,10.1,CLEAR,2025-09-23T10:30:00Z
Sentinel-2 MSI,MINE_UKWA_08,ZONE_UKW_02,0.255,0.039,36.8,42.8,19.4,HAZE_CORRECTED,2025-09-23T10:30:00Z
Sentinel-2 MSI,MINE_UKWA_08,ZONE_UKW_03,0.234,-0.146,41.6,58.9,20.4,HAZE_CORRECTED,2025-09-23T10:30:00Z
Sentinel-2 MSI,MINE_UKWA_08,ZONE_UKW_04,0.345,-0.023,33.4,28.1,16.3,HAZE_CORRECTED,2025-09-23T10:30:00Z
Sentinel-2 MSI,MINE_UKWA_08,ZONE_UKW_05,0.381,-0.233,36.5,23.4,1.9,CLEAR,2025-09-23T10:30:00Z
Sentinel-2 MSI,MINE_SITAPATORE_09,ZONE_STP_01,0.226,-0.064,33.0,33.7,12.7,CLEAR,2025-09-23T10:30:00Z
Sentinel-2 MSI,MINE_SITAPATORE_09,ZONE_STP_02,0.28,0.071,39.5,49.1,20.6,HAZE_CORRECTED,2025-09-23T10:30:00Z
Sentinel-2 MSI,MINE_SITAPATORE_09,ZONE_STP_03,0.253,0.05,33.9,35.3,8.9,CLEAR,2025-09-23T10:30:00Z
Sentinel-2 MSI,MINE_SITAPATORE_09,ZONE_STP_04,0.279,-0.033,37.2,23.8,2.0,CLEAR,2025-09-23T10:30:00Z
Sentinel-2 MSI,MINE_BELDONGRI_10,ZONE_BLD_01,0.225,-0.174,31.1,63.7,3.3,CLEAR,2025-09-23T10:30:00Z
Sentinel-2 MSI,MINE_BELDONGRI_10,ZONE_BLD_02,0.245,0.082,40.7,27.7,7.8,CLEAR,2025-09-23T10:30:00Z
Sentinel-2 MSI,MINE_BELDONGRI_10,ZONE_BLD_03,0.268,-0.07,33.2,58.9,11.6,CLEAR,2025-09-23T10:30:00Z
Sentinel-2 MSI,MINE_BELDONGRI_10,ZONE_BLD_04,0.403,0.092,31.1,59.3,12.0,CLEAR,2025-09-23T10:30:00Z
Sentinel-2 MSI,MINE_BALAGHAT_01,ZONE_NORTH_A,0.201,0.005,40.1,56.2,4.9,CLEAR,2025-09-27T10:30:00Z
Sentinel-2 MSI,MINE_BALAGHAT_01,ZONE_CENTRAL_B,0.144,-0.166,33.9,65.2,15.4,HAZE_CORRECTED,2025-09-27T10:30:00Z
Sentinel-2 MSI,MINE_BALAGHAT_01,ZONE_SOUTH_C,0.336,-0.243,36.6,33.8,8.0,CLEAR,2025-09-27T10:30:00Z
Sentinel-2 MSI,MINE_BALAGHAT_01,ZONE_EAST_D,0.259,-0.118,35.0,60.0,16.7,HAZE_CORRECTED,2025-09-27T10:30:00Z
Sentinel-2 MSI,MINE_BALAGHAT_01,ZONE_WEST_E,0.348,-0.049,40.0,54.9,9.1,CLEAR,2025-09-27T10:30:00Z
Sentinel-2 MSI,MINE_GUMGAON_02,ZONE_GMG_01,0.31,-0.152,30.2,25.6,7.7,CLEAR,2025-09-27T10:30:00Z
Sentinel-2 MSI,MINE_GUMGAON_02,ZONE_GMG_02,0.295,0.078,41.9,62.8,16.7,HAZE_CORRECTED,2025-09-27T10:30:00Z
Sentinel-2 MSI,MINE_GUMGAON_02,ZONE_GMG_03,0.296,-0.121,31.7,33.8,25.0,HAZE_CORRECTED,2025-09-27T10:30:00Z
Sentinel-2 MSI,MINE_GUMGAON_02,ZONE_GMG_04,0.255,0.063,34.3,41.8,1.6,CLEAR,2025-09-27T10:30:00Z
Sentinel-2 MSI,MINE_TIRODI_03,ZONE_TRD_01,0.202,0.03,32.6,56.9,7.0,CLEAR,2025-09-27T10:30:00Z
Sentinel-2 MSI,MINE_TIRODI_03,ZONE_TRD_02,0.218,-0.091,32.1,34.0,16.9,HAZE_CORRECTED,2025-09-27T10:30:00Z
Sentinel-2 MSI,MINE_TIRODI_03,ZONE_TRD_03,0.211,-0.039,39.9,45.6,4.3,CLEAR,2025-09-27T10:30:00Z
Sentinel-2 MSI,MINE_TIRODI_03,ZONE_TRD_04,0.348,0.064,31.4,35.8,5.3,CLEAR,2025-09-27T10:30:00Z
Sentinel-2 MSI,MINE_TIRODI_03,ZONE_TRD_05,0.373,-0.176,40.5,51.5,20.6,HAZE_CORRECTED,2025-09-27T10:30:00Z
Sentinel-2 MSI,MINE_DONGRI_04,ZONE_DGB_01,0.154,0.0,39.8,27.8,24.6,HAZE_CORRECTED,2025-09-27T10:30:00Z
Sentinel-2 MSI,MINE_DONGRI_04,ZONE_DGB_02,0.187,-0.102,39.0,22.1,17.3,HAZE_CORRECTED,2025-09-27T10:30:00Z
Sentinel-2 MSI,MINE_DONGRI_04,ZONE_DGB_03,0.277,0.042,33.0,66.0,12.7,CLEAR,2025-09-27T10:30:00Z
Sentinel-2 MSI,MINE_DONGRI_04,ZONE_DGB_04,0.345,-0.091,34.0,25.4,18.5,HAZE_CORRECTED,2025-09-27T10:30:00Z
Sentinel-2 MSI,MINE_DONGRI_04,ZONE_DGB_05,0.239,-0.235,38.1,50.4,12.6,CLEAR,2025-09-27T10:30:00Z
Sentinel-2 MSI,MINE_KANDRI_05,ZONE_KND_01,0.31,-0.244,38.4,46.6,24.2,HAZE_CORRECTED,2025-09-27T10:30:00Z
Sentinel-2 MSI,MINE_KANDRI_05,ZONE_KND_02,0.3,-0.232,34.1,65.0,19.2,HAZE_CORRECTED,2025-09-27T10:30:00Z
Sentinel-2 MSI,MINE_KANDRI_05,ZONE_KND_03,0.263,-0.127,31.6,40.5,0.6,CLEAR,2025-09-27T10:30:00Z
Sentinel-2 MSI,MINE_KANDRI_05,ZONE_KND_04,0.42,-0.099,31.1,65.6,18.1,HAZE_CORRECTED,2025-09-27T10:30:00Z
Sentinel-2 MSI,MINE_MANSAR_06,ZONE_MSR_01,0.316,-0.091,37.7,29.2,6.0,CLEAR,2025-09-27T10:30:00Z
Sentinel-2 MSI,MINE_MANSAR_06,ZONE_MSR_02,0.2,-0.208,36.4,39.4,5.7,CLEAR,2025-09-27T10:30:00Z
Sentinel-2 MSI,MINE_MANSAR_06,ZONE_MSR_03,0.315,0.024,33.3,60.4,3.2,CLEAR,2025-09-27T10:30:00Z
Sentinel-2 MSI,MINE_MANSAR_06,ZONE_MSR_04,0.202,-0.138,38.1,24.8,24.7,HAZE_CORRECTED,2025-09-27T10:30:00Z
Sentinel-2 MSI,MINE_CHIKLA_07,ZONE_CHK_01,0.198,0.006,32.5,48.4,23.4,HAZE_CORRECTED,2025-09-27T10:30:00Z
Sentinel-2 MSI,MINE_CHIKLA_07,ZONE_CHK_02,0.207,-0.085,36.0,22.7,21.3,HAZE_CORRECTED,2025-09-27T10:30:00Z
Sentinel-2 MSI,MINE_CHIKLA_07,ZONE_CHK_03,0.303,-0.046,40.2,33.0,6.8,CLEAR,2025-09-27T10:30:00Z
Sentinel-2 MSI,MINE_CHIKLA_07,ZONE_CHK_04,0.31,-0.029,41.3,56.3,4.0,CLEAR,2025-09-27T10:30:00Z
Sentinel-2 MSI,MINE_CHIKLA_07,ZONE_CHK_05,0.258,-0.241,34.0,38.8,17.7,HAZE_CORRECTED,2025-09-27T10:30:00Z
Sentinel-2 MSI,MINE_UKWA_08,ZONE_UKW_01,0.191,0.079,38.7,39.6,3.7,CLEAR,2025-09-27T10:30:00Z
Sentinel-2 MSI,MINE_UKWA_08,ZONE_UKW_02,0.276,-0.038,34.5,58.6,18.3,HAZE_CORRECTED,2025-09-27T10:30:00Z
Sentinel-2 MSI,MINE_UKWA_08,ZONE_UKW_03,0.266,-0.008,40.0,59.3,14.9,CLEAR,2025-09-27T10:30:00Z
Sentinel-2 MSI,MINE_UKWA_08,ZONE_UKW_04,0.29,0.021,32.5,23.4,17.1,HAZE_CORRECTED,2025-09-27T10:30:00Z
Sentinel-2 MSI,MINE_UKWA_08,ZONE_UKW_05,0.333,-0.061,36.1,57.0,13.7,CLEAR,2025-09-27T10:30:00Z
Sentinel-2 MSI,MINE_SITAPATORE_09,ZONE_STP_01,0.28,-0.185,40.6,65.3,0.4,CLEAR,2025-09-27T10:30:00Z
Sentinel-2 MSI,MINE_SITAPATORE_09,ZONE_STP_02,0.327,-0.131,32.2,62.0,12.7,CLEAR,2025-09-27T10:30:00Z
Sentinel-2 MSI,MINE_SITAPATORE_09,ZONE_STP_03,0.291,-0.069,30.1,61.3,14.0,CLEAR,2025-09-27T10:30:00Z
Sentinel-2 MSI,MINE_SITAPATORE_09,ZONE_STP_04,0.284,0.035,37.6,49.1,19.2,HAZE_CORRECTED,2025-09-27T10:30:00Z
Sentinel-2 MSI,MINE_BELDONGRI_10,ZONE_BLD_01,0.278,-0.109,39.5,53.8,0.4,CLEAR,2025-09-27T10:30:00Z
Sentinel-2 MSI,MINE_BELDONGRI_10,ZONE_BLD_02,0.268,-0.148,40.4,29.2,8.0,CLEAR,2025-09-27T10:30:00Z
Sentinel-2 MSI,MINE_BELDONGRI_10,ZONE_BLD_03,0.312,-0.026,30.0,31.6,3.9,CLEAR,2025-09-27T10:30:00Z
Sentinel-2 MSI,MINE_BELDONGRI_10,ZONE_BLD_04,0.336,-0.063,37.7,42.6,13.0,CLEAR,2025-09-27T10:30:00Z
Sentinel-2 MSI,MINE_BALAGHAT_01,ZONE_NORTH_A,0.202,-0.231,37.0,62.1,5.3,CLEAR,2025-10-01T10:30:00Z
Sentinel-2 MSI,MINE_BALAGHAT_01,ZONE_CENTRAL_B,0.123,-0.131,41.8,63.7,0.4,CLEAR,2025-10-01T10:30:00Z
Sentinel-2 MSI,MINE_BALAGHAT_01,ZONE_SOUTH_C,0.26,0.063,40.9,62.8,7.8,CLEAR,2025-10-01T10:30:00Z
Sentinel-2 MSI,MINE_BALAGHAT_01,ZONE_EAST_D,0.231,-0.243,34.8,33.9,4.3,CLEAR,2025-10-01T10:30:00Z
Sentinel-2 MSI,MINE_BALAGHAT_01,ZONE_WEST_E,0.397,-0.077,37.4,23.9,2.4,CLEAR,2025-10-01T10:30:00Z
Sentinel-2 MSI,MINE_GUMGAON_02,ZONE_GMG_01,0.319,0.039,39.3,22.6,3.8,CLEAR,2025-10-01T10:30:00Z
Sentinel-2 MSI,MINE_GUMGAON_02,ZONE_GMG_02,0.295,-0.049,31.0,46.9,5.0,CLEAR,2025-10-01T10:30:00Z
Sentinel-2 MSI,MINE_GUMGAON_02,ZONE_GMG_03,0.301,-0.208,32.2,56.8,6.1,CLEAR,2025-10-01T10:30:00Z
Sentinel-2 MSI,MINE_GUMGAON_02,ZONE_GMG_04,0.273,-0.187,38.2,51.9,5.9,CLEAR,2025-10-01T10:30:00Z
Sentinel-2 MSI,MINE_TIRODI_03,ZONE_TRD_01,0.182,-0.029,41.1,63.1,0.7,CLEAR,2025-10-01T10:30:00Z
Sentinel-2 MSI,MINE_TIRODI_03,ZONE_TRD_02,0.184,0.094,35.0,41.3,3.9,CLEAR,2025-10-01T10:30:00Z
Sentinel-2 MSI,MINE_TIRODI_03,ZONE_TRD_03,0.349,-0.079,36.9,37.9,3.5,CLEAR,2025-10-01T10:30:00Z
Sentinel-2 MSI,MINE_TIRODI_03,ZONE_TRD_04,0.263,-0.203,38.4,23.1,2.0,CLEAR,2025-10-01T10:30:00Z
Sentinel-2 MSI,MINE_TIRODI_03,ZONE_TRD_05,0.473,0.065,39.1,30.9,5.2,CLEAR,2025-10-01T10:30:00Z
Sentinel-2 MSI,MINE_DONGRI_04,ZONE_DGB_01,0.128,-0.115,37.6,46.1,1.4,CLEAR,2025-10-01T10:30:00Z
Sentinel-2 MSI,MINE_DONGRI_04,ZONE_DGB_02,0.153,0.096,41.2,24.7,7.6,CLEAR,2025-10-01T10:30:00Z
Sentinel-2 MSI,MINE_DONGRI_04,ZONE_DGB_03,0.244,0.033,34.6,39.4,5.6,CLEAR,2025-10-01T10:30:00Z
Sentinel-2 MSI,MINE_DONGRI_04,ZONE_DGB_04,0.232,-0.237,34.5,58.9,1.2,CLEAR,2025-10-01T10:30:00Z
Sentinel-2 MSI,MINE_DONGRI_04,ZONE_DGB_05,0.329,-0.168,34.8,28.5,1.0,CLEAR,2025-10-01T10:30:00Z
Sentinel-2 MSI,MINE_KANDRI_05,ZONE_KND_01,0.349,-0.116,38.9,67.3,3.8,CLEAR,2025-10-01T10:30:00Z
Sentinel-2 MSI,MINE_KANDRI_05,ZONE_KND_02,0.206,-0.233,34.7,41.8,7.7,CLEAR,2025-10-01T10:30:00Z
Sentinel-2 MSI,MINE_KANDRI_05,ZONE_KND_03,0.236,0.068,36.3,62.7,1.3,CLEAR,2025-10-01T10:30:00Z
Sentinel-2 MSI,MINE_KANDRI_05,ZONE_KND_04,0.361,-0.06,30.5,43.1,6.5,CLEAR,2025-10-01T10:30:00Z
Sentinel-2 MSI,MINE_MANSAR_06,ZONE_MSR_01,0.204,-0.019,35.7,59.3,6.7,CLEAR,2025-10-01T10:30:00Z
Sentinel-2 MSI,MINE_MANSAR_06,ZONE_MSR_02,0.308,0.004,37.9,43.0,5.9,CLEAR,2025-10-01T10:30:00Z
Sentinel-2 MSI,MINE_MANSAR_06,ZONE_MSR_03,0.315,-0.155,37.7,53.2,5.9,CLEAR,2025-10-01T10:30:00Z
Sentinel-2 MSI,MINE_MANSAR_06,ZONE_MSR_04,0.281,-0.12,39.1,42.7,0.2,CLEAR,2025-10-01T10:30:00Z
Sentinel-2 MSI,MINE_CHIKLA_07,ZONE_CHK_01,0.143,0.006,34.8,43.2,5.8,CLEAR,2025-10-01T10:30:00Z
Sentinel-2 MSI,MINE_CHIKLA_07,ZONE_CHK_02,0.295,0.013,41.1,57.3,7.5,CLEAR,2025-10-01T10:30:00Z
Sentinel-2 MSI,MINE_CHIKLA_07,ZONE_CHK_03,0.347,0.042,30.2,48.8,4.9,CLEAR,2025-10-01T10:30:00Z
Sentinel-2 MSI,MINE_CHIKLA_07,ZONE_CHK_04,0.293,0.043,32.6,59.9,3.9,CLEAR,2025-10-01T10:30:00Z
Sentinel-2 MSI,MINE_CHIKLA_07,ZONE_CHK_05,0.242,0.001,34.8,29.5,6.2,CLEAR,2025-10-01T10:30:00Z
Sentinel-2 MSI,MINE_UKWA_08,ZONE_UKW_01,0.174,-0.149,40.1,30.9,7.0,CLEAR,2025-10-01T10:30:00Z
Sentinel-2 MSI,MINE_UKWA_08,ZONE_UKW_02,0.204,-0.036,36.5,23.2,3.7,CLEAR,2025-10-01T10:30:00Z
Sentinel-2 MSI,MINE_UKWA_08,ZONE_UKW_03,0.205,-0.242,34.7,57.4,2.8,CLEAR,2025-10-01T10:30:00Z
Sentinel-2 MSI,MINE_UKWA_08,ZONE_UKW_04,0.239,-0.128,39.7,57.7,3.5,CLEAR,2025-10-01T10:30:00Z
Sentinel-2 MSI,MINE_UKWA_08,ZONE_UKW_05,0.366,-0.001,41.4,31.7,1.1,CLEAR,2025-10-01T10:30:00Z
Sentinel-2 MSI,MINE_SITAPATORE_09,ZONE_STP_01,0.212,-0.085,39.8,59.7,5.1,CLEAR,2025-10-01T10:30:00Z
Sentinel-2 MSI,MINE_SITAPATORE_09,ZONE_STP_02,0.208,0.045,34.2,29.5,3.8,CLEAR,2025-10-01T10:30:00Z
Sentinel-2 MSI,MINE_SITAPATORE_09,ZONE_STP_03,0.344,0.094,41.5,53.5,6.9,CLEAR,2025-10-01T10:30:00Z
Sentinel-2 MSI,MINE_SITAPATORE_09,ZONE_STP_04,0.282,0.067,39.4,56.4,2.1,CLEAR,2025-10-01T10:30:00Z
Sentinel-2 MSI,MINE_BELDONGRI_10,ZONE_BLD_01,0.34,0.045,37.6,51.3,4.3,CLEAR,2025-10-01T10:30:00Z
Sentinel-2 MSI,MINE_BELDONGRI_10,ZONE_BLD_02,0.304,-0.0,40.6,25.6,1.3,CLEAR,2025-10-01T10:30:00Z
Sentinel-2 MSI,MINE_BELDONGRI_10,ZONE_BLD_03,0.255,-0.243,33.7,62.5,0.5,CLEAR,2025-10-01T10:30:00Z
Sentinel-2 MSI,MINE_BELDONGRI_10,ZONE_BLD_04,0.477,-0.012,39.3,64.4,1.0,CLEAR,2025-10-01T10:30:00Z
Sentinel-2 MSI,MINE_BALAGHAT_01,ZONE_NORTH_A,0.13,-0.094,38.4,45.8,0.0,CLEAR,2025-10-05T10:30:00Z
Sentinel-2 MSI,MINE_BALAGHAT_01,ZONE_CENTRAL_B,0.173,-0.217,41.8,52.3,3.6,CLEAR,2025-10-05T10:30:00Z
Sentinel-2 MSI,MINE_BALAGHAT_01,ZONE_SOUTH_C,0.262,-0.1,32.8,38.9,0.7,CLEAR,2025-10-05T10:30:00Z
Sentinel-2 MSI,MINE_BALAGHAT_01,ZONE_EAST_D,0.223,-0.104,32.4,52.1,0.9,CLEAR,2025-10-05T10:30:00Z
Sentinel-2 MSI,MINE_BALAGHAT_01,ZONE_WEST_E,0.322,0.018,41.2,46.6,4.2,CLEAR,2025-10-05T10:30:00Z
Sentinel-2 MSI,MINE_GUMGAON_02,ZONE_GMG_01,0.265,-0.103,38.9,36.1,2.3,CLEAR,2025-10-05T10:30:00Z
Sentinel-2 MSI,MINE_GUMGAON_02,ZONE_GMG_02,0.333,-0.128,37.3,36.3,4.4,CLEAR,2025-10-05T10:30:00Z
Sentinel-2 MSI,MINE_GUMGAON_02,ZONE_GMG_03,0.25,-0.027,33.5,30.5,1.4,CLEAR,2025-10-05T10:30:00Z
Sentinel-2 MSI,MINE_GUMGAON_02,ZONE_GMG_04,0.269,0.074,36.5,60.4,5.1,CLEAR,2025-10-05T10:30:00Z
Sentinel-2 MSI,MINE_TIRODI_03,ZONE_TRD_01,0.169,-0.081,39.0,53.3,4.6,CLEAR,2025-10-05T10:30:00Z
Sentinel-2 MSI,MINE_TIRODI_03,ZONE_TRD_02,0.129,-0.031,34.6,32.3,1.3,CLEAR,2025-10-05T10:30:00Z
Sentinel-2 MSI,MINE_TIRODI_03,ZONE_TRD_03,0.3,-0.163,35.8,60.1,0.8,CLEAR,2025-10-05T10:30:00Z
Sentinel-2 MSI,MINE_TIRODI_03,ZONE_TRD_04,0.301,-0.244,37.4,54.8,7.7,CLEAR,2025-10-05T10:30:00Z
Sentinel-2 MSI,MINE_TIRODI_03,ZONE_TRD_05,0.429,0.029,39.7,38.2,8.0,CLEAR,2025-10-05T10:30:00Z
Sentinel-2 MSI,MINE_DONGRI_04,ZONE_DGB_01,0.13,-0.037,34.6,52.7,5.9,CLEAR,2025-10-05T10:30:00Z
Sentinel-2 MSI,MINE_DONGRI_04,ZONE_DGB_02,0.134,-0.23,33.7,63.9,1.2,CLEAR,2025-10-05T10:30:00Z
Sentinel-2 MSI,MINE_DONGRI_04,ZONE_DGB_03,0.308,-0.104,38.4,38.6,7.7,CLEAR,2025-10-05T10:30:00Z
Sentinel-2 MSI,MINE_DONGRI_04,ZONE_DGB_04,0.291,-0.003,38.2,50.9,1.8,CLEAR,2025-10-05T10:30:00Z
Sentinel-2 MSI,MINE_DONGRI_04,ZONE_DGB_05,0.321,-0.073,33.5,40.1,7.4,CLEAR,2025-10-05T10:30:00Z
Sentinel-2 MSI,MINE_KANDRI_05,ZONE_KND_01,0.348,0.036,38.2,63.8,6.2,CLEAR,2025-10-05T10:30:00Z
Sentinel-2 MSI,MINE_KANDRI_05,ZONE_KND_02,0.265,-0.058,39.2,26.0,5.8,CLEAR,2025-10-05T10:30:00Z
Sentinel-2 MSI,MINE_KANDRI_05,ZONE_KND_03,0.309,-0.111,37.9,58.4,1.5,CLEAR,2025-10-05T10:30:00Z
Sentinel-2 MSI,MINE_KANDRI_05,ZONE_KND_04,0.475,-0.049,30.7,65.3,5.1,CLEAR,2025-10-05T10:30:00Z
Sentinel-2 MSI,MINE_MANSAR_06,ZONE_MSR_01,0.232,0.076,33.3,48.1,3.3,CLEAR,2025-10-05T10:30:00Z
Sentinel-2 MSI,MINE_MANSAR_06,ZONE_MSR_02,0.248,-0.065,38.3,64.9,4.0,CLEAR,2025-10-05T10:30:00Z
Sentinel-2 MSI,MINE_MANSAR_06,ZONE_MSR_03,0.292,0.072,41.6,33.4,3.9,CLEAR,2025-10-05T10:30:00Z
Sentinel-2 MSI,MINE_MANSAR_06,ZONE_MSR_04,0.244,-0.005,31.1,41.5,3.1,CLEAR,2025-10-05T10:30:00Z
Sentinel-2 MSI,MINE_CHIKLA_07,ZONE_CHK_01,0.129,-0.062,38.9,33.1,4.9,CLEAR,2025-10-05T10:30:00Z
Sentinel-2 MSI,MINE_CHIKLA_07,ZONE_CHK_02,0.243,-0.145,37.2,31.2,3.1,CLEAR,2025-10-05T10:30:00Z
Sentinel-2 MSI,MINE_CHIKLA_07,ZONE_CHK_03,0.235,-0.144,35.8,49.8,7.6,CLEAR,2025-10-05T10:30:00Z
Sentinel-2 MSI,MINE_CHIKLA_07,ZONE_CHK_04,0.226,0.047,31.3,52.9,4.5,CLEAR,2025-10-05T10:30:00Z
Sentinel-2 MSI,MINE_CHIKLA_07,ZONE_CHK_05,0.288,-0.055,34.2,46.2,1.2,CLEAR,2025-10-05T10:30:00Z
Sentinel-2 MSI,MINE_UKWA_08,ZONE_UKW_01,0.134,-0.083,32.5,26.7,7.4,CLEAR,2025-10-05T10:30:00Z
Sentinel-2 MSI,MINE_UKWA_08,ZONE_UKW_02,0.251,-0.216,38.0,65.7,4.5,CLEAR,2025-10-05T10:30:00Z
Sentinel-2 MSI,MINE_UKWA_08,ZONE_UKW_03,0.27,0.094,32.7,22.3,6.4,CLEAR,2025-10-05T10:30:00Z
Sentinel-2 MSI,MINE_UKWA_08,ZONE_UKW_04,0.293,0.091,38.9,34.0,7.9,CLEAR,2025-10-05T10:30:00Z
Sentinel-2 MSI,MINE_UKWA_08,ZONE_UKW_05,0.388,0.0,40.2,27.9,3.2,CLEAR,2025-10-05T10:30:00Z
Sentinel-2 MSI,MINE_SITAPATORE_09,ZONE_STP_01,0.292,-0.069,34.0,57.1,3.3,CLEAR,2025-10-05T10:30:00Z
Sentinel-2 MSI,MINE_SITAPATORE_09,ZONE_STP_02,0.227,-0.083,30.9,26.8,3.0,CLEAR,2025-10-05T10:30:00Z
Sentinel-2 MSI,MINE_SITAPATORE_09,ZONE_STP_03,0.299,-0.03,33.6,34.0,3.6,CLEAR,2025-10-05T10:30:00Z
Sentinel-2 MSI,MINE_SITAPATORE_09,ZONE_STP_04,0.307,0.042,30.1,23.1,6.4,CLEAR,2025-10-05T10:30:00Z
Sentinel-2 MSI,MINE_BELDONGRI_10,ZONE_BLD_01,0.266,-0.011,38.5,65.9,3.9,CLEAR,2025-10-05T10:30:00Z
Sentinel-2 MSI,MINE_BELDONGRI_10,ZONE_BLD_02,0.263,-0.063,36.2,27.3,4.4,CLEAR,2025-10-05T10:30:00Z
Sentinel-2 MSI,MINE_BELDONGRI_10,ZONE_BLD_03,0.237,-0.187,35.2,44.8,6.2,CLEAR,2025-10-05T10:30:00Z
Sentinel-2 MSI,MINE_BELDONGRI_10,ZONE_BLD_04,0.351,-0.038,36.5,51.3,7.0,CLEAR,2025-10-05T10:30:00Z
Sentinel-2 MSI,MINE_BALAGHAT_01,ZONE_NORTH_A,0.133,-0.16,31.5,60.0,6.4,CLEAR,2025-10-09T10:30:00Z
Sentinel-2 MSI,MINE_BALAGHAT_01,ZONE_CENTRAL_B,0.174,-0.208,40.5,52.5,7.0,CLEAR,2025-10-09T10:30:00Z
Sentinel-2 MSI,MINE_BALAGHAT_01,ZONE_SOUTH_C,0.321,-0.142,35.8,54.2,2.8,CLEAR,2025-10-09T10:30:00Z
Sentinel-2 MSI,MINE_BALAGHAT_01,ZONE_EAST_D,0.261,0.033,31.2,51.7,4.6,CLEAR,2025-10-09T10:30:00Z
Sentinel-2 MSI,MINE_BALAGHAT_01,ZONE_WEST_E,0.337,-0.021,33.5,57.7,6.9,CLEAR,2025-10-09T10:30:00Z
Sentinel-2 MSI,MINE_GUMGAON_02,ZONE_GMG_01,0.285,-0.019,40.6,51.0,6.6,CLEAR,2025-10-09T10:30:00Z
Sentinel-2 MSI,MINE_GUMGAON_02,ZONE_GMG_02,0.276,-0.022,41.3,36.4,2.0,CLEAR,2025-10-09T10:30:00Z
Sentinel-2 MSI,MINE_GUMGAON_02,ZONE_GMG_03,0.284,0.063,30.1,26.6,3.7,CLEAR,2025-10-09T10:30:00Z
Sentinel-2 MSI,MINE_GUMGAON_02,ZONE_GMG_04,0.211,0.06,41.8,54.1,7.3,CLEAR,2025-10-09T10:30:00Z
Sentinel-2 MSI,MINE_TIRODI_03,ZONE_TRD_01,0.159,-0.074,34.1,60.1,4.8,CLEAR,2025-10-09T10:30:00Z
Sentinel-2 MSI,MINE_TIRODI_03,ZONE_TRD_02,0.203,-0.216,35.4,34.5,4.6,CLEAR,2025-10-09T10:30:00Z
Sentinel-2 MSI,MINE_TIRODI_03,ZONE_TRD_03,0.342,-0.245,36.3,52.2,0.2,CLEAR,2025-10-09T10:30:00Z
Sentinel-2 MSI,MINE_TIRODI_03,ZONE_TRD_04,0.32,0.057,36.5,55.7,1.3,CLEAR,2025-10-09T10:30:00Z
Sentinel-2 MSI,MINE_TIRODI_03,ZONE_TRD_05,0.422,0.052,33.1,26.5,4.9,CLEAR,2025-10-09T10:30:00Z
Sentinel-2 MSI,MINE_DONGRI_04,ZONE_DGB_01,0.159,-0.055,33.5,29.1,4.5,CLEAR,2025-10-09T10:30:00Z
Sentinel-2 MSI,MINE_DONGRI_04,ZONE_DGB_02,0.166,-0.162,31.5,41.1,2.6,CLEAR,2025-10-09T10:30:00Z
Sentinel-2 MSI,MINE_DONGRI_04,ZONE_DGB_03,0.268,-0.205,30.2,29.8,4.4,CLEAR,2025-10-09T10:30:00Z
Sentinel-2 MSI,MINE_DONGRI_04,ZONE_DGB_04,0.258,-0.103,41.9,24.0,0.1,CLEAR,2025-10-09T10:30:00Z
Sentinel-2 MSI,MINE_DONGRI_04,ZONE_DGB_05,0.201,-0.047,30.3,62.0,6.9,CLEAR,2025-10-09T10:30:00Z
Sentinel-2 MSI,MINE_KANDRI_05,ZONE_KND_01,0.315,-0.071,30.1,33.4,0.0,CLEAR,2025-10-09T10:30:00Z
Sentinel-2 MSI,MINE_KANDRI_05,ZONE_KND_02,0.339,-0.09,31.8,66.7,6.9,CLEAR,2025-10-09T10:30:00Z
Sentinel-2 MSI,MINE_KANDRI_05,ZONE_KND_03,0.31,-0.03,39.4,52.2,5.0,CLEAR,2025-10-09T10:30:00Z
Sentinel-2 MSI,MINE_KANDRI_05,ZONE_KND_04,0.328,0.015,32.3,42.9,0.5,CLEAR,2025-10-09T10:30:00Z
Sentinel-2 MSI,MINE_MANSAR_06,ZONE_MSR_01,0.329,-0.228,39.2,48.3,1.4,CLEAR,2025-10-09T10:30:00Z
Sentinel-2 MSI,MINE_MANSAR_06,ZONE_MSR_02,0.225,0.056,37.1,39.4,5.2,CLEAR,2025-10-09T10:30:00Z
Sentinel-2 MSI,MINE_MANSAR_06,ZONE_MSR_03,0.225,-0.122,30.8,61.2,5.6,CLEAR,2025-10-09T10:30:00Z
Sentinel-2 MSI,MINE_MANSAR_06,ZONE_MSR_04,0.346,0.097,30.7,22.1,6.2,CLEAR,2025-10-09T10:30:00Z
Sentinel-2 MSI,MINE_CHIKLA_07,ZONE_CHK_01,0.209,-0.091,31.6,52.5,6.7,CLEAR,2025-10-09T10:30:00Z
Sentinel-2 MSI,MINE_CHIKLA_07,ZONE_CHK_02,0.304,-0.142,39.9,29.1,4.5,CLEAR,2025-10-09T10:30:00Z
Sentinel-2 MSI,MINE_CHIKLA_07,ZONE_CHK_03,0.232,-0.062,40.2,36.1,1.3,CLEAR,2025-10-09T10:30:00Z
Sentinel-2 MSI,MINE_CHIKLA_07,ZONE_CHK_04,0.332,-0.18,37.0,63.2,6.6,CLEAR,2025-10-09T10:30:00Z
Sentinel-2 MSI,MINE_CHIKLA_07,ZONE_CHK_05,0.273,-0.021,37.4,38.2,0.7,CLEAR,2025-10-09T10:30:00Z
Sentinel-2 MSI,MINE_UKWA_08,ZONE_UKW_01,0.181,0.02,39.0,65.2,2.9,CLEAR,2025-10-09T10:30:00Z
Sentinel-2 MSI,MINE_UKWA_08,ZONE_UKW_02,0.327,-0.074,35.5,66.5,7.1,CLEAR,2025-10-09T10:30:00Z
Sentinel-2 MSI,MINE_UKWA_08,ZONE_UKW_03,0.297,-0.158,37.9,51.8,6.5,CLEAR,2025-10-09T10:30:00Z
Sentinel-2 MSI,MINE_UKWA_08,ZONE_UKW_04,0.215,-0.098,38.0,23.2,2.6,CLEAR,2025-10-09T10:30:00Z
Sentinel-2 MSI,MINE_UKWA_08,ZONE_UKW_05,0.466,-0.079,32.5,54.1,1.2,CLEAR,2025-10-09T10:30:00Z
Sentinel-2 MSI,MINE_SITAPATORE_09,ZONE_STP_01,0.261,-0.155,37.0,52.8,0.5,CLEAR,2025-10-09T10:30:00Z
Sentinel-2 MSI,MINE_SITAPATORE_09,ZONE_STP_02,0.318,-0.013,39.9,50.0,0.5,CLEAR,2025-10-09T10:30:00Z
Sentinel-2 MSI,MINE_SITAPATORE_09,ZONE_STP_03,0.27,-0.135,37.9,52.0,1.5,CLEAR,2025-10-09T10:30:00Z
Sentinel-2 MSI,MINE_SITAPATORE_09,ZONE_STP_04,0.289,0.071,37.4,55.6,0.8,CLEAR,2025-10-09T10:30:00Z
Sentinel-2 MSI,MINE_BELDONGRI_10,ZONE_BLD_01,0.249,-0.158,36.5,59.2,4.5,CLEAR,2025-10-09T10:30:00Z
Sentinel-2 MSI,MINE_BELDONGRI_10,ZONE_BLD_02,0.292,-0.208,37.5,45.6,2.7,CLEAR,2025-10-09T10:30:00Z
Sentinel-2 MSI,MINE_BELDONGRI_10,ZONE_BLD_03,0.277,-0.062,35.8,49.0,0.3,CLEAR,2025-10-09T10:30:00Z
Sentinel-2 MSI,MINE_BELDONGRI_10,ZONE_BLD_04,0.327,0.054,35.1,47.4,6.2,CLEAR,2025-10-09T10:30:00Z
Sentinel-2 MSI,MINE_BALAGHAT_01,ZONE_NORTH_A,0.217,-0.129,36.5,23.0,7.1,CLEAR,2025-10-13T10:30:00Z
Sentinel-2 MSI,MINE_BALAGHAT_01,ZONE_CENTRAL_B,0.186,0.096,39.9,47.6,5.3,CLEAR,2025-10-13T10:30:00Z
Sentinel-2 MSI,MINE_BALAGHAT_01,ZONE_SOUTH_C,0.253,0.031,31.0,63.6,2.3,CLEAR,2025-10-13T10:30:00Z
Sentinel-2 MSI,MINE_BALAGHAT_01,ZONE_EAST_D,0.232,0.017,38.0,36.8,2.6,CLEAR,2025-10-13T10:30:00Z
Sentinel-2 MSI,MINE_BALAGHAT_01,ZONE_WEST_E,0.343,0.068,31.5,37.8,6.6,CLEAR,2025-10-13T10:30:00Z
Sentinel-2 MSI,MINE_GUMGAON_02,ZONE_GMG_01,0.305,-0.119,37.6,45.0,5.6,CLEAR,2025-10-13T10:30:00Z
Sentinel-2 MSI,MINE_GUMGAON_02,ZONE_GMG_02,0.282,-0.101,37.2,22.6,0.8,CLEAR,2025-10-13T10:30:00Z
Sentinel-2 MSI,MINE_GUMGAON_02,ZONE_GMG_03,0.304,-0.053,31.5,31.7,6.9,CLEAR,2025-10-13T10:30:00Z
Sentinel-2 MSI,MINE_GUMGAON_02,ZONE_GMG_04,0.241,-0.184,37.4,67.1,2.3,CLEAR,2025-10-13T10:30:00Z
Sentinel-2 MSI,MINE_TIRODI_03,ZONE_TRD_01,0.168,-0.237,31.6,63.9,0.9,CLEAR,2025-10-13T10:30:00Z
Sentinel-2 MSI,MINE_TIRODI_03,ZONE_TRD_02,0.189,-0.112,37.8,63.6,2.5,CLEAR,2025-10-13T10:30:00Z
Sentinel-2 MSI,MINE_TIRODI_03,ZONE_TRD_03,0.24,-0.101,37.5,38.5,7.7,CLEAR,2025-10-13T10:30:00Z
Sentinel-2 MSI,MINE_TIRODI_03,ZONE_TRD_04,0.303,0.064,40.1,46.5,3.9,CLEAR,2025-10-13T10:30:00Z
Sentinel-2 MSI,MINE_TIRODI_03,ZONE_TRD_05,0.393,-0.165,40.8,24.5,5.5,CLEAR,2025-10-13T10:30:00Z
Sentinel-2 MSI,MINE_DONGRI_04,ZONE_DGB_01,0.141,-0.096,38.0,49.7,7.6,CLEAR,2025-10-13T10:30:00Z
Sentinel-2 MSI,MINE_DONGRI_04,ZONE_DGB_02,0.129,0.025,30.7,54.9,6.6,CLEAR,2025-10-13T10:30:00Z
Sentinel-2 MSI,MINE_DONGRI_04,ZONE_DGB_03,0.237,-0.026,33.7,57.4,0.6,CLEAR,2025-10-13T10:30:00Z
Sentinel-2 MSI,MINE_DONGRI_04,ZONE_DGB_04,0.202,-0.158,39.3,24.1,1.2,CLEAR,2025-10-13T10:30:00Z
Sentinel-2 MSI,MINE_DONGRI_04,ZONE_DGB_05,0.229,-0.139,40.4,43.9,2.8,CLEAR,2025-10-13T10:30:00Z
Sentinel-2 MSI,MINE_KANDRI_05,ZONE_KND_01,0.237,0.094,39.9,67.7,6.2,CLEAR,2025-10-13T10:30:00Z
Sentinel-2 MSI,MINE_KANDRI_05,ZONE_KND_02,0.313,0.076,40.2,39.4,7.7,CLEAR,2025-10-13T10:30:00Z
Sentinel-2 MSI,MINE_KANDRI_05,ZONE_KND_03,0.254,-0.125,31.7,45.4,4.5,CLEAR,2025-10-13T10:30:00Z
Sentinel-2 MSI,MINE_KANDRI_05,ZONE_KND_04,0.471,0.057,34.3,55.3,3.4,CLEAR,2025-10-13T10:30:00Z
Sentinel-2 MSI,MINE_MANSAR_06,ZONE_MSR_01,0.258,0.095,36.0,46.2,5.3,CLEAR,2025-10-13T10:30:00Z
Sentinel-2 MSI,MINE_MANSAR_06,ZONE_MSR_02,0.246,0.091,35.7,32.3,0.4,CLEAR,2025-10-13T10:30:00Z
Sentinel-2 MSI,MINE_MANSAR_06,ZONE_MSR_03,0.226,-0.127,34.9,34.2,6.8,CLEAR,2025-10-13T10:30:00Z
Sentinel-2 MSI,MINE_MANSAR_06,ZONE_MSR_04,0.236,-0.094,36.1,28.3,2.1,CLEAR,2025-10-13T10:30:00Z
Sentinel-2 MSI,MINE_CHIKLA_07,ZONE_CHK_01,0.183,-0.072,33.5,22.3,6.5,CLEAR,2025-10-13T10:30:00Z
Sentinel-2 MSI,MINE_CHIKLA_07,ZONE_CHK_02,0.303,-0.141,30.4,52.7,3.1,CLEAR,2025-10-13T10:30:00Z
Sentinel-2 MSI,MINE_CHIKLA_07,ZONE_CHK_03,0.315,-0.081,35.1,63.8,5.2,CLEAR,2025-10-13T10:30:00Z
Sentinel-2 MSI,MINE_CHIKLA_07,ZONE_CHK_04,0.328,-0.067,37.1,51.8,1.6,CLEAR,2025-10-13T10:30:00Z
Sentinel-2 MSI,MINE_CHIKLA_07,ZONE_CHK_05,0.297,0.049,34.4,50.4,2.6,CLEAR,2025-10-13T10:30:00Z
Sentinel-2 MSI,MINE_UKWA_08,ZONE_UKW_01,0.148,-0.188,36.3,26.7,1.5,CLEAR,2025-10-13T10:30:00Z
Sentinel-2 MSI,MINE_UKWA_08,ZONE_UKW_02,0.333,-0.023,33.5,50.3,4.9,CLEAR,2025-10-13T10:30:00Z
Sentinel-2 MSI,MINE_UKWA_08,ZONE_UKW_03,0.327,0.062,38.6,25.7,0.0,CLEAR,2025-10-13T10:30:00Z
Sentinel-2 MSI,MINE_UKWA_08,ZONE_UKW_04,0.216,-0.007,35.3,58.1,2.4,CLEAR,2025-10-13T10:30:00Z
Sentinel-2 MSI,MINE_UKWA_08,ZONE_UKW_05,0.451,-0.117,40.0,47.1,7.8,CLEAR,2025-10-13T10:30:00Z
Sentinel-2 MSI,MINE_SITAPATORE_09,ZONE_STP_01,0.33,-0.068,37.2,42.2,8.0,CLEAR,2025-10-13T10:30:00Z
Sentinel-2 MSI,MINE_SITAPATORE_09,ZONE_STP_02,0.234,-0.105,39.2,43.6,8.0,CLEAR,2025-10-13T10:30:00Z
Sentinel-2 MSI,MINE_SITAPATORE_09,ZONE_STP_03,0.231,-0.027,39.3,40.0,7.6,CLEAR,2025-10-13T10:30:00Z
Sentinel-2 MSI,MINE_SITAPATORE_09,ZONE_STP_04,0.28,-0.176,36.1,25.7,5.1,CLEAR,2025-10-13T10:30:00Z
Sentinel-2 MSI,MINE_BELDONGRI_10,ZONE_BLD_01,0.214,0.073,38.0,59.0,3.1,CLEAR,2025-10-13T10:30:00Z
Sentinel-2 MSI,MINE_BELDONGRI_10,ZONE_BLD_02,0.345,-0.139,38.1,46.8,1.5,CLEAR,2025-10-13T10:30:00Z
Sentinel-2 MSI,MINE_BELDONGRI_10,ZONE_BLD_03,0.318,-0.105,33.8,55.4,7.2,CLEAR,2025-10-13T10:30:00Z
Sentinel-2 MSI,MINE_BELDONGRI_10,ZONE_BLD_04,0.392,-0.052,30.4,58.3,6.9,CLEAR,2025-10-13T10:30:00Z
Sentinel-2 MSI,MINE_BALAGHAT_01,ZONE_NORTH_A,0.139,-0.227,41.9,22.9,2.5,CLEAR,2025-10-17T10:30:00Z
Sentinel-2 MSI,MINE_BALAGHAT_01,ZONE_CENTRAL_B,0.205,-0.145,31.7,50.9,6.4,CLEAR,2025-10-17T10:30:00Z
Sentinel-2 MSI,MINE_BALAGHAT_01,ZONE_SOUTH_C,0.313,-0.144,34.0,38.9,6.1,CLEAR,2025-10-17T10:30:00Z
Sentinel-2 MSI,MINE_BALAGHAT_01,ZONE_EAST_D,0.341,-0.102,33.9,48.0,6.7,CLEAR,2025-10-17T10:30:00Z
Sentinel-2 MSI,MINE_BALAGHAT_01,ZONE_WEST_E,0.422,-0.104,31.1,23.6,4.1,CLEAR,2025-10-17T10:30:00Z
Sentinel-2 MSI,MINE_GUMGAON_02,ZONE_GMG_01,0.268,-0.177,39.4,54.0,1.9,CLEAR,2025-10-17T10:30:00Z
Sentinel-2 MSI,MINE_GUMGAON_02,ZONE_GMG_02,0.287,-0.143,32.1,32.9,5.9,CLEAR,2025-10-17T10:30:00Z
Sentinel-2 MSI,MINE_GUMGAON_02,ZONE_GMG_03,0.239,-0.046,32.1,30.1,3.0,CLEAR,2025-10-17T10:30:00Z
Sentinel-2 MSI,MINE_GUMGAON_02,ZONE_GMG_04,0.277,0.088,32.2,38.0,6.7,CLEAR,2025-10-17T10:30:00Z
Sentinel-2 MSI,MINE_TIRODI_03,ZONE_TRD_01,0.128,-0.214,34.6,30.2,5.6,CLEAR,2025-10-17T10:30:00Z
Sentinel-2 MSI,MINE_TIRODI_03,ZONE_TRD_02,0.147,-0.177,31.2,58.0,4.8,CLEAR,2025-10-17T10:30:00Z
Sentinel-2 MSI,MINE_TIRODI_03,ZONE_TRD_03,0.277,-0.106,31.6,54.2,1.2,CLEAR,2025-10-17T10:30:00Z
Sentinel-2 MSI,MINE_TIRODI_03,ZONE_TRD_04,0.215,-0.16,40.8,23.5,4.2,CLEAR,2025-10-17T10:30:00Z
Sentinel-2 MSI,MINE_TIRODI_03,ZONE_TRD_05,0.332,0.087,30.0,51.0,3.9,CLEAR,2025-10-17T10:30:00Z
Sentinel-2 MSI,MINE_DONGRI_04,ZONE_DGB_01,0.143,-0.146,32.5,34.9,3.3,CLEAR,2025-10-17T10:30:00Z
Sentinel-2 MSI,MINE_DONGRI_04,ZONE_DGB_02,0.138,0.1,40.6,39.3,7.7,CLEAR,2025-10-17T10:30:00Z
Sentinel-2 MSI,MINE_DONGRI_04,ZONE_DGB_03,0.237,-0.122,33.3,54.7,5.1,CLEAR,2025-10-17T10:30:00Z
Sentinel-2 MSI,MINE_DONGRI_04,ZONE_DGB_04,0.289,-0.058,41.3,23.7,1.4,CLEAR,2025-10-17T10:30:00Z
Sentinel-2 MSI,MINE_DONGRI_04,ZONE_DGB_05,0.223,-0.124,38.7,26.1,5.4,CLEAR,2025-10-17T10:30:00Z
Sentinel-2 MSI,MINE_KANDRI_05,ZONE_KND_01,0.343,-0.17,34.2,62.1,3.8,CLEAR,2025-10-17T10:30:00Z
Sentinel-2 MSI,MINE_KANDRI_05,ZONE_KND_02,0.297,-0.016,41.1,38.8,2.1,CLEAR,2025-10-17T10:30:00Z
Sentinel-2 MSI,MINE_KANDRI_05,ZONE_KND_03,0.312,-0.019,36.4,29.8,0.4,CLEAR,2025-10-17T10:30:00Z
Sentinel-2 MSI,MINE_KANDRI_05,ZONE_KND_04,0.461,-0.2,38.7,33.3,2.3,CLEAR,2025-10-17T10:30:00Z
Sentinel-2 MSI,MINE_MANSAR_06,ZONE_MSR_01,0.271,0.057,33.1,63.0,7.4,CLEAR,2025-10-17T10:30:00Z
Sentinel-2 MSI,MINE_MANSAR_06,ZONE_MSR_02,0.34,0.031,40.8,24.1,3.2,CLEAR,2025-10-17T10:30:00Z
Sentinel-2 MSI,MINE_MANSAR_06,ZONE_MSR_03,0.212,-0.209,32.7,22.8,2.1,CLEAR,2025-10-17T10:30:00Z
Sentinel-2 MSI,MINE_MANSAR_06,ZONE_MSR_04,0.298,0.069,31.6,38.7,5.1,CLEAR,2025-10-17T10:30:00Z
Sentinel-2 MSI,MINE_CHIKLA_07,ZONE_CHK_01,0.14,-0.232,35.9,56.6,3.4,CLEAR,2025-10-17T10:30:00Z
Sentinel-2 MSI,MINE_CHIKLA_07,ZONE_CHK_02,0.319,0.093,38.0,32.1,2.9,CLEAR,2025-10-17T10:30:00Z
Sentinel-2 MSI,MINE_CHIKLA_07,ZONE_CHK_03,0.254,-0.166,34.4,47.5,4.2,CLEAR,2025-10-17T10:30:00Z
Sentinel-2 MSI,MINE_CHIKLA_07,ZONE_CHK_04,0.223,-0.159,32.5,47.9,3.5,CLEAR,2025-10-17T10:30:00Z
Sentinel-2 MSI,MINE_CHIKLA_07,ZONE_CHK_05,0.279,-0.114,36.7,24.0,2.8,CLEAR,2025-10-17T10:30:00Z
Sentinel-2 MSI,MINE_UKWA_08,ZONE_UKW_01,0.156,-0.001,32.5,61.7,1.6,CLEAR,2025-10-17T10:30:00Z
Sentinel-2 MSI,MINE_UKWA_08,ZONE_UKW_02,0.279,-0.089,41.7,66.6,3.2,CLEAR,2025-10-17T10:30:00Z
Sentinel-2 MSI,MINE_UKWA_08,ZONE_UKW_03,0.258,-0.048,33.5,36.0,3.6,CLEAR,2025-10-17T10:30:00Z
Sentinel-2 MSI,MINE_UKWA_08,ZONE_UKW_04,0.336,-0.241,35.5,36.5,2.7,CLEAR,2025-10-17T10:30:00Z
Sentinel-2 MSI,MINE_UKWA_08,ZONE_UKW_05,0.429,-0.113,39.4,45.7,6.1,CLEAR,2025-10-17T10:30:00Z
Sentinel-2 MSI,MINE_SITAPATORE_09,ZONE_STP_01,0.295,0.012,37.7,36.9,7.5,CLEAR,2025-10-17T10:30:00Z
Sentinel-2 MSI,MINE_SITAPATORE_09,ZONE_STP_02,0.33,-0.076,39.5,54.7,1.1,CLEAR,2025-10-17T10:30:00Z
Sentinel-2 MSI,MINE_SITAPATORE_09,ZONE_STP_03,0.23,-0.149,30.5,33.1,0.5,CLEAR,2025-10-17T10:30:00Z
Sentinel-2 MSI,MINE_SITAPATORE_09,ZONE_STP_04,0.236,-0.228,31.3,23.7,3.4,CLEAR,2025-10-17T10:30:00Z
Sentinel-2 MSI,MINE_BELDONGRI_10,ZONE_BLD_01,0.285,0.043,31.2,61.0,3.1,CLEAR,2025-10-17T10:30:00Z
Sentinel-2 MSI,MINE_BELDONGRI_10,ZONE_BLD_02,0.236,-0.043,39.1,58.7,0.7,CLEAR,2025-10-17T10:30:00Z
Sentinel-2 MSI,MINE_BELDONGRI_10,ZONE_BLD_03,0.245,0.002,40.0,66.9,1.2,CLEAR,2025-10-17T10:30:00Z
Sentinel-2 MSI,MINE_BELDONGRI_10,ZONE_BLD_04,0.384,-0.203,31.7,29.3,3.3,CLEAR,2025-10-17T10:30:00Z
Sentinel-2 MSI,MINE_BALAGHAT_01,ZONE_NORTH_A,0.206,0.09,31.4,22.1,6.2,CLEAR,2025-10-21T10:30:00Z
Sentinel-2 MSI,MINE_BALAGHAT_01,ZONE_CENTRAL_B,0.184,0.075,33.6,28.7,5.9,CLEAR,2025-10-21T10:30:00Z
Sentinel-2 MSI,MINE_BALAGHAT_01,ZONE_SOUTH_C,0.223,-0.149,30.3,32.6,1.1,CLEAR,2025-10-21T10:30:00Z
Sentinel-2 MSI,MINE_BALAGHAT_01,ZONE_EAST_D,0.305,-0.245,31.2,28.0,4.2,CLEAR,2025-10-21T10:30:00Z
Sentinel-2 MSI,MINE_BALAGHAT_01,ZONE_WEST_E,0.417,-0.059,38.1,34.2,1.9,CLEAR,2025-10-21T10:30:00Z
Sentinel-2 MSI,MINE_GUMGAON_02,ZONE_GMG_01,0.209,-0.045,35.9,26.4,7.5,CLEAR,2025-10-21T10:30:00Z
Sentinel-2 MSI,MINE_GUMGAON_02,ZONE_GMG_02,0.25,0.016,37.2,66.8,0.9,CLEAR,2025-10-21T10:30:00Z
Sentinel-2 MSI,MINE_GUMGAON_02,ZONE_GMG_03,0.341,0.099,32.2,34.9,5.9,CLEAR,2025-10-21T10:30:00Z
Sentinel-2 MSI,MINE_GUMGAON_02,ZONE_GMG_04,0.278,-0.107,35.9,39.3,0.4,CLEAR,2025-10-21T10:30:00Z
Sentinel-2 MSI,MINE_TIRODI_03,ZONE_TRD_01,0.197,0.014,40.8,49.4,3.6,CLEAR,2025-10-21T10:30:00Z
Sentinel-2 MSI,MINE_TIRODI_03,ZONE_TRD_02,0.178,-0.123,34.5,63.6,0.0,CLEAR,2025-10-21T10:30:00Z
Sentinel-2 MSI,MINE_TIRODI_03,ZONE_TRD_03,0.228,-0.025,30.5,24.5,2.0,CLEAR,2025-10-21T10:30:00Z
Sentinel-2 MSI,MINE_TIRODI_03,ZONE_TRD_04,0.339,-0.118,31.5,65.6,7.3,CLEAR,2025-10-21T10:30:00Z
Sentinel-2 MSI,MINE_TIRODI_03,ZONE_TRD_05,0.435,-0.133,35.6,55.3,3.4,CLEAR,2025-10-21T10:30:00Z
Sentinel-2 MSI,MINE_DONGRI_04,ZONE_DGB_01,0.169,0.076,39.4,41.7,4.7,CLEAR,2025-10-21T10:30:00Z
Sentinel-2 MSI,MINE_DONGRI_04,ZONE_DGB_02,0.149,0.034,38.0,48.3,5.7,CLEAR,2025-10-21T10:30:00Z
Sentinel-2 MSI,MINE_DONGRI_04,ZONE_DGB_03,0.33,-0.182,38.7,30.4,2.4,CLEAR,2025-10-21T10:30:00Z
Sentinel-2 MSI,MINE_DONGRI_04,ZONE_DGB_04,0.342,-0.195,33.4,29.6,1.3,CLEAR,2025-10-21T10:30:00Z
Sentinel-2 MSI,MINE_DONGRI_04,ZONE_DGB_05,0.228,-0.194,36.4,32.3,4.2,CLEAR,2025-10-21T10:30:00Z
Sentinel-2 MSI,MINE_KANDRI_05,ZONE_KND_01,0.318,-0.181,41.3,37.0,5.8,CLEAR,2025-10-21T10:30:00Z
Sentinel-2 MSI,MINE_KANDRI_05,ZONE_KND_02,0.233,-0.04,30.3,28.6,5.5,CLEAR,2025-10-21T10:30:00Z
Sentinel-2 MSI,MINE_KANDRI_05,ZONE_KND_03,0.316,0.052,33.5,67.4,6.8,CLEAR,2025-10-21T10:30:00Z
Sentinel-2 MSI,MINE_KANDRI_05,ZONE_KND_04,0.46,-0.009,42.0,35.8,1.4,CLEAR,2025-10-21T10:30:00Z
Sentinel-2 MSI,MINE_MANSAR_06,ZONE_MSR_01,0.251,-0.194,37.1,29.1,6.5,CLEAR,2025-10-21T10:30:00Z
Sentinel-2 MSI,MINE_MANSAR_06,ZONE_MSR_02,0.258,-0.014,36.3,59.9,4.5,CLEAR,2025-10-21T10:30:00Z
Sentinel-2 MSI,MINE_MANSAR_06,ZONE_MSR_03,0.286,-0.171,40.5,51.6,0.3,CLEAR,2025-10-21T10:30:00Z
Sentinel-2 MSI,MINE_MANSAR_06,ZONE_MSR_04,0.262,-0.195,41.6,53.8,1.6,CLEAR,2025-10-21T10:30:00Z
Sentinel-2 MSI,MINE_CHIKLA_07,ZONE_CHK_01,0.215,-0.153,34.2,31.1,2.7,CLEAR,2025-10-21T10:30:00Z
Sentinel-2 MSI,MINE_CHIKLA_07,ZONE_CHK_02,0.323,0.005,41.2,32.8,5.7,CLEAR,2025-10-21T10:30:00Z
Sentinel-2 MSI,MINE_CHIKLA_07,ZONE_CHK_03,0.267,-0.025,37.0,58.2,0.6,CLEAR,2025-10-21T10:30:00Z
Sentinel-2 MSI,MINE_CHIKLA_07,ZONE_CHK_04,0.336,0.074,30.3,33.1,0.3,CLEAR,2025-10-21T10:30:00Z
Sentinel-2 MSI,MINE_CHIKLA_07,ZONE_CHK_05,0.296,-0.156,36.7,38.6,2.8,CLEAR,2025-10-21T10:30:00Z
Sentinel-2 MSI,MINE_UKWA_08,ZONE_UKW_01,0.171,0.097,34.1,63.8,1.0,CLEAR,2025-10-21T10:30:00Z
Sentinel-2 MSI,MINE_UKWA_08,ZONE_UKW_02,0.227,-0.006,32.3,22.3,0.0,CLEAR,2025-10-21T10:30:00Z
Sentinel-2 MSI,MINE_UKWA_08,ZONE_UKW_03,0.263,0.061,36.7,49.7,2.4,CLEAR,2025-10-21T10:30:00Z
Sentinel-2 MSI,MINE_UKWA_08,ZONE_UKW_04,0.324,-0.112,35.5,43.5,5.0,CLEAR,2025-10-21T10:30:00Z
Sentinel-2 MSI,MINE_UKWA_08,ZONE_UKW_05,0.376,0.01,31.2,47.2,5.9,CLEAR,2025-10-21T10:30:00Z
Sentinel-2 MSI,MINE_SITAPATORE_09,ZONE_STP_01,0.343,-0.117,34.4,47.6,6.2,CLEAR,2025-10-21T10:30:00Z
Sentinel-2 MSI,MINE_SITAPATORE_09,ZONE_STP_02,0.286,-0.017,31.7,60.8,6.9,CLEAR,2025-10-21T10:30:00Z
Sentinel-2 MSI,MINE_SITAPATORE_09,ZONE_STP_03,0.299,0.011,34.0,28.0,5.5,CLEAR,2025-10-21T10:30:00Z
Sentinel-2 MSI,MINE_SITAPATORE_09,ZONE_STP_04,0.32,-0.028,38.5,63.0,0.8,CLEAR,2025-10-21T10:30:00Z
Sentinel-2 MSI,MINE_BELDONGRI_10,ZONE_BLD_01,0.217,-0.016,40.7,62.2,2.8,CLEAR,2025-10-21T10:30:00Z
Sentinel-2 MSI,MINE_BELDONGRI_10,ZONE_BLD_02,0.262,-0.021,41.7,28.6,5.3,CLEAR,2025-10-21T10:30:00Z
Sentinel-2 MSI,MINE_BELDONGRI_10,ZONE_BLD_03,0.267,0.064,36.1,58.2,7.5,CLEAR,2025-10-21T10:30:00Z
Sentinel-2 MSI,MINE_BELDONGRI_10,ZONE_BLD_04,0.452,0.082,38.9,48.1,2.4,CLEAR,2025-10-21T10:30:00Z
Sentinel-2 MSI,MINE_BALAGHAT_01,ZONE_NORTH_A,0.124,-0.18,39.9,29.8,2.3,CLEAR,2025-10-25T10:30:00Z
Sentinel-2 MSI,MINE_BALAGHAT_01,ZONE_CENTRAL_B,0.197,0.016,41.7,29.2,3.4,CLEAR,2025-10-25T10:30:00Z
Sentinel-2 MSI,MINE_BALAGHAT_01,ZONE_SOUTH_C,0.241,0.004,32.7,67.0,5.1,CLEAR,2025-10-25T10:30:00Z
Sentinel-2 MSI,MINE_BALAGHAT_01,ZONE_EAST_D,0.244,-0.173,40.4,54.0,7.2,CLEAR,2025-10-25T10:30:00Z
Sentinel-2 MSI,MINE_BALAGHAT_01,ZONE_WEST_E,0.455,0.098,32.5,25.3,1.2,CLEAR,2025-10-25T10:30:00Z
Sentinel-2 MSI,MINE_GUMGAON_02,ZONE_GMG_01,0.326,-0.157,39.5,24.0,0.5,CLEAR,2025-10-25T10:30:00Z
Sentinel-2 MSI,MINE_GUMGAON_02,ZONE_GMG_02,0.301,0.078,36.4,51.9,0.2,CLEAR,2025-10-25T10:30:00Z
Sentinel-2 MSI,MINE_GUMGAON_02,ZONE_GMG_03,0.337,0.008,32.9,66.5,0.6,CLEAR,2025-10-25T10:30:00Z
Sentinel-2 MSI,MINE_GUMGAON_02,ZONE_GMG_04,0.348,-0.193,34.4,55.9,6.2,CLEAR,2025-10-25T10:30:00Z
Sentinel-2 MSI,MINE_TIRODI_03,ZONE_TRD_01,0.148,-0.095,35.3,43.3,3.5,CLEAR,2025-10-25T10:30:00Z
Sentinel-2 MSI,MINE_TIRODI_03,ZONE_TRD_02,0.185,-0.016,33.5,29.5,3.3,CLEAR,2025-10-25T10:30:00Z
Sentinel-2 MSI,MINE_TIRODI_03,ZONE_TRD_03,0.34,-0.169,35.6,52.3,0.2,CLEAR,2025-10-25T10:30:00Z
Sentinel-2 MSI,MINE_TIRODI_03,ZONE_TRD_04,0.279,0.007,38.8,55.7,0.9,CLEAR,2025-10-25T10:30:00Z
Sentinel-2 MSI,MINE_TIRODI_03,ZONE_TRD_05,0.367,0.044,33.5,57.5,3.0,CLEAR,2025-10-25T10:30:00Z
Sentinel-2 MSI,MINE_DONGRI_04,ZONE_DGB_01,0.181,-0.146,31.5,27.2,4.1,CLEAR,2025-10-25T10:30:00Z
Sentinel-2 MSI,MINE_DONGRI_04,ZONE_DGB_02,0.151,-0.045,30.2,34.9,4.7,CLEAR,2025-10-25T10:30:00Z
Sentinel-2 MSI,MINE_DONGRI_04,ZONE_DGB_03,0.324,-0.02,39.4,24.8,1.4,CLEAR,2025-10-25T10:30:00Z
Sentinel-2 MSI,MINE_DONGRI_04,ZONE_DGB_04,0.229,-0.225,40.1,35.5,4.6,CLEAR,2025-10-25T10:30:00Z
Sentinel-2 MSI,MINE_DONGRI_04,ZONE_DGB_05,0.35,-0.151,37.2,22.7,7.7,CLEAR,2025-10-25T10:30:00Z
Sentinel-2 MSI,MINE_KANDRI_05,ZONE_KND_01,0.243,0.061,31.0,25.4,3.7,CLEAR,2025-10-25T10:30:00Z
Sentinel-2 MSI,MINE_KANDRI_05,ZONE_KND_02,0.301,-0.154,41.6,25.5,6.4,CLEAR,2025-10-25T10:30:00Z
Sentinel-2 MSI,MINE_KANDRI_05,ZONE_KND_03,0.256,-0.247,31.1,55.5,4.1,CLEAR,2025-10-25T10:30:00Z
Sentinel-2 MSI,MINE_KANDRI_05,ZONE_KND_04,0.408,-0.236,35.0,57.5,3.6,CLEAR,2025-10-25T10:30:00Z
Sentinel-2 MSI,MINE_MANSAR_06,ZONE_MSR_01,0.321,-0.023,33.2,34.2,1.8,CLEAR,2025-10-25T10:30:00Z
Sentinel-2 MSI,MINE_MANSAR_06,ZONE_MSR_02,0.341,-0.134,30.3,38.2,2.1,CLEAR,2025-10-25T10:30:00Z
Sentinel-2 MSI,MINE_MANSAR_06,ZONE_MSR_03,0.22,-0.09,30.6,29.2,2.7,CLEAR,2025-10-25T10:30:00Z
Sentinel-2 MSI,MINE_MANSAR_06,ZONE_MSR_04,0.235,-0.114,31.3,37.4,0.9,CLEAR,2025-10-25T10:30:00Z
Sentinel-2 MSI,MINE_CHIKLA_07,ZONE_CHK_01,0.211,-0.098,40.4,43.7,0.8,CLEAR,2025-10-25T10:30:00Z
Sentinel-2 MSI,MINE_CHIKLA_07,ZONE_CHK_02,0.231,-0.121,32.3,27.1,3.1,CLEAR,2025-10-25T10:30:00Z
Sentinel-2 MSI,MINE_CHIKLA_07,ZONE_CHK_03,0.297,-0.102,33.9,51.1,7.6,CLEAR,2025-10-25T10:30:00Z
Sentinel-2 MSI,MINE_CHIKLA_07,ZONE_CHK_04,0.331,-0.185,33.8,31.9,6.8,CLEAR,2025-10-25T10:30:00Z
Sentinel-2 MSI,MINE_CHIKLA_07,ZONE_CHK_05,0.205,-0.18,40.8,30.6,0.1,CLEAR,2025-10-25T10:30:00Z
Sentinel-2 MSI,MINE_UKWA_08,ZONE_UKW_01,0.135,0.007,36.5,67.5,2.6,CLEAR,2025-10-25T10:30:00Z
Sentinel-2 MSI,MINE_UKWA_08,ZONE_UKW_02,0.309,-0.188,41.1,47.2,3.5,CLEAR,2025-10-25T10:30:00Z
Sentinel-2 MSI,MINE_UKWA_08,ZONE_UKW_03,0.319,0.009,35.1,49.3,2.5,CLEAR,2025-10-25T10:30:00Z
Sentinel-2 MSI,MINE_UKWA_08,ZONE_UKW_04,0.342,0.034,34.9,26.6,0.1,CLEAR,2025-10-25T10:30:00Z
Sentinel-2 MSI,MINE_UKWA_08,ZONE_UKW_05,0.469,0.007,37.4,32.9,0.6,CLEAR,2025-10-25T10:30:00Z
Sentinel-2 MSI,MINE_SITAPATORE_09,ZONE_STP_01,0.331,0.094,41.3,54.4,2.2,CLEAR,2025-10-25T10:30:00Z
Sentinel-2 MSI,MINE_SITAPATORE_09,ZONE_STP_02,0.209,0.034,37.3,45.2,1.3,CLEAR,2025-10-25T10:30:00Z
Sentinel-2 MSI,MINE_SITAPATORE_09,ZONE_STP_03,0.308,-0.031,41.3,27.1,6.3,CLEAR,2025-10-25T10:30:00Z
Sentinel-2 MSI,MINE_SITAPATORE_09,ZONE_STP_04,0.22,-0.005,39.5,30.5,4.2,CLEAR,2025-10-25T10:30:00Z
Sentinel-2 MSI,MINE_BELDONGRI_10,ZONE_BLD_01,0.329,-0.143,30.9,54.7,6.9,CLEAR,2025-10-25T10:30:00Z
Sentinel-2 MSI,MINE_BELDONGRI_10,ZONE_BLD_02,0.239,-0.197,34.3,51.3,2.4,CLEAR,2025-10-25T10:30:00Z
Sentinel-2 MSI,MINE_BELDONGRI_10,ZONE_BLD_03,0.25,-0.235,34.9,34.0,1.4,CLEAR,2025-10-25T10:30:00Z
Sentinel-2 MSI,MINE_BELDONGRI_10,ZONE_BLD_04,0.359,0.078,35.2,49.4,3.1,CLEAR,2025-10-25T10:30:00Z
Sentinel-2 MSI,MINE_BALAGHAT_01,ZONE_NORTH_A,0.164,-0.153,30.8,25.8,2.7,CLEAR,2025-10-29T10:30:00Z
Sentinel-2 MSI,MINE_BALAGHAT_01,ZONE_CENTRAL_B,0.215,-0.19,37.7,28.2,7.0,CLEAR,2025-10-29T10:30:00Z
Sentinel-2 MSI,MINE_BALAGHAT_01,ZONE_SOUTH_C,0.222,-0.155,30.2,41.6,3.8,CLEAR,2025-10-29T10:30:00Z
Sentinel-2 MSI,MINE_BALAGHAT_01,ZONE_EAST_D,0.293,-0.168,34.6,43.1,0.5,CLEAR,2025-10-29T10:30:00Z
Sentinel-2 MSI,MINE_BALAGHAT_01,ZONE_WEST_E,0.399,-0.071,40.7,33.6,0.4,CLEAR,2025-10-29T10:30:00Z
Sentinel-2 MSI,MINE_GUMGAON_02,ZONE_GMG_01,0.291,-0.172,34.3,54.9,6.9,CLEAR,2025-10-29T10:30:00Z
Sentinel-2 MSI,MINE_GUMGAON_02,ZONE_GMG_02,0.233,0.01,31.2,38.4,4.6,CLEAR,2025-10-29T10:30:00Z
Sentinel-2 MSI,MINE_GUMGAON_02,ZONE_GMG_03,0.208,-0.187,33.0,41.9,0.7,CLEAR,2025-10-29T10:30:00Z
Sentinel-2 MSI,MINE_GUMGAON_02,ZONE_GMG_04,0.307,-0.025,30.2,42.5,7.8,CLEAR,2025-10-29T10:30:00Z
Sentinel-2 MSI,MINE_TIRODI_03,ZONE_TRD_01,0.135,0.034,33.9,27.4,1.1,CLEAR,2025-10-29T10:30:00Z
Sentinel-2 MSI,MINE_TIRODI_03,ZONE_TRD_02,0.184,0.056,30.7,53.4,7.3,CLEAR,2025-10-29T10:30:00Z
Sentinel-2 MSI,MINE_TIRODI_03,ZONE_TRD_03,0.263,-0.045,39.3,67.0,6.8,CLEAR,2025-10-29T10:30:00Z
Sentinel-2 MSI,MINE_TIRODI_03,ZONE_TRD_04,0.203,-0.155,38.1,50.7,5.9,CLEAR,2025-10-29T10:30:00Z
Sentinel-2 MSI,MINE_TIRODI_03,ZONE_TRD_05,0.349,-0.021,41.4,44.0,7.2,CLEAR,2025-10-29T10:30:00Z
Sentinel-2 MSI,MINE_DONGRI_04,ZONE_DGB_01,0.142,-0.106,39.3,41.2,7.1,CLEAR,2025-10-29T10:30:00Z
Sentinel-2 MSI,MINE_DONGRI_04,ZONE_DGB_02,0.141,0.036,37.1,66.6,0.4,CLEAR,2025-10-29T10:30:00Z
Sentinel-2 MSI,MINE_DONGRI_04,ZONE_DGB_03,0.259,-0.108,42.0,41.7,6.3,CLEAR,2025-10-29T10:30:00Z
Sentinel-2 MSI,MINE_DONGRI_04,ZONE_DGB_04,0.251,-0.243,37.7,51.8,2.7,CLEAR,2025-10-29T10:30:00Z
Sentinel-2 MSI,MINE_DONGRI_04,ZONE_DGB_05,0.338,-0.012,30.6,32.0,3.3,CLEAR,2025-10-29T10:30:00Z
Sentinel-2 MSI,MINE_KANDRI_05,ZONE_KND_01,0.293,-0.124,38.3,49.2,4.0,CLEAR,2025-10-29T10:30:00Z
Sentinel-2 MSI,MINE_KANDRI_05,ZONE_KND_02,0.205,0.094,41.6,63.0,7.4,CLEAR,2025-10-29T10:30:00Z
Sentinel-2 MSI,MINE_KANDRI_05,ZONE_KND_03,0.247,-0.223,36.9,35.2,0.5,CLEAR,2025-10-29T10:30:00Z
Sentinel-2 MSI,MINE_KANDRI_05,ZONE_KND_04,0.34,-0.176,30.8,24.2,0.1,CLEAR,2025-10-29T10:30:00Z
Sentinel-2 MSI,MINE_MANSAR_06,ZONE_MSR_01,0.227,-0.028,41.4,50.1,0.3,CLEAR,2025-10-29T10:30:00Z
Sentinel-2 MSI,MINE_MANSAR_06,ZONE_MSR_02,0.26,-0.047,39.1,45.2,5.9,CLEAR,2025-10-29T10:30:00Z
Sentinel-2 MSI,MINE_MANSAR_06,ZONE_MSR_03,0.335,-0.036,36.4,41.0,4.2,CLEAR,2025-10-29T10:30:00Z
Sentinel-2 MSI,MINE_MANSAR_06,ZONE_MSR_04,0.291,-0.167,40.1,26.3,3.5,CLEAR,2025-10-29T10:30:00Z
Sentinel-2 MSI,MINE_CHIKLA_07,ZONE_CHK_01,0.176,0.084,31.1,27.5,3.8,CLEAR,2025-10-29T10:30:00Z
Sentinel-2 MSI,MINE_CHIKLA_07,ZONE_CHK_02,0.266,-0.12,41.6,67.9,6.3,CLEAR,2025-10-29T10:30:00Z
Sentinel-2 MSI,MINE_CHIKLA_07,ZONE_CHK_03,0.242,0.039,34.1,62.1,5.9,CLEAR,2025-10-29T10:30:00Z
Sentinel-2 MSI,MINE_CHIKLA_07,ZONE_CHK_04,0.216,0.036,34.3,65.2,6.9,CLEAR,2025-10-29T10:30:00Z
Sentinel-2 MSI,MINE_CHIKLA_07,ZONE_CHK_05,0.334,-0.033,30.6,46.8,6.6,CLEAR,2025-10-29T10:30:00Z
Sentinel-2 MSI,MINE_UKWA_08,ZONE_UKW_01,0.159,0.068,41.4,24.7,3.4,CLEAR,2025-10-29T10:30:00Z
Sentinel-2 MSI,MINE_UKWA_08,ZONE_UKW_02,0.244,-0.1,40.2,62.6,3.8,CLEAR,2025-10-29T10:30:00Z
Sentinel-2 MSI,MINE_UKWA_08,ZONE_UKW_03,0.255,-0.179,39.5,65.4,7.1,CLEAR,2025-10-29T10:30:00Z
Sentinel-2 MSI,MINE_UKWA_08,ZONE_UKW_04,0.237,-0.019,41.8,44.7,1.6,CLEAR,2025-10-29T10:30:00Z
Sentinel-2 MSI,MINE_UKWA_08,ZONE_UKW_05,0.469,-0.076,36.2,29.9,3.7,CLEAR,2025-10-29T10:30:00Z
Sentinel-2 MSI,MINE_SITAPATORE_09,ZONE_STP_01,0.207,0.039,30.3,44.7,0.7,CLEAR,2025-10-29T10:30:00Z
Sentinel-2 MSI,MINE_SITAPATORE_09,ZONE_STP_02,0.2,-0.249,37.6,58.9,0.0,CLEAR,2025-10-29T10:30:00Z
Sentinel-2 MSI,MINE_SITAPATORE_09,ZONE_STP_03,0.223,-0.166,40.9,59.4,3.2,CLEAR,2025-10-29T10:30:00Z
Sentinel-2 MSI,MINE_SITAPATORE_09,ZONE_STP_04,0.29,-0.035,36.9,38.0,5.6,CLEAR,2025-10-29T10:30:00Z
Sentinel-2 MSI,MINE_BELDONGRI_10,ZONE_BLD_01,0.28,0.029,31.4,40.4,0.7,CLEAR,2025-10-29T10:30:00Z
Sentinel-2 MSI,MINE_BELDONGRI_10,ZONE_BLD_02,0.203,0.058,33.1,34.2,4.8,CLEAR,2025-10-29T10:30:00Z
Sentinel-2 MSI,MINE_BELDONGRI_10,ZONE_BLD_03,0.242,0.024,33.5,52.9,7.1,CLEAR,2025-10-29T10:30:00Z
Sentinel-2 MSI,MINE_BELDONGRI_10,ZONE_BLD_04,0.384,-0.224,41.5,28.5,5.5,CLEAR,2025-10-29T10:30:00Z
Sentinel-2 MSI,MINE_BALAGHAT_01,ZONE_NORTH_A,0.219,-0.009,40.6,28.1,0.8,CLEAR,2025-11-02T10:30:00Z
Sentinel-2 MSI,MINE_BALAGHAT_01,ZONE_CENTRAL_B,0.154,0.023,39.5,65.5,1.4,CLEAR,2025-11-02T10:30:00Z
Sentinel-2 MSI,MINE_BALAGHAT_01,ZONE_SOUTH_C,0.257,0.011,32.2,51.9,6.8,CLEAR,2025-11-02T10:30:00Z
Sentinel-2 MSI,MINE_BALAGHAT_01,ZONE_EAST_D,0.262,0.002,37.0,63.5,5.7,CLEAR,2025-11-02T10:30:00Z
Sentinel-2 MSI,MINE_BALAGHAT_01,ZONE_WEST_E,0.414,-0.116,36.1,40.4,2.0,CLEAR,2025-11-02T10:30:00Z
Sentinel-2 MSI,MINE_GUMGAON_02,ZONE_GMG_01,0.347,-0.048,32.6,30.8,4.7,CLEAR,2025-11-02T10:30:00Z
Sentinel-2 MSI,MINE_GUMGAON_02,ZONE_GMG_02,0.347,-0.127,40.5,66.3,4.3,CLEAR,2025-11-02T10:30:00Z
Sentinel-2 MSI,MINE_GUMGAON_02,ZONE_GMG_03,0.226,-0.061,36.7,40.9,6.3,CLEAR,2025-11-02T10:30:00Z
Sentinel-2 MSI,MINE_GUMGAON_02,ZONE_GMG_04,0.246,-0.161,38.8,61.0,5.4,CLEAR,2025-11-02T10:30:00Z
Sentinel-2 MSI,MINE_TIRODI_03,ZONE_TRD_01,0.197,0.066,34.5,51.6,0.3,CLEAR,2025-11-02T10:30:00Z
Sentinel-2 MSI,MINE_TIRODI_03,ZONE_TRD_02,0.217,-0.228,34.0,37.6,6.2,CLEAR,2025-11-02T10:30:00Z
Sentinel-2 MSI,MINE_TIRODI_03,ZONE_TRD_03,0.27,-0.143,34.7,31.9,4.2,CLEAR,2025-11-02T10:30:00Z
Sentinel-2 MSI,MINE_TIRODI_03,ZONE_TRD_04,0.233,-0.161,38.5,22.7,1.3,CLEAR,2025-11-02T10:30:00Z
Sentinel-2 MSI,MINE_TIRODI_03,ZONE_TRD_05,0.469,-0.192,35.8,65.1,2.7,CLEAR,2025-11-02T10:30:00Z
Sentinel-2 MSI,MINE_DONGRI_04,ZONE_DGB_01,0.205,-0.147,38.7,52.3,2.5,CLEAR,2025-11-02T10:30:00Z
Sentinel-2 MSI,MINE_DONGRI_04,ZONE_DGB_02,0.199,0.064,31.9,56.8,3.4,CLEAR,2025-11-02T10:30:00Z
Sentinel-2 MSI,MINE_DONGRI_04,ZONE_DGB_03,0.26,-0.248,36.3,50.0,0.4,CLEAR,2025-11-02T10:30:00Z
Sentinel-2 MSI,MINE_DONGRI_04,ZONE_DGB_04,0.203,0.081,35.1,36.6,7.1,CLEAR,2025-11-02T10:30:00Z
Sentinel-2 MSI,MINE_DONGRI_04,ZONE_DGB_05,0.267,-0.013,38.5,28.0,3.0,CLEAR,2025-11-02T10:30:00Z
Sentinel-2 MSI,MINE_KANDRI_05,ZONE_KND_01,0.263,-0.057,39.1,32.1,6.5,CLEAR,2025-11-02T10:30:00Z
Sentinel-2 MSI,MINE_KANDRI_05,ZONE_KND_02,0.238,-0.026,30.5,52.3,5.8,CLEAR,2025-11-02T10:30:00Z
Sentinel-2 MSI,MINE_KANDRI_05,ZONE_KND_03,0.294,-0.244,32.8,48.4,3.2,CLEAR,2025-11-02T10:30:00Z
Sentinel-2 MSI,MINE_KANDRI_05,ZONE_KND_04,0.404,0.067,39.0,39.3,7.6,CLEAR,2025-11-02T10:30:00Z
Sentinel-2 MSI,MINE_MANSAR_06,ZONE_MSR_01,0.259,0.014,36.3,68.0,2.4,CLEAR,2025-11-02T10:30:00Z
Sentinel-2 MSI,MINE_MANSAR_06,ZONE_MSR_02,0.28,0.099,31.6,54.7,6.3,CLEAR,2025-11-02T10:30:00Z
Sentinel-2 MSI,MINE_MANSAR_06,ZONE_MSR_03,0.348,-0.186,36.7,63.0,6.9,CLEAR,2025-11-02T10:30:00Z
Sentinel-2 MSI,MINE_MANSAR_06,ZONE_MSR_04,0.252,0.077,30.3,22.8,7.1,CLEAR,2025-11-02T10:30:00Z
Sentinel-2 MSI,MINE_CHIKLA_07,ZONE_CHK_01,0.2,-0.213,30.5,35.4,4.2,CLEAR,2025-11-02T10:30:00Z
Sentinel-2 MSI,MINE_CHIKLA_07,ZONE_CHK_02,0.274,-0.101,30.3,38.5,4.1,CLEAR,2025-11-02T10:30:00Z
Sentinel-2 MSI,MINE_CHIKLA_07,ZONE_CHK_03,0.315,0.031,40.9,33.0,8.0,CLEAR,2025-11-02T10:30:00Z
Sentinel-2 MSI,MINE_CHIKLA_07,ZONE_CHK_04,0.321,-0.225,37.3,28.9,7.9,CLEAR,2025-11-02T10:30:00Z
Sentinel-2 MSI,MINE_CHIKLA_07,ZONE_CHK_05,0.312,-0.129,39.0,45.4,1.6,CLEAR,2025-11-02T10:30:00Z
Sentinel-2 MSI,MINE_UKWA_08,ZONE_UKW_01,0.17,-0.068,33.7,44.6,7.2,CLEAR,2025-11-02T10:30:00Z
Sentinel-2 MSI,MINE_UKWA_08,ZONE_UKW_02,0.246,0.059,30.3,58.9,2.5,CLEAR,2025-11-02T10:30:00Z
Sentinel-2 MSI,MINE_UKWA_08,ZONE_UKW_03,0.279,-0.203,39.8,49.4,6.6,CLEAR,2025-11-02T10:30:00Z
Sentinel-2 MSI,MINE_UKWA_08,ZONE_UKW_04,0.209,-0.001,30.7,45.4,3.6,CLEAR,2025-11-02T10:30:00Z
Sentinel-2 MSI,MINE_UKWA_08,ZONE_UKW_05,0.459,-0.133,30.4,36.8,7.8,CLEAR,2025-11-02T10:30:00Z
Sentinel-2 MSI,MINE_SITAPATORE_09,ZONE_STP_01,0.248,0.028,40.2,51.1,6.5,CLEAR,2025-11-02T10:30:00Z
Sentinel-2 MSI,MINE_SITAPATORE_09,ZONE_STP_02,0.307,-0.022,34.7,42.8,1.7,CLEAR,2025-11-02T10:30:00Z
Sentinel-2 MSI,MINE_SITAPATORE_09,ZONE_STP_03,0.258,-0.156,41.7,43.7,0.7,CLEAR,2025-11-02T10:30:00Z
Sentinel-2 MSI,MINE_SITAPATORE_09,ZONE_STP_04,0.253,0.04,40.0,55.8,1.2,CLEAR,2025-11-02T10:30:00Z
Sentinel-2 MSI,MINE_BELDONGRI_10,ZONE_BLD_01,0.247,-0.104,30.8,34.7,7.0,CLEAR,2025-11-02T10:30:00Z
Sentinel-2 MSI,MINE_BELDONGRI_10,ZONE_BLD_02,0.319,-0.008,41.5,34.2,1.9,CLEAR,2025-11-02T10:30:00Z
Sentinel-2 MSI,MINE_BELDONGRI_10,ZONE_BLD_03,0.245,-0.13,35.3,29.5,3.6,CLEAR,2025-11-02T10:30:00Z
Sentinel-2 MSI,MINE_BELDONGRI_10,ZONE_BLD_04,0.378,-0.077,32.4,57.1,0.5,CLEAR,2025-11-02T10:30:00Z
Sentinel-2 MSI,MINE_BALAGHAT_01,ZONE_NORTH_A,0.207,-0.113,31.0,52.8,6.1,CLEAR,2025-11-06T10:30:00Z
Sentinel-2 MSI,MINE_BALAGHAT_01,ZONE_CENTRAL_B,0.18,-0.143,40.8,24.8,6.6,CLEAR,2025-11-06T10:30:00Z
Sentinel-2 MSI,MINE_BALAGHAT_01,ZONE_SOUTH_C,0.288,-0.135,38.1,58.3,7.2,CLEAR,2025-11-06T10:30:00Z
Sentinel-2 MSI,MINE_BALAGHAT_01,ZONE_EAST_D,0.302,0.075,37.9,41.6,1.0,CLEAR,2025-11-06T10:30:00Z
Sentinel-2 MSI,MINE_BALAGHAT_01,ZONE_WEST_E,0.403,-0.031,41.6,43.8,3.8,CLEAR,2025-11-06T10:30:00Z
Sentinel-2 MSI,MINE_GUMGAON_02,ZONE_GMG_01,0.249,-0.25,32.7,65.2,3.8,CLEAR,2025-11-06T10:30:00Z
Sentinel-2 MSI,MINE_GUMGAON_02,ZONE_GMG_02,0.218,-0.129,40.6,42.8,5.3,CLEAR,2025-11-06T10:30:00Z
Sentinel-2 MSI,MINE_GUMGAON_02,ZONE_GMG_03,0.201,-0.205,37.8,29.5,6.5,CLEAR,2025-11-06T10:30:00Z
Sentinel-2 MSI,MINE_GUMGAON_02,ZONE_GMG_04,0.32,-0.024,35.2,37.7,4.6,CLEAR,2025-11-06T10:30:00Z
Sentinel-2 MSI,MINE_TIRODI_03,ZONE_TRD_01,0.211,-0.118,34.3,30.2,3.0,CLEAR,2025-11-06T10:30:00Z
Sentinel-2 MSI,MINE_TIRODI_03,ZONE_TRD_02,0.145,-0.014,33.1,32.8,2.4,CLEAR,2025-11-06T10:30:00Z
Sentinel-2 MSI,MINE_TIRODI_03,ZONE_TRD_03,0.295,-0.071,41.8,48.3,4.8,CLEAR,2025-11-06T10:30:00Z
Sentinel-2 MSI,MINE_TIRODI_03,ZONE_TRD_04,0.254,-0.125,32.8,52.2,5.0,CLEAR,2025-11-06T10:30:00Z
Sentinel-2 MSI,MINE_TIRODI_03,ZONE_TRD_05,0.347,-0.01,40.3,34.1,0.3,CLEAR,2025-11-06T10:30:00Z
Sentinel-2 MSI,MINE_DONGRI_04,ZONE_DGB_01,0.146,-0.159,40.4,38.5,7.0,CLEAR,2025-11-06T10:30:00Z
Sentinel-2 MSI,MINE_DONGRI_04,ZONE_DGB_02,0.19,-0.036,41.7,54.6,7.7,CLEAR,2025-11-06T10:30:00Z
Sentinel-2 MSI,MINE_DONGRI_04,ZONE_DGB_03,0.21,-0.053,37.9,39.7,5.5,CLEAR,2025-11-06T10:30:00Z
Sentinel-2 MSI,MINE_DONGRI_04,ZONE_DGB_04,0.291,0.042,30.7,61.5,4.1,CLEAR,2025-11-06T10:30:00Z
Sentinel-2 MSI,MINE_DONGRI_04,ZONE_DGB_05,0.25,0.003,40.4,45.9,0.5,CLEAR,2025-11-06T10:30:00Z
Sentinel-2 MSI,MINE_KANDRI_05,ZONE_KND_01,0.331,0.019,36.2,34.5,7.8,CLEAR,2025-11-06T10:30:00Z
Sentinel-2 MSI,MINE_KANDRI_05,ZONE_KND_02,0.317,-0.171,31.6,48.8,5.5,CLEAR,2025-11-06T10:30:00Z
Sentinel-2 MSI,MINE_KANDRI_05,ZONE_KND_03,0.27,0.001,36.6,36.3,7.0,CLEAR,2025-11-06T10:30:00Z
Sentinel-2 MSI,MINE_KANDRI_05,ZONE_KND_04,0.348,-0.152,31.9,63.3,6.2,CLEAR,2025-11-06T10:30:00Z
Sentinel-2 MSI,MINE_MANSAR_06,ZONE_MSR_01,0.323,-0.063,30.1,54.1,4.1,CLEAR,2025-11-06T10:30:00Z
Sentinel-2 MSI,MINE_MANSAR_06,ZONE_MSR_02,0.258,0.003,37.5,54.7,4.5,CLEAR,2025-11-06T10:30:00Z
Sentinel-2 MSI,MINE_MANSAR_06,ZONE_MSR_03,0.293,-0.061,35.4,31.2,7.2,CLEAR,2025-11-06T10:30:00Z
Sentinel-2 MSI,MINE_MANSAR_06,ZONE_MSR_04,0.238,-0.02,35.9,36.1,6.4,CLEAR,2025-11-06T10:30:00Z
Sentinel-2 MSI,MINE_CHIKLA_07,ZONE_CHK_01,0.13,-0.127,36.6,30.9,6.3,CLEAR,2025-11-06T10:30:00Z
Sentinel-2 MSI,MINE_CHIKLA_07,ZONE_CHK_02,0.281,-0.131,34.9,60.6,3.2,CLEAR,2025-11-06T10:30:00Z
Sentinel-2 MSI,MINE_CHIKLA_07,ZONE_CHK_03,0.21,-0.079,34.5,43.8,0.7,CLEAR,2025-11-06T10:30:00Z
Sentinel-2 MSI,MINE_CHIKLA_07,ZONE_CHK_04,0.311,0.003,32.4,35.4,5.6,CLEAR,2025-11-06T10:30:00Z
Sentinel-2 MSI,MINE_CHIKLA_07,ZONE_CHK_05,0.347,0.067,36.8,60.8,3.2,CLEAR,2025-11-06T10:30:00Z
Sentinel-2 MSI,MINE_UKWA_08,ZONE_UKW_01,0.162,0.021,31.4,29.8,6.0,CLEAR,2025-11-06T10:30:00Z
Sentinel-2 MSI,MINE_UKWA_08,ZONE_UKW_02,0.299,-0.034,36.5,55.3,5.1,CLEAR,2025-11-06T10:30:00Z
Sentinel-2 MSI,MINE_UKWA_08,ZONE_UKW_03,0.265,0.058,34.7,65.0,0.6,CLEAR,2025-11-06T10:30:00Z
Sentinel-2 MSI,MINE_UKWA_08,ZONE_UKW_04,0.221,-0.141,36.8,50.9,1.5,CLEAR,2025-11-06T10:30:00Z
Sentinel-2 MSI,MINE_UKWA_08,ZONE_UKW_05,0.361,-0.108,41.7,64.7,3.4,CLEAR,2025-11-06T10:30:00Z
Sentinel-2 MSI,MINE_SITAPATORE_09,ZONE_STP_01,0.206,-0.01,31.2,60.7,0.7,CLEAR,2025-11-06T10:30:00Z
Sentinel-2 MSI,MINE_SITAPATORE_09,ZONE_STP_02,0.24,-0.017,34.3,50.0,2.7,CLEAR,2025-11-06T10:30:00Z
Sentinel-2 MSI,MINE_SITAPATORE_09,ZONE_STP_03,0.281,-0.008,32.3,36.5,1.2,CLEAR,2025-11-06T10:30:00Z
Sentinel-2 MSI,MINE_SITAPATORE_09,ZONE_STP_04,0.275,0.093,30.3,50.5,2.3,CLEAR,2025-11-06T10:30:00Z
Sentinel-2 MSI,MINE_BELDONGRI_10,ZONE_BLD_01,0.211,0.022,32.9,37.7,1.0,CLEAR,2025-11-06T10:30:00Z
Sentinel-2 MSI,MINE_BELDONGRI_10,ZONE_BLD_02,0.243,0.041,39.8,26.4,0.5,CLEAR,2025-11-06T10:30:00Z
Sentinel-2 MSI,MINE_BELDONGRI_10,ZONE_BLD_03,0.331,-0.069,32.2,30.3,0.5,CLEAR,2025-11-06T10:30:00Z
Sentinel-2 MSI,MINE_BELDONGRI_10,ZONE_BLD_04,0.338,-0.052,31.0,26.2,4.8,CLEAR,2025-11-06T10:30:00Z
Sentinel-2 MSI,MINE_BALAGHAT_01,ZONE_NORTH_A,0.12,0.038,35.2,43.7,3.4,CLEAR,2025-11-10T10:30:00Z
Sentinel-2 MSI,MINE_BALAGHAT_01,ZONE_CENTRAL_B,0.187,-0.181,40.4,31.6,6.3,CLEAR,2025-11-10T10:30:00Z
Sentinel-2 MSI,MINE_BALAGHAT_01,ZONE_SOUTH_C,0.259,0.052,33.8,47.5,1.5,CLEAR,2025-11-10T10:30:00Z
Sentinel-2 MSI,MINE_BALAGHAT_01,ZONE_EAST_D,0.333,-0.194,33.9,22.4,1.8,CLEAR,2025-11-10T10:30:00Z
Sentinel-2 MSI,MINE_BALAGHAT_01,ZONE_WEST_E,0.378,-0.165,41.0,56.4,7.7,CLEAR,2025-11-10T10:30:00Z
Sentinel-2 MSI,MINE_GUMGAON_02,ZONE_GMG_01,0.322,-0.219,31.2,37.5,2.4,CLEAR,2025-11-10T10:30:00Z
Sentinel-2 MSI,MINE_GUMGAON_02,ZONE_GMG_02,0.261,-0.135,40.3,25.2,4.6,CLEAR,2025-11-10T10:30:00Z
Sentinel-2 MSI,MINE_GUMGAON_02,ZONE_GMG_03,0.3,-0.125,36.9,61.2,3.6,CLEAR,2025-11-10T10:30:00Z
Sentinel-2 MSI,MINE_GUMGAON_02,ZONE_GMG_04,0.206,-0.217,39.7,22.1,3.4,CLEAR,2025-11-10T10:30:00Z
Sentinel-2 MSI,MINE_TIRODI_03,ZONE_TRD_01,0.186,-0.206,36.6,30.6,0.5,CLEAR,2025-11-10T10:30:00Z
Sentinel-2 MSI,MINE_TIRODI_03,ZONE_TRD_02,0.147,0.073,34.0,39.1,6.4,CLEAR,2025-11-10T10:30:00Z
Sentinel-2 MSI,MINE_TIRODI_03,ZONE_TRD_03,0.33,0.025,40.5,50.3,4.1,CLEAR,2025-11-10T10:30:00Z
Sentinel-2 MSI,MINE_TIRODI_03,ZONE_TRD_04,0.321,0.09,35.2,41.9,3.4,CLEAR,2025-11-10T10:30:00Z
Sentinel-2 MSI,MINE_TIRODI_03,ZONE_TRD_05,0.456,-0.145,38.0,55.1,7.2,CLEAR,2025-11-10T10:30:00Z
Sentinel-2 MSI,MINE_DONGRI_04,ZONE_DGB_01,0.171,-0.209,37.9,64.8,1.6,CLEAR,2025-11-10T10:30:00Z
Sentinel-2 MSI,MINE_DONGRI_04,ZONE_DGB_02,0.133,-0.106,35.4,30.9,1.1,CLEAR,2025-11-10T10:30:00Z
Sentinel-2 MSI,MINE_DONGRI_04,ZONE_DGB_03,0.204,0.037,39.4,34.6,6.9,CLEAR,2025-11-10T10:30:00Z
Sentinel-2 MSI,MINE_DONGRI_04,ZONE_DGB_04,0.287,-0.199,37.3,28.4,0.6,CLEAR,2025-11-10T10:30:00Z
Sentinel-2 MSI,MINE_DONGRI_04,ZONE_DGB_05,0.292,-0.189,35.4,66.0,5.1,CLEAR,2025-11-10T10:30:00Z
Sentinel-2 MSI,MINE_KANDRI_05,ZONE_KND_01,0.319,-0.131,35.2,52.5,4.3,CLEAR,2025-11-10T10:30:00Z
Sentinel-2 MSI,MINE_KANDRI_05,ZONE_KND_02,0.225,-0.048,38.9,45.1,1.1,CLEAR,2025-11-10T10:30:00Z
Sentinel-2 MSI,MINE_KANDRI_05,ZONE_KND_03,0.218,-0.202,30.2,45.5,5.8,CLEAR,2025-11-10T10:30:00Z
Sentinel-2 MSI,MINE_KANDRI_05,ZONE_KND_04,0.418,-0.183,39.1,66.7,7.0,CLEAR,2025-11-10T10:30:00Z
Sentinel-2 MSI,MINE_MANSAR_06,ZONE_MSR_01,0.338,-0.213,40.7,57.9,7.6,CLEAR,2025-11-10T10:30:00Z
Sentinel-2 MSI,MINE_MANSAR_06,ZONE_MSR_02,0.302,-0.121,34.2,35.7,7.9,CLEAR,2025-11-10T10:30:00Z
Sentinel-2 MSI,MINE_MANSAR_06,ZONE_MSR_03,0.212,-0.054,39.0,55.3,7.8,CLEAR,2025-11-10T10:30:00Z
Sentinel-2 MSI,MINE_MANSAR_06,ZONE_MSR_04,0.277,0.083,30.5,55.5,6.8,CLEAR,2025-11-10T10:30:00Z
Sentinel-2 MSI,MINE_CHIKLA_07,ZONE_CHK_01,0.121,0.09,38.2,54.1,7.0,CLEAR,2025-11-10T10:30:00Z
Sentinel-2 MSI,MINE_CHIKLA_07,ZONE_CHK_02,0.278,-0.222,38.4,31.2,6.6,CLEAR,2025-11-10T10:30:00Z
Sentinel-2 MSI,MINE_CHIKLA_07,ZONE_CHK_03,0.335,-0.176,32.9,22.0,2.9,CLEAR,2025-11-10T10:30:00Z
Sentinel-2 MSI,MINE_CHIKLA_07,ZONE_CHK_04,0.239,-0.185,38.8,27.0,7.3,CLEAR,2025-11-10T10:30:00Z
Sentinel-2 MSI,MINE_CHIKLA_07,ZONE_CHK_05,0.252,-0.049,37.4,56.0,5.2,CLEAR,2025-11-10T10:30:00Z
Sentinel-2 MSI,MINE_UKWA_08,ZONE_UKW_01,0.133,-0.221,38.2,49.4,7.7,CLEAR,2025-11-10T10:30:00Z
Sentinel-2 MSI,MINE_UKWA_08,ZONE_UKW_02,0.289,0.045,41.9,50.6,5.3,CLEAR,2025-11-10T10:30:00Z
Sentinel-2 MSI,MINE_UKWA_08,ZONE_UKW_03,0.29,-0.227,34.6,25.0,5.1,CLEAR,2025-11-10T10:30:00Z
Sentinel-2 MSI,MINE_UKWA_08,ZONE_UKW_04,0.248,-0.005,31.5,63.8,6.6,CLEAR,2025-11-10T10:30:00Z
Sentinel-2 MSI,MINE_UKWA_08,ZONE_UKW_05,0.477,-0.144,37.6,58.2,0.2,CLEAR,2025-11-10T10:30:00Z
Sentinel-2 MSI,MINE_SITAPATORE_09,ZONE_STP_01,0.286,-0.24,40.5,25.4,6.6,CLEAR,2025-11-10T10:30:00Z
Sentinel-2 MSI,MINE_SITAPATORE_09,ZONE_STP_02,0.202,0.015,34.1,67.2,5.3,CLEAR,2025-11-10T10:30:00Z
Sentinel-2 MSI,MINE_SITAPATORE_09,ZONE_STP_03,0.349,-0.104,37.5,35.4,4.9,CLEAR,2025-11-10T10:30:00Z
Sentinel-2 MSI,MINE_SITAPATORE_09,ZONE_STP_04,0.255,0.046,32.3,34.3,4.9,CLEAR,2025-11-10T10:30:00Z
Sentinel-2 MSI,MINE_BELDONGRI_10,ZONE_BLD_01,0.231,-0.229,40.2,41.0,7.6,CLEAR,2025-11-10T10:30:00Z
Sentinel-2 MSI,MINE_BELDONGRI_10,ZONE_BLD_02,0.256,-0.133,39.6,67.3,6.3,CLEAR,2025-11-10T10:30:00Z
Sentinel-2 MSI,MINE_BELDONGRI_10,ZONE_BLD_03,0.254,-0.187,39.3,66.4,6.0,CLEAR,2025-11-10T10:30:00Z
Sentinel-2 MSI,MINE_BELDONGRI_10,ZONE_BLD_04,0.468,-0.013,42.0,47.2,6.9,CLEAR,2025-11-10T10:30:00Z
Sentinel-2 MSI,MINE_BALAGHAT_01,ZONE_NORTH_A,0.185,-0.009,41.6,22.8,6.4,CLEAR,2025-11-14T10:30:00Z
Sentinel-2 MSI,MINE_BALAGHAT_01,ZONE_CENTRAL_B,0.219,-0.077,33.2,34.7,7.1,CLEAR,2025-11-14T10:30:00Z
Sentinel-2 MSI,MINE_BALAGHAT_01,ZONE_SOUTH_C,0.25,-0.125,41.9,53.4,4.6,CLEAR,2025-11-14T10:30:00Z
Sentinel-2 MSI,MINE_BALAGHAT_01,ZONE_EAST_D,0.232,0.001,30.4,37.3,6.1,CLEAR,2025-11-14T10:30:00Z
Sentinel-2 MSI,MINE_BALAGHAT_01,ZONE_WEST_E,0.463,0.015,38.1,58.0,0.8,CLEAR,2025-11-14T10:30:00Z
Sentinel-2 MSI,MINE_GUMGAON_02,ZONE_GMG_01,0.337,-0.052,34.4,48.1,5.0,CLEAR,2025-11-14T10:30:00Z
Sentinel-2 MSI,MINE_GUMGAON_02,ZONE_GMG_02,0.235,-0.025,36.9,53.9,6.5,CLEAR,2025-11-14T10:30:00Z
Sentinel-2 MSI,MINE_GUMGAON_02,ZONE_GMG_03,0.26,-0.096,30.3,61.9,7.9,CLEAR,2025-11-14T10:30:00Z
Sentinel-2 MSI,MINE_GUMGAON_02,ZONE_GMG_04,0.223,0.094,41.0,37.3,4.0,CLEAR,2025-11-14T10:30:00Z
Sentinel-2 MSI,MINE_TIRODI_03,ZONE_TRD_01,0.218,-0.064,38.6,34.0,8.0,CLEAR,2025-11-14T10:30:00Z
Sentinel-2 MSI,MINE_TIRODI_03,ZONE_TRD_02,0.181,-0.199,30.2,67.8,4.1,CLEAR,2025-11-14T10:30:00Z
Sentinel-2 MSI,MINE_TIRODI_03,ZONE_TRD_03,0.299,-0.045,31.7,57.6,6.3,CLEAR,2025-11-14T10:30:00Z
Sentinel-2 MSI,MINE_TIRODI_03,ZONE_TRD_04,0.324,-0.136,36.2,31.2,5.7,CLEAR,2025-11-14T10:30:00Z
Sentinel-2 MSI,MINE_TIRODI_03,ZONE_TRD_05,0.474,-0.234,35.7,31.9,3.8,CLEAR,2025-11-14T10:30:00Z
Sentinel-2 MSI,MINE_DONGRI_04,ZONE_DGB_01,0.195,-0.196,34.4,47.4,4.4,CLEAR,2025-11-14T10:30:00Z
Sentinel-2 MSI,MINE_DONGRI_04,ZONE_DGB_02,0.177,-0.009,36.2,31.4,0.5,CLEAR,2025-11-14T10:30:00Z
Sentinel-2 MSI,MINE_DONGRI_04,ZONE_DGB_03,0.238,-0.089,36.6,59.0,2.1,CLEAR,2025-11-14T10:30:00Z
Sentinel-2 MSI,MINE_DONGRI_04,ZONE_DGB_04,0.203,-0.043,38.3,27.4,2.2,CLEAR,2025-11-14T10:30:00Z
Sentinel-2 MSI,MINE_DONGRI_04,ZONE_DGB_05,0.248,0.01,36.6,33.2,6.8,CLEAR,2025-11-14T10:30:00Z
Sentinel-2 MSI,MINE_KANDRI_05,ZONE_KND_01,0.258,-0.077,30.4,23.7,2.2,CLEAR,2025-11-14T10:30:00Z
Sentinel-2 MSI,MINE_KANDRI_05,ZONE_KND_02,0.323,-0.143,37.9,55.3,6.2,CLEAR,2025-11-14T10:30:00Z
Sentinel-2 MSI,MINE_KANDRI_05,ZONE_KND_03,0.311,-0.011,38.0,45.3,0.8,CLEAR,2025-11-14T10:30:00Z
Sentinel-2 MSI,MINE_KANDRI_05,ZONE_KND_04,0.46,-0.046,38.1,29.6,2.6,CLEAR,2025-11-14T10:30:00Z
Sentinel-2 MSI,MINE_MANSAR_06,ZONE_MSR_01,0.237,-0.05,31.8,60.7,3.5,CLEAR,2025-11-14T10:30:00Z
Sentinel-2 MSI,MINE_MANSAR_06,ZONE_MSR_02,0.241,-0.215,31.9,66.2,6.1,CLEAR,2025-11-14T10:30:00Z
Sentinel-2 MSI,MINE_MANSAR_06,ZONE_MSR_03,0.317,0.092,36.5,24.8,7.3,CLEAR,2025-11-14T10:30:00Z
Sentinel-2 MSI,MINE_MANSAR_06,ZONE_MSR_04,0.209,-0.183,31.6,37.3,4.7,CLEAR,2025-11-14T10:30:00Z
Sentinel-2 MSI,MINE_CHIKLA_07,ZONE_CHK_01,0.131,0.032,31.3,26.4,6.8,CLEAR,2025-11-14T10:30:00Z
Sentinel-2 MSI,MINE_CHIKLA_07,ZONE_CHK_02,0.277,-0.168,33.0,54.4,4.8,CLEAR,2025-11-14T10:30:00Z
Sentinel-2 MSI,MINE_CHIKLA_07,ZONE_CHK_03,0.312,0.075,31.6,53.1,6.5,CLEAR,2025-11-14T10:30:00Z
Sentinel-2 MSI,MINE_CHIKLA_07,ZONE_CHK_04,0.22,-0.114,39.5,67.8,4.5,CLEAR,2025-11-14T10:30:00Z
Sentinel-2 MSI,MINE_CHIKLA_07,ZONE_CHK_05,0.277,0.071,40.1,24.8,0.6,CLEAR,2025-11-14T10:30:00Z
Sentinel-2 MSI,MINE_UKWA_08,ZONE_UKW_01,0.136,-0.178,41.7,23.1,3.4,CLEAR,2025-11-14T10:30:00Z
Sentinel-2 MSI,MINE_UKWA_08,ZONE_UKW_02,0.287,-0.116,41.8,50.8,3.1,CLEAR,2025-11-14T10:30:00Z
Sentinel-2 MSI,MINE_UKWA_08,ZONE_UKW_03,0.27,-0.164,32.7,55.4,6.4,CLEAR,2025-11-14T10:30:00Z
Sentinel-2 MSI,MINE_UKWA_08,ZONE_UKW_04,0.348,-0.114,33.7,35.5,2.5,CLEAR,2025-11-14T10:30:00Z
Sentinel-2 MSI,MINE_UKWA_08,ZONE_UKW_05,0.383,-0.191,39.6,23.0,3.9,CLEAR,2025-11-14T10:30:00Z
Sentinel-2 MSI,MINE_SITAPATORE_09,ZONE_STP_01,0.299,-0.025,33.8,31.2,5.4,CLEAR,2025-11-14T10:30:00Z
Sentinel-2 MSI,MINE_SITAPATORE_09,ZONE_STP_02,0.329,-0.05,37.7,37.8,4.9,CLEAR,2025-11-14T10:30:00Z
Sentinel-2 MSI,MINE_SITAPATORE_09,ZONE_STP_03,0.201,0.017,41.0,66.6,1.3,CLEAR,2025-11-14T10:30:00Z
Sentinel-2 MSI,MINE_SITAPATORE_09,ZONE_STP_04,0.296,-0.097,32.8,29.0,7.6,CLEAR,2025-11-14T10:30:00Z
Sentinel-2 MSI,MINE_BELDONGRI_10,ZONE_BLD_01,0.274,-0.22,38.4,44.6,3.7,CLEAR,2025-11-14T10:30:00Z
Sentinel-2 MSI,MINE_BELDONGRI_10,ZONE_BLD_02,0.343,-0.207,30.6,65.1,4.7,CLEAR,2025-11-14T10:30:00Z
Sentinel-2 MSI,MINE_BELDONGRI_10,ZONE_BLD_03,0.337,0.07,38.9,63.6,4.6,CLEAR,2025-11-14T10:30:00Z
Sentinel-2 MSI,MINE_BELDONGRI_10,ZONE_BLD_04,0.44,0.012,31.0,37.6,0.7,CLEAR,2025-11-14T10:30:00Z
Sentinel-2 MSI,MINE_BALAGHAT_01,ZONE_NORTH_A,0.151,-0.125,41.7,38.9,5.0,CLEAR,2025-11-18T10:30:00Z
Sentinel-2 MSI,MINE_BALAGHAT_01,ZONE_CENTRAL_B,0.146,-0.031,31.7,26.4,1.6,CLEAR,2025-11-18T10:30:00Z
Sentinel-2 MSI,MINE_BALAGHAT_01,ZONE_SOUTH_C,0.283,-0.2,39.3,44.1,5.1,CLEAR,2025-11-18T10:30:00Z
Sentinel-2 MSI,MINE_BALAGHAT_01,ZONE_EAST_D,0.226,-0.063,38.0,23.0,1.2,CLEAR,2025-11-18T10:30:00Z
Sentinel-2 MSI,MINE_BALAGHAT_01,ZONE_WEST_E,0.332,0.075,41.9,39.7,6.2,CLEAR,2025-11-18T10:30:00Z
Sentinel-2 MSI,MINE_GUMGAON_02,ZONE_GMG_01,0.298,-0.165,33.2,23.5,5.0,CLEAR,2025-11-18T10:30:00Z
Sentinel-2 MSI,MINE_GUMGAON_02,ZONE_GMG_02,0.326,-0.07,31.3,67.5,0.9,CLEAR,2025-11-18T10:30:00Z
Sentinel-2 MSI,MINE_GUMGAON_02,ZONE_GMG_03,0.254,0.017,34.6,55.2,1.8,CLEAR,2025-11-18T10:30:00Z
Sentinel-2 MSI,MINE_GUMGAON_02,ZONE_GMG_04,0.233,0.059,33.4,25.0,0.1,CLEAR,2025-11-18T10:30:00Z
Sentinel-2 MSI,MINE_TIRODI_03,ZONE_TRD_01,0.132,-0.176,33.4,35.9,2.5,CLEAR,2025-11-18T10:30:00Z
Sentinel-2 MSI,MINE_TIRODI_03,ZONE_TRD_02,0.128,-0.163,37.7,45.1,7.0,CLEAR,2025-11-18T10:30:00Z
Sentinel-2 MSI,MINE_TIRODI_03,ZONE_TRD_03,0.204,0.047,34.0,63.8,1.1,CLEAR,2025-11-18T10:30:00Z
Sentinel-2 MSI,MINE_TIRODI_03,ZONE_TRD_04,0.22,-0.083,35.7,65.4,1.0,CLEAR,2025-11-18T10:30:00Z
Sentinel-2 MSI,MINE_TIRODI_03,ZONE_TRD_05,0.328,-0.143,35.6,50.7,5.2,CLEAR,2025-11-18T10:30:00Z
Sentinel-2 MSI,MINE_DONGRI_04,ZONE_DGB_01,0.181,0.008,36.2,42.7,1.5,CLEAR,2025-11-18T10:30:00Z
Sentinel-2 MSI,MINE_DONGRI_04,ZONE_DGB_02,0.16,-0.043,37.8,36.1,0.5,CLEAR,2025-11-18T10:30:00Z
Sentinel-2 MSI,MINE_DONGRI_04,ZONE_DGB_03,0.252,0.049,38.3,58.2,4.9,CLEAR,2025-11-18T10:30:00Z
Sentinel-2 MSI,MINE_DONGRI_04,ZONE_DGB_04,0.257,-0.191,35.4,40.5,1.7,CLEAR,2025-11-18T10:30:00Z
Sentinel-2 MSI,MINE_DONGRI_04,ZONE_DGB_05,0.262,-0.241,30.5,27.2,0.8,CLEAR,2025-11-18T10:30:00Z
Sentinel-2 MSI,MINE_KANDRI_05,ZONE_KND_01,0.33,-0.075,30.6,65.6,2.8,CLEAR,2025-11-18T10:30:00Z
Sentinel-2 MSI,MINE_KANDRI_05,ZONE_KND_02,0.228,-0.234,30.8,62.7,6.3,CLEAR,2025-11-18T10:30:00Z
Sentinel-2 MSI,MINE_KANDRI_05,ZONE_KND_03,0.273,0.034,30.1,35.0,1.0,CLEAR,2025-11-18T10:30:00Z
Sentinel-2 MSI,MINE_KANDRI_05,ZONE_KND_04,0.432,0.076,38.7,32.8,5.7,CLEAR,2025-11-18T10:30:00Z
Sentinel-2 MSI,MINE_MANSAR_06,ZONE_MSR_01,0.221,0.017,31.0,36.0,1.7,CLEAR,2025-11-18T10:30:00Z
Sentinel-2 MSI,MINE_MANSAR_06,ZONE_MSR_02,0.261,0.092,30.9,67.3,5.9,CLEAR,2025-11-18T10:30:00Z
Sentinel-2 MSI,MINE_MANSAR_06,ZONE_MSR_03,0.293,-0.017,33.7,36.1,7.0,CLEAR,2025-11-18T10:30:00Z
Sentinel-2 MSI,MINE_MANSAR_06,ZONE_MSR_04,0.287,-0.236,31.4,49.8,4.2,CLEAR,2025-11-18T10:30:00Z
Sentinel-2 MSI,MINE_CHIKLA_07,ZONE_CHK_01,0.192,-0.134,30.8,27.1,3.0,CLEAR,2025-11-18T10:30:00Z
Sentinel-2 MSI,MINE_CHIKLA_07,ZONE_CHK_02,0.282,-0.091,32.9,24.8,1.6,CLEAR,2025-11-18T10:30:00Z
Sentinel-2 MSI,MINE_CHIKLA_07,ZONE_CHK_03,0.218,-0.023,41.2,45.7,0.1,CLEAR,2025-11-18T10:30:00Z
Sentinel-2 MSI,MINE_CHIKLA_07,ZONE_CHK_04,0.26,-0.204,34.8,30.2,6.7,CLEAR,2025-11-18T10:30:00Z
Sentinel-2 MSI,MINE_CHIKLA_07,ZONE_CHK_05,0.251,-0.072,38.7,35.1,3.0,CLEAR,2025-11-18T10:30:00Z
Sentinel-2 MSI,MINE_UKWA_08,ZONE_UKW_01,0.178,-0.178,30.8,34.9,5.2,CLEAR,2025-11-18T10:30:00Z
Sentinel-2 MSI,MINE_UKWA_08,ZONE_UKW_02,0.275,0.053,36.2,23.1,5.2,CLEAR,2025-11-18T10:30:00Z
Sentinel-2 MSI,MINE_UKWA_08,ZONE_UKW_03,0.269,-0.227,40.7,59.7,4.0,CLEAR,2025-11-18T10:30:00Z
Sentinel-2 MSI,MINE_UKWA_08,ZONE_UKW_04,0.239,-0.143,30.6,29.2,3.9,CLEAR,2025-11-18T10:30:00Z
Sentinel-2 MSI,MINE_UKWA_08,ZONE_UKW_05,0.362,-0.072,33.1,34.7,7.5,CLEAR,2025-11-18T10:30:00Z
Sentinel-2 MSI,MINE_SITAPATORE_09,ZONE_STP_01,0.266,0.039,34.9,41.7,0.4,CLEAR,2025-11-18T10:30:00Z
Sentinel-2 MSI,MINE_SITAPATORE_09,ZONE_STP_02,0.246,0.015,39.4,55.8,0.9,CLEAR,2025-11-18T10:30:00Z
Sentinel-2 MSI,MINE_SITAPATORE_09,ZONE_STP_03,0.281,-0.223,30.8,29.8,3.9,CLEAR,2025-11-18T10:30:00Z
Sentinel-2 MSI,MINE_SITAPATORE_09,ZONE_STP_04,0.266,-0.173,39.9,43.3,4.7,CLEAR,2025-11-18T10:30:00Z
Sentinel-2 MSI,MINE_BELDONGRI_10,ZONE_BLD_01,0.266,-0.069,33.5,54.2,3.7,CLEAR,2025-11-18T10:30:00Z
Sentinel-2 MSI,MINE_BELDONGRI_10,ZONE_BLD_02,0.235,0.096,37.7,51.4,5.1,CLEAR,2025-11-18T10:30:00Z
Sentinel-2 MSI,MINE_BELDONGRI_10,ZONE_BLD_03,0.324,0.066,31.3,41.1,2.6,CLEAR,2025-11-18T10:30:00Z
Sentinel-2 MSI,MINE_BELDONGRI_10,ZONE_BLD_04,0.366,0.037,39.5,34.8,6.1,CLEAR,2025-11-18T10:30:00Z
Sentinel-2 MSI,MINE_BALAGHAT_01,ZONE_NORTH_A,0.183,-0.13,35.3,43.0,6.5,CLEAR,2025-11-22T10:30:00Z
Sentinel-2 MSI,MINE_BALAGHAT_01,ZONE_CENTRAL_B,0.192,-0.04,38.6,43.9,3.5,CLEAR,2025-11-22T10:30:00Z
Sentinel-2 MSI,MINE_BALAGHAT_01,ZONE_SOUTH_C,0.208,-0.142,37.7,37.5,1.7,CLEAR,2025-11-22T10:30:00Z
Sentinel-2 MSI,MINE_BALAGHAT_01,ZONE_EAST_D,0.349,-0.225,32.4,57.7,2.1,CLEAR,2025-11-22T10:30:00Z
Sentinel-2 MSI,MINE_BALAGHAT_01,ZONE_WEST_E,0.344,-0.19,34.2,30.1,5.1,CLEAR,2025-11-22T10:30:00Z
Sentinel-2 MSI,MINE_GUMGAON_02,ZONE_GMG_01,0.286,-0.056,34.6,53.8,2.1,CLEAR,2025-11-22T10:30:00Z
Sentinel-2 MSI,MINE_GUMGAON_02,ZONE_GMG_02,0.255,-0.13,37.7,50.8,2.6,CLEAR,2025-11-22T10:30:00Z
Sentinel-2 MSI,MINE_GUMGAON_02,ZONE_GMG_03,0.326,-0.076,33.5,46.5,3.4,CLEAR,2025-11-22T10:30:00Z
Sentinel-2 MSI,MINE_GUMGAON_02,ZONE_GMG_04,0.223,-0.022,33.7,29.2,7.0,CLEAR,2025-11-22T10:30:00Z
Sentinel-2 MSI,MINE_TIRODI_03,ZONE_TRD_01,0.147,-0.097,31.9,56.2,6.3,CLEAR,2025-11-22T10:30:00Z
Sentinel-2 MSI,MINE_TIRODI_03,ZONE_TRD_02,0.122,-0.205,33.3,22.2,2.3,CLEAR,2025-11-22T10:30:00Z
Sentinel-2 MSI,MINE_TIRODI_03,ZONE_TRD_03,0.286,-0.235,31.9,37.7,5.7,CLEAR,2025-11-22T10:30:00Z
Sentinel-2 MSI,MINE_TIRODI_03,ZONE_TRD_04,0.343,0.057,31.3,34.8,3.7,CLEAR,2025-11-22T10:30:00Z
Sentinel-2 MSI,MINE_TIRODI_03,ZONE_TRD_05,0.328,-0.106,41.4,42.2,3.0,CLEAR,2025-11-22T10:30:00Z
Sentinel-2 MSI,MINE_DONGRI_04,ZONE_DGB_01,0.125,-0.166,31.9,27.4,4.6,CLEAR,2025-11-22T10:30:00Z
Sentinel-2 MSI,MINE_DONGRI_04,ZONE_DGB_02,0.159,0.044,37.5,58.3,0.5,CLEAR,2025-11-22T10:30:00Z
Sentinel-2 MSI,MINE_DONGRI_04,ZONE_DGB_03,0.31,-0.102,34.2,40.3,4.5,CLEAR,2025-11-22T10:30:00Z
Sentinel-2 MSI,MINE_DONGRI_04,ZONE_DGB_04,0.337,-0.21,38.6,67.1,7.3,CLEAR,2025-11-22T10:30:00Z
Sentinel-2 MSI,MINE_DONGRI_04,ZONE_DGB_05,0.278,-0.155,34.2,32.0,2.0,CLEAR,2025-11-22T10:30:00Z
Sentinel-2 MSI,MINE_KANDRI_05,ZONE_KND_01,0.336,-0.225,40.9,23.3,0.3,CLEAR,2025-11-22T10:30:00Z
Sentinel-2 MSI,MINE_KANDRI_05,ZONE_KND_02,0.333,-0.19,36.5,39.3,3.2,CLEAR,2025-11-22T10:30:00Z
Sentinel-2 MSI,MINE_KANDRI_05,ZONE_KND_03,0.205,-0.23,39.5,28.6,7.6,CLEAR,2025-11-22T10:30:00Z
Sentinel-2 MSI,MINE_KANDRI_05,ZONE_KND_04,0.335,-0.123,38.4,60.2,2.5,CLEAR,2025-11-22T10:30:00Z
Sentinel-2 MSI,MINE_MANSAR_06,ZONE_MSR_01,0.29,-0.085,39.5,63.0,3.3,CLEAR,2025-11-22T10:30:00Z
Sentinel-2 MSI,MINE_MANSAR_06,ZONE_MSR_02,0.251,-0.099,32.8,65.7,5.4,CLEAR,2025-11-22T10:30:00Z
Sentinel-2 MSI,MINE_MANSAR_06,ZONE_MSR_03,0.232,0.065,32.2,44.8,0.4,CLEAR,2025-11-22T10:30:00Z
Sentinel-2 MSI,MINE_MANSAR_06,ZONE_MSR_04,0.243,-0.222,38.2,64.9,3.7,CLEAR,2025-11-22T10:30:00Z
Sentinel-2 MSI,MINE_CHIKLA_07,ZONE_CHK_01,0.137,-0.054,33.0,64.8,4.8,CLEAR,2025-11-22T10:30:00Z
Sentinel-2 MSI,MINE_CHIKLA_07,ZONE_CHK_02,0.25,-0.073,32.3,40.4,7.5,CLEAR,2025-11-22T10:30:00Z
Sentinel-2 MSI,MINE_CHIKLA_07,ZONE_CHK_03,0.225,0.005,30.4,44.4,3.1,CLEAR,2025-11-22T10:30:00Z
Sentinel-2 MSI,MINE_CHIKLA_07,ZONE_CHK_04,0.333,-0.026,38.0,46.4,7.6,CLEAR,2025-11-22T10:30:00Z
Sentinel-2 MSI,MINE_CHIKLA_07,ZONE_CHK_05,0.336,0.017,36.2,27.4,0.5,CLEAR,2025-11-22T10:30:00Z
Sentinel-2 MSI,MINE_UKWA_08,ZONE_UKW_01,0.141,-0.021,32.1,65.0,1.2,CLEAR,2025-11-22T10:30:00Z
Sentinel-2 MSI,MINE_UKWA_08,ZONE_UKW_02,0.231,-0.172,41.1,29.6,1.7,CLEAR,2025-11-22T10:30:00Z
Sentinel-2 MSI,MINE_UKWA_08,ZONE_UKW_03,0.274,-0.235,33.4,46.1,0.2,CLEAR,2025-11-22T10:30:00Z
Sentinel-2 MSI,MINE_UKWA_08,ZONE_UKW_04,0.298,-0.03,33.2,47.3,4.9,CLEAR,2025-11-22T10:30:00Z
Sentinel-2 MSI,MINE_UKWA_08,ZONE_UKW_05,0.408,-0.107,33.3,27.0,7.5,CLEAR,2025-11-22T10:30:00Z
Sentinel-2 MSI,MINE_SITAPATORE_09,ZONE_STP_01,0.225,-0.213,38.7,38.9,5.0,CLEAR,2025-11-22T10:30:00Z
Sentinel-2 MSI,MINE_SITAPATORE_09,ZONE_STP_02,0.219,-0.045,32.4,49.0,3.8,CLEAR,2025-11-22T10:30:00Z
Sentinel-2 MSI,MINE_SITAPATORE_09,ZONE_STP_03,0.22,0.061,33.6,39.5,5.9,CLEAR,2025-11-22T10:30:00Z
Sentinel-2 MSI,MINE_SITAPATORE_09,ZONE_STP_04,0.292,0.01,30.4,43.8,3.0,CLEAR,2025-11-22T10:30:00Z
Sentinel-2 MSI,MINE_BELDONGRI_10,ZONE_BLD_01,0.208,0.088,40.3,52.5,5.2,CLEAR,2025-11-22T10:30:00Z
Sentinel-2 MSI,MINE_BELDONGRI_10,ZONE_BLD_02,0.348,-0.158,31.0,56.4,6.1,CLEAR,2025-11-22T10:30:00Z
Sentinel-2 MSI,MINE_BELDONGRI_10,ZONE_BLD_03,0.24,-0.079,40.4,29.7,5.3,CLEAR,2025-11-22T10:30:00Z
Sentinel-2 MSI,MINE_BELDONGRI_10,ZONE_BLD_04,0.393,0.058,34.0,31.5,3.3,CLEAR,2025-11-22T10:30:00Z
Sentinel-2 MSI,MINE_BALAGHAT_01,ZONE_NORTH_A,0.203,-0.191,41.4,59.6,7.8,CLEAR,2025-11-26T10:30:00Z
Sentinel-2 MSI,MINE_BALAGHAT_01,ZONE_CENTRAL_B,0.147,-0.016,39.3,67.2,6.5,CLEAR,2025-11-26T10:30:00Z
Sentinel-2 MSI,MINE_BALAGHAT_01,ZONE_SOUTH_C,0.201,-0.062,40.8,38.4,0.7,CLEAR,2025-11-26T10:30:00Z
Sentinel-2 MSI,MINE_BALAGHAT_01,ZONE_EAST_D,0.288,-0.239,34.9,56.6,5.9,CLEAR,2025-11-26T10:30:00Z
Sentinel-2 MSI,MINE_BALAGHAT_01,ZONE_WEST_E,0.348,-0.185,34.9,49.8,6.1,CLEAR,2025-11-26T10:30:00Z
Sentinel-2 MSI,MINE_GUMGAON_02,ZONE_GMG_01,0.212,-0.078,34.0,30.3,4.8,CLEAR,2025-11-26T10:30:00Z
Sentinel-2 MSI,MINE_GUMGAON_02,ZONE_GMG_02,0.226,-0.091,39.6,48.8,3.2,CLEAR,2025-11-26T10:30:00Z
Sentinel-2 MSI,MINE_GUMGAON_02,ZONE_GMG_03,0.244,-0.201,31.8,62.5,4.9,CLEAR,2025-11-26T10:30:00Z
Sentinel-2 MSI,MINE_GUMGAON_02,ZONE_GMG_04,0.339,-0.164,33.1,47.4,2.6,CLEAR,2025-11-26T10:30:00Z
Sentinel-2 MSI,MINE_TIRODI_03,ZONE_TRD_01,0.206,0.088,34.7,44.5,3.0,CLEAR,2025-11-26T10:30:00Z
Sentinel-2 MSI,MINE_TIRODI_03,ZONE_TRD_02,0.168,-0.194,33.1,64.0,2.9,CLEAR,2025-11-26T10:30:00Z
Sentinel-2 MSI,MINE_TIRODI_03,ZONE_TRD_03,0.278,0.036,41.7,62.3,3.5,CLEAR,2025-11-26T10:30:00Z
Sentinel-2 MSI,MINE_TIRODI_03,ZONE_TRD_04,0.202,-0.045,32.6,67.9,2.3,CLEAR,2025-11-26T10:30:00Z
Sentinel-2 MSI,MINE_TIRODI_03,ZONE_TRD_05,0.402,0.007,39.6,43.7,1.7,CLEAR,2025-11-26T10:30:00Z
Sentinel-2 MSI,MINE_DONGRI_04,ZONE_DGB_01,0.205,-0.211,40.0,48.5,6.8,CLEAR,2025-11-26T10:30:00Z
Sentinel-2 MSI,MINE_DONGRI_04,ZONE_DGB_02,0.161,-0.108,37.7,23.1,7.6,CLEAR,2025-11-26T10:30:00Z
Sentinel-2 MSI,MINE_DONGRI_04,ZONE_DGB_03,0.272,-0.121,34.0,24.3,0.4,CLEAR,2025-11-26T10:30:00Z
Sentinel-2 MSI,MINE_DONGRI_04,ZONE_DGB_04,0.322,-0.08,34.4,50.3,5.5,CLEAR,2025-11-26T10:30:00Z
Sentinel-2 MSI,MINE_DONGRI_04,ZONE_DGB_05,0.299,-0.244,35.6,22.3,1.2,CLEAR,2025-11-26T10:30:00Z
Sentinel-2 MSI,MINE_KANDRI_05,ZONE_KND_01,0.205,0.063,35.4,26.0,1.1,CLEAR,2025-11-26T10:30:00Z
Sentinel-2 MSI,MINE_KANDRI_05,ZONE_KND_02,0.217,0.032,33.5,59.9,4.0,CLEAR,2025-11-26T10:30:00Z
Sentinel-2 MSI,MINE_KANDRI_05,ZONE_KND_03,0.285,-0.047,37.6,53.5,7.9,CLEAR,2025-11-26T10:30:00Z
Sentinel-2 MSI,MINE_KANDRI_05,ZONE_KND_04,0.433,-0.032,40.5,37.1,1.3,CLEAR,2025-11-26T10:30:00Z
Sentinel-2 MSI,MINE_MANSAR_06,ZONE_MSR_01,0.323,0.009,31.5,33.3,5.8,CLEAR,2025-11-26T10:30:00Z
Sentinel-2 MSI,MINE_MANSAR_06,ZONE_MSR_02,0.237,-0.112,36.9,66.4,1.7,CLEAR,2025-11-26T10:30:00Z
Sentinel-2 MSI,MINE_MANSAR_06,ZONE_MSR_03,0.313,-0.24,35.7,58.7,4.1,CLEAR,2025-11-26T10:30:00Z
Sentinel-2 MSI,MINE_MANSAR_06,ZONE_MSR_04,0.317,-0.034,34.1,45.1,5.0,CLEAR,2025-11-26T10:30:00Z
Sentinel-2 MSI,MINE_CHIKLA_07,ZONE_CHK_01,0.187,0.072,38.0,23.2,6.4,CLEAR,2025-11-26T10:30:00Z
Sentinel-2 MSI,MINE_CHIKLA_07,ZONE_CHK_02,0.323,-0.239,36.4,55.3,2.1,CLEAR,2025-11-26T10:30:00Z
Sentinel-2 MSI,MINE_CHIKLA_07,ZONE_CHK_03,0.294,-0.169,38.7,42.1,8.0,CLEAR,2025-11-26T10:30:00Z
Sentinel-2 MSI,MINE_CHIKLA_07,ZONE_CHK_04,0.317,-0.135,31.5,44.3,4.8,CLEAR,2025-11-26T10:30:00Z
Sentinel-2 MSI,MINE_CHIKLA_07,ZONE_CHK_05,0.22,-0.079,39.6,53.7,5.7,CLEAR,2025-11-26T10:30:00Z
Sentinel-2 MSI,MINE_UKWA_08,ZONE_UKW_01,0.168,-0.185,31.8,58.8,8.0,CLEAR,2025-11-26T10:30:00Z
Sentinel-2 MSI,MINE_UKWA_08,ZONE_UKW_02,0.236,-0.138,39.3,40.0,6.9,CLEAR,2025-11-26T10:30:00Z
Sentinel-2 MSI,MINE_UKWA_08,ZONE_UKW_03,0.228,0.056,36.8,63.7,2.0,CLEAR,2025-11-26T10:30:00Z
Sentinel-2 MSI,MINE_UKWA_08,ZONE_UKW_04,0.214,-0.003,34.7,59.5,7.9,CLEAR,2025-11-26T10:30:00Z
Sentinel-2 MSI,MINE_UKWA_08,ZONE_UKW_05,0.445,-0.102,36.6,30.0,7.7,CLEAR,2025-11-26T10:30:00Z
Sentinel-2 MSI,MINE_SITAPATORE_09,ZONE_STP_01,0.325,0.024,40.5,32.3,4.6,CLEAR,2025-11-26T10:30:00Z
Sentinel-2 MSI,MINE_SITAPATORE_09,ZONE_STP_02,0.264,0.003,41.4,65.7,6.6,CLEAR,2025-11-26T10:30:00Z
Sentinel-2 MSI,MINE_SITAPATORE_09,ZONE_STP_03,0.249,-0.198,36.9,40.2,2.4,CLEAR,2025-11-26T10:30:00Z
Sentinel-2 MSI,MINE_SITAPATORE_09,ZONE_STP_04,0.344,-0.227,38.2,45.6,1.7,CLEAR,2025-11-26T10:30:00Z
Sentinel-2 MSI,MINE_BELDONGRI_10,ZONE_BLD_01,0.334,-0.02,35.4,30.9,4.6,CLEAR,2025-11-26T10:30:00Z
Sentinel-2 MSI,MINE_BELDONGRI_10,ZONE_BLD_02,0.287,-0.219,33.2,40.4,7.4,CLEAR,2025-11-26T10:30:00Z
Sentinel-2 MSI,MINE_BELDONGRI_10,ZONE_BLD_03,0.329,0.021,41.2,41.9,5.6,CLEAR,2025-11-26T10:30:00Z
Sentinel-2 MSI,MINE_BELDONGRI_10,ZONE_BLD_04,0.457,-0.131,40.9,24.9,3.0,CLEAR,2025-11-26T10:30:00Z
Sentinel-2 MSI,MINE_BALAGHAT_01,ZONE_NORTH_A,0.208,0.055,37.8,38.6,5.0,CLEAR,2025-11-30T10:30:00Z
Sentinel-2 MSI,MINE_BALAGHAT_01,ZONE_CENTRAL_B,0.214,-0.047,41.3,49.5,8.0,CLEAR,2025-11-30T10:30:00Z
Sentinel-2 MSI,MINE_BALAGHAT_01,ZONE_SOUTH_C,0.262,-0.095,30.7,30.5,1.6,CLEAR,2025-11-30T10:30:00Z
Sentinel-2 MSI,MINE_BALAGHAT_01,ZONE_EAST_D,0.241,-0.143,38.5,58.5,2.8,CLEAR,2025-11-30T10:30:00Z
Sentinel-2 MSI,MINE_BALAGHAT_01,ZONE_WEST_E,0.337,-0.149,35.4,22.2,2.2,CLEAR,2025-11-30T10:30:00Z
Sentinel-2 MSI,MINE_GUMGAON_02,ZONE_GMG_01,0.333,-0.162,31.9,49.9,6.8,CLEAR,2025-11-30T10:30:00Z
Sentinel-2 MSI,MINE_GUMGAON_02,ZONE_GMG_02,0.223,-0.181,36.0,43.6,2.2,CLEAR,2025-11-30T10:30:00Z
Sentinel-2 MSI,MINE_GUMGAON_02,ZONE_GMG_03,0.335,-0.198,31.7,61.5,5.4,CLEAR,2025-11-30T10:30:00Z
Sentinel-2 MSI,MINE_GUMGAON_02,ZONE_GMG_04,0.22,-0.024,39.7,58.5,6.7,CLEAR,2025-11-30T10:30:00Z
Sentinel-2 MSI,MINE_TIRODI_03,ZONE_TRD_01,0.139,-0.07,38.0,62.2,5.5,CLEAR,2025-11-30T10:30:00Z
Sentinel-2 MSI,MINE_TIRODI_03,ZONE_TRD_02,0.123,-0.169,35.3,26.8,2.6,CLEAR,2025-11-30T10:30:00Z
Sentinel-2 MSI,MINE_TIRODI_03,ZONE_TRD_03,0.205,-0.188,41.1,46.9,5.8,CLEAR,2025-11-30T10:30:00Z
Sentinel-2 MSI,MINE_TIRODI_03,ZONE_TRD_04,0.249,-0.073,32.5,29.7,0.8,CLEAR,2025-11-30T10:30:00Z
Sentinel-2 MSI,MINE_TIRODI_03,ZONE_TRD_05,0.368,-0.177,41.5,26.0,1.7,CLEAR,2025-11-30T10:30:00Z
Sentinel-2 MSI,MINE_DONGRI_04,ZONE_DGB_01,0.185,0.006,41.8,54.6,8.0,CLEAR,2025-11-30T10:30:00Z
Sentinel-2 MSI,MINE_DONGRI_04,ZONE_DGB_02,0.127,-0.096,30.9,53.0,5.1,CLEAR,2025-11-30T10:30:00Z
Sentinel-2 MSI,MINE_DONGRI_04,ZONE_DGB_03,0.21,0.1,32.8,59.1,6.1,CLEAR,2025-11-30T10:30:00Z
Sentinel-2 MSI,MINE_DONGRI_04,ZONE_DGB_04,0.239,-0.03,38.4,62.1,6.9,CLEAR,2025-11-30T10:30:00Z
Sentinel-2 MSI,MINE_DONGRI_04,ZONE_DGB_05,0.232,0.078,37.6,65.5,1.3,CLEAR,2025-11-30T10:30:00Z
Sentinel-2 MSI,MINE_KANDRI_05,ZONE_KND_01,0.245,-0.08,34.9,48.3,1.1,CLEAR,2025-11-30T10:30:00Z
Sentinel-2 MSI,MINE_KANDRI_05,ZONE_KND_02,0.301,-0.239,41.1,28.1,7.6,CLEAR,2025-11-30T10:30:00Z
Sentinel-2 MSI,MINE_KANDRI_05,ZONE_KND_03,0.289,0.004,34.1,47.3,0.3,CLEAR,2025-11-30T10:30:00Z
Sentinel-2 MSI,MINE_KANDRI_05,ZONE_KND_04,0.469,0.076,34.2,27.5,4.5,CLEAR,2025-11-30T10:30:00Z
Sentinel-2 MSI,MINE_MANSAR_06,ZONE_MSR_01,0.286,-0.01,31.2,48.0,5.2,CLEAR,2025-11-30T10:30:00Z
Sentinel-2 MSI,MINE_MANSAR_06,ZONE_MSR_02,0.346,-0.1,32.1,65.3,4.8,CLEAR,2025-11-30T10:30:00Z
Sentinel-2 MSI,MINE_MANSAR_06,ZONE_MSR_03,0.229,0.072,33.9,55.6,2.7,CLEAR,2025-11-30T10:30:00Z
Sentinel-2 MSI,MINE_MANSAR_06,ZONE_MSR_04,0.23,0.072,41.6,27.1,1.8,CLEAR,2025-11-30T10:30:00Z
Sentinel-2 MSI,MINE_CHIKLA_07,ZONE_CHK_01,0.167,-0.148,34.6,41.8,3.4,CLEAR,2025-11-30T10:30:00Z
Sentinel-2 MSI,MINE_CHIKLA_07,ZONE_CHK_02,0.202,-0.155,32.7,53.4,3.9,CLEAR,2025-11-30T10:30:00Z
Sentinel-2 MSI,MINE_CHIKLA_07,ZONE_CHK_03,0.3,-0.007,32.8,43.6,1.0,CLEAR,2025-11-30T10:30:00Z
Sentinel-2 MSI,MINE_CHIKLA_07,ZONE_CHK_04,0.305,-0.081,35.0,56.6,6.8,CLEAR,2025-11-30T10:30:00Z
Sentinel-2 MSI,MINE_CHIKLA_07,ZONE_CHK_05,0.344,0.032,32.1,42.9,4.2,CLEAR,2025-11-30T10:30:00Z
Sentinel-2 MSI,MINE_UKWA_08,ZONE_UKW_01,0.197,-0.144,30.0,53.6,5.0,CLEAR,2025-11-30T10:30:00Z
Sentinel-2 MSI,MINE_UKWA_08,ZONE_UKW_02,0.268,0.096,35.1,67.4,6.8,CLEAR,2025-11-30T10:30:00Z
Sentinel-2 MSI,MINE_UKWA_08,ZONE_UKW_03,0.241,-0.056,32.0,31.0,4.9,CLEAR,2025-11-30T10:30:00Z
Sentinel-2 MSI,MINE_UKWA_08,ZONE_UKW_04,0.347,-0.024,40.7,47.4,7.1,CLEAR,2025-11-30T10:30:00Z
Sentinel-2 MSI,MINE_UKWA_08,ZONE_UKW_05,0.392,0.01,41.2,39.7,2.1,CLEAR,2025-11-30T10:30:00Z
Sentinel-2 MSI,MINE_SITAPATORE_09,ZONE_STP_01,0.345,-0.245,39.3,27.4,6.6,CLEAR,2025-11-30T10:30:00Z
Sentinel-2 MSI,MINE_SITAPATORE_09,ZONE_STP_02,0.296,-0.129,40.5,42.8,2.7,CLEAR,2025-11-30T10:30:00Z
Sentinel-2 MSI,MINE_SITAPATORE_09,ZONE_STP_03,0.32,-0.159,40.1,42.0,2.4,CLEAR,2025-11-30T10:30:00Z
Sentinel-2 MSI,MINE_SITAPATORE_09,ZONE_STP_04,0.235,0.046,40.8,34.5,1.8,CLEAR,2025-11-30T10:30:00Z
Sentinel-2 MSI,MINE_BELDONGRI_10,ZONE_BLD_01,0.331,-0.206,34.5,37.5,2.8,CLEAR,2025-11-30T10:30:00Z
Sentinel-2 MSI,MINE_BELDONGRI_10,ZONE_BLD_02,0.263,-0.044,30.7,35.5,2.1,CLEAR,2025-11-30T10:30:00Z
Sentinel-2 MSI,MINE_BELDONGRI_10,ZONE_BLD_03,0.253,-0.019,30.7,38.2,1.6,CLEAR,2025-11-30T10:30:00Z
Sentinel-2 MSI,MINE_BELDONGRI_10,ZONE_BLD_04,0.428,-0.23,36.1,51.7,1.3,CLEAR,2025-11-30T10:30:00Z
Sentinel-2 MSI,MINE_BALAGHAT_01,ZONE_NORTH_A,0.196,-0.185,31.4,31.7,4.9,CLEAR,2025-12-04T10:30:00Z
Sentinel-2 MSI,MINE_BALAGHAT_01,ZONE_CENTRAL_B,0.219,-0.08,32.6,59.9,2.5,CLEAR,2025-12-04T10:30:00Z
Sentinel-2 MSI,MINE_BALAGHAT_01,ZONE_SOUTH_C,0.34,-0.062,38.2,38.8,4.6,CLEAR,2025-12-04T10:30:00Z
Sentinel-2 MSI,MINE_BALAGHAT_01,ZONE_EAST_D,0.331,-0.088,39.3,40.8,4.1,CLEAR,2025-12-04T10:30:00Z
Sentinel-2 MSI,MINE_BALAGHAT_01,ZONE_WEST_E,0.402,-0.113,39.6,48.5,1.1,CLEAR,2025-12-04T10:30:00Z
Sentinel-2 MSI,MINE_GUMGAON_02,ZONE_GMG_01,0.307,-0.006,33.2,44.4,3.3,CLEAR,2025-12-04T10:30:00Z
Sentinel-2 MSI,MINE_GUMGAON_02,ZONE_GMG_02,0.263,-0.188,36.0,25.5,6.5,CLEAR,2025-12-04T10:30:00Z
Sentinel-2 MSI,MINE_GUMGAON_02,ZONE_GMG_03,0.345,-0.097,40.3,66.4,2.7,CLEAR,2025-12-04T10:30:00Z
Sentinel-2 MSI,MINE_GUMGAON_02,ZONE_GMG_04,0.314,-0.129,32.3,34.4,3.0,CLEAR,2025-12-04T10:30:00Z
Sentinel-2 MSI,MINE_TIRODI_03,ZONE_TRD_01,0.125,-0.017,36.3,37.5,6.2,CLEAR,2025-12-04T10:30:00Z
Sentinel-2 MSI,MINE_TIRODI_03,ZONE_TRD_02,0.133,-0.158,35.0,58.0,0.5,CLEAR,2025-12-04T10:30:00Z
Sentinel-2 MSI,MINE_TIRODI_03,ZONE_TRD_03,0.286,-0.088,31.8,37.3,5.6,CLEAR,2025-12-04T10:30:00Z
Sentinel-2 MSI,MINE_TIRODI_03,ZONE_TRD_04,0.242,-0.094,32.5,60.3,4.9,CLEAR,2025-12-04T10:30:00Z
Sentinel-2 MSI,MINE_TIRODI_03,ZONE_TRD_05,0.466,-0.22,40.8,54.4,2.1,CLEAR,2025-12-04T10:30:00Z
Sentinel-2 MSI,MINE_DONGRI_04,ZONE_DGB_01,0.211,-0.125,33.7,62.2,7.0,CLEAR,2025-12-04T10:30:00Z
Sentinel-2 MSI,MINE_DONGRI_04,ZONE_DGB_02,0.178,-0.088,34.7,36.3,1.1,CLEAR,2025-12-04T10:30:00Z
Sentinel-2 MSI,MINE_DONGRI_04,ZONE_DGB_03,0.343,-0.124,33.1,36.2,7.6,CLEAR,2025-12-04T10:30:00Z
Sentinel-2 MSI,MINE_DONGRI_04,ZONE_DGB_04,0.256,0.011,38.3,51.3,3.7,CLEAR,2025-12-04T10:30:00Z
Sentinel-2 MSI,MINE_DONGRI_04,ZONE_DGB_05,0.339,-0.243,34.4,64.4,3.4,CLEAR,2025-12-04T10:30:00Z
Sentinel-2 MSI,MINE_KANDRI_05,ZONE_KND_01,0.34,0.03,32.8,66.4,6.3,CLEAR,2025-12-04T10:30:00Z
Sentinel-2 MSI,MINE_KANDRI_05,ZONE_KND_02,0.299,-0.095,39.7,44.5,0.6,CLEAR,2025-12-04T10:30:00Z
Sentinel-2 MSI,MINE_KANDRI_05,ZONE_KND_03,0.297,-0.046,34.7,52.2,6.1,CLEAR,2025-12-04T10:30:00Z
Sentinel-2 MSI,MINE_KANDRI_05,ZONE_KND_04,0.475,-0.216,40.2,23.1,1.4,CLEAR,2025-12-04T10:30:00Z
Sentinel-2 MSI,MINE_MANSAR_06,ZONE_MSR_01,0.32,-0.17,41.4,40.8,2.9,CLEAR,2025-12-04T10:30:00Z
Sentinel-2 MSI,MINE_MANSAR_06,ZONE_MSR_02,0.206,-0.209,38.9,45.0,4.1,CLEAR,2025-12-04T10:30:00Z
Sentinel-2 MSI,MINE_MANSAR_06,ZONE_MSR_03,0.285,-0.201,37.1,59.9,0.7,CLEAR,2025-12-04T10:30:00Z
Sentinel-2 MSI,MINE_MANSAR_06,ZONE_MSR_04,0.305,-0.034,30.1,48.9,2.8,CLEAR,2025-12-04T10:30:00Z
Sentinel-2 MSI,MINE_CHIKLA_07,ZONE_CHK_01,0.126,0.008,33.6,33.8,5.4,CLEAR,2025-12-04T10:30:00Z
Sentinel-2 MSI,MINE_CHIKLA_07,ZONE_CHK_02,0.327,-0.188,36.9,54.6,8.0,CLEAR,2025-12-04T10:30:00Z
Sentinel-2 MSI,MINE_CHIKLA_07,ZONE_CHK_03,0.248,-0.166,36.0,53.9,0.2,CLEAR,2025-12-04T10:30:00Z
Sentinel-2 MSI,MINE_CHIKLA_07,ZONE_CHK_04,0.292,0.07,34.1,54.3,2.3,CLEAR,2025-12-04T10:30:00Z
Sentinel-2 MSI,MINE_CHIKLA_07,ZONE_CHK_05,0.257,-0.06,33.4,59.9,1.9,CLEAR,2025-12-04T10:30:00Z
Sentinel-2 MSI,MINE_UKWA_08,ZONE_UKW_01,0.141,0.08,39.3,61.1,4.5,CLEAR,2025-12-04T10:30:00Z
Sentinel-2 MSI,MINE_UKWA_08,ZONE_UKW_02,0.334,0.06,40.4,37.8,4.6,CLEAR,2025-12-04T10:30:00Z
Sentinel-2 MSI,MINE_UKWA_08,ZONE_UKW_03,0.206,-0.0,36.7,58.4,4.5,CLEAR,2025-12-04T10:30:00Z
Sentinel-2 MSI,MINE_UKWA_08,ZONE_UKW_04,0.244,-0.177,31.4,58.6,3.2,CLEAR,2025-12-04T10:30:00Z
Sentinel-2 MSI,MINE_UKWA_08,ZONE_UKW_05,0.443,-0.161,40.3,34.1,4.7,CLEAR,2025-12-04T10:30:00Z
Sentinel-2 MSI,MINE_SITAPATORE_09,ZONE_STP_01,0.23,-0.026,36.8,62.2,2.3,CLEAR,2025-12-04T10:30:00Z
Sentinel-2 MSI,MINE_SITAPATORE_09,ZONE_STP_02,0.34,0.088,38.2,56.0,5.0,CLEAR,2025-12-04T10:30:00Z
Sentinel-2 MSI,MINE_SITAPATORE_09,ZONE_STP_03,0.229,-0.15,38.2,32.8,6.0,CLEAR,2025-12-04T10:30:00Z
Sentinel-2 MSI,MINE_SITAPATORE_09,ZONE_STP_04,0.295,0.085,38.4,64.2,3.6,CLEAR,2025-12-04T10:30:00Z
Sentinel-2 MSI,MINE_BELDONGRI_10,ZONE_BLD_01,0.282,0.036,40.0,26.6,6.8,CLEAR,2025-12-04T10:30:00Z
Sentinel-2 MSI,MINE_BELDONGRI_10,ZONE_BLD_02,0.224,0.03,38.0,62.7,5.3,CLEAR,2025-12-04T10:30:00Z
Sentinel-2 MSI,MINE_BELDONGRI_10,ZONE_BLD_03,0.285,0.087,30.8,64.7,3.7,CLEAR,2025-12-04T10:30:00Z
Sentinel-2 MSI,MINE_BELDONGRI_10,ZONE_BLD_04,0.422,-0.068,38.1,52.4,6.6,CLEAR,2025-12-04T10:30:00Z
Sentinel-2 MSI,MINE_BALAGHAT_01,ZONE_NORTH_A,0.174,0.082,30.7,64.6,1.9,CLEAR,2025-12-08T10:30:00Z
Sentinel-2 MSI,MINE_BALAGHAT_01,ZONE_CENTRAL_B,0.174,-0.166,34.8,48.6,3.8,CLEAR,2025-12-08T10:30:00Z
Sentinel-2 MSI,MINE_BALAGHAT_01,ZONE_SOUTH_C,0.201,-0.013,39.6,52.8,2.8,CLEAR,2025-12-08T10:30:00Z
Sentinel-2 MSI,MINE_BALAGHAT_01,ZONE_EAST_D,0.291,-0.139,39.4,41.5,2.2,CLEAR,2025-12-08T10:30:00Z
Sentinel-2 MSI,MINE_BALAGHAT_01,ZONE_WEST_E,0.33,-0.226,37.9,30.7,2.3,CLEAR,2025-12-08T10:30:00Z
Sentinel-2 MSI,MINE_GUMGAON_02,ZONE_GMG_01,0.317,-0.007,36.3,33.5,7.8,CLEAR,2025-12-08T10:30:00Z
Sentinel-2 MSI,MINE_GUMGAON_02,ZONE_GMG_02,0.305,-0.193,39.7,52.5,1.9,CLEAR,2025-12-08T10:30:00Z
Sentinel-2 MSI,MINE_GUMGAON_02,ZONE_GMG_03,0.305,0.089,31.7,32.4,3.8,CLEAR,2025-12-08T10:30:00Z
Sentinel-2 MSI,MINE_GUMGAON_02,ZONE_GMG_04,0.252,-0.224,33.8,49.9,4.8,CLEAR,2025-12-08T10:30:00Z
Sentinel-2 MSI,MINE_TIRODI_03,ZONE_TRD_01,0.122,-0.183,38.1,57.3,1.1,CLEAR,2025-12-08T10:30:00Z
Sentinel-2 MSI,MINE_TIRODI_03,ZONE_TRD_02,0.209,-0.035,37.4,32.8,7.6,CLEAR,2025-12-08T10:30:00Z
Sentinel-2 MSI,MINE_TIRODI_03,ZONE_TRD_03,0.317,0.057,31.1,39.6,5.7,CLEAR,2025-12-08T10:30:00Z
Sentinel-2 MSI,MINE_TIRODI_03,ZONE_TRD_04,0.234,-0.175,36.2,42.5,7.8,CLEAR,2025-12-08T10:30:00Z
Sentinel-2 MSI,MINE_TIRODI_03,ZONE_TRD_05,0.371,-0.174,39.1,46.9,0.4,CLEAR,2025-12-08T10:30:00Z
Sentinel-2 MSI,MINE_DONGRI_04,ZONE_DGB_01,0.138,-0.145,34.7,46.0,4.6,CLEAR,2025-12-08T10:30:00Z
Sentinel-2 MSI,MINE_DONGRI_04,ZONE_DGB_02,0.137,0.087,34.3,37.9,2.6,CLEAR,2025-12-08T10:30:00Z
Sentinel-2 MSI,MINE_DONGRI_04,ZONE_DGB_03,0.227,-0.224,38.2,27.1,5.1,CLEAR,2025-12-08T10:30:00Z
Sentinel-2 MSI,MINE_DONGRI_04,ZONE_DGB_04,0.343,-0.008,39.7,38.8,2.5,CLEAR,2025-12-08T10:30:00Z
Sentinel-2 MSI,MINE_DONGRI_04,ZONE_DGB_05,0.316,-0.057,33.7,49.4,0.0,CLEAR,2025-12-08T10:30:00Z
Sentinel-2 MSI,MINE_KANDRI_05,ZONE_KND_01,0.241,-0.122,39.6,59.9,4.4,CLEAR,2025-12-08T10:30:00Z
Sentinel-2 MSI,MINE_KANDRI_05,ZONE_KND_02,0.346,-0.245,32.3,28.2,0.8,CLEAR,2025-12-08T10:30:00Z
Sentinel-2 MSI,MINE_KANDRI_05,ZONE_KND_03,0.298,-0.09,37.4,24.5,2.8,CLEAR,2025-12-08T10:30:00Z
Sentinel-2 MSI,MINE_KANDRI_05,ZONE_KND_04,0.36,0.064,37.2,67.8,1.9,CLEAR,2025-12-08T10:30:00Z
Sentinel-2 MSI,MINE_MANSAR_06,ZONE_MSR_01,0.211,0.086,32.5,22.3,2.2,CLEAR,2025-12-08T10:30:00Z
Sentinel-2 MSI,MINE_MANSAR_06,ZONE_MSR_02,0.308,-0.17,35.8,45.4,0.5,CLEAR,2025-12-08T10:30:00Z
Sentinel-2 MSI,MINE_MANSAR_06,ZONE_MSR_03,0.348,0.068,40.6,42.9,4.8,CLEAR,2025-12-08T10:30:00Z
Sentinel-2 MSI,MINE_MANSAR_06,ZONE_MSR_04,0.323,-0.093,41.9,62.7,0.9,CLEAR,2025-12-08T10:30:00Z
Sentinel-2 MSI,MINE_CHIKLA_07,ZONE_CHK_01,0.163,-0.088,37.7,44.7,4.9,CLEAR,2025-12-08T10:30:00Z
Sentinel-2 MSI,MINE_CHIKLA_07,ZONE_CHK_02,0.316,0.076,38.9,31.6,0.2,CLEAR,2025-12-08T10:30:00Z
Sentinel-2 MSI,MINE_CHIKLA_07,ZONE_CHK_03,0.227,-0.128,35.6,41.8,6.7,CLEAR,2025-12-08T10:30:00Z
Sentinel-2 MSI,MINE_CHIKLA_07,ZONE_CHK_04,0.293,-0.189,40.9,44.5,3.3,CLEAR,2025-12-08T10:30:00Z
Sentinel-2 MSI,MINE_CHIKLA_07,ZONE_CHK_05,0.215,-0.177,33.6,48.5,5.7,CLEAR,2025-12-08T10:30:00Z
Sentinel-2 MSI,MINE_UKWA_08,ZONE_UKW_01,0.176,-0.026,41.4,66.2,7.5,CLEAR,2025-12-08T10:30:00Z
Sentinel-2 MSI,MINE_UKWA_08,ZONE_UKW_02,0.26,-0.228,41.5,49.5,5.8,CLEAR,2025-12-08T10:30:00Z
Sentinel-2 MSI,MINE_UKWA_08,ZONE_UKW_03,0.327,-0.238,40.8,48.1,7.0,CLEAR,2025-12-08T10:30:00Z
Sentinel-2 MSI,MINE_UKWA_08,ZONE_UKW_04,0.211,-0.146,34.4,31.6,3.5,CLEAR,2025-12-08T10:30:00Z
Sentinel-2 MSI,MINE_UKWA_08,ZONE_UKW_05,0.455,0.014,39.1,63.7,7.8,CLEAR,2025-12-08T10:30:00Z
Sentinel-2 MSI,MINE_SITAPATORE_09,ZONE_STP_01,0.226,0.086,41.2,57.4,2.8,CLEAR,2025-12-08T10:30:00Z
Sentinel-2 MSI,MINE_SITAPATORE_09,ZONE_STP_02,0.264,-0.141,36.0,41.2,2.9,CLEAR,2025-12-08T10:30:00Z
Sentinel-2 MSI,MINE_SITAPATORE_09,ZONE_STP_03,0.3,-0.013,35.8,22.2,0.9,CLEAR,2025-12-08T10:30:00Z
Sentinel-2 MSI,MINE_SITAPATORE_09,ZONE_STP_04,0.261,-0.122,40.0,40.2,4.8,CLEAR,2025-12-08T10:30:00Z
Sentinel-2 MSI,MINE_BELDONGRI_10,ZONE_BLD_01,0.316,-0.105,33.4,37.5,0.8,CLEAR,2025-12-08T10:30:00Z
Sentinel-2 MSI,MINE_BELDONGRI_10,ZONE_BLD_02,0.288,-0.248,37.4,62.2,6.7,CLEAR,2025-12-08T10:30:00Z
Sentinel-2 MSI,MINE_BELDONGRI_10,ZONE_BLD_03,0.262,-0.09,33.7,29.6,2.1,CLEAR,2025-12-08T10:30:00Z
Sentinel-2 MSI,MINE_BELDONGRI_10,ZONE_BLD_04,0.473,-0.075,34.3,61.0,4.4,CLEAR,2025-12-08T10:30:00Z
Sentinel-2 MSI,MINE_BALAGHAT_01,ZONE_NORTH_A,0.199,-0.145,34.8,60.6,5.5,CLEAR,2025-12-12T10:30:00Z
Sentinel-2 MSI,MINE_BALAGHAT_01,ZONE_CENTRAL_B,0.183,-0.173,38.4,59.7,1.5,CLEAR,2025-12-12T10:30:00Z
Sentinel-2 MSI,MINE_BALAGHAT_01,ZONE_SOUTH_C,0.256,0.001,31.2,28.5,3.7,CLEAR,2025-12-12T10:30:00Z
Sentinel-2 MSI,MINE_BALAGHAT_01,ZONE_EAST_D,0.2,0.03,37.7,23.3,4.9,CLEAR,2025-12-12T10:30:00Z
Sentinel-2 MSI,MINE_BALAGHAT_01,ZONE_WEST_E,0.349,-0.189,32.2,57.7,1.8,CLEAR,2025-12-12T10:30:00Z
Sentinel-2 MSI,MINE_GUMGAON_02,ZONE_GMG_01,0.202,-0.047,38.1,35.0,5.6,CLEAR,2025-12-12T10:30:00Z
Sentinel-2 MSI,MINE_GUMGAON_02,ZONE_GMG_02,0.257,0.096,40.1,63.3,3.0,CLEAR,2025-12-12T10:30:00Z
Sentinel-2 MSI,MINE_GUMGAON_02,ZONE_GMG_03,0.249,0.002,40.6,35.5,3.7,CLEAR,2025-12-12T10:30:00Z
Sentinel-2 MSI,MINE_GUMGAON_02,ZONE_GMG_04,0.289,-0.085,31.1,52.8,1.1,CLEAR,2025-12-12T10:30:00Z
Sentinel-2 MSI,MINE_TIRODI_03,ZONE_TRD_01,0.18,-0.135,34.4,59.1,4.8,CLEAR,2025-12-12T10:30:00Z
Sentinel-2 MSI,MINE_TIRODI_03,ZONE_TRD_02,0.193,-0.059,32.7,51.1,6.9,CLEAR,2025-12-12T10:30:00Z
Sentinel-2 MSI,MINE_TIRODI_03,ZONE_TRD_03,0.25,0.052,33.5,50.0,6.7,CLEAR,2025-12-12T10:30:00Z
Sentinel-2 MSI,MINE_TIRODI_03,ZONE_TRD_04,0.302,0.045,30.8,49.2,1.8,CLEAR,2025-12-12T10:30:00Z
Sentinel-2 MSI,MINE_TIRODI_03,ZONE_TRD_05,0.376,0.017,37.8,54.8,1.1,CLEAR,2025-12-12T10:30:00Z
Sentinel-2 MSI,MINE_DONGRI_04,ZONE_DGB_01,0.175,-0.084,38.2,25.6,7.9,CLEAR,2025-12-12T10:30:00Z
Sentinel-2 MSI,MINE_DONGRI_04,ZONE_DGB_02,0.177,-0.235,36.6,44.8,2.4,CLEAR,2025-12-12T10:30:00Z
Sentinel-2 MSI,MINE_DONGRI_04,ZONE_DGB_03,0.286,-0.163,30.8,25.7,7.1,CLEAR,2025-12-12T10:30:00Z
Sentinel-2 MSI,MINE_DONGRI_04,ZONE_DGB_04,0.263,-0.177,40.2,48.0,4.9,CLEAR,2025-12-12T10:30:00Z
Sentinel-2 MSI,MINE_DONGRI_04,ZONE_DGB_05,0.214,0.055,33.8,22.1,5.4,CLEAR,2025-12-12T10:30:00Z
Sentinel-2 MSI,MINE_KANDRI_05,ZONE_KND_01,0.313,-0.038,34.7,61.1,4.9,CLEAR,2025-12-12T10:30:00Z
Sentinel-2 MSI,MINE_KANDRI_05,ZONE_KND_02,0.268,-0.023,33.2,23.3,5.6,CLEAR,2025-12-12T10:30:00Z
Sentinel-2 MSI,MINE_KANDRI_05,ZONE_KND_03,0.293,-0.122,36.2,34.0,5.4,CLEAR,2025-12-12T10:30:00Z
Sentinel-2 MSI,MINE_KANDRI_05,ZONE_KND_04,0.367,-0.04,33.3,26.1,5.7,CLEAR,2025-12-12T10:30:00Z
Sentinel-2 MSI,MINE_MANSAR_06,ZONE_MSR_01,0.224,-0.013,40.9,59.4,7.0,CLEAR,2025-12-12T10:30:00Z
Sentinel-2 MSI,MINE_MANSAR_06,ZONE_MSR_02,0.228,-0.03,41.4,36.7,4.6,CLEAR,2025-12-12T10:30:00Z
Sentinel-2 MSI,MINE_MANSAR_06,ZONE_MSR_03,0.325,-0.058,32.1,37.1,5.6,CLEAR,2025-12-12T10:30:00Z
Sentinel-2 MSI,MINE_MANSAR_06,ZONE_MSR_04,0.247,-0.133,40.6,49.9,4.6,CLEAR,2025-12-12T10:30:00Z
Sentinel-2 MSI,MINE_CHIKLA_07,ZONE_CHK_01,0.166,0.042,39.1,67.1,7.9,CLEAR,2025-12-12T10:30:00Z
Sentinel-2 MSI,MINE_CHIKLA_07,ZONE_CHK_02,0.328,0.04,37.0,39.4,7.2,CLEAR,2025-12-12T10:30:00Z
Sentinel-2 MSI,MINE_CHIKLA_07,ZONE_CHK_03,0.348,-0.011,31.1,52.8,4.7,CLEAR,2025-12-12T10:30:00Z
Sentinel-2 MSI,MINE_CHIKLA_07,ZONE_CHK_04,0.217,0.016,39.8,29.9,4.3,CLEAR,2025-12-12T10:30:00Z
Sentinel-2 MSI,MINE_CHIKLA_07,ZONE_CHK_05,0.318,-0.055,34.6,49.6,7.8,CLEAR,2025-12-12T10:30:00Z
Sentinel-2 MSI,MINE_UKWA_08,ZONE_UKW_01,0.198,-0.044,34.4,66.6,3.9,CLEAR,2025-12-12T10:30:00Z
Sentinel-2 MSI,MINE_UKWA_08,ZONE_UKW_02,0.311,-0.007,37.0,60.9,7.1,CLEAR,2025-12-12T10:30:00Z
Sentinel-2 MSI,MINE_UKWA_08,ZONE_UKW_03,0.262,0.044,31.3,39.2,4.5,CLEAR,2025-12-12T10:30:00Z
Sentinel-2 MSI,MINE_UKWA_08,ZONE_UKW_04,0.301,-0.162,30.3,62.8,6.8,CLEAR,2025-12-12T10:30:00Z
Sentinel-2 MSI,MINE_UKWA_08,ZONE_UKW_05,0.423,-0.076,31.5,22.5,5.7,CLEAR,2025-12-12T10:30:00Z
Sentinel-2 MSI,MINE_SITAPATORE_09,ZONE_STP_01,0.253,-0.223,31.7,64.5,6.1,CLEAR,2025-12-12T10:30:00Z
Sentinel-2 MSI,MINE_SITAPATORE_09,ZONE_STP_02,0.239,0.097,38.5,39.7,0.9,CLEAR,2025-12-12T10:30:00Z
Sentinel-2 MSI,MINE_SITAPATORE_09,ZONE_STP_03,0.343,-0.086,38.4,49.6,7.0,CLEAR,2025-12-12T10:30:00Z
Sentinel-2 MSI,MINE_SITAPATORE_09,ZONE_STP_04,0.284,0.075,37.9,31.2,3.8,CLEAR,2025-12-12T10:30:00Z
Sentinel-2 MSI,MINE_BELDONGRI_10,ZONE_BLD_01,0.285,-0.071,38.7,49.2,0.7,CLEAR,2025-12-12T10:30:00Z
Sentinel-2 MSI,MINE_BELDONGRI_10,ZONE_BLD_02,0.31,0.007,40.7,46.3,7.0,CLEAR,2025-12-12T10:30:00Z
Sentinel-2 MSI,MINE_BELDONGRI_10,ZONE_BLD_03,0.217,-0.069,37.6,52.5,6.8,CLEAR,2025-12-12T10:30:00Z
Sentinel-2 MSI,MINE_BELDONGRI_10,ZONE_BLD_04,0.429,-0.208,32.8,58.6,4.9,CLEAR,2025-12-12T10:30:00Z
Sentinel-2 MSI,MINE_BALAGHAT_01,ZONE_NORTH_A,0.208,0.078,32.5,26.3,1.9,CLEAR,2025-12-16T10:30:00Z
Sentinel-2 MSI,MINE_BALAGHAT_01,ZONE_CENTRAL_B,0.148,-0.03,35.3,52.8,7.0,CLEAR,2025-12-16T10:30:00Z
Sentinel-2 MSI,MINE_BALAGHAT_01,ZONE_SOUTH_C,0.314,-0.199,36.0,57.5,3.3,CLEAR,2025-12-16T10:30:00Z
Sentinel-2 MSI,MINE_BALAGHAT_01,ZONE_EAST_D,0.237,-0.072,39.1,50.3,0.3,CLEAR,2025-12-16T10:30:00Z
Sentinel-2 MSI,MINE_BALAGHAT_01,ZONE_WEST_E,0.402,-0.226,38.1,29.9,5.9,CLEAR,2025-12-16T10:30:00Z
Sentinel-2 MSI,MINE_GUMGAON_02,ZONE_GMG_01,0.325,0.078,32.2,24.5,2.3,CLEAR,2025-12-16T10:30:00Z
Sentinel-2 MSI,MINE_GUMGAON_02,ZONE_GMG_02,0.244,0.035,32.9,36.6,4.8,CLEAR,2025-12-16T10:30:00Z
Sentinel-2 MSI,MINE_GUMGAON_02,ZONE_GMG_03,0.277,0.057,36.7,41.1,2.0,CLEAR,2025-12-16T10:30:00Z
Sentinel-2 MSI,MINE_GUMGAON_02,ZONE_GMG_04,0.253,-0.211,39.1,58.9,7.8,CLEAR,2025-12-16T10:30:00Z
Sentinel-2 MSI,MINE_TIRODI_03,ZONE_TRD_01,0.187,-0.131,37.5,22.8,5.6,CLEAR,2025-12-16T10:30:00Z
Sentinel-2 MSI,MINE_TIRODI_03,ZONE_TRD_02,0.207,-0.185,33.5,28.1,6.1,CLEAR,2025-12-16T10:30:00Z
Sentinel-2 MSI,MINE_TIRODI_03,ZONE_TRD_03,0.275,-0.003,36.5,57.9,6.6,CLEAR,2025-12-16T10:30:00Z
Sentinel-2 MSI,MINE_TIRODI_03,ZONE_TRD_04,0.348,0.048,39.4,33.0,3.9,CLEAR,2025-12-16T10:30:00Z
Sentinel-2 MSI,MINE_TIRODI_03,ZONE_TRD_05,0.364,-0.16,32.7,62.9,0.5,CLEAR,2025-12-16T10:30:00Z
Sentinel-2 MSI,MINE_DONGRI_04,ZONE_DGB_01,0.154,-0.016,36.9,37.3,6.5,CLEAR,2025-12-16T10:30:00Z
Sentinel-2 MSI,MINE_DONGRI_04,ZONE_DGB_02,0.129,-0.172,33.0,38.0,0.9,CLEAR,2025-12-16T10:30:00Z
Sentinel-2 MSI,MINE_DONGRI_04,ZONE_DGB_03,0.261,-0.193,31.9,25.8,7.0,CLEAR,2025-12-16T10:30:00Z
Sentinel-2 MSI,MINE_DONGRI_04,ZONE_DGB_04,0.329,-0.035,41.1,44.4,3.3,CLEAR,2025-12-16T10:30:00Z
Sentinel-2 MSI,MINE_DONGRI_04,ZONE_DGB_05,0.255,-0.149,32.1,26.3,7.6,CLEAR,2025-12-16T10:30:00Z
Sentinel-2 MSI,MINE_KANDRI_05,ZONE_KND_01,0.201,-0.231,32.0,45.7,7.6,CLEAR,2025-12-16T10:30:00Z
Sentinel-2 MSI,MINE_KANDRI_05,ZONE_KND_02,0.324,-0.156,35.5,57.7,3.0,CLEAR,2025-12-16T10:30:00Z
Sentinel-2 MSI,MINE_KANDRI_05,ZONE_KND_03,0.243,-0.027,34.1,59.6,3.1,CLEAR,2025-12-16T10:30:00Z
Sentinel-2 MSI,MINE_KANDRI_05,ZONE_KND_04,0.453,-0.205,39.1,33.3,5.8,CLEAR,2025-12-16T10:30:00Z
Sentinel-2 MSI,MINE_MANSAR_06,ZONE_MSR_01,0.207,0.049,31.3,34.5,7.4,CLEAR,2025-12-16T10:30:00Z
Sentinel-2 MSI,MINE_MANSAR_06,ZONE_MSR_02,0.257,0.072,41.7,62.6,4.6,CLEAR,2025-12-16T10:30:00Z
Sentinel-2 MSI,MINE_MANSAR_06,ZONE_MSR_03,0.204,-0.204,36.8,60.7,4.2,CLEAR,2025-12-16T10:30:00Z
Sentinel-2 MSI,MINE_MANSAR_06,ZONE_MSR_04,0.276,-0.045,37.1,38.4,5.3,CLEAR,2025-12-16T10:30:00Z
Sentinel-2 MSI,MINE_CHIKLA_07,ZONE_CHK_01,0.192,-0.153,37.1,28.5,2.4,CLEAR,2025-12-16T10:30:00Z
Sentinel-2 MSI,MINE_CHIKLA_07,ZONE_CHK_02,0.326,-0.019,39.2,35.3,2.0,CLEAR,2025-12-16T10:30:00Z
Sentinel-2 MSI,MINE_CHIKLA_07,ZONE_CHK_03,0.325,0.097,38.1,42.6,2.9,CLEAR,2025-12-16T10:30:00Z
Sentinel-2 MSI,MINE_CHIKLA_07,ZONE_CHK_04,0.235,-0.16,30.0,34.1,3.1,CLEAR,2025-12-16T10:30:00Z
Sentinel-2 MSI,MINE_CHIKLA_07,ZONE_CHK_05,0.215,-0.151,33.1,41.3,6.4,CLEAR,2025-12-16T10:30:00Z
Sentinel-2 MSI,MINE_UKWA_08,ZONE_UKW_01,0.168,-0.069,39.6,56.0,1.3,CLEAR,2025-12-16T10:30:00Z
Sentinel-2 MSI,MINE_UKWA_08,ZONE_UKW_02,0.22,0.061,39.1,46.6,6.4,CLEAR,2025-12-16T10:30:00Z
Sentinel-2 MSI,MINE_UKWA_08,ZONE_UKW_03,0.245,-0.139,30.2,47.8,1.8,CLEAR,2025-12-16T10:30:00Z
Sentinel-2 MSI,MINE_UKWA_08,ZONE_UKW_04,0.204,-0.167,31.0,64.7,2.3,CLEAR,2025-12-16T10:30:00Z
Sentinel-2 MSI,MINE_UKWA_08,ZONE_UKW_05,0.332,0.079,31.2,57.7,5.6,CLEAR,2025-12-16T10:30:00Z
Sentinel-2 MSI,MINE_SITAPATORE_09,ZONE_STP_01,0.293,-0.075,33.1,32.1,1.7,CLEAR,2025-12-16T10:30:00Z
Sentinel-2 MSI,MINE_SITAPATORE_09,ZONE_STP_02,0.273,0.063,31.6,57.8,3.5,CLEAR,2025-12-16T10:30:00Z
Sentinel-2 MSI,MINE_SITAPATORE_09,ZONE_STP_03,0.218,-0.123,40.0,29.5,0.9,CLEAR,2025-12-16T10:30:00Z
Sentinel-2 MSI,MINE_SITAPATORE_09,ZONE_STP_04,0.349,0.09,41.9,22.1,1.6,CLEAR,2025-12-16T10:30:00Z
Sentinel-2 MSI,MINE_BELDONGRI_10,ZONE_BLD_01,0.279,-0.176,39.1,30.6,3.8,CLEAR,2025-12-16T10:30:00Z
Sentinel-2 MSI,MINE_BELDONGRI_10,ZONE_BLD_02,0.227,0.091,40.3,64.0,0.3,CLEAR,2025-12-16T10:30:00Z
Sentinel-2 MSI,MINE_BELDONGRI_10,ZONE_BLD_03,0.245,-0.226,35.8,32.0,3.8,CLEAR,2025-12-16T10:30:00Z
Sentinel-2 MSI,MINE_BELDONGRI_10,ZONE_BLD_04,0.471,-0.232,35.2,29.4,4.8,CLEAR,2025-12-16T10:30:00Z
Sentinel-2 MSI,MINE_BALAGHAT_01,ZONE_NORTH_A,0.212,-0.055,37.5,63.5,7.5,CLEAR,2025-12-20T10:30:00Z
Sentinel-2 MSI,MINE_BALAGHAT_01,ZONE_CENTRAL_B,0.141,0.085,31.9,67.6,4.2,CLEAR,2025-12-20T10:30:00Z
Sentinel-2 MSI,MINE_BALAGHAT_01,ZONE_SOUTH_C,0.337,-0.184,37.7,38.8,5.5,CLEAR,2025-12-20T10:30:00Z
Sentinel-2 MSI,MINE_BALAGHAT_01,ZONE_EAST_D,0.282,0.025,32.2,41.1,1.8,CLEAR,2025-12-20T10:30:00Z
Sentinel-2 MSI,MINE_BALAGHAT_01,ZONE_WEST_E,0.472,-0.065,33.4,67.4,6.1,CLEAR,2025-12-20T10:30:00Z
Sentinel-2 MSI,MINE_GUMGAON_02,ZONE_GMG_01,0.332,0.005,36.7,37.9,4.1,CLEAR,2025-12-20T10:30:00Z
Sentinel-2 MSI,MINE_GUMGAON_02,ZONE_GMG_02,0.306,-0.048,41.7,52.7,4.2,CLEAR,2025-12-20T10:30:00Z
Sentinel-2 MSI,MINE_GUMGAON_02,ZONE_GMG_03,0.337,0.03,37.2,34.4,4.5,CLEAR,2025-12-20T10:30:00Z
Sentinel-2 MSI,MINE_GUMGAON_02,ZONE_GMG_04,0.275,0.061,36.7,35.1,6.2,CLEAR,2025-12-20T10:30:00Z
Sentinel-2 MSI,MINE_TIRODI_03,ZONE_TRD_01,0.12,-0.161,32.4,64.2,6.0,CLEAR,2025-12-20T10:30:00Z
Sentinel-2 MSI,MINE_TIRODI_03,ZONE_TRD_02,0.209,-0.138,32.3,36.2,1.5,CLEAR,2025-12-20T10:30:00Z
Sentinel-2 MSI,MINE_TIRODI_03,ZONE_TRD_03,0.285,-0.091,31.2,49.4,1.0,CLEAR,2025-12-20T10:30:00Z
Sentinel-2 MSI,MINE_TIRODI_03,ZONE_TRD_04,0.202,-0.232,41.1,48.0,7.5,CLEAR,2025-12-20T10:30:00Z
Sentinel-2 MSI,MINE_TIRODI_03,ZONE_TRD_05,0.35,-0.198,39.3,60.1,7.8,CLEAR,2025-12-20T10:30:00Z
Sentinel-2 MSI,MINE_DONGRI_04,ZONE_DGB_01,0.204,-0.239,30.3,51.7,5.4,CLEAR,2025-12-20T10:30:00Z
Sentinel-2 MSI,MINE_DONGRI_04,ZONE_DGB_02,0.217,-0.089,31.3,30.9,1.1,CLEAR,2025-12-20T10:30:00Z
Sentinel-2 MSI,MINE_DONGRI_04,ZONE_DGB_03,0.297,-0.249,36.2,58.6,4.0,CLEAR,2025-12-20T10:30:00Z
Sentinel-2 MSI,MINE_DONGRI_04,ZONE_DGB_04,0.344,-0.143,35.8,33.0,4.6,CLEAR,2025-12-20T10:30:00Z
Sentinel-2 MSI,MINE_DONGRI_04,ZONE_DGB_05,0.204,-0.08,40.7,25.8,7.2,CLEAR,2025-12-20T10:30:00Z
Sentinel-2 MSI,MINE_KANDRI_05,ZONE_KND_01,0.255,-0.033,36.5,49.1,7.5,CLEAR,2025-12-20T10:30:00Z
Sentinel-2 MSI,MINE_KANDRI_05,ZONE_KND_02,0.348,-0.233,33.6,27.1,7.9,CLEAR,2025-12-20T10:30:00Z
Sentinel-2 MSI,MINE_KANDRI_05,ZONE_KND_03,0.325,-0.019,35.6,29.5,2.2,CLEAR,2025-12-20T10:30:00Z
Sentinel-2 MSI,MINE_KANDRI_05,ZONE_KND_04,0.424,-0.124,42.0,42.3,4.6,CLEAR,2025-12-20T10:30:00Z
Sentinel-2 MSI,MINE_MANSAR_06,ZONE_MSR_01,0.294,-0.223,31.7,63.7,1.7,CLEAR,2025-12-20T10:30:00Z
Sentinel-2 MSI,MINE_MANSAR_06,ZONE_MSR_02,0.214,0.021,35.6,45.3,2.9,CLEAR,2025-12-20T10:30:00Z
Sentinel-2 MSI,MINE_MANSAR_06,ZONE_MSR_03,0.264,-0.125,41.0,64.8,7.0,CLEAR,2025-12-20T10:30:00Z
Sentinel-2 MSI,MINE_MANSAR_06,ZONE_MSR_04,0.207,-0.12,33.6,23.0,1.2,CLEAR,2025-12-20T10:30:00Z
Sentinel-2 MSI,MINE_CHIKLA_07,ZONE_CHK_01,0.164,-0.229,38.0,27.8,0.8,CLEAR,2025-12-20T10:30:00Z
Sentinel-2 MSI,MINE_CHIKLA_07,ZONE_CHK_02,0.221,0.045,34.4,23.1,0.3,CLEAR,2025-12-20T10:30:00Z
Sentinel-2 MSI,MINE_CHIKLA_07,ZONE_CHK_03,0.232,0.051,39.0,38.0,6.9,CLEAR,2025-12-20T10:30:00Z
Sentinel-2 MSI,MINE_CHIKLA_07,ZONE_CHK_04,0.236,0.023,41.8,67.7,1.9,CLEAR,2025-12-20T10:30:00Z
Sentinel-2 MSI,MINE_CHIKLA_07,ZONE_CHK_05,0.241,0.029,41.7,59.6,0.7,CLEAR,2025-12-20T10:30:00Z
Sentinel-2 MSI,MINE_UKWA_08,ZONE_UKW_01,0.189,-0.156,40.9,45.1,6.9,CLEAR,2025-12-20T10:30:00Z
Sentinel-2 MSI,MINE_UKWA_08,ZONE_UKW_02,0.234,-0.233,32.1,30.0,6.4,CLEAR,2025-12-20T10:30:00Z
Sentinel-2 MSI,MINE_UKWA_08,ZONE_UKW_03,0.28,-0.183,32.3,61.3,7.8,CLEAR,2025-12-20T10:30:00Z
Sentinel-2 MSI,MINE_UKWA_08,ZONE_UKW_04,0.25,-0.21,31.7,52.5,7.5,CLEAR,2025-12-20T10:30:00Z
Sentinel-2 MSI,MINE_UKWA_08,ZONE_UKW_05,0.439,-0.178,39.1,26.0,1.2,CLEAR,2025-12-20T10:30:00Z
Sentinel-2 MSI,MINE_SITAPATORE_09,ZONE_STP_01,0.223,-0.096,34.4,39.6,3.6,CLEAR,2025-12-20T10:30:00Z
Sentinel-2 MSI,MINE_SITAPATORE_09,ZONE_STP_02,0.244,0.003,32.1,38.1,6.9,CLEAR,2025-12-20T10:30:00Z
Sentinel-2 MSI,MINE_SITAPATORE_09,ZONE_STP_03,0.223,-0.194,33.4,62.9,3.1,CLEAR,2025-12-20T10:30:00Z
Sentinel-2 MSI,MINE_SITAPATORE_09,ZONE_STP_04,0.343,0.014,38.1,44.7,1.8,CLEAR,2025-12-20T10:30:00Z
Sentinel-2 MSI,MINE_BELDONGRI_10,ZONE_BLD_01,0.212,-0.039,33.6,38.3,4.8,CLEAR,2025-12-20T10:30:00Z
Sentinel-2 MSI,MINE_BELDONGRI_10,ZONE_BLD_02,0.326,-0.178,34.1,38.3,6.0,CLEAR,2025-12-20T10:30:00Z
Sentinel-2 MSI,MINE_BELDONGRI_10,ZONE_BLD_03,0.328,-0.151,40.0,31.4,1.3,CLEAR,2025-12-20T10:30:00Z
Sentinel-2 MSI,MINE_BELDONGRI_10,ZONE_BLD_04,0.476,-0.097,35.4,39.7,6.8,CLEAR,2025-12-20T10:30:00Z
Sentinel-2 MSI,MINE_BALAGHAT_01,ZONE_NORTH_A,0.137,0.069,35.8,25.4,2.4,CLEAR,2025-12-24T10:30:00Z
Sentinel-2 MSI,MINE_BALAGHAT_01,ZONE_CENTRAL_B,0.164,-0.246,39.7,67.8,2.7,CLEAR,2025-12-24T10:30:00Z
Sentinel-2 MSI,MINE_BALAGHAT_01,ZONE_SOUTH_C,0.225,-0.2,38.7,29.9,0.3,CLEAR,2025-12-24T10:30:00Z
Sentinel-2 MSI,MINE_BALAGHAT_01,ZONE_EAST_D,0.29,-0.101,41.6,28.8,2.3,CLEAR,2025-12-24T10:30:00Z
Sentinel-2 MSI,MINE_BALAGHAT_01,ZONE_WEST_E,0.392,-0.232,33.3,44.2,4.9,CLEAR,2025-12-24T10:30:00Z
Sentinel-2 MSI,MINE_GUMGAON_02,ZONE_GMG_01,0.341,-0.021,34.8,54.0,1.5,CLEAR,2025-12-24T10:30:00Z
Sentinel-2 MSI,MINE_GUMGAON_02,ZONE_GMG_02,0.328,0.031,37.5,64.0,1.8,CLEAR,2025-12-24T10:30:00Z
Sentinel-2 MSI,MINE_GUMGAON_02,ZONE_GMG_03,0.216,-0.234,34.2,60.9,1.9,CLEAR,2025-12-24T10:30:00Z
Sentinel-2 MSI,MINE_GUMGAON_02,ZONE_GMG_04,0.333,-0.039,32.2,26.2,6.2,CLEAR,2025-12-24T10:30:00Z
Sentinel-2 MSI,MINE_TIRODI_03,ZONE_TRD_01,0.184,0.082,33.8,59.3,2.0,CLEAR,2025-12-24T10:30:00Z
Sentinel-2 MSI,MINE_TIRODI_03,ZONE_TRD_02,0.129,-0.242,38.9,31.8,5.1,CLEAR,2025-12-24T10:30:00Z
Sentinel-2 MSI,MINE_TIRODI_03,ZONE_TRD_03,0.292,0.026,38.4,41.1,4.4,CLEAR,2025-12-24T10:30:00Z
Sentinel-2 MSI,MINE_TIRODI_03,ZONE_TRD_04,0.28,-0.071,34.1,55.0,3.0,CLEAR,2025-12-24T10:30:00Z
Sentinel-2 MSI,MINE_TIRODI_03,ZONE_TRD_05,0.376,-0.074,41.4,32.3,2.1,CLEAR,2025-12-24T10:30:00Z
Sentinel-2 MSI,MINE_DONGRI_04,ZONE_DGB_01,0.146,-0.053,34.5,50.2,4.6,CLEAR,2025-12-24T10:30:00Z
Sentinel-2 MSI,MINE_DONGRI_04,ZONE_DGB_02,0.197,-0.001,33.1,38.1,2.3,CLEAR,2025-12-24T10:30:00Z
Sentinel-2 MSI,MINE_DONGRI_04,ZONE_DGB_03,0.224,-0.047,41.8,55.6,6.8,CLEAR,2025-12-24T10:30:00Z
Sentinel-2 MSI,MINE_DONGRI_04,ZONE_DGB_04,0.232,-0.064,39.6,37.0,4.1,CLEAR,2025-12-24T10:30:00Z
Sentinel-2 MSI,MINE_DONGRI_04,ZONE_DGB_05,0.288,-0.077,38.1,37.1,6.5,CLEAR,2025-12-24T10:30:00Z
Sentinel-2 MSI,MINE_KANDRI_05,ZONE_KND_01,0.333,-0.091,40.3,62.2,7.3,CLEAR,2025-12-24T10:30:00Z
Sentinel-2 MSI,MINE_KANDRI_05,ZONE_KND_02,0.272,-0.187,33.8,24.6,4.1,CLEAR,2025-12-24T10:30:00Z
Sentinel-2 MSI,MINE_KANDRI_05,ZONE_KND_03,0.25,-0.248,40.3,66.3,4.2,CLEAR,2025-12-24T10:30:00Z
Sentinel-2 MSI,MINE_KANDRI_05,ZONE_KND_04,0.444,0.06,33.1,27.0,6.8,CLEAR,2025-12-24T10:30:00Z
Sentinel-2 MSI,MINE_MANSAR_06,ZONE_MSR_01,0.334,0.066,38.2,61.4,6.4,CLEAR,2025-12-24T10:30:00Z
Sentinel-2 MSI,MINE_MANSAR_06,ZONE_MSR_02,0.262,-0.225,38.6,47.9,4.7,CLEAR,2025-12-24T10:30:00Z
Sentinel-2 MSI,MINE_MANSAR_06,ZONE_MSR_03,0.27,-0.19,35.3,26.9,7.0,CLEAR,2025-12-24T10:30:00Z
Sentinel-2 MSI,MINE_MANSAR_06,ZONE_MSR_04,0.309,0.005,37.5,58.4,6.9,CLEAR,2025-12-24T10:30:00Z
Sentinel-2 MSI,MINE_CHIKLA_07,ZONE_CHK_01,0.184,-0.183,30.9,57.3,6.8,CLEAR,2025-12-24T10:30:00Z
Sentinel-2 MSI,MINE_CHIKLA_07,ZONE_CHK_02,0.253,-0.231,32.4,30.3,4.5,CLEAR,2025-12-24T10:30:00Z
Sentinel-2 MSI,MINE_CHIKLA_07,ZONE_CHK_03,0.237,-0.223,38.2,22.9,2.3,CLEAR,2025-12-24T10:30:00Z
Sentinel-2 MSI,MINE_CHIKLA_07,ZONE_CHK_04,0.321,-0.154,41.6,50.6,3.9,CLEAR,2025-12-24T10:30:00Z
Sentinel-2 MSI,MINE_CHIKLA_07,ZONE_CHK_05,0.307,0.041,37.9,25.3,0.5,CLEAR,2025-12-24T10:30:00Z
Sentinel-2 MSI,MINE_UKWA_08,ZONE_UKW_01,0.163,-0.135,41.4,39.8,6.2,CLEAR,2025-12-24T10:30:00Z
Sentinel-2 MSI,MINE_UKWA_08,ZONE_UKW_02,0.233,-0.002,39.3,55.3,7.1,CLEAR,2025-12-24T10:30:00Z
Sentinel-2 MSI,MINE_UKWA_08,ZONE_UKW_03,0.24,-0.225,31.1,25.6,1.5,CLEAR,2025-12-24T10:30:00Z
Sentinel-2 MSI,MINE_UKWA_08,ZONE_UKW_04,0.205,-0.163,38.5,23.3,3.7,CLEAR,2025-12-24T10:30:00Z
Sentinel-2 MSI,MINE_UKWA_08,ZONE_UKW_05,0.405,-0.106,35.5,24.6,3.7,CLEAR,2025-12-24T10:30:00Z
Sentinel-2 MSI,MINE_SITAPATORE_09,ZONE_STP_01,0.32,-0.168,32.6,51.3,7.8,CLEAR,2025-12-24T10:30:00Z
Sentinel-2 MSI,MINE_SITAPATORE_09,ZONE_STP_02,0.32,0.028,35.4,50.0,3.9,CLEAR,2025-12-24T10:30:00Z
Sentinel-2 MSI,MINE_SITAPATORE_09,ZONE_STP_03,0.262,-0.233,30.5,66.6,5.1,CLEAR,2025-12-24T10:30:00Z
Sentinel-2 MSI,MINE_SITAPATORE_09,ZONE_STP_04,0.337,0.035,35.6,24.4,4.8,CLEAR,2025-12-24T10:30:00Z
Sentinel-2 MSI,MINE_BELDONGRI_10,ZONE_BLD_01,0.269,-0.228,32.6,39.0,5.4,CLEAR,2025-12-24T10:30:00Z
Sentinel-2 MSI,MINE_BELDONGRI_10,ZONE_BLD_02,0.317,-0.117,40.4,47.0,3.0,CLEAR,2025-12-24T10:30:00Z
Sentinel-2 MSI,MINE_BELDONGRI_10,ZONE_BLD_03,0.2,0.069,39.4,59.3,0.3,CLEAR,2025-12-24T10:30:00Z
Sentinel-2 MSI,MINE_BELDONGRI_10,ZONE_BLD_04,0.4,0.04,31.2,64.3,6.0,CLEAR,2025-12-24T10:30:00Z
Sentinel-2 MSI,MINE_BALAGHAT_01,ZONE_NORTH_A,0.133,-0.209,38.4,47.7,1.7,CLEAR,2025-12-28T10:30:00Z
Sentinel-2 MSI,MINE_BALAGHAT_01,ZONE_CENTRAL_B,0.218,-0.035,33.8,60.9,0.3,CLEAR,2025-12-28T10:30:00Z
Sentinel-2 MSI,MINE_BALAGHAT_01,ZONE_SOUTH_C,0.338,0.041,39.1,63.1,7.3,CLEAR,2025-12-28T10:30:00Z
Sentinel-2 MSI,MINE_BALAGHAT_01,ZONE_EAST_D,0.31,-0.052,39.5,55.4,0.9,CLEAR,2025-12-28T10:30:00Z
Sentinel-2 MSI,MINE_BALAGHAT_01,ZONE_WEST_E,0.445,0.071,35.2,45.8,3.8,CLEAR,2025-12-28T10:30:00Z
Sentinel-2 MSI,MINE_GUMGAON_02,ZONE_GMG_01,0.21,0.044,31.3,50.2,0.6,CLEAR,2025-12-28T10:30:00Z
Sentinel-2 MSI,MINE_GUMGAON_02,ZONE_GMG_02,0.319,0.079,41.9,32.6,1.4,CLEAR,2025-12-28T10:30:00Z
Sentinel-2 MSI,MINE_GUMGAON_02,ZONE_GMG_03,0.222,-0.197,31.3,39.5,6.2,CLEAR,2025-12-28T10:30:00Z
Sentinel-2 MSI,MINE_GUMGAON_02,ZONE_GMG_04,0.337,0.071,41.2,45.3,3.1,CLEAR,2025-12-28T10:30:00Z
Sentinel-2 MSI,MINE_TIRODI_03,ZONE_TRD_01,0.163,-0.199,30.8,62.2,0.2,CLEAR,2025-12-28T10:30:00Z
Sentinel-2 MSI,MINE_TIRODI_03,ZONE_TRD_02,0.198,0.034,33.0,35.9,6.5,CLEAR,2025-12-28T10:30:00Z
Sentinel-2 MSI,MINE_TIRODI_03,ZONE_TRD_03,0.259,-0.136,41.7,54.5,7.4,CLEAR,2025-12-28T10:30:00Z
Sentinel-2 MSI,MINE_TIRODI_03,ZONE_TRD_04,0.224,0.001,40.1,52.5,6.3,CLEAR,2025-12-28T10:30:00Z
Sentinel-2 MSI,MINE_TIRODI_03,ZONE_TRD_05,0.467,0.042,33.2,46.1,2.7,CLEAR,2025-12-28T10:30:00Z
Sentinel-2 MSI,MINE_DONGRI_04,ZONE_DGB_01,0.167,-0.129,40.0,37.1,7.9,CLEAR,2025-12-28T10:30:00Z
Sentinel-2 MSI,MINE_DONGRI_04,ZONE_DGB_02,0.137,-0.2,33.0,57.3,3.4,CLEAR,2025-12-28T10:30:00Z
Sentinel-2 MSI,MINE_DONGRI_04,ZONE_DGB_03,0.237,-0.119,32.7,52.3,5.0,CLEAR,2025-12-28T10:30:00Z
Sentinel-2 MSI,MINE_DONGRI_04,ZONE_DGB_04,0.243,-0.095,41.3,60.8,7.7,CLEAR,2025-12-28T10:30:00Z
Sentinel-2 MSI,MINE_DONGRI_04,ZONE_DGB_05,0.223,-0.196,34.8,53.7,4.9,CLEAR,2025-12-28T10:30:00Z
Sentinel-2 MSI,MINE_KANDRI_05,ZONE_KND_01,0.296,-0.245,31.3,46.1,3.6,CLEAR,2025-12-28T10:30:00Z
Sentinel-2 MSI,MINE_KANDRI_05,ZONE_KND_02,0.325,0.025,35.5,36.1,7.1,CLEAR,2025-12-28T10:30:00Z
Sentinel-2 MSI,MINE_KANDRI_05,ZONE_KND_03,0.227,0.011,36.7,45.0,1.6,CLEAR,2025-12-28T10:30:00Z
Sentinel-2 MSI,MINE_KANDRI_05,ZONE_KND_04,0.33,0.072,40.8,50.2,1.8,CLEAR,2025-12-28T10:30:00Z
Sentinel-2 MSI,MINE_MANSAR_06,ZONE_MSR_01,0.305,0.07,35.0,61.9,6.1,CLEAR,2025-12-28T10:30:00Z
Sentinel-2 MSI,MINE_MANSAR_06,ZONE_MSR_02,0.266,-0.051,30.4,29.2,6.3,CLEAR,2025-12-28T10:30:00Z
Sentinel-2 MSI,MINE_MANSAR_06,ZONE_MSR_03,0.291,-0.098,37.8,60.8,4.8,CLEAR,2025-12-28T10:30:00Z
Sentinel-2 MSI,MINE_MANSAR_06,ZONE_MSR_04,0.336,-0.027,33.1,54.9,1.0,CLEAR,2025-12-28T10:30:00Z
Sentinel-2 MSI,MINE_CHIKLA_07,ZONE_CHK_01,0.162,0.038,37.1,61.8,7.9,CLEAR,2025-12-28T10:30:00Z
Sentinel-2 MSI,MINE_CHIKLA_07,ZONE_CHK_02,0.346,-0.027,40.2,55.7,7.3,CLEAR,2025-12-28T10:30:00Z
Sentinel-2 MSI,MINE_CHIKLA_07,ZONE_CHK_03,0.252,-0.088,41.4,33.3,6.5,CLEAR,2025-12-28T10:30:00Z
Sentinel-2 MSI,MINE_CHIKLA_07,ZONE_CHK_04,0.295,-0.211,32.4,29.7,4.0,CLEAR,2025-12-28T10:30:00Z
Sentinel-2 MSI,MINE_CHIKLA_07,ZONE_CHK_05,0.287,-0.028,32.1,63.8,3.7,CLEAR,2025-12-28T10:30:00Z
Sentinel-2 MSI,MINE_UKWA_08,ZONE_UKW_01,0.141,0.078,39.3,59.1,6.1,CLEAR,2025-12-28T10:30:00Z
Sentinel-2 MSI,MINE_UKWA_08,ZONE_UKW_02,0.264,-0.138,39.1,46.6,2.3,CLEAR,2025-12-28T10:30:00Z
Sentinel-2 MSI,MINE_UKWA_08,ZONE_UKW_03,0.275,-0.143,37.1,58.8,7.8,CLEAR,2025-12-28T10:30:00Z
Sentinel-2 MSI,MINE_UKWA_08,ZONE_UKW_04,0.303,-0.13,33.3,24.7,7.1,CLEAR,2025-12-28T10:30:00Z
Sentinel-2 MSI,MINE_UKWA_08,ZONE_UKW_05,0.325,-0.24,37.7,61.1,1.9,CLEAR,2025-12-28T10:30:00Z
Sentinel-2 MSI,MINE_SITAPATORE_09,ZONE_STP_01,0.262,0.015,40.7,47.9,2.9,CLEAR,2025-12-28T10:30:00Z
Sentinel-2 MSI,MINE_SITAPATORE_09,ZONE_STP_02,0.337,-0.056,36.6,67.2,1.7,CLEAR,2025-12-28T10:30:00Z
Sentinel-2 MSI,MINE_SITAPATORE_09,ZONE_STP_03,0.347,-0.143,41.5,55.3,1.7,CLEAR,2025-12-28T10:30:00Z
Sentinel-2 MSI,MINE_SITAPATORE_09,ZONE_STP_04,0.258,-0.07,31.9,28.1,6.1,CLEAR,2025-12-28T10:30:00Z
Sentinel-2 MSI,MINE_BELDONGRI_10,ZONE_BLD_01,0.29,0.007,35.0,38.8,3.9,CLEAR,2025-12-28T10:30:00Z
Sentinel-2 MSI,MINE_BELDONGRI_10,ZONE_BLD_02,0.255,-0.038,37.6,52.6,7.8,CLEAR,2025-12-28T10:30:00Z
Sentinel-2 MSI,MINE_BELDONGRI_10,ZONE_BLD_03,0.347,0.044,37.4,22.0,1.6,CLEAR,2025-12-28T10:30:00Z
Sentinel-2 MSI,MINE_BELDONGRI_10,ZONE_BLD_04,0.45,-0.087,34.8,58.4,0.6,CLEAR,2025-12-28T10:30:00Z
Sentinel-2 MSI,MINE_BALAGHAT_01,ZONE_NORTH_A,0.157,-0.09,41.6,26.6,2.5,CLEAR,2026-01-01T10:30:00Z
Sentinel-2 MSI,MINE_BALAGHAT_01,ZONE_CENTRAL_B,0.129,0.074,34.3,57.5,0.9,CLEAR,2026-01-01T10:30:00Z
Sentinel-2 MSI,MINE_BALAGHAT_01,ZONE_SOUTH_C,0.257,-0.196,30.8,33.2,2.2,CLEAR,2026-01-01T10:30:00Z
Sentinel-2 MSI,MINE_BALAGHAT_01,ZONE_EAST_D,0.282,-0.21,36.5,62.3,7.4,CLEAR,2026-01-01T10:30:00Z
Sentinel-2 MSI,MINE_BALAGHAT_01,ZONE_WEST_E,0.374,-0.048,30.8,31.3,4.8,CLEAR,2026-01-01T10:30:00Z
Sentinel-2 MSI,MINE_GUMGAON_02,ZONE_GMG_01,0.332,-0.122,34.4,42.2,5.9,CLEAR,2026-01-01T10:30:00Z
Sentinel-2 MSI,MINE_GUMGAON_02,ZONE_GMG_02,0.313,0.016,31.4,58.9,0.5,CLEAR,2026-01-01T10:30:00Z
Sentinel-2 MSI,MINE_GUMGAON_02,ZONE_GMG_03,0.298,-0.039,40.0,24.9,5.2,CLEAR,2026-01-01T10:30:00Z
Sentinel-2 MSI,MINE_GUMGAON_02,ZONE_GMG_04,0.328,-0.147,30.2,28.4,3.9,CLEAR,2026-01-01T10:30:00Z
Sentinel-2 MSI,MINE_TIRODI_03,ZONE_TRD_01,0.134,-0.245,34.5,40.3,2.3,CLEAR,2026-01-01T10:30:00Z
Sentinel-2 MSI,MINE_TIRODI_03,ZONE_TRD_02,0.165,-0.105,32.3,22.4,5.1,CLEAR,2026-01-01T10:30:00Z
Sentinel-2 MSI,MINE_TIRODI_03,ZONE_TRD_03,0.226,0.052,41.2,62.1,6.5,CLEAR,2026-01-01T10:30:00Z
Sentinel-2 MSI,MINE_TIRODI_03,ZONE_TRD_04,0.263,-0.171,37.7,26.0,2.0,CLEAR,2026-01-01T10:30:00Z
Sentinel-2 MSI,MINE_TIRODI_03,ZONE_TRD_05,0.439,-0.089,32.7,49.4,6.9,CLEAR,2026-01-01T10:30:00Z
Sentinel-2 MSI,MINE_DONGRI_04,ZONE_DGB_01,0.208,-0.083,30.9,27.0,6.8,CLEAR,2026-01-01T10:30:00Z
Sentinel-2 MSI,MINE_DONGRI_04,ZONE_DGB_02,0.216,-0.099,40.7,28.2,1.8,CLEAR,2026-01-01T10:30:00Z
Sentinel-2 MSI,MINE_DONGRI_04,ZONE_DGB_03,0.319,-0.015,39.6,55.6,7.1,CLEAR,2026-01-01T10:30:00Z
Sentinel-2 MSI,MINE_DONGRI_04,ZONE_DGB_04,0.242,-0.18,38.8,60.4,5.8,CLEAR,2026-01-01T10:30:00Z
Sentinel-2 MSI,MINE_DONGRI_04,ZONE_DGB_05,0.331,-0.228,36.0,54.6,1.1,CLEAR,2026-01-01T10:30:00Z
Sentinel-2 MSI,MINE_KANDRI_05,ZONE_KND_01,0.281,-0.042,33.8,36.3,0.4,CLEAR,2026-01-01T10:30:00Z
Sentinel-2 MSI,MINE_KANDRI_05,ZONE_KND_02,0.28,-0.02,33.1,47.7,4.7,CLEAR,2026-01-01T10:30:00Z
Sentinel-2 MSI,MINE_KANDRI_05,ZONE_KND_03,0.273,-0.132,39.6,65.6,3.9,CLEAR,2026-01-01T10:30:00Z
Sentinel-2 MSI,MINE_KANDRI_05,ZONE_KND_04,0.452,-0.022,34.0,49.9,7.3,CLEAR,2026-01-01T10:30:00Z
Sentinel-2 MSI,MINE_MANSAR_06,ZONE_MSR_01,0.283,-0.044,32.1,64.6,2.3,CLEAR,2026-01-01T10:30:00Z
Sentinel-2 MSI,MINE_MANSAR_06,ZONE_MSR_02,0.252,-0.147,38.7,65.1,1.2,CLEAR,2026-01-01T10:30:00Z
Sentinel-2 MSI,MINE_MANSAR_06,ZONE_MSR_03,0.203,-0.211,37.6,50.1,0.9,CLEAR,2026-01-01T10:30:00Z
Sentinel-2 MSI,MINE_MANSAR_06,ZONE_MSR_04,0.314,0.043,35.3,36.8,2.2,CLEAR,2026-01-01T10:30:00Z
Sentinel-2 MSI,MINE_CHIKLA_07,ZONE_CHK_01,0.141,0.009,37.8,55.2,3.5,CLEAR,2026-01-01T10:30:00Z
Sentinel-2 MSI,MINE_CHIKLA_07,ZONE_CHK_02,0.293,-0.117,41.2,66.9,3.4,CLEAR,2026-01-01T10:30:00Z
Sentinel-2 MSI,MINE_CHIKLA_07,ZONE_CHK_03,0.227,0.025,32.8,37.6,1.9,CLEAR,2026-01-01T10:30:00Z
Sentinel-2 MSI,MINE_CHIKLA_07,ZONE_CHK_04,0.339,0.042,30.4,52.9,7.2,CLEAR,2026-01-01T10:30:00Z
Sentinel-2 MSI,MINE_CHIKLA_07,ZONE_CHK_05,0.298,0.008,41.3,49.4,6.9,CLEAR,2026-01-01T10:30:00Z
Sentinel-2 MSI,MINE_UKWA_08,ZONE_UKW_01,0.138,-0.026,34.8,31.5,6.7,CLEAR,2026-01-01T10:30:00Z
Sentinel-2 MSI,MINE_UKWA_08,ZONE_UKW_02,0.273,0.011,31.3,59.6,1.3,CLEAR,2026-01-01T10:30:00Z
Sentinel-2 MSI,MINE_UKWA_08,ZONE_UKW_03,0.254,0.002,35.9,23.5,1.8,CLEAR,2026-01-01T10:30:00Z
Sentinel-2 MSI,MINE_UKWA_08,ZONE_UKW_04,0.214,0.035,30.8,38.1,3.9,CLEAR,2026-01-01T10:30:00Z
Sentinel-2 MSI,MINE_UKWA_08,ZONE_UKW_05,0.427,-0.122,32.4,28.5,2.4,CLEAR,2026-01-01T10:30:00Z
Sentinel-2 MSI,MINE_SITAPATORE_09,ZONE_STP_01,0.284,-0.188,34.0,37.6,4.6,CLEAR,2026-01-01T10:30:00Z
Sentinel-2 MSI,MINE_SITAPATORE_09,ZONE_STP_02,0.247,-0.056,40.6,43.9,3.7,CLEAR,2026-01-01T10:30:00Z
Sentinel-2 MSI,MINE_SITAPATORE_09,ZONE_STP_03,0.21,-0.137,38.2,50.0,2.8,CLEAR,2026-01-01T10:30:00Z
Sentinel-2 MSI,MINE_SITAPATORE_09,ZONE_STP_04,0.304,-0.07,37.0,64.0,7.3,CLEAR,2026-01-01T10:30:00Z
Sentinel-2 MSI,MINE_BELDONGRI_10,ZONE_BLD_01,0.318,-0.152,40.8,57.7,1.4,CLEAR,2026-01-01T10:30:00Z
Sentinel-2 MSI,MINE_BELDONGRI_10,ZONE_BLD_02,0.265,0.003,35.8,50.1,6.3,CLEAR,2026-01-01T10:30:00Z
Sentinel-2 MSI,MINE_BELDONGRI_10,ZONE_BLD_03,0.23,0.023,40.3,41.8,6.1,CLEAR,2026-01-01T10:30:00Z
Sentinel-2 MSI,MINE_BELDONGRI_10,ZONE_BLD_04,0.32,-0.04,31.7,47.3,5.3,CLEAR,2026-01-01T10:30:00Z
Sentinel-2 MSI,MINE_BALAGHAT_01,ZONE_NORTH_A,0.186,-0.004,36.7,29.0,5.6,CLEAR,2026-01-05T10:30:00Z
Sentinel-2 MSI,MINE_BALAGHAT_01,ZONE_CENTRAL_B,0.168,-0.214,32.7,52.2,6.3,CLEAR,2026-01-05T10:30:00Z
Sentinel-2 MSI,MINE_BALAGHAT_01,ZONE_SOUTH_C,0.207,-0.044,40.3,56.4,2.8,CLEAR,2026-01-05T10:30:00Z
Sentinel-2 MSI,MINE_BALAGHAT_01,ZONE_EAST_D,0.324,-0.119,37.1,53.5,5.1,CLEAR,2026-01-05T10:30:00Z
Sentinel-2 MSI,MINE_BALAGHAT_01,ZONE_WEST_E,0.479,-0.059,41.6,56.0,4.1,CLEAR,2026-01-05T10:30:00Z
Sentinel-2 MSI,MINE_GUMGAON_02,ZONE_GMG_01,0.285,-0.154,30.9,35.1,4.6,CLEAR,2026-01-05T10:30:00Z
Sentinel-2 MSI,MINE_GUMGAON_02,ZONE_GMG_02,0.231,0.018,31.0,36.7,6.1,CLEAR,2026-01-05T10:30:00Z
Sentinel-2 MSI,MINE_GUMGAON_02,ZONE_GMG_03,0.306,-0.139,41.6,29.8,6.0,CLEAR,2026-01-05T10:30:00Z
Sentinel-2 MSI,MINE_GUMGAON_02,ZONE_GMG_04,0.219,-0.069,34.7,53.9,6.3,CLEAR,2026-01-05T10:30:00Z
Sentinel-2 MSI,MINE_TIRODI_03,ZONE_TRD_01,0.192,0.013,34.9,29.8,5.5,CLEAR,2026-01-05T10:30:00Z
Sentinel-2 MSI,MINE_TIRODI_03,ZONE_TRD_02,0.194,-0.058,40.4,28.7,5.3,CLEAR,2026-01-05T10:30:00Z
Sentinel-2 MSI,MINE_TIRODI_03,ZONE_TRD_03,0.264,-0.126,31.1,54.0,0.5,CLEAR,2026-01-05T10:30:00Z
Sentinel-2 MSI,MINE_TIRODI_03,ZONE_TRD_04,0.266,0.034,39.6,45.7,3.5,CLEAR,2026-01-05T10:30:00Z
Sentinel-2 MSI,MINE_TIRODI_03,ZONE_TRD_05,0.424,-0.148,33.5,36.8,2.2,CLEAR,2026-01-05T10:30:00Z
Sentinel-2 MSI,MINE_DONGRI_04,ZONE_DGB_01,0.212,-0.18,30.0,51.7,6.3,CLEAR,2026-01-05T10:30:00Z
Sentinel-2 MSI,MINE_DONGRI_04,ZONE_DGB_02,0.201,0.017,41.6,56.0,3.8,CLEAR,2026-01-05T10:30:00Z
Sentinel-2 MSI,MINE_DONGRI_04,ZONE_DGB_03,0.244,-0.023,33.5,41.3,6.7,CLEAR,2026-01-05T10:30:00Z
Sentinel-2 MSI,MINE_DONGRI_04,ZONE_DGB_04,0.324,-0.129,31.2,31.7,3.2,CLEAR,2026-01-05T10:30:00Z
Sentinel-2 MSI,MINE_DONGRI_04,ZONE_DGB_05,0.23,-0.189,34.4,61.5,7.6,CLEAR,2026-01-05T10:30:00Z
Sentinel-2 MSI,MINE_KANDRI_05,ZONE_KND_01,0.236,-0.098,30.5,43.0,2.8,CLEAR,2026-01-05T10:30:00Z
Sentinel-2 MSI,MINE_KANDRI_05,ZONE_KND_02,0.303,0.035,34.8,24.6,8.0,CLEAR,2026-01-05T10:30:00Z
Sentinel-2 MSI,MINE_KANDRI_05,ZONE_KND_03,0.228,0.067,34.0,43.0,7.9,CLEAR,2026-01-05T10:30:00Z
Sentinel-2 MSI,MINE_KANDRI_05,ZONE_KND_04,0.388,-0.234,34.6,51.5,2.9,CLEAR,2026-01-05T10:30:00Z
Sentinel-2 MSI,MINE_MANSAR_06,ZONE_MSR_01,0.277,-0.124,31.8,25.8,0.4,CLEAR,2026-01-05T10:30:00Z
Sentinel-2 MSI,MINE_MANSAR_06,ZONE_MSR_02,0.277,-0.107,34.2,61.0,1.7,CLEAR,2026-01-05T10:30:00Z
Sentinel-2 MSI,MINE_MANSAR_06,ZONE_MSR_03,0.258,0.092,36.0,61.8,5.2,CLEAR,2026-01-05T10:30:00Z
Sentinel-2 MSI,MINE_MANSAR_06,ZONE_MSR_04,0.239,-0.187,33.3,53.0,6.7,CLEAR,2026-01-05T10:30:00Z
Sentinel-2 MSI,MINE_CHIKLA_07,ZONE_CHK_01,0.14,-0.097,33.4,60.8,2.5,CLEAR,2026-01-05T10:30:00Z
Sentinel-2 MSI,MINE_CHIKLA_07,ZONE_CHK_02,0.318,-0.114,30.1,62.6,4.4,CLEAR,2026-01-05T10:30:00Z
Sentinel-2 MSI,MINE_CHIKLA_07,ZONE_CHK_03,0.303,-0.247,36.2,26.9,5.1,CLEAR,2026-01-05T10:30:00Z
Sentinel-2 MSI,MINE_CHIKLA_07,ZONE_CHK_04,0.28,-0.057,37.1,54.7,4.7,CLEAR,2026-01-05T10:30:00Z
Sentinel-2 MSI,MINE_CHIKLA_07,ZONE_CHK_05,0.296,-0.083,36.8,45.3,4.6,CLEAR,2026-01-05T10:30:00Z
Sentinel-2 MSI,MINE_UKWA_08,ZONE_UKW_01,0.142,0.044,31.3,50.1,3.8,CLEAR,2026-01-05T10:30:00Z
Sentinel-2 MSI,MINE_UKWA_08,ZONE_UKW_02,0.291,-0.216,34.0,26.5,4.2,CLEAR,2026-01-05T10:30:00Z
Sentinel-2 MSI,MINE_UKWA_08,ZONE_UKW_03,0.211,0.008,35.5,56.2,0.8,CLEAR,2026-01-05T10:30:00Z
Sentinel-2 MSI,MINE_UKWA_08,ZONE_UKW_04,0.205,-0.068,38.6,53.4,2.6,CLEAR,2026-01-05T10:30:00Z
Sentinel-2 MSI,MINE_UKWA_08,ZONE_UKW_05,0.34,-0.106,33.7,58.0,2.7,CLEAR,2026-01-05T10:30:00Z
Sentinel-2 MSI,MINE_SITAPATORE_09,ZONE_STP_01,0.303,-0.035,32.0,26.9,6.4,CLEAR,2026-01-05T10:30:00Z
Sentinel-2 MSI,MINE_SITAPATORE_09,ZONE_STP_02,0.325,0.055,34.0,56.5,3.9,CLEAR,2026-01-05T10:30:00Z
Sentinel-2 MSI,MINE_SITAPATORE_09,ZONE_STP_03,0.273,-0.223,31.0,50.3,6.4,CLEAR,2026-01-05T10:30:00Z
Sentinel-2 MSI,MINE_SITAPATORE_09,ZONE_STP_04,0.335,-0.051,31.4,37.0,5.7,CLEAR,2026-01-05T10:30:00Z
Sentinel-2 MSI,MINE_BELDONGRI_10,ZONE_BLD_01,0.319,-0.079,41.4,58.8,6.3,CLEAR,2026-01-05T10:30:00Z
Sentinel-2 MSI,MINE_BELDONGRI_10,ZONE_BLD_02,0.252,-0.034,41.4,41.5,3.0,CLEAR,2026-01-05T10:30:00Z
Sentinel-2 MSI,MINE_BELDONGRI_10,ZONE_BLD_03,0.214,-0.068,31.5,42.1,7.0,CLEAR,2026-01-05T10:30:00Z
Sentinel-2 MSI,MINE_BELDONGRI_10,ZONE_BLD_04,0.42,-0.132,34.6,49.4,3.6,CLEAR,2026-01-05T10:30:00Z
Sentinel-2 MSI,MINE_BALAGHAT_01,ZONE_NORTH_A,0.167,0.019,33.0,53.9,3.3,CLEAR,2026-01-09T10:30:00Z
Sentinel-2 MSI,MINE_BALAGHAT_01,ZONE_CENTRAL_B,0.174,0.054,41.8,31.0,1.0,CLEAR,2026-01-09T10:30:00Z
Sentinel-2 MSI,MINE_BALAGHAT_01,ZONE_SOUTH_C,0.318,-0.242,32.4,40.5,5.7,CLEAR,2026-01-09T10:30:00Z
Sentinel-2 MSI,MINE_BALAGHAT_01,ZONE_EAST_D,0.247,-0.043,40.1,66.2,3.5,CLEAR,2026-01-09T10:30:00Z
Sentinel-2 MSI,MINE_BALAGHAT_01,ZONE_WEST_E,0.391,-0.024,33.5,54.2,2.4,CLEAR,2026-01-09T10:30:00Z
Sentinel-2 MSI,MINE_GUMGAON_02,ZONE_GMG_01,0.238,-0.2,36.2,62.9,8.0,CLEAR,2026-01-09T10:30:00Z
Sentinel-2 MSI,MINE_GUMGAON_02,ZONE_GMG_02,0.233,0.093,37.9,26.9,1.0,CLEAR,2026-01-09T10:30:00Z
Sentinel-2 MSI,MINE_GUMGAON_02,ZONE_GMG_03,0.249,-0.136,36.5,44.5,3.8,CLEAR,2026-01-09T10:30:00Z
Sentinel-2 MSI,MINE_GUMGAON_02,ZONE_GMG_04,0.323,0.065,34.2,32.0,0.5,CLEAR,2026-01-09T10:30:00Z
Sentinel-2 MSI,MINE_TIRODI_03,ZONE_TRD_01,0.127,-0.141,38.0,39.2,4.4,CLEAR,2026-01-09T10:30:00Z
Sentinel-2 MSI,MINE_TIRODI_03,ZONE_TRD_02,0.186,-0.137,35.0,47.9,3.4,CLEAR,2026-01-09T10:30:00Z
Sentinel-2 MSI,MINE_TIRODI_03,ZONE_TRD_03,0.312,-0.059,39.5,35.5,7.1,CLEAR,2026-01-09T10:30:00Z
Sentinel-2 MSI,MINE_TIRODI_03,ZONE_TRD_04,0.212,-0.142,32.0,56.2,5.1,CLEAR,2026-01-09T10:30:00Z
Sentinel-2 MSI,MINE_TIRODI_03,ZONE_TRD_05,0.403,-0.006,40.8,51.4,2.1,CLEAR,2026-01-09T10:30:00Z
Sentinel-2 MSI,MINE_DONGRI_04,ZONE_DGB_01,0.203,-0.241,34.4,43.1,7.2,CLEAR,2026-01-09T10:30:00Z
Sentinel-2 MSI,MINE_DONGRI_04,ZONE_DGB_02,0.181,0.004,41.7,65.4,3.4,CLEAR,2026-01-09T10:30:00Z
Sentinel-2 MSI,MINE_DONGRI_04,ZONE_DGB_03,0.257,-0.102,31.9,54.8,0.3,CLEAR,2026-01-09T10:30:00Z
Sentinel-2 MSI,MINE_DONGRI_04,ZONE_DGB_04,0.263,-0.075,30.6,32.9,4.9,CLEAR,2026-01-09T10:30:00Z
Sentinel-2 MSI,MINE_DONGRI_04,ZONE_DGB_05,0.232,-0.118,40.3,44.4,2.0,CLEAR,2026-01-09T10:30:00Z
Sentinel-2 MSI,MINE_KANDRI_05,ZONE_KND_01,0.327,-0.238,38.8,67.6,4.5,CLEAR,2026-01-09T10:30:00Z
Sentinel-2 MSI,MINE_KANDRI_05,ZONE_KND_02,0.23,-0.086,31.5,57.5,0.9,CLEAR,2026-01-09T10:30:00Z
Sentinel-2 MSI,MINE_KANDRI_05,ZONE_KND_03,0.228,-0.003,40.8,32.0,7.3,CLEAR,2026-01-09T10:30:00Z
Sentinel-2 MSI,MINE_KANDRI_05,ZONE_KND_04,0.364,-0.032,32.9,55.9,4.1,CLEAR,2026-01-09T10:30:00Z
Sentinel-2 MSI,MINE_MANSAR_06,ZONE_MSR_01,0.272,-0.011,41.0,44.3,5.5,CLEAR,2026-01-09T10:30:00Z
Sentinel-2 MSI,MINE_MANSAR_06,ZONE_MSR_02,0.338,0.035,41.0,31.7,5.3,CLEAR,2026-01-09T10:30:00Z
Sentinel-2 MSI,MINE_MANSAR_06,ZONE_MSR_03,0.266,-0.112,40.8,54.3,0.8,CLEAR,2026-01-09T10:30:00Z
Sentinel-2 MSI,MINE_MANSAR_06,ZONE_MSR_04,0.342,0.076,35.7,58.4,4.0,CLEAR,2026-01-09T10:30:00Z
Sentinel-2 MSI,MINE_CHIKLA_07,ZONE_CHK_01,0.211,-0.032,36.3,45.6,2.4,CLEAR,2026-01-09T10:30:00Z
Sentinel-2 MSI,MINE_CHIKLA_07,ZONE_CHK_02,0.328,-0.031,38.7,50.5,7.0,CLEAR,2026-01-09T10:30:00Z
Sentinel-2 MSI,MINE_CHIKLA_07,ZONE_CHK_03,0.27,-0.047,31.0,35.4,4.8,CLEAR,2026-01-09T10:30:00Z
Sentinel-2 MSI,MINE_CHIKLA_07,ZONE_CHK_04,0.269,0.087,40.1,41.2,5.2,CLEAR,2026-01-09T10:30:00Z
Sentinel-2 MSI,MINE_CHIKLA_07,ZONE_CHK_05,0.292,0.076,37.1,63.8,1.4,CLEAR,2026-01-09T10:30:00Z
Sentinel-2 MSI,MINE_UKWA_08,ZONE_UKW_01,0.143,0.001,39.6,26.4,4.3,CLEAR,2026-01-09T10:30:00Z
Sentinel-2 MSI,MINE_UKWA_08,ZONE_UKW_02,0.297,0.05,39.4,63.9,7.6,CLEAR,2026-01-09T10:30:00Z
Sentinel-2 MSI,MINE_UKWA_08,ZONE_UKW_03,0.314,-0.015,41.5,40.1,6.9,CLEAR,2026-01-09T10:30:00Z
Sentinel-2 MSI,MINE_UKWA_08,ZONE_UKW_04,0.281,-0.019,37.3,46.2,1.2,CLEAR,2026-01-09T10:30:00Z
Sentinel-2 MSI,MINE_UKWA_08,ZONE_UKW_05,0.323,-0.184,34.6,59.3,0.5,CLEAR,2026-01-09T10:30:00Z
Sentinel-2 MSI,MINE_SITAPATORE_09,ZONE_STP_01,0.234,-0.233,33.8,28.4,0.8,CLEAR,2026-01-09T10:30:00Z
Sentinel-2 MSI,MINE_SITAPATORE_09,ZONE_STP_02,0.241,-0.191,38.8,67.9,3.0,CLEAR,2026-01-09T10:30:00Z
Sentinel-2 MSI,MINE_SITAPATORE_09,ZONE_STP_03,0.214,0.032,32.6,30.2,4.5,CLEAR,2026-01-09T10:30:00Z
Sentinel-2 MSI,MINE_SITAPATORE_09,ZONE_STP_04,0.29,-0.083,30.6,54.8,5.0,CLEAR,2026-01-09T10:30:00Z
Sentinel-2 MSI,MINE_BELDONGRI_10,ZONE_BLD_01,0.285,0.052,30.8,23.4,2.2,CLEAR,2026-01-09T10:30:00Z
Sentinel-2 MSI,MINE_BELDONGRI_10,ZONE_BLD_02,0.346,-0.029,36.8,56.7,4.7,CLEAR,2026-01-09T10:30:00Z
Sentinel-2 MSI,MINE_BELDONGRI_10,ZONE_BLD_03,0.208,0.02,32.5,66.0,4.3,CLEAR,2026-01-09T10:30:00Z
Sentinel-2 MSI,MINE_BELDONGRI_10,ZONE_BLD_04,0.384,-0.2,39.0,42.6,3.9,CLEAR,2026-01-09T10:30:00Z
Sentinel-2 MSI,MINE_BALAGHAT_01,ZONE_NORTH_A,0.135,0.082,41.3,31.0,2.4,CLEAR,2026-01-13T10:30:00Z
Sentinel-2 MSI,MINE_BALAGHAT_01,ZONE_CENTRAL_B,0.152,0.013,41.9,55.2,7.9,CLEAR,2026-01-13T10:30:00Z
Sentinel-2 MSI,MINE_BALAGHAT_01,ZONE_SOUTH_C,0.218,0.009,41.2,64.1,5.0,CLEAR,2026-01-13T10:30:00Z
Sentinel-2 MSI,MINE_BALAGHAT_01,ZONE_EAST_D,0.303,-0.144,39.9,51.5,6.9,CLEAR,2026-01-13T10:30:00Z
Sentinel-2 MSI,MINE_BALAGHAT_01,ZONE_WEST_E,0.434,-0.123,41.8,25.1,7.0,CLEAR,2026-01-13T10:30:00Z
Sentinel-2 MSI,MINE_GUMGAON_02,ZONE_GMG_01,0.337,-0.239,39.2,48.5,0.3,CLEAR,2026-01-13T10:30:00Z
Sentinel-2 MSI,MINE_GUMGAON_02,ZONE_GMG_02,0.207,0.023,40.4,34.9,7.8,CLEAR,2026-01-13T10:30:00Z
Sentinel-2 MSI,MINE_GUMGAON_02,ZONE_GMG_03,0.268,-0.175,38.6,30.4,1.9,CLEAR,2026-01-13T10:30:00Z
Sentinel-2 MSI,MINE_GUMGAON_02,ZONE_GMG_04,0.274,-0.163,30.9,35.8,5.1,CLEAR,2026-01-13T10:30:00Z
Sentinel-2 MSI,MINE_TIRODI_03,ZONE_TRD_01,0.151,-0.148,37.5,27.7,4.1,CLEAR,2026-01-13T10:30:00Z
Sentinel-2 MSI,MINE_TIRODI_03,ZONE_TRD_02,0.21,0.055,34.7,60.9,6.1,CLEAR,2026-01-13T10:30:00Z
Sentinel-2 MSI,MINE_TIRODI_03,ZONE_TRD_03,0.318,-0.086,40.2,52.3,5.9,CLEAR,2026-01-13T10:30:00Z
Sentinel-2 MSI,MINE_TIRODI_03,ZONE_TRD_04,0.342,0.005,41.5,51.5,1.4,CLEAR,2026-01-13T10:30:00Z
Sentinel-2 MSI,MINE_TIRODI_03,ZONE_TRD_05,0.326,-0.214,31.6,63.0,4.3,CLEAR,2026-01-13T10:30:00Z
Sentinel-2 MSI,MINE_DONGRI_04,ZONE_DGB_01,0.133,-0.002,40.7,63.5,6.1,CLEAR,2026-01-13T10:30:00Z
Sentinel-2 MSI,MINE_DONGRI_04,ZONE_DGB_02,0.218,0.006,35.9,48.1,1.9,CLEAR,2026-01-13T10:30:00Z
Sentinel-2 MSI,MINE_DONGRI_04,ZONE_DGB_03,0.234,-0.154,30.7,61.9,7.5,CLEAR,2026-01-13T10:30:00Z
Sentinel-2 MSI,MINE_DONGRI_04,ZONE_DGB_04,0.288,0.036,37.5,41.3,5.2,CLEAR,2026-01-13T10:30:00Z
Sentinel-2 MSI,MINE_DONGRI_04,ZONE_DGB_05,0.295,-0.218,34.8,29.9,0.7,CLEAR,2026-01-13T10:30:00Z
Sentinel-2 MSI,MINE_KANDRI_05,ZONE_KND_01,0.253,-0.232,35.1,64.6,4.3,CLEAR,2026-01-13T10:30:00Z
Sentinel-2 MSI,MINE_KANDRI_05,ZONE_KND_02,0.303,0.023,35.2,60.5,7.4,CLEAR,2026-01-13T10:30:00Z
Sentinel-2 MSI,MINE_KANDRI_05,ZONE_KND_03,0.232,-0.071,38.4,42.6,0.8,CLEAR,2026-01-13T10:30:00Z
Sentinel-2 MSI,MINE_KANDRI_05,ZONE_KND_04,0.461,-0.088,32.1,48.5,4.6,CLEAR,2026-01-13T10:30:00Z
Sentinel-2 MSI,MINE_MANSAR_06,ZONE_MSR_01,0.229,-0.007,40.5,58.2,3.9,CLEAR,2026-01-13T10:30:00Z
Sentinel-2 MSI,MINE_MANSAR_06,ZONE_MSR_02,0.308,-0.083,38.0,56.6,3.9,CLEAR,2026-01-13T10:30:00Z
Sentinel-2 MSI,MINE_MANSAR_06,ZONE_MSR_03,0.202,-0.206,37.8,48.6,3.4,CLEAR,2026-01-13T10:30:00Z
Sentinel-2 MSI,MINE_MANSAR_06,ZONE_MSR_04,0.224,-0.153,34.0,42.4,7.9,CLEAR,2026-01-13T10:30:00Z
Sentinel-2 MSI,MINE_CHIKLA_07,ZONE_CHK_01,0.149,-0.181,38.4,22.5,4.9,CLEAR,2026-01-13T10:30:00Z
Sentinel-2 MSI,MINE_CHIKLA_07,ZONE_CHK_02,0.275,-0.027,30.5,67.4,7.7,CLEAR,2026-01-13T10:30:00Z
Sentinel-2 MSI,MINE_CHIKLA_07,ZONE_CHK_03,0.264,0.083,40.0,36.1,4.8,CLEAR,2026-01-13T10:30:00Z
Sentinel-2 MSI,MINE_CHIKLA_07,ZONE_CHK_04,0.299,0.049,35.0,51.7,6.6,CLEAR,2026-01-13T10:30:00Z
Sentinel-2 MSI,MINE_CHIKLA_07,ZONE_CHK_05,0.246,-0.022,35.8,34.5,5.7,CLEAR,2026-01-13T10:30:00Z
Sentinel-2 MSI,MINE_UKWA_08,ZONE_UKW_01,0.19,-0.247,38.7,28.5,3.0,CLEAR,2026-01-13T10:30:00Z
Sentinel-2 MSI,MINE_UKWA_08,ZONE_UKW_02,0.329,-0.109,35.6,51.8,1.7,CLEAR,2026-01-13T10:30:00Z
Sentinel-2 MSI,MINE_UKWA_08,ZONE_UKW_03,0.255,0.09,38.9,44.6,2.9,CLEAR,2026-01-13T10:30:00Z
Sentinel-2 MSI,MINE_UKWA_08,ZONE_UKW_04,0.329,-0.135,38.5,63.3,7.1,CLEAR,2026-01-13T10:30:00Z
Sentinel-2 MSI,MINE_UKWA_08,ZONE_UKW_05,0.354,-0.047,33.1,65.9,2.3,CLEAR,2026-01-13T10:30:00Z
Sentinel-2 MSI,MINE_SITAPATORE_09,ZONE_STP_01,0.203,-0.073,32.7,28.9,2.8,CLEAR,2026-01-13T10:30:00Z
Sentinel-2 MSI,MINE_SITAPATORE_09,ZONE_STP_02,0.269,-0.243,30.9,29.5,3.1,CLEAR,2026-01-13T10:30:00Z
Sentinel-2 MSI,MINE_SITAPATORE_09,ZONE_STP_03,0.313,-0.008,34.5,57.0,4.6,CLEAR,2026-01-13T10:30:00Z
Sentinel-2 MSI,MINE_SITAPATORE_09,ZONE_STP_04,0.326,-0.14,41.6,51.8,3.5,CLEAR,2026-01-13T10:30:00Z
Sentinel-2 MSI,MINE_BELDONGRI_10,ZONE_BLD_01,0.215,0.02,31.8,66.0,3.4,CLEAR,2026-01-13T10:30:00Z
Sentinel-2 MSI,MINE_BELDONGRI_10,ZONE_BLD_02,0.222,-0.02,35.9,41.7,1.6,CLEAR,2026-01-13T10:30:00Z
Sentinel-2 MSI,MINE_BELDONGRI_10,ZONE_BLD_03,0.283,0.032,41.6,24.7,7.7,CLEAR,2026-01-13T10:30:00Z
Sentinel-2 MSI,MINE_BELDONGRI_10,ZONE_BLD_04,0.33,-0.199,33.8,57.5,5.7,CLEAR,2026-01-13T10:30:00Z
Sentinel-2 MSI,MINE_BALAGHAT_01,ZONE_NORTH_A,0.188,-0.1,31.4,43.2,4.7,CLEAR,2026-01-17T10:30:00Z
Sentinel-2 MSI,MINE_BALAGHAT_01,ZONE_CENTRAL_B,0.18,0.043,37.4,49.7,5.3,CLEAR,2026-01-17T10:30:00Z
Sentinel-2 MSI,MINE_BALAGHAT_01,ZONE_SOUTH_C,0.314,0.026,32.7,58.6,6.1,CLEAR,2026-01-17T10:30:00Z
Sentinel-2 MSI,MINE_BALAGHAT_01,ZONE_EAST_D,0.237,-0.182,32.4,42.5,3.4,CLEAR,2026-01-17T10:30:00Z
Sentinel-2 MSI,MINE_BALAGHAT_01,ZONE_WEST_E,0.402,-0.057,39.6,46.0,6.3,CLEAR,2026-01-17T10:30:00Z
Sentinel-2 MSI,MINE_GUMGAON_02,ZONE_GMG_01,0.222,-0.071,41.5,31.7,7.0,CLEAR,2026-01-17T10:30:00Z
Sentinel-2 MSI,MINE_GUMGAON_02,ZONE_GMG_02,0.265,-0.062,40.9,39.4,1.4,CLEAR,2026-01-17T10:30:00Z
Sentinel-2 MSI,MINE_GUMGAON_02,ZONE_GMG_03,0.221,-0.134,35.9,60.1,4.8,CLEAR,2026-01-17T10:30:00Z
Sentinel-2 MSI,MINE_GUMGAON_02,ZONE_GMG_04,0.307,-0.035,35.8,66.8,1.9,CLEAR,2026-01-17T10:30:00Z
Sentinel-2 MSI,MINE_TIRODI_03,ZONE_TRD_01,0.183,-0.203,37.0,46.0,3.0,CLEAR,2026-01-17T10:30:00Z
Sentinel-2 MSI,MINE_TIRODI_03,ZONE_TRD_02,0.172,0.073,37.2,23.4,1.6,CLEAR,2026-01-17T10:30:00Z
Sentinel-2 MSI,MINE_TIRODI_03,ZONE_TRD_03,0.231,-0.149,37.1,60.5,4.9,CLEAR,2026-01-17T10:30:00Z
Sentinel-2 MSI,MINE_TIRODI_03,ZONE_TRD_04,0.253,-0.061,35.6,67.9,1.2,CLEAR,2026-01-17T10:30:00Z
Sentinel-2 MSI,MINE_TIRODI_03,ZONE_TRD_05,0.426,-0.098,36.4,63.3,3.6,CLEAR,2026-01-17T10:30:00Z
Sentinel-2 MSI,MINE_DONGRI_04,ZONE_DGB_01,0.164,0.009,35.3,57.6,6.8,CLEAR,2026-01-17T10:30:00Z
Sentinel-2 MSI,MINE_DONGRI_04,ZONE_DGB_02,0.216,-0.015,32.7,49.7,0.6,CLEAR,2026-01-17T10:30:00Z
Sentinel-2 MSI,MINE_DONGRI_04,ZONE_DGB_03,0.349,0.094,30.5,52.0,3.5,CLEAR,2026-01-17T10:30:00Z
Sentinel-2 MSI,MINE_DONGRI_04,ZONE_DGB_04,0.336,-0.075,39.4,63.2,1.8,CLEAR,2026-01-17T10:30:00Z
Sentinel-2 MSI,MINE_DONGRI_04,ZONE_DGB_05,0.205,-0.175,35.8,24.0,3.4,CLEAR,2026-01-17T10:30:00Z
Sentinel-2 MSI,MINE_KANDRI_05,ZONE_KND_01,0.346,-0.201,31.4,54.6,1.9,CLEAR,2026-01-17T10:30:00Z
Sentinel-2 MSI,MINE_KANDRI_05,ZONE_KND_02,0.242,-0.055,35.7,30.6,2.8,CLEAR,2026-01-17T10:30:00Z
Sentinel-2 MSI,MINE_KANDRI_05,ZONE_KND_03,0.279,-0.154,37.3,50.2,6.6,CLEAR,2026-01-17T10:30:00Z
Sentinel-2 MSI,MINE_KANDRI_05,ZONE_KND_04,0.441,-0.222,31.7,35.9,3.2,CLEAR,2026-01-17T10:30:00Z
Sentinel-2 MSI,MINE_MANSAR_06,ZONE_MSR_01,0.342,0.09,32.2,43.5,6.8,CLEAR,2026-01-17T10:30:00Z
Sentinel-2 MSI,MINE_MANSAR_06,ZONE_MSR_02,0.29,-0.128,39.2,59.2,5.3,CLEAR,2026-01-17T10:30:00Z
Sentinel-2 MSI,MINE_MANSAR_06,ZONE_MSR_03,0.279,-0.238,35.6,47.4,5.4,CLEAR,2026-01-17T10:30:00Z
Sentinel-2 MSI,MINE_MANSAR_06,ZONE_MSR_04,0.245,-0.171,37.8,53.9,4.2,CLEAR,2026-01-17T10:30:00Z
Sentinel-2 MSI,MINE_CHIKLA_07,ZONE_CHK_01,0.207,-0.247,36.9,59.3,7.3,CLEAR,2026-01-17T10:30:00Z
Sentinel-2 MSI,MINE_CHIKLA_07,ZONE_CHK_02,0.264,0.065,41.2,48.1,6.3,CLEAR,2026-01-17T10:30:00Z
Sentinel-2 MSI,MINE_CHIKLA_07,ZONE_CHK_03,0.346,-0.024,40.5,36.4,0.1,CLEAR,2026-01-17T10:30:00Z
Sentinel-2 MSI,MINE_CHIKLA_07,ZONE_CHK_04,0.249,0.055,37.4,36.3,6.0,CLEAR,2026-01-17T10:30:00Z
Sentinel-2 MSI,MINE_CHIKLA_07,ZONE_CHK_05,0.312,-0.129,37.3,39.2,1.8,CLEAR,2026-01-17T10:30:00Z
Sentinel-2 MSI,MINE_UKWA_08,ZONE_UKW_01,0.149,0.028,32.8,39.6,2.3,CLEAR,2026-01-17T10:30:00Z
Sentinel-2 MSI,MINE_UKWA_08,ZONE_UKW_02,0.285,-0.215,30.7,45.0,7.3,CLEAR,2026-01-17T10:30:00Z
Sentinel-2 MSI,MINE_UKWA_08,ZONE_UKW_03,0.291,-0.094,31.7,29.4,5.6,CLEAR,2026-01-17T10:30:00Z
Sentinel-2 MSI,MINE_UKWA_08,ZONE_UKW_04,0.246,0.068,38.8,25.9,7.9,CLEAR,2026-01-17T10:30:00Z
Sentinel-2 MSI,MINE_UKWA_08,ZONE_UKW_05,0.469,-0.167,30.4,28.8,0.1,CLEAR,2026-01-17T10:30:00Z
Sentinel-2 MSI,MINE_SITAPATORE_09,ZONE_STP_01,0.269,-0.123,30.7,61.0,6.7,CLEAR,2026-01-17T10:30:00Z
Sentinel-2 MSI,MINE_SITAPATORE_09,ZONE_STP_02,0.321,0.094,37.3,57.1,5.5,CLEAR,2026-01-17T10:30:00Z
Sentinel-2 MSI,MINE_SITAPATORE_09,ZONE_STP_03,0.304,-0.165,36.5,23.8,2.6,CLEAR,2026-01-17T10:30:00Z
Sentinel-2 MSI,MINE_SITAPATORE_09,ZONE_STP_04,0.238,-0.166,36.6,51.9,5.4,CLEAR,2026-01-17T10:30:00Z
Sentinel-2 MSI,MINE_BELDONGRI_10,ZONE_BLD_01,0.218,-0.098,40.7,25.2,6.1,CLEAR,2026-01-17T10:30:00Z
Sentinel-2 MSI,MINE_BELDONGRI_10,ZONE_BLD_02,0.333,-0.076,40.5,24.5,3.2,CLEAR,2026-01-17T10:30:00Z
Sentinel-2 MSI,MINE_BELDONGRI_10,ZONE_BLD_03,0.329,0.067,38.2,65.7,2.9,CLEAR,2026-01-17T10:30:00Z
Sentinel-2 MSI,MINE_BELDONGRI_10,ZONE_BLD_04,0.462,-0.129,36.8,61.9,7.1,CLEAR,2026-01-17T10:30:00Z
Sentinel-2 MSI,MINE_BALAGHAT_01,ZONE_NORTH_A,0.136,-0.2,33.1,36.7,7.6,CLEAR,2026-01-21T10:30:00Z
Sentinel-2 MSI,MINE_BALAGHAT_01,ZONE_CENTRAL_B,0.154,-0.176,31.5,36.0,7.8,CLEAR,2026-01-21T10:30:00Z
Sentinel-2 MSI,MINE_BALAGHAT_01,ZONE_SOUTH_C,0.348,-0.142,39.2,30.7,6.4,CLEAR,2026-01-21T10:30:00Z
Sentinel-2 MSI,MINE_BALAGHAT_01,ZONE_EAST_D,0.286,-0.119,31.0,42.6,4.5,CLEAR,2026-01-21T10:30:00Z
Sentinel-2 MSI,MINE_BALAGHAT_01,ZONE_WEST_E,0.352,0.078,32.9,25.6,3.5,CLEAR,2026-01-21T10:30:00Z
Sentinel-2 MSI,MINE_GUMGAON_02,ZONE_GMG_01,0.249,0.069,35.8,38.1,5.3,CLEAR,2026-01-21T10:30:00Z
Sentinel-2 MSI,MINE_GUMGAON_02,ZONE_GMG_02,0.315,-0.041,38.5,22.6,3.5,CLEAR,2026-01-21T10:30:00Z
Sentinel-2 MSI,MINE_GUMGAON_02,ZONE_GMG_03,0.323,-0.106,31.3,58.1,6.5,CLEAR,2026-01-21T10:30:00Z
Sentinel-2 MSI,MINE_GUMGAON_02,ZONE_GMG_04,0.278,-0.08,30.5,59.1,5.2,CLEAR,2026-01-21T10:30:00Z
Sentinel-2 MSI,MINE_TIRODI_03,ZONE_TRD_01,0.126,0.04,41.8,53.6,4.6,CLEAR,2026-01-21T10:30:00Z
Sentinel-2 MSI,MINE_TIRODI_03,ZONE_TRD_02,0.18,0.041,31.7,34.7,1.1,CLEAR,2026-01-21T10:30:00Z
Sentinel-2 MSI,MINE_TIRODI_03,ZONE_TRD_03,0.266,0.1,36.2,49.7,4.6,CLEAR,2026-01-21T10:30:00Z
Sentinel-2 MSI,MINE_TIRODI_03,ZONE_TRD_04,0.285,-0.203,36.9,65.2,0.1,CLEAR,2026-01-21T10:30:00Z
Sentinel-2 MSI,MINE_TIRODI_03,ZONE_TRD_05,0.423,-0.057,30.7,28.6,4.0,CLEAR,2026-01-21T10:30:00Z
Sentinel-2 MSI,MINE_DONGRI_04,ZONE_DGB_01,0.125,-0.116,30.6,65.0,6.0,CLEAR,2026-01-21T10:30:00Z
Sentinel-2 MSI,MINE_DONGRI_04,ZONE_DGB_02,0.177,-0.198,34.9,34.1,5.8,CLEAR,2026-01-21T10:30:00Z
Sentinel-2 MSI,MINE_DONGRI_04,ZONE_DGB_03,0.253,0.1,36.8,37.0,4.9,CLEAR,2026-01-21T10:30:00Z
Sentinel-2 MSI,MINE_DONGRI_04,ZONE_DGB_04,0.283,-0.058,33.3,66.2,4.8,CLEAR,2026-01-21T10:30:00Z
Sentinel-2 MSI,MINE_DONGRI_04,ZONE_DGB_05,0.236,0.08,40.0,38.2,2.5,CLEAR,2026-01-21T10:30:00Z
Sentinel-2 MSI,MINE_KANDRI_05,ZONE_KND_01,0.21,0.02,40.9,51.5,7.5,CLEAR,2026-01-21T10:30:00Z
Sentinel-2 MSI,MINE_KANDRI_05,ZONE_KND_02,0.303,-0.12,36.1,36.1,3.8,CLEAR,2026-01-21T10:30:00Z
Sentinel-2 MSI,MINE_KANDRI_05,ZONE_KND_03,0.25,-0.117,32.7,61.5,7.4,CLEAR,2026-01-21T10:30:00Z
Sentinel-2 MSI,MINE_KANDRI_05,ZONE_KND_04,0.328,-0.12,42.0,48.9,8.0,CLEAR,2026-01-21T10:30:00Z
Sentinel-2 MSI,MINE_MANSAR_06,ZONE_MSR_01,0.241,-0.113,31.3,22.5,0.8,CLEAR,2026-01-21T10:30:00Z
Sentinel-2 MSI,MINE_MANSAR_06,ZONE_MSR_02,0.326,0.068,38.1,55.4,7.3,CLEAR,2026-01-21T10:30:00Z
Sentinel-2 MSI,MINE_MANSAR_06,ZONE_MSR_03,0.208,-0.112,34.5,39.3,6.7,CLEAR,2026-01-21T10:30:00Z
Sentinel-2 MSI,MINE_MANSAR_06,ZONE_MSR_04,0.327,0.04,30.3,38.0,0.2,CLEAR,2026-01-21T10:30:00Z
Sentinel-2 MSI,MINE_CHIKLA_07,ZONE_CHK_01,0.171,-0.124,34.5,43.1,2.6,CLEAR,2026-01-21T10:30:00Z
Sentinel-2 MSI,MINE_CHIKLA_07,ZONE_CHK_02,0.281,-0.049,39.9,43.9,5.6,CLEAR,2026-01-21T10:30:00Z
Sentinel-2 MSI,MINE_CHIKLA_07,ZONE_CHK_03,0.237,-0.216,37.2,44.4,1.8,CLEAR,2026-01-21T10:30:00Z
Sentinel-2 MSI,MINE_CHIKLA_07,ZONE_CHK_04,0.223,-0.052,37.1,54.4,2.6,CLEAR,2026-01-21T10:30:00Z
Sentinel-2 MSI,MINE_CHIKLA_07,ZONE_CHK_05,0.223,-0.007,39.2,48.1,7.4,CLEAR,2026-01-21T10:30:00Z
Sentinel-2 MSI,MINE_UKWA_08,ZONE_UKW_01,0.159,0.046,37.1,23.2,3.6,CLEAR,2026-01-21T10:30:00Z
Sentinel-2 MSI,MINE_UKWA_08,ZONE_UKW_02,0.336,-0.155,30.9,57.2,7.0,CLEAR,2026-01-21T10:30:00Z
Sentinel-2 MSI,MINE_UKWA_08,ZONE_UKW_03,0.228,-0.014,32.7,25.7,0.6,CLEAR,2026-01-21T10:30:00Z
Sentinel-2 MSI,MINE_UKWA_08,ZONE_UKW_04,0.295,-0.233,35.2,41.2,5.4,CLEAR,2026-01-21T10:30:00Z
Sentinel-2 MSI,MINE_UKWA_08,ZONE_UKW_05,0.358,-0.092,41.9,64.9,0.9,CLEAR,2026-01-21T10:30:00Z
Sentinel-2 MSI,MINE_SITAPATORE_09,ZONE_STP_01,0.233,0.05,33.0,50.2,7.9,CLEAR,2026-01-21T10:30:00Z
Sentinel-2 MSI,MINE_SITAPATORE_09,ZONE_STP_02,0.237,0.099,34.4,29.5,3.9,CLEAR,2026-01-21T10:30:00Z
Sentinel-2 MSI,MINE_SITAPATORE_09,ZONE_STP_03,0.338,0.028,32.5,39.8,6.4,CLEAR,2026-01-21T10:30:00Z
Sentinel-2 MSI,MINE_SITAPATORE_09,ZONE_STP_04,0.311,-0.187,35.3,51.1,6.4,CLEAR,2026-01-21T10:30:00Z
Sentinel-2 MSI,MINE_BELDONGRI_10,ZONE_BLD_01,0.263,-0.109,40.8,47.4,3.3,CLEAR,2026-01-21T10:30:00Z
Sentinel-2 MSI,MINE_BELDONGRI_10,ZONE_BLD_02,0.28,0.012,41.5,64.3,0.3,CLEAR,2026-01-21T10:30:00Z
Sentinel-2 MSI,MINE_BELDONGRI_10,ZONE_BLD_03,0.207,-0.124,36.7,52.2,7.4,CLEAR,2026-01-21T10:30:00Z
Sentinel-2 MSI,MINE_BELDONGRI_10,ZONE_BLD_04,0.432,-0.175,31.4,43.6,3.0,CLEAR,2026-01-21T10:30:00Z
Sentinel-2 MSI,MINE_BALAGHAT_01,ZONE_NORTH_A,0.209,0.07,40.2,34.4,5.5,CLEAR,2026-01-25T10:30:00Z
Sentinel-2 MSI,MINE_BALAGHAT_01,ZONE_CENTRAL_B,0.219,0.011,41.7,42.9,0.9,CLEAR,2026-01-25T10:30:00Z
Sentinel-2 MSI,MINE_BALAGHAT_01,ZONE_SOUTH_C,0.295,0.086,35.4,66.5,5.7,CLEAR,2026-01-25T10:30:00Z
Sentinel-2 MSI,MINE_BALAGHAT_01,ZONE_EAST_D,0.241,0.074,41.0,58.8,7.0,CLEAR,2026-01-25T10:30:00Z
Sentinel-2 MSI,MINE_BALAGHAT_01,ZONE_WEST_E,0.477,0.055,31.4,52.8,6.7,CLEAR,2026-01-25T10:30:00Z
Sentinel-2 MSI,MINE_GUMGAON_02,ZONE_GMG_01,0.347,0.044,41.5,34.5,3.3,CLEAR,2026-01-25T10:30:00Z
Sentinel-2 MSI,MINE_GUMGAON_02,ZONE_GMG_02,0.333,-0.02,34.1,27.1,0.7,CLEAR,2026-01-25T10:30:00Z
Sentinel-2 MSI,MINE_GUMGAON_02,ZONE_GMG_03,0.201,0.042,41.0,41.1,1.1,CLEAR,2026-01-25T10:30:00Z
Sentinel-2 MSI,MINE_GUMGAON_02,ZONE_GMG_04,0.259,-0.1,36.6,35.4,6.3,CLEAR,2026-01-25T10:30:00Z
Sentinel-2 MSI,MINE_TIRODI_03,ZONE_TRD_01,0.187,-0.168,40.5,53.5,1.8,CLEAR,2026-01-25T10:30:00Z
Sentinel-2 MSI,MINE_TIRODI_03,ZONE_TRD_02,0.213,-0.076,35.2,49.8,7.1,CLEAR,2026-01-25T10:30:00Z
Sentinel-2 MSI,MINE_TIRODI_03,ZONE_TRD_03,0.293,-0.234,38.0,34.7,7.4,CLEAR,2026-01-25T10:30:00Z
Sentinel-2 MSI,MINE_TIRODI_03,ZONE_TRD_04,0.32,-0.168,39.6,26.7,3.4,CLEAR,2026-01-25T10:30:00Z
Sentinel-2 MSI,MINE_TIRODI_03,ZONE_TRD_05,0.35,-0.1,33.2,60.9,4.9,CLEAR,2026-01-25T10:30:00Z
Sentinel-2 MSI,MINE_DONGRI_04,ZONE_DGB_01,0.131,-0.023,31.2,39.7,1.3,CLEAR,2026-01-25T10:30:00Z
Sentinel-2 MSI,MINE_DONGRI_04,ZONE_DGB_02,0.172,-0.109,38.5,46.7,0.5,CLEAR,2026-01-25T10:30:00Z
Sentinel-2 MSI,MINE_DONGRI_04,ZONE_DGB_03,0.256,-0.178,31.0,38.6,5.0,CLEAR,2026-01-25T10:30:00Z
Sentinel-2 MSI,MINE_DONGRI_04,ZONE_DGB_04,0.212,0.092,34.1,27.2,0.9,CLEAR,2026-01-25T10:30:00Z
Sentinel-2 MSI,MINE_DONGRI_04,ZONE_DGB_05,0.267,-0.248,35.8,35.3,1.5,CLEAR,2026-01-25T10:30:00Z
Sentinel-2 MSI,MINE_KANDRI_05,ZONE_KND_01,0.246,0.092,36.9,30.8,1.4,CLEAR,2026-01-25T10:30:00Z
Sentinel-2 MSI,MINE_KANDRI_05,ZONE_KND_02,0.226,0.019,40.7,56.4,3.9,CLEAR,2026-01-25T10:30:00Z
Sentinel-2 MSI,MINE_KANDRI_05,ZONE_KND_03,0.257,-0.036,41.7,40.7,1.3,CLEAR,2026-01-25T10:30:00Z
Sentinel-2 MSI,MINE_KANDRI_05,ZONE_KND_04,0.347,-0.067,34.1,65.6,7.9,CLEAR,2026-01-25T10:30:00Z
Sentinel-2 MSI,MINE_MANSAR_06,ZONE_MSR_01,0.34,-0.154,32.4,31.9,5.6,CLEAR,2026-01-25T10:30:00Z
Sentinel-2 MSI,MINE_MANSAR_06,ZONE_MSR_02,0.247,-0.011,35.9,22.7,3.6,CLEAR,2026-01-25T10:30:00Z
Sentinel-2 MSI,MINE_MANSAR_06,ZONE_MSR_03,0.267,-0.24,35.4,50.1,1.2,CLEAR,2026-01-25T10:30:00Z
Sentinel-2 MSI,MINE_MANSAR_06,ZONE_MSR_04,0.294,-0.213,35.8,40.7,3.5,CLEAR,2026-01-25T10:30:00Z
Sentinel-2 MSI,MINE_CHIKLA_07,ZONE_CHK_01,0.179,0.034,30.7,27.7,7.2,CLEAR,2026-01-25T10:30:00Z
Sentinel-2 MSI,MINE_CHIKLA_07,ZONE_CHK_02,0.311,-0.158,33.9,26.0,0.3,CLEAR,2026-01-25T10:30:00Z
Sentinel-2 MSI,MINE_CHIKLA_07,ZONE_CHK_03,0.247,-0.133,30.9,63.3,5.3,CLEAR,2026-01-25T10:30:00Z
Sentinel-2 MSI,MINE_CHIKLA_07,ZONE_CHK_04,0.243,-0.121,31.6,66.1,1.9,CLEAR,2026-01-25T10:30:00Z
Sentinel-2 MSI,MINE_CHIKLA_07,ZONE_CHK_05,0.282,-0.248,41.6,60.9,0.7,CLEAR,2026-01-25T10:30:00Z
Sentinel-2 MSI,MINE_UKWA_08,ZONE_UKW_01,0.165,0.062,37.8,39.5,4.9,CLEAR,2026-01-25T10:30:00Z
Sentinel-2 MSI,MINE_UKWA_08,ZONE_UKW_02,0.218,-0.143,32.5,33.3,5.5,CLEAR,2026-01-25T10:30:00Z
Sentinel-2 MSI,MINE_UKWA_08,ZONE_UKW_03,0.252,-0.187,31.2,38.5,4.9,CLEAR,2026-01-25T10:30:00Z
Sentinel-2 MSI,MINE_UKWA_08,ZONE_UKW_04,0.241,0.079,31.3,53.5,2.4,CLEAR,2026-01-25T10:30:00Z
Sentinel-2 MSI,MINE_UKWA_08,ZONE_UKW_05,0.332,0.058,32.7,43.9,7.2,CLEAR,2026-01-25T10:30:00Z
Sentinel-2 MSI,MINE_SITAPATORE_09,ZONE_STP_01,0.278,-0.247,37.4,31.3,0.6,CLEAR,2026-01-25T10:30:00Z
Sentinel-2 MSI,MINE_SITAPATORE_09,ZONE_STP_02,0.274,-0.226,37.4,44.4,4.6,CLEAR,2026-01-25T10:30:00Z
Sentinel-2 MSI,MINE_SITAPATORE_09,ZONE_STP_03,0.272,-0.214,41.5,63.6,0.8,CLEAR,2026-01-25T10:30:00Z
Sentinel-2 MSI,MINE_SITAPATORE_09,ZONE_STP_04,0.287,-0.215,37.0,53.8,2.9,CLEAR,2026-01-25T10:30:00Z
Sentinel-2 MSI,MINE_BELDONGRI_10,ZONE_BLD_01,0.28,-0.184,35.8,31.8,4.4,CLEAR,2026-01-25T10:30:00Z
Sentinel-2 MSI,MINE_BELDONGRI_10,ZONE_BLD_02,0.343,-0.087,37.1,41.6,0.6,CLEAR,2026-01-25T10:30:00Z
Sentinel-2 MSI,MINE_BELDONGRI_10,ZONE_BLD_03,0.33,-0.233,33.1,63.2,4.1,CLEAR,2026-01-25T10:30:00Z
Sentinel-2 MSI,MINE_BELDONGRI_10,ZONE_BLD_04,0.331,0.04,33.7,28.4,3.7,CLEAR,2026-01-25T10:30:00Z
Sentinel-2 MSI,MINE_BALAGHAT_01,ZONE_NORTH_A,0.137,-0.182,40.6,59.9,4.8,CLEAR,2026-01-29T10:30:00Z
Sentinel-2 MSI,MINE_BALAGHAT_01,ZONE_CENTRAL_B,0.166,-0.244,33.7,65.1,2.2,CLEAR,2026-01-29T10:30:00Z
Sentinel-2 MSI,MINE_BALAGHAT_01,ZONE_SOUTH_C,0.251,-0.167,38.0,39.4,0.0,CLEAR,2026-01-29T10:30:00Z
Sentinel-2 MSI,MINE_BALAGHAT_01,ZONE_EAST_D,0.254,0.003,38.1,50.3,4.1,CLEAR,2026-01-29T10:30:00Z
Sentinel-2 MSI,MINE_BALAGHAT_01,ZONE_WEST_E,0.454,-0.082,32.5,23.3,3.9,CLEAR,2026-01-29T10:30:00Z
Sentinel-2 MSI,MINE_GUMGAON_02,ZONE_GMG_01,0.324,-0.166,41.9,59.2,3.7,CLEAR,2026-01-29T10:30:00Z
Sentinel-2 MSI,MINE_GUMGAON_02,ZONE_GMG_02,0.225,0.024,32.7,41.6,6.9,CLEAR,2026-01-29T10:30:00Z
Sentinel-2 MSI,MINE_GUMGAON_02,ZONE_GMG_03,0.209,0.041,31.8,51.9,7.1,CLEAR,2026-01-29T10:30:00Z
Sentinel-2 MSI,MINE_GUMGAON_02,ZONE_GMG_04,0.25,-0.233,35.6,38.4,2.6,CLEAR,2026-01-29T10:30:00Z
Sentinel-2 MSI,MINE_TIRODI_03,ZONE_TRD_01,0.134,-0.104,39.9,63.9,2.1,CLEAR,2026-01-29T10:30:00Z
Sentinel-2 MSI,MINE_TIRODI_03,ZONE_TRD_02,0.141,0.088,39.8,37.8,1.7,CLEAR,2026-01-29T10:30:00Z
Sentinel-2 MSI,MINE_TIRODI_03,ZONE_TRD_03,0.344,-0.086,32.3,36.0,3.0,CLEAR,2026-01-29T10:30:00Z
Sentinel-2 MSI,MINE_TIRODI_03,ZONE_TRD_04,0.229,-0.019,39.7,49.0,2.4,CLEAR,2026-01-29T10:30:00Z
Sentinel-2 MSI,MINE_TIRODI_03,ZONE_TRD_05,0.387,-0.028,39.9,54.9,4.9,CLEAR,2026-01-29T10:30:00Z
Sentinel-2 MSI,MINE_DONGRI_04,ZONE_DGB_01,0.182,-0.09,35.6,62.6,5.6,CLEAR,2026-01-29T10:30:00Z
Sentinel-2 MSI,MINE_DONGRI_04,ZONE_DGB_02,0.129,-0.021,32.9,64.2,3.1,CLEAR,2026-01-29T10:30:00Z
Sentinel-2 MSI,MINE_DONGRI_04,ZONE_DGB_03,0.214,-0.226,37.4,26.1,1.6,CLEAR,2026-01-29T10:30:00Z
Sentinel-2 MSI,MINE_DONGRI_04,ZONE_DGB_04,0.255,-0.141,30.6,51.5,6.1,CLEAR,2026-01-29T10:30:00Z
Sentinel-2 MSI,MINE_DONGRI_04,ZONE_DGB_05,0.305,0.073,40.6,30.0,0.3,CLEAR,2026-01-29T10:30:00Z
Sentinel-2 MSI,MINE_KANDRI_05,ZONE_KND_01,0.262,-0.061,37.8,52.3,1.3,CLEAR,2026-01-29T10:30:00Z
Sentinel-2 MSI,MINE_KANDRI_05,ZONE_KND_02,0.278,-0.179,40.2,50.0,4.9,CLEAR,2026-01-29T10:30:00Z
Sentinel-2 MSI,MINE_KANDRI_05,ZONE_KND_03,0.281,-0.041,41.1,35.8,7.0,CLEAR,2026-01-29T10:30:00Z
Sentinel-2 MSI,MINE_KANDRI_05,ZONE_KND_04,0.41,-0.191,33.9,51.5,2.2,CLEAR,2026-01-29T10:30:00Z
Sentinel-2 MSI,MINE_MANSAR_06,ZONE_MSR_01,0.273,-0.188,33.2,42.5,2.8,CLEAR,2026-01-29T10:30:00Z
Sentinel-2 MSI,MINE_MANSAR_06,ZONE_MSR_02,0.255,-0.214,36.2,57.7,4.1,CLEAR,2026-01-29T10:30:00Z
Sentinel-2 MSI,MINE_MANSAR_06,ZONE_MSR_03,0.333,-0.015,41.9,31.3,1.5,CLEAR,2026-01-29T10:30:00Z
Sentinel-2 MSI,MINE_MANSAR_06,ZONE_MSR_04,0.274,-0.102,39.3,24.7,0.6,CLEAR,2026-01-29T10:30:00Z
Sentinel-2 MSI,MINE_CHIKLA_07,ZONE_CHK_01,0.12,-0.191,37.5,33.3,5.2,CLEAR,2026-01-29T10:30:00Z
Sentinel-2 MSI,MINE_CHIKLA_07,ZONE_CHK_02,0.34,0.088,35.9,58.2,5.1,CLEAR,2026-01-29T10:30:00Z
Sentinel-2 MSI,MINE_CHIKLA_07,ZONE_CHK_03,0.302,-0.158,30.9,35.2,4.1,CLEAR,2026-01-29T10:30:00Z
Sentinel-2 MSI,MINE_CHIKLA_07,ZONE_CHK_04,0.324,-0.132,38.1,56.9,6.0,CLEAR,2026-01-29T10:30:00Z
Sentinel-2 MSI,MINE_CHIKLA_07,ZONE_CHK_05,0.268,-0.053,36.3,50.9,4.9,CLEAR,2026-01-29T10:30:00Z
Sentinel-2 MSI,MINE_UKWA_08,ZONE_UKW_01,0.209,0.09,36.7,27.9,1.2,CLEAR,2026-01-29T10:30:00Z
Sentinel-2 MSI,MINE_UKWA_08,ZONE_UKW_02,0.33,-0.175,37.5,30.8,2.7,CLEAR,2026-01-29T10:30:00Z
Sentinel-2 MSI,MINE_UKWA_08,ZONE_UKW_03,0.237,0.014,32.1,24.9,0.5,CLEAR,2026-01-29T10:30:00Z
Sentinel-2 MSI,MINE_UKWA_08,ZONE_UKW_04,0.229,0.095,39.5,41.3,6.8,CLEAR,2026-01-29T10:30:00Z
Sentinel-2 MSI,MINE_UKWA_08,ZONE_UKW_05,0.47,-0.099,36.4,48.4,4.5,CLEAR,2026-01-29T10:30:00Z
Sentinel-2 MSI,MINE_SITAPATORE_09,ZONE_STP_01,0.307,0.094,41.7,33.8,0.8,CLEAR,2026-01-29T10:30:00Z
Sentinel-2 MSI,MINE_SITAPATORE_09,ZONE_STP_02,0.254,0.023,35.0,26.8,4.4,CLEAR,2026-01-29T10:30:00Z
Sentinel-2 MSI,MINE_SITAPATORE_09,ZONE_STP_03,0.3,-0.223,39.6,59.7,1.3,CLEAR,2026-01-29T10:30:00Z
Sentinel-2 MSI,MINE_SITAPATORE_09,ZONE_STP_04,0.334,0.001,32.5,37.6,2.9,CLEAR,2026-01-29T10:30:00Z
Sentinel-2 MSI,MINE_BELDONGRI_10,ZONE_BLD_01,0.227,0.051,35.0,45.6,1.1,CLEAR,2026-01-29T10:30:00Z
Sentinel-2 MSI,MINE_BELDONGRI_10,ZONE_BLD_02,0.223,-0.126,33.1,34.0,1.0,CLEAR,2026-01-29T10:30:00Z
Sentinel-2 MSI,MINE_BELDONGRI_10,ZONE_BLD_03,0.225,0.037,37.5,41.0,8.0,CLEAR,2026-01-29T10:30:00Z
Sentinel-2 MSI,MINE_BELDONGRI_10,ZONE_BLD_04,0.34,-0.147,33.8,63.8,0.9,CLEAR,2026-01-29T10:30:00Z
Sentinel-2 MSI,MINE_BALAGHAT_01,ZONE_NORTH_A,0.185,-0.157,31.5,50.4,3.9,CLEAR,2026-02-02T10:30:00Z
Sentinel-2 MSI,MINE_BALAGHAT_01,ZONE_CENTRAL_B,0.206,-0.077,36.0,23.5,6.6,CLEAR,2026-02-02T10:30:00Z
Sentinel-2 MSI,MINE_BALAGHAT_01,ZONE_SOUTH_C,0.212,-0.206,34.2,49.9,1.7,CLEAR,2026-02-02T10:30:00Z
Sentinel-2 MSI,MINE_BALAGHAT_01,ZONE_EAST_D,0.263,-0.146,32.3,30.0,5.5,CLEAR,2026-02-02T10:30:00Z
Sentinel-2 MSI,MINE_BALAGHAT_01,ZONE_WEST_E,0.35,-0.126,33.2,50.1,0.3,CLEAR,2026-02-02T10:30:00Z
Sentinel-2 MSI,MINE_GUMGAON_02,ZONE_GMG_01,0.229,-0.115,38.8,54.5,0.7,CLEAR,2026-02-02T10:30:00Z
Sentinel-2 MSI,MINE_GUMGAON_02,ZONE_GMG_02,0.331,0.048,35.3,48.1,2.0,CLEAR,2026-02-02T10:30:00Z
Sentinel-2 MSI,MINE_GUMGAON_02,ZONE_GMG_03,0.23,-0.058,34.2,37.7,1.1,CLEAR,2026-02-02T10:30:00Z
Sentinel-2 MSI,MINE_GUMGAON_02,ZONE_GMG_04,0.345,0.079,38.8,42.1,6.2,CLEAR,2026-02-02T10:30:00Z
Sentinel-2 MSI,MINE_TIRODI_03,ZONE_TRD_01,0.183,-0.248,32.2,31.9,3.4,CLEAR,2026-02-02T10:30:00Z
Sentinel-2 MSI,MINE_TIRODI_03,ZONE_TRD_02,0.122,-0.013,32.8,50.6,6.1,CLEAR,2026-02-02T10:30:00Z
Sentinel-2 MSI,MINE_TIRODI_03,ZONE_TRD_03,0.28,-0.072,41.7,49.6,3.0,CLEAR,2026-02-02T10:30:00Z
Sentinel-2 MSI,MINE_TIRODI_03,ZONE_TRD_04,0.272,-0.054,35.9,48.2,3.1,CLEAR,2026-02-02T10:30:00Z
Sentinel-2 MSI,MINE_TIRODI_03,ZONE_TRD_05,0.411,-0.052,38.0,65.7,8.0,CLEAR,2026-02-02T10:30:00Z
Sentinel-2 MSI,MINE_DONGRI_04,ZONE_DGB_01,0.22,-0.207,40.7,48.1,4.5,CLEAR,2026-02-02T10:30:00Z
Sentinel-2 MSI,MINE_DONGRI_04,ZONE_DGB_02,0.202,-0.011,33.3,27.4,1.9,CLEAR,2026-02-02T10:30:00Z
Sentinel-2 MSI,MINE_DONGRI_04,ZONE_DGB_03,0.299,-0.04,37.9,23.7,2.3,CLEAR,2026-02-02T10:30:00Z
Sentinel-2 MSI,MINE_DONGRI_04,ZONE_DGB_04,0.254,-0.21,40.2,37.0,6.1,CLEAR,2026-02-02T10:30:00Z
Sentinel-2 MSI,MINE_DONGRI_04,ZONE_DGB_05,0.336,0.065,41.1,31.7,1.6,CLEAR,2026-02-02T10:30:00Z
Sentinel-2 MSI,MINE_KANDRI_05,ZONE_KND_01,0.225,-0.084,31.6,57.7,4.7,CLEAR,2026-02-02T10:30:00Z
Sentinel-2 MSI,MINE_KANDRI_05,ZONE_KND_02,0.26,0.087,36.0,59.2,7.5,CLEAR,2026-02-02T10:30:00Z
Sentinel-2 MSI,MINE_KANDRI_05,ZONE_KND_03,0.255,-0.061,39.0,31.8,0.7,CLEAR,2026-02-02T10:30:00Z
Sentinel-2 MSI,MINE_KANDRI_05,ZONE_KND_04,0.346,-0.227,38.5,53.9,2.8,CLEAR,2026-02-02T10:30:00Z
Sentinel-2 MSI,MINE_MANSAR_06,ZONE_MSR_01,0.327,-0.221,38.4,33.6,3.7,CLEAR,2026-02-02T10:30:00Z
Sentinel-2 MSI,MINE_MANSAR_06,ZONE_MSR_02,0.318,0.077,38.8,53.5,2.3,CLEAR,2026-02-02T10:30:00Z
Sentinel-2 MSI,MINE_MANSAR_06,ZONE_MSR_03,0.23,-0.244,34.2,44.8,5.3,CLEAR,2026-02-02T10:30:00Z
Sentinel-2 MSI,MINE_MANSAR_06,ZONE_MSR_04,0.34,-0.012,42.0,57.5,3.7,CLEAR,2026-02-02T10:30:00Z
Sentinel-2 MSI,MINE_CHIKLA_07,ZONE_CHK_01,0.177,-0.235,41.0,47.1,4.6,CLEAR,2026-02-02T10:30:00Z
Sentinel-2 MSI,MINE_CHIKLA_07,ZONE_CHK_02,0.25,-0.116,35.4,30.7,2.7,CLEAR,2026-02-02T10:30:00Z
Sentinel-2 MSI,MINE_CHIKLA_07,ZONE_CHK_03,0.278,-0.179,40.8,30.7,2.1,CLEAR,2026-02-02T10:30:00Z
Sentinel-2 MSI,MINE_CHIKLA_07,ZONE_CHK_04,0.241,-0.133,38.9,29.8,5.7,CLEAR,2026-02-02T10:30:00Z
Sentinel-2 MSI,MINE_CHIKLA_07,ZONE_CHK_05,0.345,-0.058,30.5,28.4,7.8,CLEAR,2026-02-02T10:30:00Z
Sentinel-2 MSI,MINE_UKWA_08,ZONE_UKW_01,0.12,-0.031,36.1,47.4,5.5,CLEAR,2026-02-02T10:30:00Z
Sentinel-2 MSI,MINE_UKWA_08,ZONE_UKW_02,0.207,-0.049,40.4,55.5,6.6,CLEAR,2026-02-02T10:30:00Z
Sentinel-2 MSI,MINE_UKWA_08,ZONE_UKW_03,0.288,-0.139,39.6,35.9,0.8,CLEAR,2026-02-02T10:30:00Z
Sentinel-2 MSI,MINE_UKWA_08,ZONE_UKW_04,0.2,0.026,36.7,22.7,0.6,CLEAR,2026-02-02T10:30:00Z
Sentinel-2 MSI,MINE_UKWA_08,ZONE_UKW_05,0.359,-0.157,37.6,54.9,7.8,CLEAR,2026-02-02T10:30:00Z
Sentinel-2 MSI,MINE_SITAPATORE_09,ZONE_STP_01,0.303,0.068,39.4,33.7,7.1,CLEAR,2026-02-02T10:30:00Z
Sentinel-2 MSI,MINE_SITAPATORE_09,ZONE_STP_02,0.226,-0.106,35.4,36.7,2.1,CLEAR,2026-02-02T10:30:00Z
Sentinel-2 MSI,MINE_SITAPATORE_09,ZONE_STP_03,0.233,-0.049,40.4,35.1,1.7,CLEAR,2026-02-02T10:30:00Z
Sentinel-2 MSI,MINE_SITAPATORE_09,ZONE_STP_04,0.339,-0.111,40.2,27.8,0.2,CLEAR,2026-02-02T10:30:00Z
Sentinel-2 MSI,MINE_BELDONGRI_10,ZONE_BLD_01,0.343,-0.091,38.5,34.7,2.9,CLEAR,2026-02-02T10:30:00Z
Sentinel-2 MSI,MINE_BELDONGRI_10,ZONE_BLD_02,0.236,-0.05,38.4,55.7,6.8,CLEAR,2026-02-02T10:30:00Z
Sentinel-2 MSI,MINE_BELDONGRI_10,ZONE_BLD_03,0.279,-0.132,37.5,42.8,6.5,CLEAR,2026-02-02T10:30:00Z
Sentinel-2 MSI,MINE_BELDONGRI_10,ZONE_BLD_04,0.479,-0.074,32.1,48.1,4.4,CLEAR,2026-02-02T10:30:00Z
Sentinel-2 MSI,MINE_BALAGHAT_01,ZONE_NORTH_A,0.175,-0.192,33.7,67.1,3.1,CLEAR,2026-02-06T10:30:00Z
Sentinel-2 MSI,MINE_BALAGHAT_01,ZONE_CENTRAL_B,0.132,-0.159,31.9,57.3,0.3,CLEAR,2026-02-06T10:30:00Z
Sentinel-2 MSI,MINE_BALAGHAT_01,ZONE_SOUTH_C,0.321,-0.249,30.1,57.0,3.7,CLEAR,2026-02-06T10:30:00Z
Sentinel-2 MSI,MINE_BALAGHAT_01,ZONE_EAST_D,0.306,-0.037,38.1,38.5,7.3,CLEAR,2026-02-06T10:30:00Z
Sentinel-2 MSI,MINE_BALAGHAT_01,ZONE_WEST_E,0.453,-0.01,37.5,25.4,2.7,CLEAR,2026-02-06T10:30:00Z
Sentinel-2 MSI,MINE_GUMGAON_02,ZONE_GMG_01,0.232,-0.209,30.7,52.9,2.8,CLEAR,2026-02-06T10:30:00Z
Sentinel-2 MSI,MINE_GUMGAON_02,ZONE_GMG_02,0.231,-0.075,35.7,46.4,0.4,CLEAR,2026-02-06T10:30:00Z
Sentinel-2 MSI,MINE_GUMGAON_02,ZONE_GMG_03,0.335,-0.168,39.2,64.4,4.4,CLEAR,2026-02-06T10:30:00Z
Sentinel-2 MSI,MINE_GUMGAON_02,ZONE_GMG_04,0.227,-0.121,35.6,44.6,0.3,CLEAR,2026-02-06T10:30:00Z
Sentinel-2 MSI,MINE_TIRODI_03,ZONE_TRD_01,0.131,-0.169,32.7,22.3,7.4,CLEAR,2026-02-06T10:30:00Z
Sentinel-2 MSI,MINE_TIRODI_03,ZONE_TRD_02,0.139,0.083,36.9,59.2,2.2,CLEAR,2026-02-06T10:30:00Z
Sentinel-2 MSI,MINE_TIRODI_03,ZONE_TRD_03,0.315,0.071,30.8,64.5,1.9,CLEAR,2026-02-06T10:30:00Z
Sentinel-2 MSI,MINE_TIRODI_03,ZONE_TRD_04,0.338,-0.125,37.1,45.1,4.9,CLEAR,2026-02-06T10:30:00Z
Sentinel-2 MSI,MINE_TIRODI_03,ZONE_TRD_05,0.478,0.013,38.3,29.3,3.3,CLEAR,2026-02-06T10:30:00Z
Sentinel-2 MSI,MINE_DONGRI_04,ZONE_DGB_01,0.163,-0.22,33.6,31.8,4.7,CLEAR,2026-02-06T10:30:00Z
Sentinel-2 MSI,MINE_DONGRI_04,ZONE_DGB_02,0.203,-0.24,32.5,66.3,7.5,CLEAR,2026-02-06T10:30:00Z
Sentinel-2 MSI,MINE_DONGRI_04,ZONE_DGB_03,0.304,-0.209,30.9,59.8,5.1,CLEAR,2026-02-06T10:30:00Z
Sentinel-2 MSI,MINE_DONGRI_04,ZONE_DGB_04,0.229,0.037,34.5,44.8,1.7,CLEAR,2026-02-06T10:30:00Z
Sentinel-2 MSI,MINE_DONGRI_04,ZONE_DGB_05,0.246,0.059,38.5,37.1,6.0,CLEAR,2026-02-06T10:30:00Z
Sentinel-2 MSI,MINE_KANDRI_05,ZONE_KND_01,0.245,-0.191,36.2,51.4,1.7,CLEAR,2026-02-06T10:30:00Z
Sentinel-2 MSI,MINE_KANDRI_05,ZONE_KND_02,0.332,-0.01,40.0,45.5,2.6,CLEAR,2026-02-06T10:30:00Z
Sentinel-2 MSI,MINE_KANDRI_05,ZONE_KND_03,0.228,0.001,35.4,50.2,1.7,CLEAR,2026-02-06T10:30:00Z
Sentinel-2 MSI,MINE_KANDRI_05,ZONE_KND_04,0.361,0.047,34.3,42.2,2.5,CLEAR,2026-02-06T10:30:00Z
Sentinel-2 MSI,MINE_MANSAR_06,ZONE_MSR_01,0.236,-0.026,34.2,27.5,4.9,CLEAR,2026-02-06T10:30:00Z
Sentinel-2 MSI,MINE_MANSAR_06,ZONE_MSR_02,0.2,-0.011,33.5,65.9,2.3,CLEAR,2026-02-06T10:30:00Z
Sentinel-2 MSI,MINE_MANSAR_06,ZONE_MSR_03,0.222,0.075,41.3,56.0,0.6,CLEAR,2026-02-06T10:30:00Z
Sentinel-2 MSI,MINE_MANSAR_06,ZONE_MSR_04,0.242,-0.196,33.1,43.2,1.6,CLEAR,2026-02-06T10:30:00Z
Sentinel-2 MSI,MINE_CHIKLA_07,ZONE_CHK_01,0.208,-0.092,34.0,26.9,1.6,CLEAR,2026-02-06T10:30:00Z
Sentinel-2 MSI,MINE_CHIKLA_07,ZONE_CHK_02,0.275,-0.243,32.3,34.4,0.9,CLEAR,2026-02-06T10:30:00Z
Sentinel-2 MSI,MINE_CHIKLA_07,ZONE_CHK_03,0.215,-0.244,34.2,39.5,4.8,CLEAR,2026-02-06T10:30:00Z
Sentinel-2 MSI,MINE_CHIKLA_07,ZONE_CHK_04,0.26,0.037,35.0,35.7,3.7,CLEAR,2026-02-06T10:30:00Z
Sentinel-2 MSI,MINE_CHIKLA_07,ZONE_CHK_05,0.223,-0.224,40.9,40.7,7.6,CLEAR,2026-02-06T10:30:00Z
Sentinel-2 MSI,MINE_UKWA_08,ZONE_UKW_01,0.188,0.079,32.4,44.4,4.1,CLEAR,2026-02-06T10:30:00Z
Sentinel-2 MSI,MINE_UKWA_08,ZONE_UKW_02,0.342,-0.082,41.5,44.0,2.4,CLEAR,2026-02-06T10:30:00Z
Sentinel-2 MSI,MINE_UKWA_08,ZONE_UKW_03,0.272,0.049,32.2,49.4,3.3,CLEAR,2026-02-06T10:30:00Z
Sentinel-2 MSI,MINE_UKWA_08,ZONE_UKW_04,0.229,0.062,31.1,32.7,1.8,CLEAR,2026-02-06T10:30:00Z
Sentinel-2 MSI,MINE_UKWA_08,ZONE_UKW_05,0.398,0.021,38.8,65.4,4.4,CLEAR,2026-02-06T10:30:00Z
Sentinel-2 MSI,MINE_SITAPATORE_09,ZONE_STP_01,0.22,-0.217,35.4,29.9,7.6,CLEAR,2026-02-06T10:30:00Z
Sentinel-2 MSI,MINE_SITAPATORE_09,ZONE_STP_02,0.3,-0.081,37.2,39.7,2.4,CLEAR,2026-02-06T10:30:00Z
Sentinel-2 MSI,MINE_SITAPATORE_09,ZONE_STP_03,0.29,-0.032,40.3,38.2,2.5,CLEAR,2026-02-06T10:30:00Z
Sentinel-2 MSI,MINE_SITAPATORE_09,ZONE_STP_04,0.269,-0.102,31.5,41.1,0.3,CLEAR,2026-02-06T10:30:00Z
Sentinel-2 MSI,MINE_BELDONGRI_10,ZONE_BLD_01,0.231,-0.151,41.4,66.8,1.2,CLEAR,2026-02-06T10:30:00Z
Sentinel-2 MSI,MINE_BELDONGRI_10,ZONE_BLD_02,0.204,-0.103,40.6,60.7,7.8,CLEAR,2026-02-06T10:30:00Z
Sentinel-2 MSI,MINE_BELDONGRI_10,ZONE_BLD_03,0.269,-0.14,34.8,36.1,0.7,CLEAR,2026-02-06T10:30:00Z
Sentinel-2 MSI,MINE_BELDONGRI_10,ZONE_BLD_04,0.322,0.07,34.6,52.9,2.9,CLEAR,2026-02-06T10:30:00Z
Sentinel-2 MSI,MINE_BALAGHAT_01,ZONE_NORTH_A,0.137,0.058,31.9,37.5,7.6,CLEAR,2026-02-10T10:30:00Z
Sentinel-2 MSI,MINE_BALAGHAT_01,ZONE_CENTRAL_B,0.173,-0.234,36.6,37.4,7.1,CLEAR,2026-02-10T10:30:00Z
Sentinel-2 MSI,MINE_BALAGHAT_01,ZONE_SOUTH_C,0.264,-0.245,30.7,54.4,6.2,CLEAR,2026-02-10T10:30:00Z
Sentinel-2 MSI,MINE_BALAGHAT_01,ZONE_EAST_D,0.243,0.012,35.8,60.5,5.8,CLEAR,2026-02-10T10:30:00Z
Sentinel-2 MSI,MINE_BALAGHAT_01,ZONE_WEST_E,0.442,-0.225,32.2,28.3,1.7,CLEAR,2026-02-10T10:30:00Z
Sentinel-2 MSI,MINE_GUMGAON_02,ZONE_GMG_01,0.325,-0.023,40.8,62.2,5.0,CLEAR,2026-02-10T10:30:00Z
Sentinel-2 MSI,MINE_GUMGAON_02,ZONE_GMG_02,0.344,-0.027,40.0,54.3,6.6,CLEAR,2026-02-10T10:30:00Z
Sentinel-2 MSI,MINE_GUMGAON_02,ZONE_GMG_03,0.304,-0.201,37.5,67.2,0.3,CLEAR,2026-02-10T10:30:00Z
Sentinel-2 MSI,MINE_GUMGAON_02,ZONE_GMG_04,0.223,-0.181,39.5,33.2,5.9,CLEAR,2026-02-10T10:30:00Z
Sentinel-2 MSI,MINE_TIRODI_03,ZONE_TRD_01,0.135,-0.171,36.5,53.1,0.5,CLEAR,2026-02-10T10:30:00Z
Sentinel-2 MSI,MINE_TIRODI_03,ZONE_TRD_02,0.19,0.085,37.5,67.6,4.7,CLEAR,2026-02-10T10:30:00Z
Sentinel-2 MSI,MINE_TIRODI_03,ZONE_TRD_03,0.314,-0.086,39.5,46.9,5.3,CLEAR,2026-02-10T10:30:00Z
Sentinel-2 MSI,MINE_TIRODI_03,ZONE_TRD_04,0.29,-0.096,41.9,39.9,3.5,CLEAR,2026-02-10T10:30:00Z
Sentinel-2 MSI,MINE_TIRODI_03,ZONE_TRD_05,0.405,-0.195,34.7,51.2,5.7,CLEAR,2026-02-10T10:30:00Z
Sentinel-2 MSI,MINE_DONGRI_04,ZONE_DGB_01,0.138,-0.042,34.6,62.1,6.8,CLEAR,2026-02-10T10:30:00Z
Sentinel-2 MSI,MINE_DONGRI_04,ZONE_DGB_02,0.161,-0.214,33.1,34.0,4.1,CLEAR,2026-02-10T10:30:00Z
Sentinel-2 MSI,MINE_DONGRI_04,ZONE_DGB_03,0.251,-0.155,30.3,40.5,6.6,CLEAR,2026-02-10T10:30:00Z
Sentinel-2 MSI,MINE_DONGRI_04,ZONE_DGB_04,0.257,-0.227,38.1,66.8,4.5,CLEAR,2026-02-10T10:30:00Z
Sentinel-2 MSI,MINE_DONGRI_04,ZONE_DGB_05,0.245,-0.052,37.5,49.0,5.6,CLEAR,2026-02-10T10:30:00Z
Sentinel-2 MSI,MINE_KANDRI_05,ZONE_KND_01,0.221,-0.189,37.1,25.6,1.7,CLEAR,2026-02-10T10:30:00Z
Sentinel-2 MSI,MINE_KANDRI_05,ZONE_KND_02,0.314,-0.069,32.9,51.8,4.7,CLEAR,2026-02-10T10:30:00Z
Sentinel-2 MSI,MINE_KANDRI_05,ZONE_KND_03,0.35,0.064,37.0,47.3,6.0,CLEAR,2026-02-10T10:30:00Z
Sentinel-2 MSI,MINE_KANDRI_05,ZONE_KND_04,0.332,0.086,35.3,40.9,7.1,CLEAR,2026-02-10T10:30:00Z
Sentinel-2 MSI,MINE_MANSAR_06,ZONE_MSR_01,0.203,-0.132,30.0,42.9,7.6,CLEAR,2026-02-10T10:30:00Z
Sentinel-2 MSI,MINE_MANSAR_06,ZONE_MSR_02,0.286,-0.131,40.4,35.0,6.8,CLEAR,2026-02-10T10:30:00Z
Sentinel-2 MSI,MINE_MANSAR_06,ZONE_MSR_03,0.226,-0.216,40.1,29.6,4.5,CLEAR,2026-02-10T10:30:00Z
Sentinel-2 MSI,MINE_MANSAR_06,ZONE_MSR_04,0.298,-0.248,38.5,34.9,7.6,CLEAR,2026-02-10T10:30:00Z
Sentinel-2 MSI,MINE_CHIKLA_07,ZONE_CHK_01,0.146,0.074,39.6,40.8,5.4,CLEAR,2026-02-10T10:30:00Z
Sentinel-2 MSI,MINE_CHIKLA_07,ZONE_CHK_02,0.289,0.093,41.5,59.2,2.2,CLEAR,2026-02-10T10:30:00Z
Sentinel-2 MSI,MINE_CHIKLA_07,ZONE_CHK_03,0.209,0.009,39.2,67.2,0.9,CLEAR,2026-02-10T10:30:00Z
Sentinel-2 MSI,MINE_CHIKLA_07,ZONE_CHK_04,0.334,-0.022,32.8,33.1,0.8,CLEAR,2026-02-10T10:30:00Z
Sentinel-2 MSI,MINE_CHIKLA_07,ZONE_CHK_05,0.274,0.093,38.8,44.2,5.3,CLEAR,2026-02-10T10:30:00Z
Sentinel-2 MSI,MINE_UKWA_08,ZONE_UKW_01,0.128,-0.165,34.9,29.3,3.3,CLEAR,2026-02-10T10:30:00Z
Sentinel-2 MSI,MINE_UKWA_08,ZONE_UKW_02,0.309,-0.04,31.5,37.0,2.9,CLEAR,2026-02-10T10:30:00Z
Sentinel-2 MSI,MINE_UKWA_08,ZONE_UKW_03,0.332,-0.063,36.3,25.8,3.5,CLEAR,2026-02-10T10:30:00Z
Sentinel-2 MSI,MINE_UKWA_08,ZONE_UKW_04,0.247,-0.069,41.9,27.5,2.3,CLEAR,2026-02-10T10:30:00Z
Sentinel-2 MSI,MINE_UKWA_08,ZONE_UKW_05,0.444,0.0,34.9,45.0,6.4,CLEAR,2026-02-10T10:30:00Z
Sentinel-2 MSI,MINE_SITAPATORE_09,ZONE_STP_01,0.216,-0.183,38.2,50.5,6.3,CLEAR,2026-02-10T10:30:00Z
Sentinel-2 MSI,MINE_SITAPATORE_09,ZONE_STP_02,0.215,-0.229,32.1,49.8,0.8,CLEAR,2026-02-10T10:30:00Z
Sentinel-2 MSI,MINE_SITAPATORE_09,ZONE_STP_03,0.251,0.02,41.1,53.0,2.7,CLEAR,2026-02-10T10:30:00Z
Sentinel-2 MSI,MINE_SITAPATORE_09,ZONE_STP_04,0.218,-0.216,34.4,25.7,1.0,CLEAR,2026-02-10T10:30:00Z
Sentinel-2 MSI,MINE_BELDONGRI_10,ZONE_BLD_01,0.342,-0.217,34.6,28.1,6.1,CLEAR,2026-02-10T10:30:00Z
Sentinel-2 MSI,MINE_BELDONGRI_10,ZONE_BLD_02,0.256,0.061,37.6,49.2,3.2,CLEAR,2026-02-10T10:30:00Z
Sentinel-2 MSI,MINE_BELDONGRI_10,ZONE_BLD_03,0.224,-0.043,31.2,34.5,0.4,CLEAR,2026-02-10T10:30:00Z
Sentinel-2 MSI,MINE_BELDONGRI_10,ZONE_BLD_04,0.338,-0.201,32.9,41.7,6.5,CLEAR,2026-02-10T10:30:00Z
Sentinel-2 MSI,MINE_BALAGHAT_01,ZONE_NORTH_A,0.16,0.036,34.7,28.6,0.8,CLEAR,2026-02-14T10:30:00Z
Sentinel-2 MSI,MINE_BALAGHAT_01,ZONE_CENTRAL_B,0.176,-0.187,36.3,51.1,4.4,CLEAR,2026-02-14T10:30:00Z
Sentinel-2 MSI,MINE_BALAGHAT_01,ZONE_SOUTH_C,0.331,-0.071,38.2,43.2,0.7,CLEAR,2026-02-14T10:30:00Z
Sentinel-2 MSI,MINE_BALAGHAT_01,ZONE_EAST_D,0.212,-0.035,40.1,46.5,2.5,CLEAR,2026-02-14T10:30:00Z
Sentinel-2 MSI,MINE_BALAGHAT_01,ZONE_WEST_E,0.427,-0.095,30.5,66.8,0.1,CLEAR,2026-02-14T10:30:00Z
Sentinel-2 MSI,MINE_GUMGAON_02,ZONE_GMG_01,0.323,0.01,33.1,32.7,0.0,CLEAR,2026-02-14T10:30:00Z
Sentinel-2 MSI,MINE_GUMGAON_02,ZONE_GMG_02,0.294,-0.239,42.0,29.6,0.8,CLEAR,2026-02-14T10:30:00Z
Sentinel-2 MSI,MINE_GUMGAON_02,ZONE_GMG_03,0.217,-0.222,33.6,45.5,2.5,CLEAR,2026-02-14T10:30:00Z
Sentinel-2 MSI,MINE_GUMGAON_02,ZONE_GMG_04,0.333,-0.218,38.9,55.9,0.2,CLEAR,2026-02-14T10:30:00Z
Sentinel-2 MSI,MINE_TIRODI_03,ZONE_TRD_01,0.196,-0.142,36.8,46.5,4.7,CLEAR,2026-02-14T10:30:00Z
Sentinel-2 MSI,MINE_TIRODI_03,ZONE_TRD_02,0.135,-0.135,35.0,35.8,7.5,CLEAR,2026-02-14T10:30:00Z
Sentinel-2 MSI,MINE_TIRODI_03,ZONE_TRD_03,0.313,0.016,41.2,49.2,3.4,CLEAR,2026-02-14T10:30:00Z
Sentinel-2 MSI,MINE_TIRODI_03,ZONE_TRD_04,0.308,-0.037,33.0,38.5,0.5,CLEAR,2026-02-14T10:30:00Z
Sentinel-2 MSI,MINE_TIRODI_03,ZONE_TRD_05,0.337,-0.123,38.0,31.1,0.4,CLEAR,2026-02-14T10:30:00Z
Sentinel-2 MSI,MINE_DONGRI_04,ZONE_DGB_01,0.123,0.022,40.3,25.2,0.0,CLEAR,2026-02-14T10:30:00Z
Sentinel-2 MSI,MINE_DONGRI_04,ZONE_DGB_02,0.19,-0.213,38.2,40.5,5.9,CLEAR,2026-02-14T10:30:00Z
Sentinel-2 MSI,MINE_DONGRI_04,ZONE_DGB_03,0.328,-0.141,38.3,53.0,1.1,CLEAR,2026-02-14T10:30:00Z
Sentinel-2 MSI,MINE_DONGRI_04,ZONE_DGB_04,0.296,-0.239,37.2,44.5,4.2,CLEAR,2026-02-14T10:30:00Z
Sentinel-2 MSI,MINE_DONGRI_04,ZONE_DGB_05,0.315,0.072,40.6,45.5,4.3,CLEAR,2026-02-14T10:30:00Z
Sentinel-2 MSI,MINE_KANDRI_05,ZONE_KND_01,0.286,-0.038,32.7,34.9,7.2,CLEAR,2026-02-14T10:30:00Z
Sentinel-2 MSI,MINE_KANDRI_05,ZONE_KND_02,0.208,-0.121,31.7,64.5,4.0,CLEAR,2026-02-14T10:30:00Z
Sentinel-2 MSI,MINE_KANDRI_05,ZONE_KND_03,0.269,-0.221,32.7,48.3,6.8,CLEAR,2026-02-14T10:30:00Z
Sentinel-2 MSI,MINE_KANDRI_05,ZONE_KND_04,0.424,-0.109,30.3,66.7,0.6,CLEAR,2026-02-14T10:30:00Z
Sentinel-2 MSI,MINE_MANSAR_06,ZONE_MSR_01,0.201,-0.019,33.3,53.1,2.4,CLEAR,2026-02-14T10:30:00Z
Sentinel-2 MSI,MINE_MANSAR_06,ZONE_MSR_02,0.216,0.007,31.9,30.9,7.2,CLEAR,2026-02-14T10:30:00Z
Sentinel-2 MSI,MINE_MANSAR_06,ZONE_MSR_03,0.204,-0.096,38.4,40.0,7.9,CLEAR,2026-02-14T10:30:00Z
Sentinel-2 MSI,MINE_MANSAR_06,ZONE_MSR_04,0.279,-0.118,39.8,28.2,5.6,CLEAR,2026-02-14T10:30:00Z
Sentinel-2 MSI,MINE_CHIKLA_07,ZONE_CHK_01,0.199,0.025,36.9,60.7,4.1,CLEAR,2026-02-14T10:30:00Z
Sentinel-2 MSI,MINE_CHIKLA_07,ZONE_CHK_02,0.238,0.002,39.0,24.3,6.4,CLEAR,2026-02-14T10:30:00Z
Sentinel-2 MSI,MINE_CHIKLA_07,ZONE_CHK_03,0.272,0.023,41.1,53.9,0.7,CLEAR,2026-02-14T10:30:00Z
Sentinel-2 MSI,MINE_CHIKLA_07,ZONE_CHK_04,0.334,-0.194,35.0,39.9,2.8,CLEAR,2026-02-14T10:30:00Z
Sentinel-2 MSI,MINE_CHIKLA_07,ZONE_CHK_05,0.329,-0.007,31.2,41.7,3.2,CLEAR,2026-02-14T10:30:00Z
Sentinel-2 MSI,MINE_UKWA_08,ZONE_UKW_01,0.162,-0.217,35.5,58.5,0.9,CLEAR,2026-02-14T10:30:00Z
Sentinel-2 MSI,MINE_UKWA_08,ZONE_UKW_02,0.212,-0.208,30.5,44.7,0.8,CLEAR,2026-02-14T10:30:00Z
Sentinel-2 MSI,MINE_UKWA_08,ZONE_UKW_03,0.303,-0.244,34.1,46.2,4.5,CLEAR,2026-02-14T10:30:00Z
Sentinel-2 MSI,MINE_UKWA_08,ZONE_UKW_04,0.315,-0.051,35.9,49.1,1.5,CLEAR,2026-02-14T10:30:00Z
Sentinel-2 MSI,MINE_UKWA_08,ZONE_UKW_05,0.472,-0.107,34.3,62.1,1.1,CLEAR,2026-02-14T10:30:00Z
Sentinel-2 MSI,MINE_SITAPATORE_09,ZONE_STP_01,0.269,-0.223,30.3,54.8,6.8,CLEAR,2026-02-14T10:30:00Z
Sentinel-2 MSI,MINE_SITAPATORE_09,ZONE_STP_02,0.332,-0.184,40.5,49.9,5.0,CLEAR,2026-02-14T10:30:00Z
Sentinel-2 MSI,MINE_SITAPATORE_09,ZONE_STP_03,0.297,-0.063,40.1,41.2,4.0,CLEAR,2026-02-14T10:30:00Z
Sentinel-2 MSI,MINE_SITAPATORE_09,ZONE_STP_04,0.301,-0.016,37.6,56.1,1.5,CLEAR,2026-02-14T10:30:00Z
Sentinel-2 MSI,MINE_BELDONGRI_10,ZONE_BLD_01,0.202,-0.161,33.4,28.7,4.7,CLEAR,2026-02-14T10:30:00Z
Sentinel-2 MSI,MINE_BELDONGRI_10,ZONE_BLD_02,0.331,0.044,36.5,32.0,6.6,CLEAR,2026-02-14T10:30:00Z
Sentinel-2 MSI,MINE_BELDONGRI_10,ZONE_BLD_03,0.219,-0.009,30.8,33.1,7.2,CLEAR,2026-02-14T10:30:00Z
Sentinel-2 MSI,MINE_BELDONGRI_10,ZONE_BLD_04,0.407,0.039,30.1,22.6,0.1,CLEAR,2026-02-14T10:30:00Z
Sentinel-2 MSI,MINE_GUMGAON_02,ZONE_GMG_01,0.237,0.076,40.5,37.9,2.5,CLEAR,2026-02-18T10:30:00Z
Sentinel-2 MSI,MINE_GUMGAON_02,ZONE_GMG_02,0.31,0.063,36.8,60.3,0.8,CLEAR,2026-02-18T10:30:00Z
Sentinel-2 MSI,MINE_GUMGAON_02,ZONE_GMG_03,0.246,0.056,35.2,55.8,1.2,CLEAR,2026-02-18T10:30:00Z
Sentinel-2 MSI,MINE_GUMGAON_02,ZONE_GMG_04,0.253,-0.058,30.4,56.0,6.4,CLEAR,2026-02-18T10:30:00Z
Sentinel-2 MSI,MINE_TIRODI_03,ZONE_TRD_01,0.125,-0.136,30.7,53.4,3.7,CLEAR,2026-02-18T10:30:00Z
Sentinel-2 MSI,MINE_TIRODI_03,ZONE_TRD_02,0.18,-0.248,34.7,40.2,6.9,CLEAR,2026-02-18T10:30:00Z
Sentinel-2 MSI,MINE_TIRODI_03,ZONE_TRD_03,0.317,0.017,40.9,45.8,1.5,CLEAR,2026-02-18T10:30:00Z
Sentinel-2 MSI,MINE_TIRODI_03,ZONE_TRD_04,0.278,0.058,36.4,46.9,3.0,CLEAR,2026-02-18T10:30:00Z
Sentinel-2 MSI,MINE_TIRODI_03,ZONE_TRD_05,0.385,0.068,35.0,41.0,1.6,CLEAR,2026-02-18T10:30:00Z
Sentinel-2 MSI,MINE_DONGRI_04,ZONE_DGB_01,0.215,-0.015,35.7,25.1,7.3,CLEAR,2026-02-18T10:30:00Z
Sentinel-2 MSI,MINE_DONGRI_04,ZONE_DGB_02,0.166,-0.185,34.9,64.5,4.6,CLEAR,2026-02-18T10:30:00Z
Sentinel-2 MSI,MINE_DONGRI_04,ZONE_DGB_03,0.245,-0.014,32.2,39.7,0.8,CLEAR,2026-02-18T10:30:00Z
Sentinel-2 MSI,MINE_DONGRI_04,ZONE_DGB_04,0.328,-0.002,37.6,43.3,4.3,CLEAR,2026-02-18T10:30:00Z
Sentinel-2 MSI,MINE_DONGRI_04,ZONE_DGB_05,0.309,-0.015,33.2,53.7,2.1,CLEAR,2026-02-18T10:30:00Z
Sentinel-2 MSI,MINE_KANDRI_05,ZONE_KND_01,0.325,0.028,39.0,43.7,2.9,CLEAR,2026-02-18T10:30:00Z
Sentinel-2 MSI,MINE_KANDRI_05,ZONE_KND_02,0.319,0.032,35.7,64.9,0.3,CLEAR,2026-02-18T10:30:00Z
Sentinel-2 MSI,MINE_KANDRI_05,ZONE_KND_03,0.264,-0.157,40.1,46.6,4.3,CLEAR,2026-02-18T10:30:00Z
Sentinel-2 MSI,MINE_KANDRI_05,ZONE_KND_04,0.472,0.054,40.5,67.1,4.3,CLEAR,2026-02-18T10:30:00Z
Sentinel-2 MSI,MINE_MANSAR_06,ZONE_MSR_01,0.323,-0.115,36.2,49.2,2.9,CLEAR,2026-02-18T10:30:00Z
Sentinel-2 MSI,MINE_MANSAR_06,ZONE_MSR_02,0.204,-0.171,36.9,64.3,1.6,CLEAR,2026-02-18T10:30:00Z
Sentinel-2 MSI,MINE_MANSAR_06,ZONE_MSR_03,0.269,-0.097,33.3,54.9,2.4,CLEAR,2026-02-18T10:30:00Z
Sentinel-2 MSI,MINE_MANSAR_06,ZONE_MSR_04,0.225,-0.215,33.3,50.7,5.3,CLEAR,2026-02-18T10:30:00Z
Sentinel-2 MSI,MINE_CHIKLA_07,ZONE_CHK_01,0.174,-0.142,36.6,62.8,1.4,CLEAR,2026-02-18T10:30:00Z
Sentinel-2 MSI,MINE_CHIKLA_07,ZONE_CHK_02,0.3,0.075,41.2,36.3,2.3,CLEAR,2026-02-18T10:30:00Z
Sentinel-2 MSI,MINE_CHIKLA_07,ZONE_CHK_03,0.227,-0.084,35.2,55.5,6.4,CLEAR,2026-02-18T10:30:00Z
Sentinel-2 MSI,MINE_CHIKLA_07,ZONE_CHK_04,0.326,0.074,32.2,40.9,1.3,CLEAR,2026-02-18T10:30:00Z
Sentinel-2 MSI,MINE_CHIKLA_07,ZONE_CHK_05,0.337,-0.169,36.0,48.2,1.9,CLEAR,2026-02-18T10:30:00Z
Sentinel-2 MSI,MINE_UKWA_08,ZONE_UKW_01,0.152,-0.146,34.8,45.0,6.4,CLEAR,2026-02-18T10:30:00Z
Sentinel-2 MSI,MINE_UKWA_08,ZONE_UKW_02,0.237,0.016,40.0,66.9,7.5,CLEAR,2026-02-18T10:30:00Z
Sentinel-2 MSI,MINE_UKWA_08,ZONE_UKW_03,0.206,0.07,33.9,66.1,3.1,CLEAR,2026-02-18T10:30:00Z
Sentinel-2 MSI,MINE_UKWA_08,ZONE_UKW_04,0.263,-0.079,39.6,52.6,0.5,CLEAR,2026-02-18T10:30:00Z
Sentinel-2 MSI,MINE_UKWA_08,ZONE_UKW_05,0.464,-0.052,30.0,50.5,5.6,CLEAR,2026-02-18T10:30:00Z
Sentinel-2 MSI,MINE_SITAPATORE_09,ZONE_STP_01,0.308,-0.036,41.1,51.1,6.3,CLEAR,2026-02-18T10:30:00Z
Sentinel-2 MSI,MINE_SITAPATORE_09,ZONE_STP_02,0.323,0.046,39.9,63.0,3.2,CLEAR,2026-02-18T10:30:00Z
Sentinel-2 MSI,MINE_SITAPATORE_09,ZONE_STP_03,0.263,-0.087,37.2,39.1,0.7,CLEAR,2026-02-18T10:30:00Z
Sentinel-2 MSI,MINE_SITAPATORE_09,ZONE_STP_04,0.206,0.0,34.2,55.5,1.3,CLEAR,2026-02-18T10:30:00Z
Sentinel-2 MSI,MINE_BELDONGRI_10,ZONE_BLD_01,0.272,-0.111,30.8,67.0,5.8,CLEAR,2026-02-18T10:30:00Z
Sentinel-2 MSI,MINE_BELDONGRI_10,ZONE_BLD_02,0.289,-0.2,30.3,42.9,7.3,CLEAR,2026-02-18T10:30:00Z
Sentinel-2 MSI,MINE_BELDONGRI_10,ZONE_BLD_03,0.289,-0.004,34.5,23.1,0.4,CLEAR,2026-02-18T10:30:00Z
Sentinel-2 MSI,MINE_BELDONGRI_10,ZONE_BLD_04,0.361,-0.154,34.1,61.2,6.7,CLEAR,2026-02-18T10:30:00Z
Sentinel-2 MSI,MINE_BALAGHAT_01,ZONE_NORTH_A,0.158,-0.167,41.3,39.2,3.6,CLEAR,2026-02-22T10:30:00Z
Sentinel-2 MSI,MINE_BALAGHAT_01,ZONE_CENTRAL_B,0.136,-0.119,31.9,62.7,7.0,CLEAR,2026-02-22T10:30:00Z
Sentinel-2 MSI,MINE_BALAGHAT_01,ZONE_SOUTH_C,0.203,-0.21,33.8,48.1,6.6,CLEAR,2026-02-22T10:30:00Z
Sentinel-2 MSI,MINE_BALAGHAT_01,ZONE_EAST_D,0.284,-0.052,30.3,30.9,0.2,CLEAR,2026-02-22T10:30:00Z
Sentinel-2 MSI,MINE_BALAGHAT_01,ZONE_WEST_E,0.439,-0.025,38.5,54.3,0.2,CLEAR,2026-02-22T10:30:00Z
Sentinel-2 MSI,MINE_GUMGAON_02,ZONE_GMG_01,0.341,-0.09,30.1,60.3,1.2,CLEAR,2026-02-22T10:30:00Z
Sentinel-2 MSI,MINE_GUMGAON_02,ZONE_GMG_02,0.31,-0.068,37.3,60.2,1.1,CLEAR,2026-02-22T10:30:00Z
Sentinel-2 MSI,MINE_GUMGAON_02,ZONE_GMG_03,0.297,0.062,35.8,38.8,3.9,CLEAR,2026-02-22T10:30:00Z
Sentinel-2 MSI,MINE_GUMGAON_02,ZONE_GMG_04,0.292,-0.155,34.5,61.8,2.6,CLEAR,2026-02-22T10:30:00Z
Sentinel-2 MSI,MINE_TIRODI_03,ZONE_TRD_01,0.203,-0.153,41.6,35.5,2.3,CLEAR,2026-02-22T10:30:00Z
Sentinel-2 MSI,MINE_TIRODI_03,ZONE_TRD_02,0.162,0.092,37.3,66.7,5.8,CLEAR,2026-02-22T10:30:00Z
Sentinel-2 MSI,MINE_TIRODI_03,ZONE_TRD_03,0.333,-0.096,35.7,51.1,2.3,CLEAR,2026-02-22T10:30:00Z
Sentinel-2 MSI,MINE_TIRODI_03,ZONE_TRD_04,0.319,-0.065,38.1,42.2,3.0,CLEAR,2026-02-22T10:30:00Z
Sentinel-2 MSI,MINE_TIRODI_03,ZONE_TRD_05,0.451,-0.122,39.3,48.8,2.2,CLEAR,2026-02-22T10:30:00Z
Sentinel-2 MSI,MINE_DONGRI_04,ZONE_DGB_01,0.165,-0.165,34.6,53.3,6.8,CLEAR,2026-02-22T10:30:00Z
Sentinel-2 MSI,MINE_DONGRI_04,ZONE_DGB_02,0.182,-0.054,34.4,40.3,1.2,CLEAR,2026-02-22T10:30:00Z
Sentinel-2 MSI,MINE_DONGRI_04,ZONE_DGB_03,0.3,-0.078,40.6,37.0,0.7,CLEAR,2026-02-22T10:30:00Z
Sentinel-2 MSI,MINE_DONGRI_04,ZONE_DGB_04,0.27,-0.064,32.9,67.7,0.5,CLEAR,2026-02-22T10:30:00Z
Sentinel-2 MSI,MINE_DONGRI_04,ZONE_DGB_05,0.243,0.066,38.0,42.3,3.6,CLEAR,2026-02-22T10:30:00Z
Sentinel-2 MSI,MINE_KANDRI_05,ZONE_KND_01,0.261,-0.181,35.3,55.2,7.6,CLEAR,2026-02-22T10:30:00Z
Sentinel-2 MSI,MINE_KANDRI_05,ZONE_KND_02,0.35,-0.182,36.3,42.2,6.2,CLEAR,2026-02-22T10:30:00Z
Sentinel-2 MSI,MINE_KANDRI_05,ZONE_KND_03,0.35,0.037,36.0,62.2,7.6,CLEAR,2026-02-22T10:30:00Z
Sentinel-2 MSI,MINE_KANDRI_05,ZONE_KND_04,0.475,0.056,38.0,45.3,4.2,CLEAR,2026-02-22T10:30:00Z
Sentinel-2 MSI,MINE_MANSAR_06,ZONE_MSR_01,0.257,-0.016,39.4,55.6,1.4,CLEAR,2026-02-22T10:30:00Z
Sentinel-2 MSI,MINE_MANSAR_06,ZONE_MSR_02,0.201,-0.01,30.4,59.7,2.6,CLEAR,2026-02-22T10:30:00Z
Sentinel-2 MSI,MINE_MANSAR_06,ZONE_MSR_03,0.28,-0.146,32.1,59.9,3.2,CLEAR,2026-02-22T10:30:00Z
Sentinel-2 MSI,MINE_MANSAR_06,ZONE_MSR_04,0.239,-0.108,31.1,55.2,6.9,CLEAR,2026-02-22T10:30:00Z
Sentinel-2 MSI,MINE_CHIKLA_07,ZONE_CHK_01,0.197,-0.129,31.0,24.9,7.1,CLEAR,2026-02-22T10:30:00Z
Sentinel-2 MSI,MINE_CHIKLA_07,ZONE_CHK_02,0.301,-0.168,36.3,50.9,4.0,CLEAR,2026-02-22T10:30:00Z
Sentinel-2 MSI,MINE_CHIKLA_07,ZONE_CHK_03,0.326,-0.032,36.4,60.2,3.4,CLEAR,2026-02-22T10:30:00Z
Sentinel-2 MSI,MINE_CHIKLA_07,ZONE_CHK_04,0.276,-0.14,31.3,51.4,3.5,CLEAR,2026-02-22T10:30:00Z
Sentinel-2 MSI,MINE_CHIKLA_07,ZONE_CHK_05,0.261,-0.231,39.5,44.7,6.4,CLEAR,2026-02-22T10:30:00Z
Sentinel-2 MSI,MINE_UKWA_08,ZONE_UKW_01,0.194,-0.052,37.4,43.3,0.9,CLEAR,2026-02-22T10:30:00Z
Sentinel-2 MSI,MINE_UKWA_08,ZONE_UKW_02,0.335,-0.009,34.4,61.9,1.5,CLEAR,2026-02-22T10:30:00Z
Sentinel-2 MSI,MINE_UKWA_08,ZONE_UKW_03,0.246,0.008,33.2,39.7,7.2,CLEAR,2026-02-22T10:30:00Z
Sentinel-2 MSI,MINE_UKWA_08,ZONE_UKW_04,0.25,-0.009,41.2,49.7,5.7,CLEAR,2026-02-22T10:30:00Z
Sentinel-2 MSI,MINE_UKWA_08,ZONE_UKW_05,0.41,0.088,41.6,31.0,2.5,CLEAR,2026-02-22T10:30:00Z
Sentinel-2 MSI,MINE_SITAPATORE_09,ZONE_STP_01,0.257,-0.167,30.1,59.5,1.3,CLEAR,2026-02-22T10:30:00Z
Sentinel-2 MSI,MINE_SITAPATORE_09,ZONE_STP_02,0.333,0.001,31.0,52.0,4.0,CLEAR,2026-02-22T10:30:00Z
Sentinel-2 MSI,MINE_SITAPATORE_09,ZONE_STP_03,0.209,-0.221,33.3,45.9,0.3,CLEAR,2026-02-22T10:30:00Z
Sentinel-2 MSI,MINE_SITAPATORE_09,ZONE_STP_04,0.315,-0.063,35.3,53.5,6.5,CLEAR,2026-02-22T10:30:00Z
Sentinel-2 MSI,MINE_BELDONGRI_10,ZONE_BLD_01,0.25,-0.094,35.8,35.3,5.2,CLEAR,2026-02-22T10:30:00Z
Sentinel-2 MSI,MINE_BELDONGRI_10,ZONE_BLD_02,0.222,-0.187,40.6,25.1,1.0,CLEAR,2026-02-22T10:30:00Z
Sentinel-2 MSI,MINE_BELDONGRI_10,ZONE_BLD_03,0.299,0.1,36.6,59.9,1.9,CLEAR,2026-02-22T10:30:00Z
Sentinel-2 MSI,MINE_BELDONGRI_10,ZONE_BLD_04,0.382,0.034,41.9,50.7,2.0,CLEAR,2026-02-22T10:30:00Z
Sentinel-2 MSI,MINE_BALAGHAT_01,ZONE_NORTH_A,0.179,-0.026,36.3,39.9,4.1,CLEAR,2026-02-26T10:30:00Z
Sentinel-2 MSI,MINE_BALAGHAT_01,ZONE_CENTRAL_B,0.195,-0.178,36.9,58.0,7.1,CLEAR,2026-02-26T10:30:00Z
Sentinel-2 MSI,MINE_BALAGHAT_01,ZONE_SOUTH_C,0.277,0.015,35.1,43.8,7.2,CLEAR,2026-02-26T10:30:00Z
Sentinel-2 MSI,MINE_BALAGHAT_01,ZONE_EAST_D,0.228,-0.231,31.7,64.1,3.1,CLEAR,2026-02-26T10:30:00Z
Sentinel-2 MSI,MINE_BALAGHAT_01,ZONE_WEST_E,0.418,-0.153,36.8,67.0,5.8,CLEAR,2026-02-26T10:30:00Z
Sentinel-2 MSI,MINE_GUMGAON_02,ZONE_GMG_01,0.29,-0.117,41.2,23.3,2.4,CLEAR,2026-02-26T10:30:00Z
Sentinel-2 MSI,MINE_GUMGAON_02,ZONE_GMG_02,0.279,0.091,39.8,28.8,6.8,CLEAR,2026-02-26T10:30:00Z
Sentinel-2 MSI,MINE_GUMGAON_02,ZONE_GMG_03,0.244,0.002,34.0,63.2,7.4,CLEAR,2026-02-26T10:30:00Z
Sentinel-2 MSI,MINE_GUMGAON_02,ZONE_GMG_04,0.289,-0.075,41.8,34.3,2.4,CLEAR,2026-02-26T10:30:00Z
Sentinel-2 MSI,MINE_TIRODI_03,ZONE_TRD_01,0.211,0.089,31.0,55.5,5.5,CLEAR,2026-02-26T10:30:00Z
Sentinel-2 MSI,MINE_TIRODI_03,ZONE_TRD_02,0.2,-0.009,30.5,65.6,3.7,CLEAR,2026-02-26T10:30:00Z
Sentinel-2 MSI,MINE_TIRODI_03,ZONE_TRD_03,0.288,-0.01,39.9,49.1,0.7,CLEAR,2026-02-26T10:30:00Z
Sentinel-2 MSI,MINE_TIRODI_03,ZONE_TRD_04,0.212,-0.202,32.2,56.6,2.7,CLEAR,2026-02-26T10:30:00Z
Sentinel-2 MSI,MINE_TIRODI_03,ZONE_TRD_05,0.335,-0.202,38.2,38.3,1.7,CLEAR,2026-02-26T10:30:00Z
Sentinel-2 MSI,MINE_DONGRI_04,ZONE_DGB_01,0.171,-0.239,33.5,27.0,3.1,CLEAR,2026-02-26T10:30:00Z
Sentinel-2 MSI,MINE_DONGRI_04,ZONE_DGB_02,0.153,0.099,35.9,22.1,4.3,CLEAR,2026-02-26T10:30:00Z
Sentinel-2 MSI,MINE_DONGRI_04,ZONE_DGB_03,0.336,-0.076,34.5,50.3,6.0,CLEAR,2026-02-26T10:30:00Z
Sentinel-2 MSI,MINE_DONGRI_04,ZONE_DGB_04,0.231,-0.195,38.7,23.2,1.9,CLEAR,2026-02-26T10:30:00Z
Sentinel-2 MSI,MINE_DONGRI_04,ZONE_DGB_05,0.314,-0.087,39.0,33.0,3.4,CLEAR,2026-02-26T10:30:00Z
Sentinel-2 MSI,MINE_KANDRI_05,ZONE_KND_01,0.343,0.058,33.7,34.5,5.1,CLEAR,2026-02-26T10:30:00Z
Sentinel-2 MSI,MINE_KANDRI_05,ZONE_KND_02,0.212,-0.228,39.7,31.6,1.7,CLEAR,2026-02-26T10:30:00Z
Sentinel-2 MSI,MINE_KANDRI_05,ZONE_KND_03,0.235,0.076,39.7,59.3,1.9,CLEAR,2026-02-26T10:30:00Z
Sentinel-2 MSI,MINE_KANDRI_05,ZONE_KND_04,0.434,0.085,35.8,24.5,2.8,CLEAR,2026-02-26T10:30:00Z
Sentinel-2 MSI,MINE_MANSAR_06,ZONE_MSR_01,0.251,-0.189,37.5,62.7,2.2,CLEAR,2026-02-26T10:30:00Z
Sentinel-2 MSI,MINE_MANSAR_06,ZONE_MSR_02,0.251,0.086,35.0,28.8,2.2,CLEAR,2026-02-26T10:30:00Z
Sentinel-2 MSI,MINE_MANSAR_06,ZONE_MSR_03,0.214,-0.202,38.0,25.7,2.8,CLEAR,2026-02-26T10:30:00Z
Sentinel-2 MSI,MINE_MANSAR_06,ZONE_MSR_04,0.347,0.08,36.0,45.9,5.9,CLEAR,2026-02-26T10:30:00Z
Sentinel-2 MSI,MINE_CHIKLA_07,ZONE_CHK_01,0.137,-0.178,35.7,27.5,0.9,CLEAR,2026-02-26T10:30:00Z
Sentinel-2 MSI,MINE_CHIKLA_07,ZONE_CHK_02,0.338,0.019,35.6,52.5,3.6,CLEAR,2026-02-26T10:30:00Z
Sentinel-2 MSI,MINE_CHIKLA_07,ZONE_CHK_03,0.209,-0.076,37.4,53.0,7.8,CLEAR,2026-02-26T10:30:00Z
Sentinel-2 MSI,MINE_CHIKLA_07,ZONE_CHK_04,0.298,-0.023,40.1,35.8,7.2,CLEAR,2026-02-26T10:30:00Z
Sentinel-2 MSI,MINE_CHIKLA_07,ZONE_CHK_05,0.323,-0.145,39.9,43.6,5.2,CLEAR,2026-02-26T10:30:00Z
Sentinel-2 MSI,MINE_UKWA_08,ZONE_UKW_01,0.216,-0.226,32.8,27.1,6.5,CLEAR,2026-02-26T10:30:00Z
Sentinel-2 MSI,MINE_UKWA_08,ZONE_UKW_02,0.304,-0.105,36.3,44.4,0.9,CLEAR,2026-02-26T10:30:00Z
Sentinel-2 MSI,MINE_UKWA_08,ZONE_UKW_03,0.206,-0.146,34.6,35.6,4.8,CLEAR,2026-02-26T10:30:00Z
Sentinel-2 MSI,MINE_UKWA_08,ZONE_UKW_04,0.32,0.06,36.9,34.9,3.4,CLEAR,2026-02-26T10:30:00Z
Sentinel-2 MSI,MINE_UKWA_08,ZONE_UKW_05,0.366,-0.07,38.5,59.1,6.4,CLEAR,2026-02-26T10:30:00Z
Sentinel-2 MSI,MINE_SITAPATORE_09,ZONE_STP_01,0.202,0.05,36.7,37.9,5.7,CLEAR,2026-02-26T10:30:00Z
Sentinel-2 MSI,MINE_SITAPATORE_09,ZONE_STP_02,0.22,-0.183,32.2,58.9,2.8,CLEAR,2026-02-26T10:30:00Z
Sentinel-2 MSI,MINE_SITAPATORE_09,ZONE_STP_03,0.326,-0.078,30.9,29.1,2.4,CLEAR,2026-02-26T10:30:00Z
Sentinel-2 MSI,MINE_SITAPATORE_09,ZONE_STP_04,0.217,-0.248,32.8,57.9,6.5,CLEAR,2026-02-26T10:30:00Z
Sentinel-2 MSI,MINE_BELDONGRI_10,ZONE_BLD_01,0.339,-0.069,40.1,23.4,2.0,CLEAR,2026-02-26T10:30:00Z
Sentinel-2 MSI,MINE_BELDONGRI_10,ZONE_BLD_02,0.346,0.077,40.7,54.8,2.5,CLEAR,2026-02-26T10:30:00Z
Sentinel-2 MSI,MINE_BELDONGRI_10,ZONE_BLD_03,0.345,-0.235,37.8,59.9,4.6,CLEAR,2026-02-26T10:30:00Z
Sentinel-2 MSI,MINE_BELDONGRI_10,ZONE_BLD_04,0.419,0.005,38.2,27.4,6.6,CLEAR,2026-02-26T10:30:00Z
Sentinel-2 MSI,MINE_GUMGAON_02,ZONE_GMG_01,0.299,0.036,32.6,52.5,5.7,CLEAR,2026-03-02T10:30:00Z
Sentinel-2 MSI,MINE_GUMGAON_02,ZONE_GMG_02,0.252,-0.2,37.0,58.3,1.4,CLEAR,2026-03-02T10:30:00Z
Sentinel-2 MSI,MINE_GUMGAON_02,ZONE_GMG_03,0.333,0.052,40.6,67.4,3.8,CLEAR,2026-03-02T10:30:00Z
Sentinel-2 MSI,MINE_GUMGAON_02,ZONE_GMG_04,0.303,0.086,30.5,62.1,1.4,CLEAR,2026-03-02T10:30:00Z
Sentinel-2 MSI,MINE_TIRODI_03,ZONE_TRD_01,0.219,-0.124,31.6,29.7,4.3,CLEAR,2026-03-02T10:30:00Z
Sentinel-2 MSI,MINE_TIRODI_03,ZONE_TRD_02,0.144,0.001,34.6,57.3,4.2,CLEAR,2026-03-02T10:30:00Z
Sentinel-2 MSI,MINE_TIRODI_03,ZONE_TRD_03,0.279,-0.148,34.6,61.1,0.9,CLEAR,2026-03-02T10:30:00Z
Sentinel-2 MSI,MINE_TIRODI_03,ZONE_TRD_04,0.327,0.053,33.4,61.7,1.5,CLEAR,2026-03-02T10:30:00Z
Sentinel-2 MSI,MINE_TIRODI_03,ZONE_TRD_05,0.449,0.039,40.8,50.2,0.8,CLEAR,2026-03-02T10:30:00Z
Sentinel-2 MSI,MINE_DONGRI_04,ZONE_DGB_01,0.132,-0.08,36.8,58.4,3.3,CLEAR,2026-03-02T10:30:00Z
Sentinel-2 MSI,MINE_DONGRI_04,ZONE_DGB_02,0.126,-0.109,36.4,55.5,2.9,CLEAR,2026-03-02T10:30:00Z
Sentinel-2 MSI,MINE_DONGRI_04,ZONE_DGB_03,0.308,0.023,32.2,65.6,1.6,CLEAR,2026-03-02T10:30:00Z
Sentinel-2 MSI,MINE_DONGRI_04,ZONE_DGB_04,0.264,-0.166,41.8,24.4,5.5,CLEAR,2026-03-02T10:30:00Z
Sentinel-2 MSI,MINE_DONGRI_04,ZONE_DGB_05,0.335,-0.131,34.7,66.5,1.6,CLEAR,2026-03-02T10:30:00Z
Sentinel-2 MSI,MINE_KANDRI_05,ZONE_KND_01,0.311,0.025,41.4,64.9,5.6,CLEAR,2026-03-02T10:30:00Z
Sentinel-2 MSI,MINE_KANDRI_05,ZONE_KND_02,0.252,0.046,33.3,26.0,7.8,CLEAR,2026-03-02T10:30:00Z
Sentinel-2 MSI,MINE_KANDRI_05,ZONE_KND_03,0.264,0.035,39.3,51.2,2.5,CLEAR,2026-03-02T10:30:00Z
Sentinel-2 MSI,MINE_KANDRI_05,ZONE_KND_04,0.464,-0.116,35.0,43.5,6.2,CLEAR,2026-03-02T10:30:00Z
Sentinel-2 MSI,MINE_MANSAR_06,ZONE_MSR_01,0.34,0.006,33.1,50.2,7.5,CLEAR,2026-03-02T10:30:00Z
Sentinel-2 MSI,MINE_MANSAR_06,ZONE_MSR_02,0.242,-0.0,33.7,22.8,7.5,CLEAR,2026-03-02T10:30:00Z
Sentinel-2 MSI,MINE_MANSAR_06,ZONE_MSR_03,0.325,0.043,31.3,57.0,7.7,CLEAR,2026-03-02T10:30:00Z
Sentinel-2 MSI,MINE_MANSAR_06,ZONE_MSR_04,0.239,-0.093,33.3,55.7,0.1,CLEAR,2026-03-02T10:30:00Z
Sentinel-2 MSI,MINE_CHIKLA_07,ZONE_CHK_01,0.167,-0.072,32.1,66.1,1.2,CLEAR,2026-03-02T10:30:00Z
Sentinel-2 MSI,MINE_CHIKLA_07,ZONE_CHK_02,0.327,0.08,38.2,53.7,1.8,CLEAR,2026-03-02T10:30:00Z
Sentinel-2 MSI,MINE_CHIKLA_07,ZONE_CHK_03,0.264,0.02,32.0,55.6,7.0,CLEAR,2026-03-02T10:30:00Z
Sentinel-2 MSI,MINE_CHIKLA_07,ZONE_CHK_04,0.231,-0.168,34.0,27.3,2.2,CLEAR,2026-03-02T10:30:00Z
Sentinel-2 MSI,MINE_CHIKLA_07,ZONE_CHK_05,0.271,-0.108,35.5,68.0,8.0,CLEAR,2026-03-02T10:30:00Z
Sentinel-2 MSI,MINE_UKWA_08,ZONE_UKW_01,0.164,-0.235,37.8,23.6,7.1,CLEAR,2026-03-02T10:30:00Z
Sentinel-2 MSI,MINE_UKWA_08,ZONE_UKW_02,0.29,0.048,31.5,63.3,1.3,CLEAR,2026-03-02T10:30:00Z
Sentinel-2 MSI,MINE_UKWA_08,ZONE_UKW_03,0.31,-0.075,39.0,50.7,5.0,CLEAR,2026-03-02T10:30:00Z
Sentinel-2 MSI,MINE_UKWA_08,ZONE_UKW_04,0.231,-0.145,38.0,25.9,0.4,CLEAR,2026-03-02T10:30:00Z
Sentinel-2 MSI,MINE_UKWA_08,ZONE_UKW_05,0.383,-0.044,38.1,66.3,7.2,CLEAR,2026-03-02T10:30:00Z
Sentinel-2 MSI,MINE_SITAPATORE_09,ZONE_STP_01,0.213,-0.138,38.4,51.1,5.4,CLEAR,2026-03-02T10:30:00Z
Sentinel-2 MSI,MINE_SITAPATORE_09,ZONE_STP_02,0.207,-0.243,35.8,44.9,2.7,CLEAR,2026-03-02T10:30:00Z
Sentinel-2 MSI,MINE_SITAPATORE_09,ZONE_STP_03,0.249,0.081,32.5,45.4,6.1,CLEAR,2026-03-02T10:30:00Z
Sentinel-2 MSI,MINE_SITAPATORE_09,ZONE_STP_04,0.31,-0.057,41.3,44.6,5.3,CLEAR,2026-03-02T10:30:00Z
Sentinel-2 MSI,MINE_BELDONGRI_10,ZONE_BLD_01,0.281,-0.154,34.7,64.9,2.6,CLEAR,2026-03-02T10:30:00Z
Sentinel-2 MSI,MINE_BELDONGRI_10,ZONE_BLD_02,0.216,-0.181,36.5,33.2,2.9,CLEAR,2026-03-02T10:30:00Z
Sentinel-2 MSI,MINE_BELDONGRI_10,ZONE_BLD_03,0.348,-0.013,40.2,47.3,2.5,CLEAR,2026-03-02T10:30:00Z
Sentinel-2 MSI,MINE_BELDONGRI_10,ZONE_BLD_04,0.419,-0.194,34.8,34.9,2.6,CLEAR,2026-03-02T10:30:00Z
Sentinel-2 MSI,MINE_BALAGHAT_01,ZONE_NORTH_A,0.125,-0.086,39.7,66.2,3.6,CLEAR,2026-03-06T10:30:00Z
Sentinel-2 MSI,MINE_BALAGHAT_01,ZONE_CENTRAL_B,0.143,0.055,37.9,25.1,3.4,CLEAR,2026-03-06T10:30:00Z
Sentinel-2 MSI,MINE_BALAGHAT_01,ZONE_SOUTH_C,0.229,-0.235,33.5,55.3,4.5,CLEAR,2026-03-06T10:30:00Z
Sentinel-2 MSI,MINE_BALAGHAT_01,ZONE_EAST_D,0.212,-0.084,32.8,50.8,4.3,CLEAR,2026-03-06T10:30:00Z
Sentinel-2 MSI,MINE_BALAGHAT_01,ZONE_WEST_E,0.461,-0.192,37.8,43.5,3.3,CLEAR,2026-03-06T10:30:00Z
Sentinel-2 MSI,MINE_GUMGAON_02,ZONE_GMG_01,0.316,0.005,37.3,50.3,0.0,CLEAR,2026-03-06T10:30:00Z
Sentinel-2 MSI,MINE_GUMGAON_02,ZONE_GMG_02,0.304,-0.145,36.1,50.3,3.1,CLEAR,2026-03-06T10:30:00Z
Sentinel-2 MSI,MINE_GUMGAON_02,ZONE_GMG_03,0.292,-0.124,34.8,60.7,0.7,CLEAR,2026-03-06T10:30:00Z
Sentinel-2 MSI,MINE_GUMGAON_02,ZONE_GMG_04,0.311,-0.055,36.6,28.0,0.7,CLEAR,2026-03-06T10:30:00Z
Sentinel-2 MSI,MINE_TIRODI_03,ZONE_TRD_01,0.122,-0.082,36.0,36.0,2.9,CLEAR,2026-03-06T10:30:00Z
Sentinel-2 MSI,MINE_TIRODI_03,ZONE_TRD_02,0.201,-0.242,35.9,32.3,1.6,CLEAR,2026-03-06T10:30:00Z
Sentinel-2 MSI,MINE_TIRODI_03,ZONE_TRD_03,0.257,-0.21,33.1,61.8,7.6,CLEAR,2026-03-06T10:30:00Z
Sentinel-2 MSI,MINE_TIRODI_03,ZONE_TRD_04,0.275,-0.043,41.9,26.3,5.5,CLEAR,2026-03-06T10:30:00Z
Sentinel-2 MSI,MINE_TIRODI_03,ZONE_TRD_05,0.339,-0.084,37.8,47.1,1.7,CLEAR,2026-03-06T10:30:00Z
Sentinel-2 MSI,MINE_DONGRI_04,ZONE_DGB_01,0.21,-0.019,39.6,66.1,7.5,CLEAR,2026-03-06T10:30:00Z
Sentinel-2 MSI,MINE_DONGRI_04,ZONE_DGB_02,0.187,-0.191,30.3,59.2,6.1,CLEAR,2026-03-06T10:30:00Z
Sentinel-2 MSI,MINE_DONGRI_04,ZONE_DGB_03,0.334,-0.049,31.8,57.6,4.2,CLEAR,2026-03-06T10:30:00Z
Sentinel-2 MSI,MINE_DONGRI_04,ZONE_DGB_04,0.236,-0.246,39.6,38.1,0.5,CLEAR,2026-03-06T10:30:00Z
Sentinel-2 MSI,MINE_DONGRI_04,ZONE_DGB_05,0.305,-0.057,35.5,40.7,7.9,CLEAR,2026-03-06T10:30:00Z
Sentinel-2 MSI,MINE_KANDRI_05,ZONE_KND_01,0.237,0.011,37.4,55.1,6.9,CLEAR,2026-03-06T10:30:00Z
Sentinel-2 MSI,MINE_KANDRI_05,ZONE_KND_02,0.276,-0.128,32.8,67.1,7.3,CLEAR,2026-03-06T10:30:00Z
Sentinel-2 MSI,MINE_KANDRI_05,ZONE_KND_03,0.236,-0.22,37.3,56.7,1.5,CLEAR,2026-03-06T10:30:00Z
Sentinel-2 MSI,MINE_KANDRI_05,ZONE_KND_04,0.436,-0.193,35.4,65.3,7.3,CLEAR,2026-03-06T10:30:00Z
Sentinel-2 MSI,MINE_MANSAR_06,ZONE_MSR_01,0.276,-0.177,30.6,48.8,5.5,CLEAR,2026-03-06T10:30:00Z
Sentinel-2 MSI,MINE_MANSAR_06,ZONE_MSR_02,0.321,-0.202,41.5,25.6,4.5,CLEAR,2026-03-06T10:30:00Z
Sentinel-2 MSI,MINE_MANSAR_06,ZONE_MSR_03,0.258,-0.084,40.8,44.6,5.3,CLEAR,2026-03-06T10:30:00Z
Sentinel-2 MSI,MINE_MANSAR_06,ZONE_MSR_04,0.218,-0.171,30.5,24.5,7.3,CLEAR,2026-03-06T10:30:00Z
Sentinel-2 MSI,MINE_CHIKLA_07,ZONE_CHK_01,0.207,-0.097,36.0,36.7,6.1,CLEAR,2026-03-06T10:30:00Z
Sentinel-2 MSI,MINE_CHIKLA_07,ZONE_CHK_02,0.239,-0.084,37.4,45.1,5.1,CLEAR,2026-03-06T10:30:00Z
Sentinel-2 MSI,MINE_CHIKLA_07,ZONE_CHK_03,0.201,0.027,30.3,22.7,6.6,CLEAR,2026-03-06T10:30:00Z
Sentinel-2 MSI,MINE_CHIKLA_07,ZONE_CHK_04,0.234,-0.229,40.1,51.4,5.8,CLEAR,2026-03-06T10:30:00Z
Sentinel-2 MSI,MINE_CHIKLA_07,ZONE_CHK_05,0.241,-0.058,30.2,64.1,0.6,CLEAR,2026-03-06T10:30:00Z
Sentinel-2 MSI,MINE_UKWA_08,ZONE_UKW_01,0.193,0.064,40.0,57.5,4.6,CLEAR,2026-03-06T10:30:00Z
Sentinel-2 MSI,MINE_UKWA_08,ZONE_UKW_02,0.216,-0.019,36.7,55.4,0.6,CLEAR,2026-03-06T10:30:00Z
Sentinel-2 MSI,MINE_UKWA_08,ZONE_UKW_03,0.222,0.019,41.3,34.3,2.0,CLEAR,2026-03-06T10:30:00Z
Sentinel-2 MSI,MINE_UKWA_08,ZONE_UKW_04,0.267,-0.103,33.5,39.4,4.1,CLEAR,2026-03-06T10:30:00Z
Sentinel-2 MSI,MINE_UKWA_08,ZONE_UKW_05,0.467,0.059,33.7,47.8,7.1,CLEAR,2026-03-06T10:30:00Z
Sentinel-2 MSI,MINE_SITAPATORE_09,ZONE_STP_01,0.256,-0.009,36.5,60.1,1.7,CLEAR,2026-03-06T10:30:00Z
Sentinel-2 MSI,MINE_SITAPATORE_09,ZONE_STP_02,0.26,-0.135,39.1,36.2,7.1,CLEAR,2026-03-06T10:30:00Z
Sentinel-2 MSI,MINE_SITAPATORE_09,ZONE_STP_03,0.34,-0.03,37.1,35.4,3.7,CLEAR,2026-03-06T10:30:00Z
Sentinel-2 MSI,MINE_SITAPATORE_09,ZONE_STP_04,0.349,-0.208,32.2,53.0,6.0,CLEAR,2026-03-06T10:30:00Z
Sentinel-2 MSI,MINE_BELDONGRI_10,ZONE_BLD_01,0.33,0.026,32.7,46.0,1.1,CLEAR,2026-03-06T10:30:00Z
Sentinel-2 MSI,MINE_BELDONGRI_10,ZONE_BLD_02,0.312,-0.128,31.5,43.6,5.1,CLEAR,2026-03-06T10:30:00Z
Sentinel-2 MSI,MINE_BELDONGRI_10,ZONE_BLD_03,0.317,-0.117,40.6,28.2,3.2,CLEAR,2026-03-06T10:30:00Z
Sentinel-2 MSI,MINE_BELDONGRI_10,ZONE_BLD_04,0.429,-0.047,34.6,60.9,6.8,CLEAR,2026-03-06T10:30:00Z
Sentinel-2 MSI,MINE_BALAGHAT_01,ZONE_NORTH_A,0.207,0.005,41.7,62.0,5.4,CLEAR,2026-03-10T10:30:00Z
Sentinel-2 MSI,MINE_BALAGHAT_01,ZONE_CENTRAL_B,0.188,-0.074,37.6,54.0,3.0,CLEAR,2026-03-10T10:30:00Z
Sentinel-2 MSI,MINE_BALAGHAT_01,ZONE_SOUTH_C,0.268,0.067,33.6,46.8,3.4,CLEAR,2026-03-10T10:30:00Z
Sentinel-2 MSI,MINE_BALAGHAT_01,ZONE_EAST_D,0.326,-0.093,38.0,36.7,7.3,CLEAR,2026-03-10T10:30:00Z
Sentinel-2 MSI,MINE_BALAGHAT_01,ZONE_WEST_E,0.394,-0.098,32.6,52.6,6.4,CLEAR,2026-03-10T10:30:00Z
Sentinel-2 MSI,MINE_GUMGAON_02,ZONE_GMG_01,0.276,-0.236,35.5,23.6,6.5,CLEAR,2026-03-10T10:30:00Z
Sentinel-2 MSI,MINE_GUMGAON_02,ZONE_GMG_02,0.279,-0.183,38.8,57.9,1.9,CLEAR,2026-03-10T10:30:00Z
Sentinel-2 MSI,MINE_GUMGAON_02,ZONE_GMG_03,0.335,-0.052,33.3,57.5,5.5,CLEAR,2026-03-10T10:30:00Z
Sentinel-2 MSI,MINE_GUMGAON_02,ZONE_GMG_04,0.339,0.002,35.2,47.9,3.2,CLEAR,2026-03-10T10:30:00Z
Sentinel-2 MSI,MINE_TIRODI_03,ZONE_TRD_01,0.154,-0.232,33.0,59.7,7.2,CLEAR,2026-03-10T10:30:00Z
Sentinel-2 MSI,MINE_TIRODI_03,ZONE_TRD_02,0.157,0.044,30.0,56.2,2.9,CLEAR,2026-03-10T10:30:00Z
Sentinel-2 MSI,MINE_TIRODI_03,ZONE_TRD_03,0.212,-0.089,40.5,31.7,0.5,CLEAR,2026-03-10T10:30:00Z
Sentinel-2 MSI,MINE_TIRODI_03,ZONE_TRD_04,0.233,-0.027,36.2,42.2,4.5,CLEAR,2026-03-10T10:30:00Z
Sentinel-2 MSI,MINE_TIRODI_03,ZONE_TRD_05,0.347,-0.03,36.3,22.7,1.3,CLEAR,2026-03-10T10:30:00Z
Sentinel-2 MSI,MINE_DONGRI_04,ZONE_DGB_01,0.191,-0.013,31.9,52.2,2.8,CLEAR,2026-03-10T10:30:00Z
Sentinel-2 MSI,MINE_DONGRI_04,ZONE_DGB_02,0.198,0.055,36.0,50.5,1.7,CLEAR,2026-03-10T10:30:00Z
Sentinel-2 MSI,MINE_DONGRI_04,ZONE_DGB_03,0.277,-0.062,36.0,53.4,3.5,CLEAR,2026-03-10T10:30:00Z
Sentinel-2 MSI,MINE_DONGRI_04,ZONE_DGB_04,0.31,0.004,40.0,52.9,6.3,CLEAR,2026-03-10T10:30:00Z
Sentinel-2 MSI,MINE_DONGRI_04,ZONE_DGB_05,0.202,-0.205,38.2,51.9,2.8,CLEAR,2026-03-10T10:30:00Z
Sentinel-2 MSI,MINE_KANDRI_05,ZONE_KND_01,0.242,0.021,33.5,25.6,6.6,CLEAR,2026-03-10T10:30:00Z
Sentinel-2 MSI,MINE_KANDRI_05,ZONE_KND_02,0.247,0.048,30.0,47.1,7.1,CLEAR,2026-03-10T10:30:00Z
Sentinel-2 MSI,MINE_KANDRI_05,ZONE_KND_03,0.281,-0.111,31.5,54.4,6.0,CLEAR,2026-03-10T10:30:00Z
Sentinel-2 MSI,MINE_KANDRI_05,ZONE_KND_04,0.345,-0.037,37.6,60.1,3.0,CLEAR,2026-03-10T10:30:00Z
Sentinel-2 MSI,MINE_MANSAR_06,ZONE_MSR_01,0.238,-0.102,40.0,66.8,6.9,CLEAR,2026-03-10T10:30:00Z
Sentinel-2 MSI,MINE_MANSAR_06,ZONE_MSR_02,0.345,-0.162,35.0,28.5,5.6,CLEAR,2026-03-10T10:30:00Z
Sentinel-2 MSI,MINE_MANSAR_06,ZONE_MSR_03,0.304,-0.113,35.5,34.2,4.0,CLEAR,2026-03-10T10:30:00Z
Sentinel-2 MSI,MINE_MANSAR_06,ZONE_MSR_04,0.257,-0.054,35.9,25.8,5.7,CLEAR,2026-03-10T10:30:00Z
Sentinel-2 MSI,MINE_CHIKLA_07,ZONE_CHK_01,0.134,-0.215,40.5,40.3,3.6,CLEAR,2026-03-10T10:30:00Z
Sentinel-2 MSI,MINE_CHIKLA_07,ZONE_CHK_02,0.209,0.053,30.9,43.4,3.7,CLEAR,2026-03-10T10:30:00Z
Sentinel-2 MSI,MINE_CHIKLA_07,ZONE_CHK_03,0.201,0.025,38.6,48.3,4.8,CLEAR,2026-03-10T10:30:00Z
Sentinel-2 MSI,MINE_CHIKLA_07,ZONE_CHK_04,0.307,-0.234,39.7,63.9,6.9,CLEAR,2026-03-10T10:30:00Z
Sentinel-2 MSI,MINE_CHIKLA_07,ZONE_CHK_05,0.283,-0.016,30.3,29.9,1.9,CLEAR,2026-03-10T10:30:00Z
Sentinel-2 MSI,MINE_UKWA_08,ZONE_UKW_01,0.219,-0.046,34.8,36.4,1.5,CLEAR,2026-03-10T10:30:00Z
Sentinel-2 MSI,MINE_UKWA_08,ZONE_UKW_02,0.247,-0.212,41.1,26.1,1.9,CLEAR,2026-03-10T10:30:00Z
Sentinel-2 MSI,MINE_UKWA_08,ZONE_UKW_03,0.213,0.092,40.8,33.8,0.7,CLEAR,2026-03-10T10:30:00Z
Sentinel-2 MSI,MINE_UKWA_08,ZONE_UKW_04,0.261,0.08,34.4,37.1,6.5,CLEAR,2026-03-10T10:30:00Z
Sentinel-2 MSI,MINE_UKWA_08,ZONE_UKW_05,0.349,-0.163,32.5,67.3,2.9,CLEAR,2026-03-10T10:30:00Z
Sentinel-2 MSI,MINE_SITAPATORE_09,ZONE_STP_01,0.211,0.028,39.1,56.3,0.7,CLEAR,2026-03-10T10:30:00Z
Sentinel-2 MSI,MINE_SITAPATORE_09,ZONE_STP_02,0.298,-0.108,30.3,31.0,1.6,CLEAR,2026-03-10T10:30:00Z
Sentinel-2 MSI,MINE_SITAPATORE_09,ZONE_STP_03,0.277,0.0,36.1,37.3,0.4,CLEAR,2026-03-10T10:30:00Z
Sentinel-2 MSI,MINE_SITAPATORE_09,ZONE_STP_04,0.341,-0.158,33.9,63.4,2.5,CLEAR,2026-03-10T10:30:00Z
Sentinel-2 MSI,MINE_BELDONGRI_10,ZONE_BLD_01,0.298,-0.227,36.8,41.0,1.8,CLEAR,2026-03-10T10:30:00Z
Sentinel-2 MSI,MINE_BELDONGRI_10,ZONE_BLD_02,0.239,-0.243,34.7,42.0,3.4,CLEAR,2026-03-10T10:30:00Z
Sentinel-2 MSI,MINE_BELDONGRI_10,ZONE_BLD_03,0.321,0.023,35.8,45.3,0.8,CLEAR,2026-03-10T10:30:00Z
Sentinel-2 MSI,MINE_BELDONGRI_10,ZONE_BLD_04,0.455,-0.157,33.7,37.7,2.2,CLEAR,2026-03-10T10:30:00Z
Sentinel-2 MSI,MINE_BALAGHAT_01,ZONE_NORTH_A,0.206,-0.058,35.2,57.5,0.5,CLEAR,2026-03-14T10:30:00Z
Sentinel-2 MSI,MINE_BALAGHAT_01,ZONE_CENTRAL_B,0.202,-0.174,41.0,48.3,5.3,CLEAR,2026-03-14T10:30:00Z
Sentinel-2 MSI,MINE_BALAGHAT_01,ZONE_SOUTH_C,0.229,-0.127,39.1,60.3,2.2,CLEAR,2026-03-14T10:30:00Z
Sentinel-2 MSI,MINE_BALAGHAT_01,ZONE_EAST_D,0.342,-0.117,32.5,29.1,5.7,CLEAR,2026-03-14T10:30:00Z
Sentinel-2 MSI,MINE_BALAGHAT_01,ZONE_WEST_E,0.422,-0.109,31.2,63.6,1.2,CLEAR,2026-03-14T10:30:00Z
Sentinel-2 MSI,MINE_GUMGAON_02,ZONE_GMG_01,0.268,-0.233,33.6,52.2,0.8,CLEAR,2026-03-14T10:30:00Z
Sentinel-2 MSI,MINE_GUMGAON_02,ZONE_GMG_02,0.226,0.018,41.9,57.8,7.8,CLEAR,2026-03-14T10:30:00Z
Sentinel-2 MSI,MINE_GUMGAON_02,ZONE_GMG_03,0.235,-0.069,39.1,54.7,5.9,CLEAR,2026-03-14T10:30:00Z
Sentinel-2 MSI,MINE_GUMGAON_02,ZONE_GMG_04,0.284,-0.048,31.9,22.8,0.4,CLEAR,2026-03-14T10:30:00Z
Sentinel-2 MSI,MINE_TIRODI_03,ZONE_TRD_01,0.181,0.098,40.3,33.0,5.4,CLEAR,2026-03-14T10:30:00Z
Sentinel-2 MSI,MINE_TIRODI_03,ZONE_TRD_02,0.214,-0.019,39.8,58.8,1.0,CLEAR,2026-03-14T10:30:00Z
Sentinel-2 MSI,MINE_TIRODI_03,ZONE_TRD_03,0.287,-0.173,40.5,41.7,3.9,CLEAR,2026-03-14T10:30:00Z
Sentinel-2 MSI,MINE_TIRODI_03,ZONE_TRD_04,0.318,-0.211,38.3,63.9,1.4,CLEAR,2026-03-14T10:30:00Z
Sentinel-2 MSI,MINE_TIRODI_03,ZONE_TRD_05,0.367,-0.049,31.3,45.5,6.0,CLEAR,2026-03-14T10:30:00Z
Sentinel-2 MSI,MINE_DONGRI_04,ZONE_DGB_01,0.197,-0.249,30.3,30.0,1.9,CLEAR,2026-03-14T10:30:00Z
Sentinel-2 MSI,MINE_DONGRI_04,ZONE_DGB_02,0.173,-0.071,40.9,67.7,5.0,CLEAR,2026-03-14T10:30:00Z
Sentinel-2 MSI,MINE_DONGRI_04,ZONE_DGB_03,0.24,-0.209,35.9,26.1,3.6,CLEAR,2026-03-14T10:30:00Z
Sentinel-2 MSI,MINE_DONGRI_04,ZONE_DGB_04,0.218,0.0,35.2,44.6,6.5,CLEAR,2026-03-14T10:30:00Z
Sentinel-2 MSI,MINE_DONGRI_04,ZONE_DGB_05,0.214,-0.201,41.4,61.9,1.9,CLEAR,2026-03-14T10:30:00Z
Sentinel-2 MSI,MINE_KANDRI_05,ZONE_KND_01,0.342,-0.004,36.8,33.4,1.7,CLEAR,2026-03-14T10:30:00Z
Sentinel-2 MSI,MINE_KANDRI_05,ZONE_KND_02,0.231,0.067,33.0,41.9,5.7,CLEAR,2026-03-14T10:30:00Z
Sentinel-2 MSI,MINE_KANDRI_05,ZONE_KND_03,0.282,-0.089,31.6,36.3,2.8,CLEAR,2026-03-14T10:30:00Z
Sentinel-2 MSI,MINE_KANDRI_05,ZONE_KND_04,0.453,-0.242,33.3,64.8,7.3,CLEAR,2026-03-14T10:30:00Z
Sentinel-2 MSI,MINE_MANSAR_06,ZONE_MSR_01,0.204,-0.161,33.2,42.5,4.0,CLEAR,2026-03-14T10:30:00Z
Sentinel-2 MSI,MINE_MANSAR_06,ZONE_MSR_02,0.313,-0.1,32.0,52.6,4.3,CLEAR,2026-03-14T10:30:00Z
Sentinel-2 MSI,MINE_MANSAR_06,ZONE_MSR_03,0.212,-0.022,33.5,39.8,1.3,CLEAR,2026-03-14T10:30:00Z
Sentinel-2 MSI,MINE_MANSAR_06,ZONE_MSR_04,0.338,-0.11,34.5,49.5,0.0,CLEAR,2026-03-14T10:30:00Z
Sentinel-2 MSI,MINE_CHIKLA_07,ZONE_CHK_01,0.172,0.049,33.4,61.9,7.7,CLEAR,2026-03-14T10:30:00Z
Sentinel-2 MSI,MINE_CHIKLA_07,ZONE_CHK_02,0.334,-0.026,35.3,32.6,7.8,CLEAR,2026-03-14T10:30:00Z
Sentinel-2 MSI,MINE_CHIKLA_07,ZONE_CHK_03,0.224,0.067,41.5,33.6,6.8,CLEAR,2026-03-14T10:30:00Z
Sentinel-2 MSI,MINE_CHIKLA_07,ZONE_CHK_04,0.23,0.095,36.7,31.9,4.1,CLEAR,2026-03-14T10:30:00Z
Sentinel-2 MSI,MINE_CHIKLA_07,ZONE_CHK_05,0.212,-0.131,31.2,37.7,1.1,CLEAR,2026-03-14T10:30:00Z
Sentinel-2 MSI,MINE_UKWA_08,ZONE_UKW_01,0.172,-0.08,39.8,34.9,2.8,CLEAR,2026-03-14T10:30:00Z
Sentinel-2 MSI,MINE_UKWA_08,ZONE_UKW_02,0.201,-0.16,33.4,26.2,3.4,CLEAR,2026-03-14T10:30:00Z
Sentinel-2 MSI,MINE_UKWA_08,ZONE_UKW_03,0.232,-0.156,30.0,43.1,2.4,CLEAR,2026-03-14T10:30:00Z
Sentinel-2 MSI,MINE_UKWA_08,ZONE_UKW_04,0.31,-0.115,33.9,56.8,1.7,CLEAR,2026-03-14T10:30:00Z
Sentinel-2 MSI,MINE_UKWA_08,ZONE_UKW_05,0.413,-0.029,33.2,60.4,5.3,CLEAR,2026-03-14T10:30:00Z
Sentinel-2 MSI,MINE_SITAPATORE_09,ZONE_STP_01,0.313,-0.153,34.5,48.5,4.7,CLEAR,2026-03-14T10:30:00Z
Sentinel-2 MSI,MINE_SITAPATORE_09,ZONE_STP_02,0.248,-0.248,36.6,54.1,3.6,CLEAR,2026-03-14T10:30:00Z
Sentinel-2 MSI,MINE_SITAPATORE_09,ZONE_STP_03,0.248,0.033,35.9,55.0,6.3,CLEAR,2026-03-14T10:30:00Z
Sentinel-2 MSI,MINE_SITAPATORE_09,ZONE_STP_04,0.312,-0.016,30.3,41.7,1.4,CLEAR,2026-03-14T10:30:00Z
Sentinel-2 MSI,MINE_BELDONGRI_10,ZONE_BLD_01,0.319,-0.25,38.5,65.2,1.5,CLEAR,2026-03-14T10:30:00Z
Sentinel-2 MSI,MINE_BELDONGRI_10,ZONE_BLD_02,0.245,-0.019,35.4,67.5,2.1,CLEAR,2026-03-14T10:30:00Z
Sentinel-2 MSI,MINE_BELDONGRI_10,ZONE_BLD_03,0.33,-0.058,35.7,35.0,2.0,CLEAR,2026-03-14T10:30:00Z
Sentinel-2 MSI,MINE_BELDONGRI_10,ZONE_BLD_04,0.475,-0.1,34.2,64.6,7.0,CLEAR,2026-03-14T10:30:00Z
