mine_id,date,rainfall_mm,soil_moisture_pct,ambient_temp_c,humidity_pct,wind_speed_kmh,flood_risk_index,timestamp
MINE_BALAGHAT_01,2026-02-12,0.0,24.4,33.9,58.5,19.1,LOW,2026-02-12T12:00:00Z
MINE_BALAGHAT_01,2026-02-13,0.0,30.7,30.9,53.0,19.5,LOW,2026-02-13T12:00:00Z
MINE_BALAGHAT_01,2026-02-14,0.0,24.2,29.0,48.2,14.2,LOW,2026-02-14T12:00:00Z
MINE_BALAGHAT_01,2026-02-15,0.0,29.6,28.3,48.4,16.5,LOW,2026-02-15T12:00:00Z
MINE_BALAGHAT_01,2026-02-16,8.1,24.7,31.0,54.5,23.2,LOW,2026-02-16T12:00:00Z
MINE_BALAGHAT_01,2026-02-17,7.4,30.5,36.0,51.3,13.6,LOW,2026-02-17T12:00:00Z
MINE_BALAGHAT_01,2026-02-18,0.0,23.8,37.5,55.7,16.3,LOW,2026-02-18T12:00:00Z
MINE_BALAGHAT_01,2026-02-19,9.3,27.8,36.2,50.6,13.7,LOW,2026-02-19T12:00:00Z
MINE_BALAGHAT_01,2026-02-20,0.0,24.0,34.6,35.5,17.9,LOW,2026-02-20T12:00:00Z
MINE_BALAGHAT_01,2026-02-21,0.0,24.3,34.2,48.7,30.8,LOW,2026-02-21T12:00:00Z
MINE_BALAGHAT_01,2026-02-22,0.0,26.1,34.9,48.3,20.2,LOW,2026-02-22T12:00:00Z
MINE_BALAGHAT_01,2026-02-23,5.1,29.9,36.7,44.7,26.8,LOW,2026-02-23T12:00:00Z
MINE_BALAGHAT_01,2026-02-24,6.7,28.0,32.7,45.0,12.8,LOW,2026-02-24T12:00:00Z
MINE_BALAGHAT_01,2026-02-25,0.0,26.8,32.3,36.1,28.4,LOW,2026-02-25T12:00:00Z
MINE_BALAGHAT_01,2026-02-26,11.1,19.5,28.4,35.3,27.9,LOW,2026-02-26T12:00:00Z
MINE_BALAGHAT_01,2026-02-27,0.0,30.4,34.8,46.0,23.7,LOW,2026-02-27T12:00:00Z
MINE_BALAGHAT_01,2026-02-28,0.0,21.8,30.3,46.2,25.2,LOW,2026-02-28T12:00:00Z
MINE_BALAGHAT_01,2026-03-01,6.8,27.5,36.9,48.1,25.9,LOW,2026-03-01T12:00:00Z
MINE_BALAGHAT_01,2026-03-02,0.0,31.9,38.0,39.0,14.7,LOW,2026-03-02T12:00:00Z
MINE_BALAGHAT_01,2026-03-03,3.1,19.4,29.6,50.0,13.3,LOW,2026-03-03T12:00:00Z
MINE_BALAGHAT_01,2026-03-04,9.1,22.5,33.8,51.5,27.5,LOW,2026-03-04T12:00:00Z
MINE_BALAGHAT_01,2026-03-05,4.7,22.7,34.1,44.3,18.8,LOW,2026-03-05T12:00:00Z
MINE_BALAGHAT_01,2026-03-06,0.0,18.7,34.0,45.8,26.2,LOW,2026-03-06T12:00:00Z
MINE_BALAGHAT_01,2026-03-07,7.6,20.2,37.6,37.4,27.9,LOW,2026-03-07T12:00:00Z
MINE_BALAGHAT_01,2026-03-08,8.0,31.8,29.7,55.3,17.4,LOW,2026-03-08T12:00:00Z
MINE_BALAGHAT_01,2026-03-09,8.0,21.4,33.5,49.0,13.4,LOW,2026-03-09T12:00:00Z
MINE_BALAGHAT_01,2026-03-10,68.9,52.4,29.3,77.5,21.8,SEVERE,2026-03-10T12:00:00Z
MINE_BALAGHAT_01,2026-03-11,76.2,59.1,37.6,81.5,23.4,SEVERE,2026-03-11T12:00:00Z
MINE_BALAGHAT_01,2026-03-12,87.4,51.8,31.7,77.2,17.1,SEVERE,2026-03-12T12:00:00Z
MINE_BALAGHAT_01,2026-03-13,87.0,59.4,38.0,90.3,15.8,SEVERE,2026-03-13T12:00:00Z
MINE_GUMGAON_02,2025-09-15,57.2,59.7,33.9,75.6,29.8,HIGH,2025-09-15T18:00:00Z
MINE_TIRODI_03,2025-09-15,2.8,54.1,28.0,93.8,23.0,LOW,2025-09-15T18:00:00Z
MINE_DONGRI_04,2025-09-15,4.8,62.6,29.1,73.1,23.5,LOW,2025-09-15T18:00:00Z
MINE_KANDRI_05,2025-09-15,24.2,41.9,32.8,88.7,31.7,MODERATE,2025-09-15T18:00:00Z
MINE_MANSAR_06,2025-09-15,1.8,61.6,31.2,93.4,21.6,LOW,2025-09-15T18:00:00Z
MINE_CHIKLA_07,2025-09-15,25.3,57.8,29.5,87.1,21.4,MODERATE,2025-09-15T18:00:00Z
MINE_UKWA_08,2025-09-15,58.0,58.9,28.9,80.4,21.7,HIGH,2025-09-15T18:00:00Z
MINE_SITAPATORE_09,2025-09-15,1.8,62.4,33.3,87.8,23.0,LOW,2025-09-15T18:00:00Z
MINE_BELDONGRI_10,2025-09-15,3.0,43.7,30.1,74.8,19.5,LOW,2025-09-15T18:00:00Z
MINE_GUMGAON_02,2025-09-16,1.7,63.3,31.6,73.6,28.2,LOW,2025-09-16T18:00:00Z
MINE_TIRODI_03,2025-09-16,0.8,44.6,31.8,92.6,20.3,LOW,2025-09-16T18:00:00Z
MINE_DONGRI_04,2025-09-16,1.3,67.6,33.4,81.9,19.4,LOW,2025-09-16T18:00:00Z
MINE_KANDRI_05,2025-09-16,56.3,62.7,32.4,76.9,18.6,HIGH,2025-09-16T18:00:00Z
MINE_MANSAR_06,2025-09-16,2.3,61.2,27.7,74.1,23.3,LOW,2025-09-16T18:00:00Z
MINE_CHIKLA_07,2025-09-16,5.7,70.9,29.5,93.4,27.9,LOW,2025-09-16T18:00:00Z
MINE_UKWA_08,2025-09-16,3.2,59.3,27.3,89.4,22.1,LOW,2025-09-16T18:00:00Z
MINE_SITAPATORE_09,2025-09-16,3.5,45.4,33.6,83.1,28.1,LOW,2025-09-16T18:00:00Z
MINE_BELDONGRI_10,2025-09-16,54.7,68.8,30.4,89.9,20.6,HIGH,2025-09-16T18:00:00Z
MINE_GUMGAON_02,2025-09-17,1.9,48.5,33.4,75.7,26.9,LOW,2025-09-17T18:00:00Z
MINE_TIRODI_03,2025-09-17,1.2,65.2,32.0,83.0,21.0,LOW,2025-09-17T18:00:00Z
MINE_DONGRI_04,2025-09-17,53.1,46.0,32.8,78.6,18.6,HIGH,2025-09-17T18:00:00Z
MINE_KANDRI_05,2025-09-17,18.1,54.1,28.2,76.4,30.5,LOW,2025-09-17T18:00:00Z
MINE_MANSAR_06,2025-09-17,5.7,62.3,29.7,91.9,27.3,LOW,2025-09-17T18:00:00Z
MINE_CHIKLA_07,2025-09-17,55.1,66.6,28.5,82.4,23.1,HIGH,2025-09-17T18:00:00Z
MINE_UKWA_08,2025-09-17,29.7,71.0,29.5,70.1,25.9,MODERATE,2025-09-17T18:00:00Z
MINE_SITAPATORE_09,2025-09-17,44.1,47.1,31.7,84.2,23.1,MODERATE,2025-09-17T18:00:00Z
MINE_BELDONGRI_10,2025-09-17,1.3,47.5,30.1,90.7,21.2,LOW,2025-09-17T18:00:00Z
MINE_GUMGAON_02,2025-09-18,3.7,71.6,33.2,76.9,19.2,LOW,2025-09-18T18:00:00Z
MINE_TIRODI_03,2025-09-18,34.0,68.6,32.4,87.1,24.4,MODERATE,2025-09-18T18:00:00Z
MINE_DONGRI_04,2025-09-18,2.2,60.4,33.3,70.7,20.1,LOW,2025-09-18T18:00:00Z
MINE_KANDRI_05,2025-09-18,0.1,59.4,30.3,74.3,25.9,LOW,2025-09-18T18:00:00Z
MINE_MANSAR_06,2025-09-18,0.5,45.0,32.3,83.1,29.8,LOW,2025-09-18T18:00:00Z
MINE_CHIKLA_07,2025-09-18,2.1,47.8,34.0,87.5,26.0,LOW,2025-09-18T18:00:00Z
MINE_UKWA_08,2025-09-18,0.8,46.7,32.7,90.3,30.7,LOW,2025-09-18T18:00:00Z
MINE_SITAPATORE_09,2025-09-18,3.1,54.9,29.5,81.5,24.2,LOW,2025-09-18T18:00:00Z
MINE_BELDONGRI_10,2025-09-18,1.2,46.3,32.7,83.8,25.5,LOW,2025-09-18T18:00:00Z
MINE_GUMGAON_02,2025-09-19,5.2,68.4,29.0,71.7,22.7,LOW,2025-09-19T18:00:00Z
MINE_TIRODI_03,2025-09-19,55.4,48.9,33.6,93.3,18.7,HIGH,2025-09-19T18:00:00Z
MINE_DONGRI_04,2025-09-19,3.3,55.8,29.4,87.5,24.8,LOW,2025-09-19T18:00:00Z
MINE_KANDRI_05,2025-09-19,43.4,70.4,27.0,78.5,28.5,MODERATE,2025-09-19T18:00:00Z
MINE_MANSAR_06,2025-09-19,20.0,59.8,33.4,74.4,21.5,LOW,2025-09-19T18:00:00Z
MINE_CHIKLA_07,2025-09-19,31.7,52.6,30.1,82.5,31.4,MODERATE,2025-09-19T18:00:00Z
MINE_UKWA_08,2025-09-19,60.8,49.2,31.8,71.0,29.1,HIGH,2025-09-19T18:00:00Z
MINE_SITAPATORE_09,2025-09-19,3.9,48.7,31.6,92.8,27.5,LOW,2025-09-19T18:00:00Z
MINE_BELDONGRI_10,2025-09-19,5.4,44.7,30.4,79.7,27.3,LOW,2025-09-19T18:00:00Z
MINE_GUMGAON_02,2025-09-20,3.6,46.4,31.0,77.2,24.0,LOW,2025-09-20T18:00:00Z
MINE_TIRODI_03,2025-09-20,5.7,64.1,29.6,76.4,18.5,LOW,2025-09-20T18:00:00Z
MINE_DONGRI_04,2025-09-20,4.1,61.5,31.9,84.1,28.3,LOW,2025-09-20T18:00:00Z
MINE_KANDRI_05,2025-09-20,4.2,66.7,29.5,77.9,21.8,LOW,2025-09-20T18:00:00Z
MINE_MANSAR_06,2025-09-20,53.3,41.7,31.5,93.4,24.4,HIGH,2025-09-20T18:00:00Z
MINE_CHIKLA_07,2025-09-20,38.2,70.4,30.5,85.6,27.1,MODERATE,2025-09-20T18:00:00Z
MINE_UKWA_08,2025-09-20,3.7,50.1,30.2,71.3,31.5,LOW,2025-09-20T18:00:00Z
MINE_SITAPATORE_09,2025-09-20,28.0,67.0,30.0,76.6,27.5,MODERATE,2025-09-20T18:00:00Z
MINE_BELDONGRI_10,2025-09-20,6.0,69.6,28.8,76.2,31.1,LOW,2025-09-20T18:00:00Z
MINE_GUMGAON_02,2025-09-21,1.6,40.1,27.3,85.7,20.8,LOW,2025-09-21T18:00:00Z
MINE_TIRODI_03,2025-09-21,55.7,66.8,29.6,89.7,20.5,HIGH,2025-09-21T18:00:00Z
MINE_DONGRI_04,2025-09-21,50.8,58.9,32.3,90.8,28.8,HIGH,2025-09-21T18:00:00Z
MINE_KANDRI_05,2025-09-21,1.3,71.0,32.1,81.7,20.9,LOW,2025-09-21T18:00:00Z
MINE_MANSAR_06,2025-09-21,41.3,44.5,29.7,82.1,20.6,MODERATE,2025-09-21T18:00:00Z
MINE_CHIKLA_07,2025-09-21,58.1,40.2,30.9,78.5,27.2,HIGH,2025-09-21T18:00:00Z
MINE_UKWA_08,2025-09-21,2.1,58.8,29.6,73.5,22.3,LOW,2025-09-21T18:00:00Z
MINE_SITAPATORE_09,2025-09-21,36.3,40.6,31.1,89.6,30.0,MODERATE,2025-09-21T18:00:00Z
MINE_BELDONGRI_10,2025-09-21,2.0,55.7,30.8,80.2,26.5,LOW,2025-09-21T18:00:00Z
MINE_GUMGAON_02,2025-09-22,1.2,46.5,33.4,71.8,30.7,LOW,2025-09-22T18:00:00Z
MINE_TIRODI_03,2025-09-22,47.9,50.8,28.3,84.7,22.5,HIGH,2025-09-22T18:00:00Z
MINE_DONGRI_04,2025-09-22,3.2,59.7,31.8,94.9,24.2,LOW,2025-09-22T18:00:00Z
MINE_KANDRI_05,2025-09-22,2.6,70.9,32.2,90.0,24.0,LOW,2025-09-22T18:00:00Z
MINE_MANSAR_06,2025-09-22,30.8,52.1,32.8,89.7,21.5,MODERATE,2025-09-22T18:00:00Z
MINE_CHIKLA_07,2025-09-22,64.7,65.1,32.1,72.0,30.1,HIGH,2025-09-22T18:00:00Z
MINE_UKWA_08,2025-09-22,1.9,70.4,28.4,84.0,19.2,LOW,2025-09-22T18:00:00Z
MINE_SITAPATORE_09,2025-09-22,5.0,68.9,28.7,92.8,24.4,LOW,2025-09-22T18:00:00Z
MINE_BELDONGRI_10,2025-09-22,21.7,51.4,30.3,82.2,22.2,MODERATE,2025-09-22T18:00:00Z
MINE_GUMGAON_02,2025-09-23,33.3,71.1,32.8,80.9,19.7,MODERATE,2025-09-23T18:00:00Z
MINE_TIRODI_03,2025-09-23,53.7,63.2,29.2,76.9,24.8,HIGH,2025-09-23T18:00:00Z
MINE_DONGRI_04,2025-09-23,29.0,42.0,27.8,88.4,25.0,MODERATE,2025-09-23T18:00:00Z
MINE_KANDRI_05,2025-09-23,2.5,62.7,31.8,74.3,26.9,LOW,2025-09-23T18:00:00Z
MINE_MANSAR_06,2025-09-23,51.5,58.4,31.1,90.0,30.6,HIGH,2025-09-23T18:00:00Z
MINE_CHIKLA_07,2025-09-23,1.0,50.0,32.5,70.4,27.8,LOW,2025-09-23T18:00:00Z
MINE_UKWA_08,2025-09-23,58.5,44.4,31.9,77.2,21.8,HIGH,2025-09-23T18:00:00Z
MINE_SITAPATORE_09,2025-09-23,5.5,51.2,30.2,89.9,19.0,LOW,2025-09-23T18:00:00Z
MINE_BELDONGRI_10,2025-09-23,4.0,43.5,33.7,86.2,23.3,LOW,2025-09-23T18:00:00Z
MINE_GUMGAON_02,2025-09-24,32.8,57.5,32.9,84.4,30.5,MODERATE,2025-09-24T18:00:00Z
MINE_TIRODI_03,2025-09-24,56.5,49.9,30.1,80.0,30.9,HIGH,2025-09-24T18:00:00Z
MINE_DONGRI_04,2025-09-24,5.7,64.1,29.8,79.3,24.6,LOW,2025-09-24T18:00:00Z
MINE_KANDRI_05,2025-09-24,36.8,48.1,33.8,71.2,22.9,MODERATE,2025-09-24T18:00:00Z
MINE_MANSAR_06,2025-09-24,49.5,69.7,32.9,73.5,24.1,HIGH,2025-09-24T18:00:00Z
MINE_CHIKLA_07,2025-09-24,33.1,45.9,30.4,71.6,26.0,MODERATE,2025-09-24T18:00:00Z
MINE_UKWA_08,2025-09-24,3.0,44.3,30.9,82.2,20.0,LOW,2025-09-24T18:00:00Z
MINE_SITAPATORE_09,2025-09-24,52.8,44.5,27.0,71.9,27.8,HIGH,2025-09-24T18:00:00Z
MINE_BELDONGRI_10,2025-09-24,19.9,68.5,28.2,90.7,24.5,LOW,2025-09-24T18:00:00Z
MINE_GUMGAON_02,2025-09-25,3.9,53.8,31.8,70.9,23.3,LOW,2025-09-25T18:00:00Z
MINE_TIRODI_03,2025-09-25,1.8,67.5,30.0,84.6,21.4,LOW,2025-09-25T18:00:00Z
MINE_DONGRI_04,2025-09-25,0.5,47.9,28.4,83.6,20.7,LOW,2025-09-25T18:00:00Z
MINE_KANDRI_05,2025-09-25,5.4,47.7,27.1,72.0,30.9,LOW,2025-09-25T18:00:00Z
MINE_MANSAR_06,2025-09-25,3.0,61.4,29.8,76.3,25.4,LOW,2025-09-25T18:00:00Z
MINE_CHIKLA_07,2025-09-25,41.4,51.9,31.9,78.9,26.0,MODERATE,2025-09-25T18:00:00Z
MINE_UKWA_08,2025-09-25,21.5,46.2,31.3,93.4,22.9,MODERATE,2025-09-25T18:00:00Z
MINE_SITAPATORE_09,2025-09-25,3.1,50.2,33.6,93.9,30.3,LOW,2025-09-25T18:00:00Z
MINE_BELDONGRI_10,2025-09-25,41.6,62.8,27.6,76.0,22.9,MODERATE,2025-09-25T18:00:00Z
MINE_GUMGAON_02,2025-09-26,37.9,59.8,33.8,76.2,31.8,MODERATE,2025-09-26T18:00:00Z
MINE_TIRODI_03,2025-09-26,3.3,65.8,29.5,92.1,25.5,LOW,2025-09-26T18:00:00Z
MINE_DONGRI_04,2025-09-26,0.4,60.9,33.5,78.2,27.6,LOW,2025-09-26T18:00:00Z
MINE_KANDRI_05,2025-09-26,4.2,59.2,32.2,94.8,28.8,LOW,2025-09-26T18:00:00Z
MINE_MANSAR_06,2025-09-26,2.6,48.4,30.0,85.1,26.9,LOW,2025-09-26T18:00:00Z
MINE_CHIKLA_07,2025-09-26,62.6,58.9,29.8,92.1,31.1,HIGH,2025-09-26T18:00:00Z
MINE_UKWA_08,2025-09-26,38.3,67.5,32.9,82.1,26.3,MODERATE,2025-09-26T18:00:00Z
MINE_SITAPATORE_09,2025-09-26,40.6,63.3,31.2,94.7,19.3,MODERATE,2025-09-26T18:00:00Z
MINE_BELDONGRI_10,2025-09-26,0.8,71.6,32.7,82.4,19.1,LOW,2025-09-26T18:00:00Z
MINE_GUMGAON_02,2025-09-27,4.1,71.9,29.2,88.0,27.5,LOW,2025-09-27T18:00:00Z
MINE_TIRODI_03,2025-09-27,18.4,57.3,31.6,74.0,30.8,LOW,2025-09-27T18:00:00Z
MINE_DONGRI_04,2025-09-27,58.4,51.7,27.5,71.0,21.8,HIGH,2025-09-27T18:00:00Z
MINE_KANDRI_05,2025-09-27,55.4,45.5,29.1,94.7,21.8,HIGH,2025-09-27T18:00:00Z
MINE_MANSAR_06,2025-09-27,0.9,43.0,29.4,80.2,26.9,LOW,2025-09-27T18:00:00Z
MINE_CHIKLA_07,2025-09-27,28.0,61.7,27.3,73.9,20.6,MODERATE,2025-09-27T18:00:00Z
MINE_UKWA_08,2025-09-27,24.0,47.7,30.8,93.9,18.2,MODERATE,2025-09-27T18:00:00Z
MINE_SITAPATORE_09,2025-09-27,41.2,50.0,33.0,88.9,29.7,MODERATE,2025-09-27T18:00:00Z
MINE_BELDONGRI_10,2025-09-27,30.9,45.1,28.0,77.1,22.2,MODERATE,2025-09-27T18:00:00Z
MINE_GUMGAON_02,2025-09-28,2.1,55.6,29.6,89.0,28.4,LOW,2025-09-28T18:00:00Z
MINE_TIRODI_03,2025-09-28,58.8,70.1,30.6,91.4,27.0,HIGH,2025-09-28T18:00:00Z
MINE_DONGRI_04,2025-09-28,3.6,54.9,28.0,76.7,22.2,LOW,2025-09-28T18:00:00Z
MINE_KANDRI_05,2025-09-28,0.5,69.0,27.1,82.1,27.4,LOW,2025-09-28T18:00:00Z
MINE_MANSAR_06,2025-09-28,49.9,62.5,28.7,93.2,28.6,HIGH,2025-09-28T18:00:00Z
MINE_CHIKLA_07,2025-09-28,3.8,47.1,30.1,78.6,24.2,LOW,2025-09-28T18:00:00Z
MINE_UKWA_08,2025-09-28,24.0,51.4,33.6,78.4,22.3,MODERATE,2025-09-28T18:00:00Z
MINE_SITAPATORE_09,2025-09-28,1.7,70.0,28.3,79.7,24.0,LOW,2025-09-28T18:00:00Z
MINE_BELDONGRI_10,2025-09-28,50.1,58.6,32.6,84.4,30.2,HIGH,2025-09-28T18:00:00Z
MINE_GUMGAON_02,2025-09-29,1.1,62.6,32.8,94.0,22.8,LOW,2025-09-29T18:00:00Z
MINE_TIRODI_03,2025-09-29,0.6,68.3,32.8,75.6,21.5,LOW,2025-09-29T18:00:00Z
MINE_DONGRI_04,2025-09-29,25.4,59.8,32.2,94.3,27.0,MODERATE,2025-09-29T18:00:00Z
MINE_KANDRI_05,2025-09-29,26.5,49.2,30.1,74.7,27.9,MODERATE,2025-09-29T18:00:00Z
MINE_MANSAR_06,2025-09-29,0.4,44.2,33.1,91.6,21.1,LOW,2025-09-29T18:00:00Z
MINE_CHIKLA_07,2025-09-29,4.1,43.5,33.9,78.7,21.4,LOW,2025-09-29T18:00:00Z
MINE_UKWA_08,2025-09-29,2.2,54.8,33.4,93.7,29.2,LOW,2025-09-29T18:00:00Z
MINE_SITAPATORE_09,2025-09-29,52.8,53.5,31.7,94.6,18.5,HIGH,2025-09-29T18:00:00Z
MINE_BELDONGRI_10,2025-09-29,2.3,60.9,31.7,85.0,18.6,LOW,2025-09-29T18:00:00Z
MINE_GUMGAON_02,2025-09-30,5.0,46.1,28.8,75.4,21.7,LOW,2025-09-30T18:00:00Z
MINE_TIRODI_03,2025-09-30,56.7,64.0,30.9,89.9,26.2,HIGH,2025-09-30T18:00:00Z
MINE_DONGRI_04,2025-09-30,25.3,64.3,33.5,70.2,18.8,MODERATE,2025-09-30T18:00:00Z
MINE_KANDRI_05,2025-09-30,1.0,68.5,30.1,87.9,21.3,LOW,2025-09-30T18:00:00Z
MINE_MANSAR_06,2025-09-30,41.9,67.1,30.6,92.1,24.2,MODERATE,2025-09-30T18:00:00Z
MINE_CHIKLA_07,2025-09-30,4.0,43.4,31.2,75.5,25.6,LOW,2025-09-30T18:00:00Z
MINE_UKWA_08,2025-09-30,19.9,41.4,27.3,71.5,23.9,LOW,2025-09-30T18:00:00Z
MINE_SITAPATORE_09,2025-09-30,0.8,56.5,33.0,86.1,24.7,LOW,2025-09-30T18:00:00Z
MINE_BELDONGRI_10,2025-09-30,33.5,52.9,30.9,73.0,20.3,MODERATE,2025-09-30T18:00:00Z
MINE_GUMGAON_02,2025-10-01,0.0,31.4,33.2,36.8,12.2,LOW,2025-10-01T18:00:00Z
MINE_TIRODI_03,2025-10-01,0.0,19.5,26.6,38.0,13.0,LOW,2025-10-01T18:00:00Z
MINE_DONGRI_04,2025-10-01,0.0,31.6,33.4,54.0,14.2,LOW,2025-10-01T18:00:00Z
MINE_KANDRI_05,2025-10-01,0.0,28.3,28.7,51.0,15.9,LOW,2025-10-01T18:00:00Z
MINE_MANSAR_06,2025-10-01,0.0,23.4,30.9,38.8,17.9,LOW,2025-10-01T18:00:00Z
MINE_CHIKLA_07,2025-10-01,11.9,21.9,35.0,53.6,14.0,LOW,2025-10-01T18:00:00Z
MINE_UKWA_08,2025-10-01,0.0,22.2,33.9,45.9,17.3,LOW,2025-10-01T18:00:00Z
MINE_SITAPATORE_09,2025-10-01,0.0,28.6,24.2,52.0,15.1,LOW,2025-10-01T18:00:00Z
MINE_BELDONGRI_10,2025-10-01,0.0,30.9,33.9,42.5,12.5,LOW,2025-10-01T18:00:00Z
MINE_GUMGAON_02,2025-10-02,0.0,29.5,34.3,44.4,15.1,LOW,2025-10-02T18:00:00Z
MINE_TIRODI_03,2025-10-02,0.0,25.0,26.6,54.8,12.6,LOW,2025-10-02T18:00:00Z
MINE_DONGRI_04,2025-10-02,0.0,21.4,30.7,46.5,12.9,LOW,2025-10-02T18:00:00Z
MINE_KANDRI_05,2025-10-02,0.0,23.3,25.8,43.6,13.3,LOW,2025-10-02T18:00:00Z
MINE_MANSAR_06,2025-10-02,0.0,20.6,37.1,38.6,10.5,LOW,2025-10-02T18:00:00Z
MINE_CHIKLA_07,2025-10-02,0.0,23.5,31.6,36.2,13.9,LOW,2025-10-02T18:00:00Z
MINE_UKWA_08,2025-10-02,0.0,25.0,25.7,47.4,11.6,LOW,2025-10-02T18:00:00Z
MINE_SITAPATORE_09,2025-10-02,0.0,18.4,36.5,48.8,14.8,LOW,2025-10-02T18:00:00Z
MINE_BELDONGRI_10,2025-10-02,0.0,26.2,24.5,50.1,15.4,LOW,2025-10-02T18:00:00Z
MINE_GUMGAON_02,2025-10-03,0.0,20.9,29.5,33.7,12.1,LOW,2025-10-03T18:00:00Z
MINE_TIRODI_03,2025-10-03,0.0,22.9,33.0,46.6,12.6,LOW,2025-10-03T18:00:00Z
MINE_DONGRI_04,2025-10-03,0.0,30.7,30.5,56.1,15.3,LOW,2025-10-03T18:00:00Z
MINE_KANDRI_05,2025-10-03,0.0,28.0,29.6,49.2,10.2,LOW,2025-10-03T18:00:00Z
MINE_MANSAR_06,2025-10-03,0.0,23.0,26.2,38.5,13.4,LOW,2025-10-03T18:00:00Z
MINE_CHIKLA_07,2025-10-03,0.0,25.7,33.6,36.2,17.4,LOW,2025-10-03T18:00:00Z
MINE_UKWA_08,2025-10-03,0.0,26.9,31.9,38.7,14.1,LOW,2025-10-03T18:00:00Z
MINE_SITAPATORE_09,2025-10-03,0.0,30.1,34.4,55.4,10.1,LOW,2025-10-03T18:00:00Z
MINE_BELDONGRI_10,2025-10-03,0.0,25.3,28.7,47.7,11.3,LOW,2025-10-03T18:00:00Z
MINE_GUMGAON_02,2025-10-04,0.0,18.9,29.3,51.0,11.2,LOW,2025-10-04T18:00:00Z
MINE_TIRODI_03,2025-10-04,0.0,28.4,28.6,50.6,11.3,LOW,2025-10-04T18:00:00Z
MINE_DONGRI_04,2025-10-04,0.0,31.1,34.0,54.7,17.4,LOW,2025-10-04T18:00:00Z
MINE_KANDRI_05,2025-10-04,0.0,25.7,26.3,56.9,15.8,LOW,2025-10-04T18:00:00Z
MINE_MANSAR_06,2025-10-04,0.0,18.8,34.9,49.0,12.0,LOW,2025-10-04T18:00:00Z
MINE_CHIKLA_07,2025-10-04,0.0,30.0,30.0,41.1,10.4,LOW,2025-10-04T18:00:00Z
MINE_UKWA_08,2025-10-04,0.0,31.3,32.4,50.8,10.7,LOW,2025-10-04T18:00:00Z
MINE_SITAPATORE_09,2025-10-04,5.2,24.2,26.4,52.8,13.1,LOW,2025-10-04T18:00:00Z
MINE_BELDONGRI_10,2025-10-04,0.0,24.3,31.3,43.2,17.8,LOW,2025-10-04T18:00:00Z
MINE_GUMGAON_02,2025-10-05,0.0,20.3,27.5,55.0,12.0,LOW,2025-10-05T18:00:00Z
MINE_TIRODI_03,2025-10-05,3.7,31.0,34.6,48.9,15.0,LOW,2025-10-05T18:00:00Z
MINE_DONGRI_04,2025-10-05,0.0,31.3,32.7,39.1,16.4,LOW,2025-10-05T18:00:00Z
MINE_KANDRI_05,2025-10-05,0.0,20.8,24.7,45.7,14.3,LOW,2025-10-05T18:00:00Z
MINE_MANSAR_06,2025-10-05,0.0,19.8,25.4,36.9,10.2,LOW,2025-10-05T18:00:00Z
MINE_CHIKLA_07,2025-10-05,0.0,27.9,27.7,41.8,10.5,LOW,2025-10-05T18:00:00Z
MINE_UKWA_08,2025-10-05,0.0,29.3,36.9,43.8,14.0,LOW,2025-10-05T18:00:00Z
MINE_SITAPATORE_09,2025-10-05,0.0,20.0,37.6,45.4,10.0,LOW,2025-10-05T18:00:00Z
MINE_BELDONGRI_10,2025-10-05,0.0,30.0,26.2,52.4,10.6,LOW,2025-10-05T18:00:00Z
MINE_GUMGAON_02,2025-10-06,0.0,24.0,29.1,30.9,15.0,LOW,2025-10-06T18:00:00Z
MINE_TIRODI_03,2025-10-06,0.0,17.6,26.1,32.0,11.6,LOW,2025-10-06T18:00:00Z
MINE_DONGRI_04,2025-10-06,0.0,22.3,34.6,36.1,10.5,LOW,2025-10-06T18:00:00Z
MINE_KANDRI_05,2025-10-06,0.0,25.5,26.5,34.7,10.4,LOW,2025-10-06T18:00:00Z
MINE_MANSAR_06,2025-10-06,0.0,24.8,36.8,43.5,10.3,LOW,2025-10-06T18:00:00Z
MINE_CHIKLA_07,2025-10-06,0.0,26.0,32.5,55.1,17.6,LOW,2025-10-06T18:00:00Z
MINE_UKWA_08,2025-10-06,0.0,28.4,30.8,39.0,17.2,LOW,2025-10-06T18:00:00Z
MINE_SITAPATORE_09,2025-10-06,0.0,16.2,33.8,49.3,15.2,LOW,2025-10-06T18:00:00Z
MINE_BELDONGRI_10,2025-10-06,0.0,28.0,25.1,43.0,17.0,LOW,2025-10-06T18:00:00Z
MINE_GUMGAON_02,2025-10-07,0.0,30.1,35.5,34.9,12.4,LOW,2025-10-07T18:00:00Z
MINE_TIRODI_03,2025-10-07,0.0,19.8,37.9,52.0,14.1,LOW,2025-10-07T18:00:00Z
MINE_DONGRI_04,2025-10-07,0.0,17.8,36.8,38.8,15.8,LOW,2025-10-07T18:00:00Z
MINE_KANDRI_05,2025-10-07,0.0,25.9,25.6,57.3,10.5,LOW,2025-10-07T18:00:00Z
MINE_MANSAR_06,2025-10-07,0.0,24.8,24.2,43.5,14.3,LOW,2025-10-07T18:00:00Z
MINE_CHIKLA_07,2025-10-07,0.0,16.5,27.6,31.3,11.9,LOW,2025-10-07T18:00:00Z
MINE_UKWA_08,2025-10-07,0.0,27.5,24.1,54.3,17.5,LOW,2025-10-07T18:00:00Z
MINE_SITAPATORE_09,2025-10-07,0.0,26.0,32.0,33.2,16.7,LOW,2025-10-07T18:00:00Z
MINE_BELDONGRI_10,2025-10-07,0.0,22.1,33.5,30.7,16.9,LOW,2025-10-07T18:00:00Z
MINE_GUMGAON_02,2025-10-08,0.0,19.4,27.7,32.1,11.9,LOW,2025-10-08T18:00:00Z
MINE_TIRODI_03,2025-10-08,0.0,28.1,26.6,42.6,11.3,LOW,2025-10-08T18:00:00Z
MINE_DONGRI_04,2025-10-08,0.0,29.9,36.4,32.5,10.9,LOW,2025-10-08T18:00:00Z
MINE_KANDRI_05,2025-10-08,0.0,25.0,34.2,34.6,17.6,LOW,2025-10-08T18:00:00Z
MINE_MANSAR_06,2025-10-08,0.0,18.7,29.4,49.0,10.8,LOW,2025-10-08T18:00:00Z
MINE_CHIKLA_07,2025-10-08,0.0,22.4,31.1,33.2,13.5,LOW,2025-10-08T18:00:00Z
MINE_UKWA_08,2025-10-08,0.0,28.7,34.4,41.5,11.1,LOW,2025-10-08T18:00:00Z
MINE_SITAPATORE_09,2025-10-08,0.0,18.9,25.3,35.3,13.2,LOW,2025-10-08T18:00:00Z
MINE_BELDONGRI_10,2025-10-08,0.0,18.7,30.2,51.8,11.4,LOW,2025-10-08T18:00:00Z
MINE_GUMGAON_02,2025-10-09,7.3,17.3,33.6,56.1,12.7,LOW,2025-10-09T18:00:00Z
MINE_TIRODI_03,2025-10-09,0.0,16.4,37.2,30.3,16.3,LOW,2025-10-09T18:00:00Z
MINE_DONGRI_04,2025-10-09,6.7,28.5,24.8,39.6,13.6,LOW,2025-10-09T18:00:00Z
MINE_KANDRI_05,2025-10-09,0.0,16.0,27.6,39.0,14.4,LOW,2025-10-09T18:00:00Z
MINE_MANSAR_06,2025-10-09,0.0,23.8,24.9,51.9,14.0,LOW,2025-10-09T18:00:00Z
MINE_CHIKLA_07,2025-10-09,0.0,25.8,24.7,30.2,15.2,LOW,2025-10-09T18:00:00Z
MINE_UKWA_08,2025-10-09,0.0,16.4,30.3,37.6,12.4,LOW,2025-10-09T18:00:00Z
MINE_SITAPATORE_09,2025-10-09,11.3,19.7,28.6,55.1,10.7,LOW,2025-10-09T18:00:00Z
MINE_BELDONGRI_10,2025-10-09,0.0,23.1,30.4,46.7,13.5,LOW,2025-10-09T18:00:00Z
MINE_GUMGAON_02,2025-10-10,0.0,18.2,26.6,30.7,16.8,LOW,2025-10-10T18:00:00Z
MINE_TIRODI_03,2025-10-10,0.0,19.8,24.2,33.0,16.0,LOW,2025-10-10T18:00:00Z
MINE_DONGRI_04,2025-10-10,3.1,16.4,36.5,53.8,14.3,LOW,2025-10-10T18:00:00Z
MINE_KANDRI_05,2025-10-10,7.8,16.6,24.4,38.5,13.2,LOW,2025-10-10T18:00:00Z
MINE_MANSAR_06,2025-10-10,8.4,26.2,35.6,54.0,13.8,LOW,2025-10-10T18:00:00Z
MINE_CHIKLA_07,2025-10-10,2.0,16.8,29.5,45.1,17.5,LOW,2025-10-10T18:00:00Z
MINE_UKWA_08,2025-10-10,0.0,25.1,36.8,45.6,17.6,LOW,2025-10-10T18:00:00Z
MINE_SITAPATORE_09,2025-10-10,0.0,17.4,36.5,52.0,12.0,LOW,2025-10-10T18:00:00Z
MINE_BELDONGRI_10,2025-10-10,9.1,25.7,28.3,38.3,15.5,LOW,2025-10-10T18:00:00Z
MINE_GUMGAON_02,2025-10-11,0.0,24.7,33.2,33.4,10.5,LOW,2025-10-11T18:00:00Z
MINE_TIRODI_03,2025-10-11,0.0,31.9,37.3,37.7,17.3,LOW,2025-10-11T18:00:00Z
MINE_DONGRI_04,2025-10-11,0.0,24.0,33.7,43.0,13.3,LOW,2025-10-11T18:00:00Z
MINE_KANDRI_05,2025-10-11,10.5,18.1,31.9,50.7,10.8,LOW,2025-10-11T18:00:00Z
MINE_MANSAR_06,2025-10-11,2.7,17.5,29.9,39.3,17.5,LOW,2025-10-11T18:00:00Z
MINE_CHIKLA_07,2025-10-11,0.0,31.2,34.6,31.1,17.1,LOW,2025-10-11T18:00:00Z
MINE_UKWA_08,2025-10-11,0.0,24.9,27.5,57.6,17.7,LOW,2025-10-11T18:00:00Z
MINE_SITAPATORE_09,2025-10-11,0.0,24.1,26.3,42.9,11.1,LOW,2025-10-11T18:00:00Z
MINE_BELDONGRI_10,2025-10-11,0.0,27.7,24.8,55.7,15.1,LOW,2025-10-11T18:00:00Z
MINE_GUMGAON_02,2025-10-12,0.0,18.9,27.7,45.8,13.8,LOW,2025-10-12T18:00:00Z
MINE_TIRODI_03,2025-10-12,0.0,27.3,31.0,57.4,17.7,LOW,2025-10-12T18:00:00Z
MINE_DONGRI_04,2025-10-12,0.0,30.0,26.7,47.6,12.7,LOW,2025-10-12T18:00:00Z
MINE_KANDRI_05,2025-10-12,0.0,27.0,24.2,49.6,12.0,LOW,2025-10-12T18:00:00Z
MINE_MANSAR_06,2025-10-12,0.0,25.8,32.1,41.2,13.4,LOW,2025-10-12T18:00:00Z
MINE_CHIKLA_07,2025-10-12,0.0,28.8,28.3,40.8,14.3,LOW,2025-10-12T18:00:00Z
MINE_UKWA_08,2025-10-12,0.0,26.8,27.5,45.6,12.6,LOW,2025-10-12T18:00:00Z
MINE_SITAPATORE_09,2025-10-12,0.0,28.7,28.9,49.9,14.8,LOW,2025-10-12T18:00:00Z
MINE_BELDONGRI_10,2025-10-12,0.0,24.8,33.3,41.3,16.3,LOW,2025-10-12T18:00:00Z
MINE_GUMGAON_02,2025-10-13,0.0,20.0,37.6,54.3,16.6,LOW,2025-10-13T18:00:00Z
MINE_TIRODI_03,2025-10-13,0.0,30.3,37.1,47.7,10.5,LOW,2025-10-13T18:00:00Z
MINE_DONGRI_04,2025-10-13,0.0,22.8,27.4,51.8,10.9,LOW,2025-10-13T18:00:00Z
MINE_KANDRI_05,2025-10-13,0.0,18.1,29.2,49.3,12.0,LOW,2025-10-13T18:00:00Z
MINE_MANSAR_06,2025-10-13,0.0,21.5,37.6,41.6,13.2,LOW,2025-10-13T18:00:00Z
MINE_CHIKLA_07,2025-10-13,0.0,24.5,29.9,54.8,11.6,LOW,2025-10-13T18:00:00Z
MINE_UKWA_08,2025-10-13,0.0,20.5,27.7,40.2,15.7,LOW,2025-10-13T18:00:00Z
MINE_SITAPATORE_09,2025-10-13,0.0,30.1,37.2,35.7,17.0,LOW,2025-10-13T18:00:00Z
MINE_BELDONGRI_10,2025-10-13,0.0,17.3,25.5,39.5,17.1,LOW,2025-10-13T18:00:00Z
MINE_GUMGAON_02,2025-10-14,0.0,31.9,28.7,48.0,11.3,LOW,2025-10-14T18:00:00Z
MINE_TIRODI_03,2025-10-14,0.0,26.1,31.4,38.4,16.9,LOW,2025-10-14T18:00:00Z
MINE_DONGRI_04,2025-10-14,0.0,22.1,31.1,55.2,10.6,LOW,2025-10-14T18:00:00Z
MINE_KANDRI_05,2025-10-14,0.0,18.0,36.7,37.6,13.9,LOW,2025-10-14T18:00:00Z
MINE_MANSAR_06,2025-10-14,0.0,30.4,33.2,38.1,14.7,LOW,2025-10-14T18:00:00Z
MINE_CHIKLA_07,2025-10-14,0.0,31.9,26.4,42.3,11.6,LOW,2025-10-14T18:00:00Z
MINE_UKWA_08,2025-10-14,0.0,30.5,32.7,54.7,13.0,LOW,2025-10-14T18:00:00Z
MINE_SITAPATORE_09,2025-10-14,0.0,29.0,29.0,53.9,10.5,LOW,2025-10-14T18:00:00Z
MINE_BELDONGRI_10,2025-10-14,0.0,17.9,29.2,56.4,10.6,LOW,2025-10-14T18:00:00Z
MINE_GUMGAON_02,2025-10-15,0.0,29.7,30.7,45.9,17.3,LOW,2025-10-15T18:00:00Z
MINE_TIRODI_03,2025-10-15,0.0,16.8,37.4,52.8,14.5,LOW,2025-10-15T18:00:00Z
MINE_DONGRI_04,2025-10-15,0.0,27.8,38.0,30.7,14.0,LOW,2025-10-15T18:00:00Z
MINE_KANDRI_05,2025-10-15,0.0,22.5,28.2,56.6,15.9,LOW,2025-10-15T18:00:00Z
MINE_MANSAR_06,2025-10-15,0.0,26.9,37.7,56.3,12.5,LOW,2025-10-15T18:00:00Z
MINE_CHIKLA_07,2025-10-15,0.0,31.8,32.9,55.8,15.1,LOW,2025-10-15T18:00:00Z
MINE_UKWA_08,2025-10-15,5.6,27.9,29.4,50.3,13.0,LOW,2025-10-15T18:00:00Z
MINE_SITAPATORE_09,2025-10-15,0.0,26.0,27.4,42.5,12.5,LOW,2025-10-15T18:00:00Z
MINE_BELDONGRI_10,2025-10-15,0.0,29.0,35.2,52.3,14.2,LOW,2025-10-15T18:00:00Z
MINE_GUMGAON_02,2025-10-16,0.0,31.3,32.8,40.8,10.1,LOW,2025-10-16T18:00:00Z
MINE_TIRODI_03,2025-10-16,9.5,23.0,28.9,30.3,10.9,LOW,2025-10-16T18:00:00Z
MINE_DONGRI_04,2025-10-16,0.0,16.0,34.2,35.3,13.3,LOW,2025-10-16T18:00:00Z
MINE_KANDRI_05,2025-10-16,3.8,16.8,36.7,43.5,14.5,LOW,2025-10-16T18:00:00Z
MINE_MANSAR_06,2025-10-16,0.0,24.7,35.0,56.9,14.1,LOW,2025-10-16T18:00:00Z
MINE_CHIKLA_07,2025-10-16,0.0,18.1,37.0,31.7,13.1,LOW,2025-10-16T18:00:00Z
MINE_UKWA_08,2025-10-16,9.2,25.9,28.1,40.4,16.8,LOW,2025-10-16T18:00:00Z
MINE_SITAPATORE_09,2025-10-16,0.0,28.2,32.7,52.8,16.0,LOW,2025-10-16T18:00:00Z
MINE_BELDONGRI_10,2025-10-16,0.0,30.0,26.3,56.1,15.2,LOW,2025-10-16T18:00:00Z
MINE_GUMGAON_02,2025-10-17,0.0,20.5,27.8,37.2,10.1,LOW,2025-10-17T18:00:00Z
MINE_TIRODI_03,2025-10-17,0.0,29.5,26.4,49.8,14.3,LOW,2025-10-17T18:00:00Z
MINE_DONGRI_04,2025-10-17,0.0,27.5,29.0,40.3,14.2,LOW,2025-10-17T18:00:00Z
MINE_KANDRI_05,2025-10-17,0.0,21.2,32.4,54.3,12.2,LOW,2025-10-17T18:00:00Z
MINE_MANSAR_06,2025-10-17,0.0,26.6,33.8,36.0,16.0,LOW,2025-10-17T18:00:00Z
MINE_CHIKLA_07,2025-10-17,0.0,28.2,31.1,46.6,10.2,LOW,2025-10-17T18:00:00Z
MINE_UKWA_08,2025-10-17,0.0,23.6,30.6,53.0,15.1,LOW,2025-10-17T18:00:00Z
MINE_SITAPATORE_09,2025-10-17,0.0,19.3,30.2,30.4,12.5,LOW,2025-10-17T18:00:00Z
MINE_BELDONGRI_10,2025-10-17,0.0,16.6,32.2,46.9,15.8,LOW,2025-10-17T18:00:00Z
MINE_GUMGAON_02,2025-10-18,0.0,21.1,34.8,52.9,11.8,LOW,2025-10-18T18:00:00Z
MINE_TIRODI_03,2025-10-18,3.6,31.6,30.1,30.7,11.1,LOW,2025-10-18T18:00:00Z
MINE_DONGRI_04,2025-10-18,0.0,24.8,29.7,47.7,13.1,LOW,2025-10-18T18:00:00Z
MINE_KANDRI_05,2025-10-18,0.0,29.7,29.9,40.0,15.4,LOW,2025-10-18T18:00:00Z
MINE_MANSAR_06,2025-10-18,0.0,22.3,36.7,39.1,10.7,LOW,2025-10-18T18:00:00Z
MINE_CHIKLA_07,2025-10-18,0.0,16.9,31.0,33.6,11.3,LOW,2025-10-18T18:00:00Z
MINE_UKWA_08,2025-10-18,0.0,21.0,33.2,55.6,14.2,LOW,2025-10-18T18:00:00Z
MINE_SITAPATORE_09,2025-10-18,0.0,18.1,27.9,46.3,10.5,LOW,2025-10-18T18:00:00Z
MINE_BELDONGRI_10,2025-10-18,0.0,28.6,32.9,39.0,13.0,LOW,2025-10-18T18:00:00Z
MINE_GUMGAON_02,2025-10-19,0.0,28.8,33.0,43.2,13.6,LOW,2025-10-19T18:00:00Z
MINE_TIRODI_03,2025-10-19,0.0,25.5,24.5,42.5,17.2,LOW,2025-10-19T18:00:00Z
MINE_DONGRI_04,2025-10-19,0.0,30.8,34.8,39.0,17.2,LOW,2025-10-19T18:00:00Z
MINE_KANDRI_05,2025-10-19,0.0,29.8,31.8,51.0,15.8,LOW,2025-10-19T18:00:00Z
MINE_MANSAR_06,2025-10-19,0.0,28.0,28.6,34.8,17.5,LOW,2025-10-19T18:00:00Z
MINE_CHIKLA_07,2025-10-19,0.0,27.9,35.6,41.7,16.3,LOW,2025-10-19T18:00:00Z
MINE_UKWA_08,2025-10-19,0.0,16.8,33.2,52.6,16.2,LOW,2025-10-19T18:00:00Z
MINE_SITAPATORE_09,2025-10-19,0.0,29.6,32.2,47.8,11.4,LOW,2025-10-19T18:00:00Z
MINE_BELDONGRI_10,2025-10-19,0.0,27.0,35.9,42.0,17.0,LOW,2025-10-19T18:00:00Z
MINE_GUMGAON_02,2025-10-20,0.0,26.0,30.9,49.0,14.7,LOW,2025-10-20T18:00:00Z
MINE_TIRODI_03,2025-10-20,0.0,25.9,26.0,53.0,15.3,LOW,2025-10-20T18:00:00Z
MINE_DONGRI_04,2025-10-20,0.0,16.6,24.0,45.7,16.1,LOW,2025-10-20T18:00:00Z
MINE_KANDRI_05,2025-10-20,0.0,27.4,37.2,37.9,13.3,LOW,2025-10-20T18:00:00Z
MINE_MANSAR_06,2025-10-20,0.0,23.5,28.5,53.4,14.3,LOW,2025-10-20T18:00:00Z
MINE_CHIKLA_07,2025-10-20,11.9,26.8,32.5,43.5,15.6,LOW,2025-10-20T18:00:00Z
MINE_UKWA_08,2025-10-20,0.0,25.8,29.8,38.7,15.8,LOW,2025-10-20T18:00:00Z
MINE_SITAPATORE_09,2025-10-20,0.0,16.3,24.8,39.9,10.2,LOW,2025-10-20T18:00:00Z
MINE_BELDONGRI_10,2025-10-20,0.0,19.3,36.4,32.1,14.2,LOW,2025-10-20T18:00:00Z
MINE_GUMGAON_02,2025-10-21,0.0,23.9,30.3,44.6,15.2,LOW,2025-10-21T18:00:00Z
MINE_TIRODI_03,2025-10-21,0.0,31.9,36.5,35.3,11.7,LOW,2025-10-21T18:00:00Z
MINE_DONGRI_04,2025-10-21,0.0,20.6,34.0,47.2,13.8,LOW,2025-10-21T18:00:00Z
MINE_KANDRI_05,2025-10-21,0.0,28.9,24.7,36.9,17.9,LOW,2025-10-21T18:00:00Z
MINE_MANSAR_06,2025-10-21,0.0,26.8,24.9,52.8,12.3,LOW,2025-10-21T18:00:00Z
MINE_CHIKLA_07,2025-10-21,0.0,26.4,27.5,48.3,16.9,LOW,2025-10-21T18:00:00Z
MINE_UKWA_08,2025-10-21,3.0,16.3,32.5,35.6,11.8,LOW,2025-10-21T18:00:00Z
MINE_SITAPATORE_09,2025-10-21,0.0,24.6,34.2,49.2,10.5,LOW,2025-10-21T18:00:00Z
MINE_BELDONGRI_10,2025-10-21,0.0,30.9,30.8,57.3,17.5,LOW,2025-10-21T18:00:00Z
MINE_GUMGAON_02,2025-10-22,0.0,23.3,30.5,36.7,13.3,LOW,2025-10-22T18:00:00Z
MINE_TIRODI_03,2025-10-22,0.0,23.3,28.4,39.8,12.6,LOW,2025-10-22T18:00:00Z
MINE_DONGRI_04,2025-10-22,0.0,19.3,36.6,44.1,14.9,LOW,2025-10-22T18:00:00Z
MINE_KANDRI_05,2025-10-22,0.0,27.1,26.8,51.6,15.8,LOW,2025-10-22T18:00:00Z
MINE_MANSAR_06,2025-10-22,0.0,16.8,29.3,35.7,12.5,LOW,2025-10-22T18:00:00Z
MINE_CHIKLA_07,2025-10-22,0.0,29.2,31.5,50.5,11.1,LOW,2025-10-22T18:00:00Z
MINE_UKWA_08,2025-10-22,0.0,19.0,37.2,32.3,12.9,LOW,2025-10-22T18:00:00Z
MINE_SITAPATORE_09,2025-10-22,0.0,17.1,37.6,44.6,12.7,LOW,2025-10-22T18:00:00Z
MINE_BELDONGRI_10,2025-10-22,0.0,23.4,26.0,37.0,13.5,LOW,2025-10-22T18:00:00Z
MINE_GUMGAON_02,2025-10-23,0.0,22.8,29.4,37.9,10.8,LOW,2025-10-23T18:00:00Z
MINE_TIRODI_03,2025-10-23,0.0,18.0,35.5,38.6,14.1,LOW,2025-10-23T18:00:00Z
MINE_DONGRI_04,2025-10-23,0.0,17.7,37.1,57.4,17.7,LOW,2025-10-23T18:00:00Z
MINE_KANDRI_05,2025-10-23,0.0,19.9,37.8,48.5,13.6,LOW,2025-10-23T18:00:00Z
MINE_MANSAR_06,2025-10-23,0.0,30.3,30.4,31.5,14.7,LOW,2025-10-23T18:00:00Z
MINE_CHIKLA_07,2025-10-23,7.2,29.2,36.9,39.7,15.3,LOW,2025-10-23T18:00:00Z
MINE_UKWA_08,2025-10-23,0.0,27.8,34.8,40.1,15.0,LOW,2025-10-23T18:00:00Z
MINE_SITAPATORE_09,2025-10-23,0.0,28.3,26.3,45.3,14.3,LOW,2025-10-23T18:00:00Z
MINE_BELDONGRI_10,2025-10-23,0.0,28.3,32.4,32.4,15.4,LOW,2025-10-23T18:00:00Z
MINE_GUMGAON_02,2025-10-24,0.0,25.4,37.5,53.2,12.9,LOW,2025-10-24T18:00:00Z
MINE_TIRODI_03,2025-10-24,0.0,26.9,28.7,46.3,16.0,LOW,2025-10-24T18:00:00Z
MINE_DONGRI_04,2025-10-24,0.0,20.4,35.7,41.0,18.0,LOW,2025-10-24T18:00:00Z
MINE_KANDRI_05,2025-10-24,0.0,22.9,34.7,34.0,16.6,LOW,2025-10-24T18:00:00Z
MINE_MANSAR_06,2025-10-24,3.8,31.5,26.4,54.4,17.8,LOW,2025-10-24T18:00:00Z
MINE_CHIKLA_07,2025-10-24,0.0,27.8,29.3,45.1,12.6,LOW,2025-10-24T18:00:00Z
MINE_UKWA_08,2025-10-24,0.0,16.1,25.0,46.5,16.1,LOW,2025-10-24T18:00:00Z
MINE_SITAPATORE_09,2025-10-24,0.0,21.5,24.6,55.0,12.4,LOW,2025-10-24T18:00:00Z
MINE_BELDONGRI_10,2025-10-24,0.0,16.7,37.1,49.0,11.8,LOW,2025-10-24T18:00:00Z
MINE_GUMGAON_02,2025-10-25,0.0,28.1,37.3,55.3,15.9,LOW,2025-10-25T18:00:00Z
MINE_TIRODI_03,2025-10-25,0.0,27.2,24.8,49.4,15.3,LOW,2025-10-25T18:00:00Z
MINE_DONGRI_04,2025-10-25,0.0,30.4,24.5,47.8,11.9,LOW,2025-10-25T18:00:00Z
MINE_KANDRI_05,2025-10-25,0.0,22.8,33.4,33.0,10.8,LOW,2025-10-25T18:00:00Z
MINE_MANSAR_06,2025-10-25,0.0,16.2,30.8,47.3,16.4,LOW,2025-10-25T18:00:00Z
MINE_CHIKLA_07,2025-10-25,0.0,22.2,27.8,43.5,16.7,LOW,2025-10-25T18:00:00Z
MINE_UKWA_08,2025-10-25,0.0,20.6,26.5,44.1,17.4,LOW,2025-10-25T18:00:00Z
MINE_SITAPATORE_09,2025-10-25,0.0,29.9,34.6,51.1,13.9,LOW,2025-10-25T18:00:00Z
MINE_BELDONGRI_10,2025-10-25,0.0,21.4,25.3,39.9,10.4,LOW,2025-10-25T18:00:00Z
MINE_GUMGAON_02,2025-10-26,0.0,22.3,37.1,32.0,12.9,LOW,2025-10-26T18:00:00Z
MINE_TIRODI_03,2025-10-26,0.0,27.1,29.1,41.6,13.3,LOW,2025-10-26T18:00:00Z
MINE_DONGRI_04,2025-10-26,0.0,22.6,37.8,55.0,17.8,LOW,2025-10-26T18:00:00Z
MINE_KANDRI_05,2025-10-26,0.0,22.7,34.4,40.9,13.3,LOW,2025-10-26T18:00:00Z
MINE_MANSAR_06,2025-10-26,7.3,21.9,25.7,41.6,16.9,LOW,2025-10-26T18:00:00Z
MINE_CHIKLA_07,2025-10-26,3.3,21.3,37.8,35.2,12.1,LOW,2025-10-26T18:00:00Z
MINE_UKWA_08,2025-10-26,0.0,17.2,26.1,41.1,13.2,LOW,2025-10-26T18:00:00Z
MINE_SITAPATORE_09,2025-10-26,0.0,17.3,26.0,49.9,17.2,LOW,2025-10-26T18:00:00Z
MINE_BELDONGRI_10,2025-10-26,0.0,27.8,28.4,53.5,15.6,LOW,2025-10-26T18:00:00Z
MINE_GUMGAON_02,2025-10-27,0.0,23.8,28.3,43.5,16.0,LOW,2025-10-27T18:00:00Z
MINE_TIRODI_03,2025-10-27,0.0,25.7,29.7,35.5,14.6,LOW,2025-10-27T18:00:00Z
MINE_DONGRI_04,2025-10-27,0.0,16.9,26.3,47.6,12.1,LOW,2025-10-27T18:00:00Z
MINE_KANDRI_05,2025-10-27,0.0,25.1,35.6,35.1,16.1,LOW,2025-10-27T18:00:00Z
MINE_MANSAR_06,2025-10-27,0.0,27.7,29.9,33.7,10.0,LOW,2025-10-27T18:00:00Z
MINE_CHIKLA_07,2025-10-27,0.0,23.7,29.7,55.7,16.1,LOW,2025-10-27T18:00:00Z
MINE_UKWA_08,2025-10-27,0.0,22.2,37.6,51.1,10.7,LOW,2025-10-27T18:00:00Z
MINE_SITAPATORE_09,2025-10-27,0.0,29.8,27.4,57.9,15.2,LOW,2025-10-27T18:00:00Z
MINE_BELDONGRI_10,2025-10-27,0.0,21.8,28.8,52.7,10.0,LOW,2025-10-27T18:00:00Z
MINE_GUMGAON_02,2025-10-28,0.0,18.8,24.2,35.3,13.3,LOW,2025-10-28T18:00:00Z
MINE_TIRODI_03,2025-10-28,0.0,27.8,30.9,40.5,15.0,LOW,2025-10-28T18:00:00Z
MINE_DONGRI_04,2025-10-28,0.0,28.3,31.3,52.4,10.0,LOW,2025-10-28T18:00:00Z
MINE_KANDRI_05,2025-10-28,0.0,16.1,37.6,31.0,16.8,LOW,2025-10-28T18:00:00Z
MINE_MANSAR_06,2025-10-28,0.0,19.3,27.1,33.6,16.1,LOW,2025-10-28T18:00:00Z
MINE_CHIKLA_07,2025-10-28,0.0,23.1,36.1,57.6,11.7,LOW,2025-10-28T18:00:00Z
MINE_UKWA_08,2025-10-28,0.0,18.0,34.1,52.0,16.7,LOW,2025-10-28T18:00:00Z
MINE_SITAPATORE_09,2025-10-28,0.0,24.9,33.7,34.2,17.7,LOW,2025-10-28T18:00:00Z
MINE_BELDONGRI_10,2025-10-28,0.0,24.6,33.6,42.0,16.6,LOW,2025-10-28T18:00:00Z
MINE_GUMGAON_02,2025-10-29,0.0,25.3,31.1,57.6,17.7,LOW,2025-10-29T18:00:00Z
MINE_TIRODI_03,2025-10-29,0.0,25.0,26.8,48.2,15.3,LOW,2025-10-29T18:00:00Z
MINE_DONGRI_04,2025-10-29,2.1,26.5,26.3,51.3,13.7,LOW,2025-10-29T18:00:00Z
MINE_KANDRI_05,2025-10-29,0.0,16.5,37.1,47.9,13.4,LOW,2025-10-29T18:00:00Z
MINE_MANSAR_06,2025-10-29,0.0,22.3,34.1,47.3,13.8,LOW,2025-10-29T18:00:00Z
MINE_CHIKLA_07,2025-10-29,0.0,26.4,26.2,56.6,12.6,LOW,2025-10-29T18:00:00Z
MINE_UKWA_08,2025-10-29,0.0,21.4,26.7,57.4,13.9,LOW,2025-10-29T18:00:00Z
MINE_SITAPATORE_09,2025-10-29,2.9,26.6,27.9,57.8,16.7,LOW,2025-10-29T18:00:00Z
MINE_BELDONGRI_10,2025-10-29,0.0,19.5,32.9,35.5,15.9,LOW,2025-10-29T18:00:00Z
MINE_GUMGAON_02,2025-10-30,0.0,18.5,27.5,39.6,16.8,LOW,2025-10-30T18:00:00Z
MINE_TIRODI_03,2025-10-30,0.0,27.0,29.8,53.3,14.7,LOW,2025-10-30T18:00:00Z
MINE_DONGRI_04,2025-10-30,0.0,29.0,35.6,50.5,10.4,LOW,2025-10-30T18:00:00Z
MINE_KANDRI_05,2025-10-30,0.0,23.3,24.9,52.1,11.0,LOW,2025-10-30T18:00:00Z
MINE_MANSAR_06,2025-10-30,0.0,22.4,26.1,53.8,15.0,LOW,2025-10-30T18:00:00Z
MINE_CHIKLA_07,2025-10-30,0.0,25.7,31.0,34.5,15.8,LOW,2025-10-30T18:00:00Z
MINE_UKWA_08,2025-10-30,0.0,19.8,31.0,34.7,10.0,LOW,2025-10-30T18:00:00Z
MINE_SITAPATORE_09,2025-10-30,0.0,21.2,27.9,43.1,14.0,LOW,2025-10-30T18:00:00Z
MINE_BELDONGRI_10,2025-10-30,0.0,17.4,29.6,32.4,16.9,LOW,2025-10-30T18:00:00Z
MINE_GUMGAON_02,2025-10-31,0.0,29.4,25.9,55.3,11.3,LOW,2025-10-31T18:00:00Z
MINE_TIRODI_03,2025-10-31,0.0,31.1,34.5,33.0,14.5,LOW,2025-10-31T18:00:00Z
MINE_DONGRI_04,2025-10-31,0.0,20.3,37.0,48.7,10.2,LOW,2025-10-31T18:00:00Z
MINE_KANDRI_05,2025-10-31,0.0,18.1,28.3,54.0,14.6,LOW,2025-10-31T18:00:00Z
MINE_MANSAR_06,2025-10-31,0.0,26.7,34.4,37.2,16.9,LOW,2025-10-31T18:00:00Z
MINE_CHIKLA_07,2025-10-31,0.0,29.3,37.8,54.2,10.6,LOW,2025-10-31T18:00:00Z
MINE_UKWA_08,2025-10-31,0.0,30.7,31.5,42.2,15.0,LOW,2025-10-31T18:00:00Z
MINE_SITAPATORE_09,2025-10-31,9.1,30.1,24.5,55.1,16.8,LOW,2025-10-31T18:00:00Z
MINE_BELDONGRI_10,2025-10-31,0.0,25.5,34.1,50.9,14.1,LOW,2025-10-31T18:00:00Z
MINE_GUMGAON_02,2025-11-01,0.0,19.3,33.8,57.2,16.3,LOW,2025-11-01T18:00:00Z
MINE_TIRODI_03,2025-11-01,0.0,31.0,32.3,35.3,16.5,LOW,2025-11-01T18:00:00Z
MINE_DONGRI_04,2025-11-01,0.0,25.3,28.0,34.3,13.7,LOW,2025-11-01T18:00:00Z
MINE_KANDRI_05,2025-11-01,0.0,17.7,34.9,48.8,13.3,LOW,2025-11-01T18:00:00Z
MINE_MANSAR_06,2025-11-01,0.0,23.9,24.6,56.2,11.1,LOW,2025-11-01T18:00:00Z
MINE_CHIKLA_07,2025-11-01,0.0,16.5,36.0,36.3,15.1,LOW,2025-11-01T18:00:00Z
MINE_UKWA_08,2025-11-01,0.0,31.0,25.4,31.9,10.1,LOW,2025-11-01T18:00:00Z
MINE_SITAPATORE_09,2025-11-01,0.0,25.9,29.5,43.3,17.8,LOW,2025-11-01T18:00:00Z
MINE_BELDONGRI_10,2025-11-01,0.0,31.1,26.8,42.4,12.4,LOW,2025-11-01T18:00:00Z
MINE_GUMGAON_02,2025-11-02,0.0,19.6,36.5,40.1,13.9,LOW,2025-11-02T18:00:00Z
MINE_TIRODI_03,2025-11-02,0.0,17.6,32.8,30.1,13.2,LOW,2025-11-02T18:00:00Z
MINE_DONGRI_04,2025-11-02,0.0,23.8,28.0,54.1,11.6,LOW,2025-11-02T18:00:00Z
MINE_KANDRI_05,2025-11-02,0.0,23.7,28.4,41.0,13.6,LOW,2025-11-02T18:00:00Z
MINE_MANSAR_06,2025-11-02,0.0,17.2,27.5,46.7,14.7,LOW,2025-11-02T18:00:00Z
MINE_CHIKLA_07,2025-11-02,0.0,21.5,37.8,55.0,15.2,LOW,2025-11-02T18:00:00Z
MINE_UKWA_08,2025-11-02,0.0,31.5,34.1,31.4,12.8,LOW,2025-11-02T18:00:00Z
MINE_SITAPATORE_09,2025-11-02,0.0,22.9,25.7,53.8,12.6,LOW,2025-11-02T18:00:00Z
MINE_BELDONGRI_10,2025-11-02,0.0,18.2,32.3,34.9,16.7,LOW,2025-11-02T18:00:00Z
MINE_GUMGAON_02,2025-11-03,0.0,21.1,37.8,51.8,17.2,LOW,2025-11-03T18:00:00Z
MINE_TIRODI_03,2025-11-03,0.0,25.0,31.2,38.6,16.8,LOW,2025-11-03T18:00:00Z
MINE_DONGRI_04,2025-11-03,0.0,22.2,35.6,47.0,13.7,LOW,2025-11-03T18:00:00Z
MINE_KANDRI_05,2025-11-03,0.0,16.7,25.0,46.2,10.4,LOW,2025-11-03T18:00:00Z
MINE_MANSAR_06,2025-11-03,0.0,16.6,26.9,44.2,12.6,LOW,2025-11-03T18:00:00Z
MINE_CHIKLA_07,2025-11-03,0.0,30.7,33.9,47.7,15.8,LOW,2025-11-03T18:00:00Z
MINE_UKWA_08,2025-11-03,0.0,29.5,34.5,36.5,14.6,LOW,2025-11-03T18:00:00Z
MINE_SITAPATORE_09,2025-11-03,0.0,24.9,27.9,35.9,14.6,LOW,2025-11-03T18:00:00Z
MINE_BELDONGRI_10,2025-11-03,0.0,25.2,31.0,44.7,11.1,LOW,2025-11-03T18:00:00Z
MINE_GUMGAON_02,2025-11-04,0.0,16.2,28.1,56.1,14.3,LOW,2025-11-04T18:00:00Z
MINE_TIRODI_03,2025-11-04,0.0,28.7,26.5,47.6,10.8,LOW,2025-11-04T18:00:00Z
MINE_DONGRI_04,2025-11-04,0.0,25.3,24.6,51.2,14.8,LOW,2025-11-04T18:00:00Z
MINE_KANDRI_05,2025-11-04,0.0,16.2,28.1,48.5,12.3,LOW,2025-11-04T18:00:00Z
MINE_MANSAR_06,2025-11-04,0.0,21.0,30.3,47.5,16.6,LOW,2025-11-04T18:00:00Z
MINE_CHIKLA_07,2025-11-04,8.5,28.2,26.0,45.6,15.7,LOW,2025-11-04T18:00:00Z
MINE_UKWA_08,2025-11-04,0.0,31.8,29.4,42.0,17.9,LOW,2025-11-04T18:00:00Z
MINE_SITAPATORE_09,2025-11-04,0.0,18.6,34.2,46.2,12.6,LOW,2025-11-04T18:00:00Z
MINE_BELDONGRI_10,2025-11-04,0.0,17.1,26.8,56.6,12.5,LOW,2025-11-04T18:00:00Z
MINE_GUMGAON_02,2025-11-05,0.0,25.0,35.5,43.2,11.7,LOW,2025-11-05T18:00:00Z
MINE_TIRODI_03,2025-11-05,0.0,20.6,33.8,35.4,14.2,LOW,2025-11-05T18:00:00Z
MINE_DONGRI_04,2025-11-05,0.0,22.5,26.3,51.2,15.3,LOW,2025-11-05T18:00:00Z
MINE_KANDRI_05,2025-11-05,0.0,30.0,35.5,49.8,11.4,LOW,2025-11-05T18:00:00Z
MINE_MANSAR_06,2025-11-05,0.0,19.9,26.3,30.1,11.0,LOW,2025-11-05T18:00:00Z
MINE_CHIKLA_07,2025-11-05,0.0,24.9,31.7,33.3,11.8,LOW,2025-11-05T18:00:00Z
MINE_UKWA_08,2025-11-05,0.0,17.2,30.6,41.6,12.7,LOW,2025-11-05T18:00:00Z
MINE_SITAPATORE_09,2025-11-05,0.0,22.5,30.3,32.0,11.1,LOW,2025-11-05T18:00:00Z
MINE_BELDONGRI_10,2025-11-05,0.0,30.0,33.3,45.5,11.1,LOW,2025-11-05T18:00:00Z
MINE_GUMGAON_02,2025-11-06,3.5,30.7,31.4,57.5,13.6,LOW,2025-11-06T18:00:00Z
MINE_TIRODI_03,2025-11-06,0.0,20.3,29.0,47.5,17.3,LOW,2025-11-06T18:00:00Z
MINE_DONGRI_04,2025-11-06,0.0,29.4,26.9,30.4,13.5,LOW,2025-11-06T18:00:00Z
MINE_KANDRI_05,2025-11-06,0.0,17.8,36.2,34.8,16.1,LOW,2025-11-06T18:00:00Z
MINE_MANSAR_06,2025-11-06,0.0,30.9,29.3,39.6,17.0,LOW,2025-11-06T18:00:00Z
MINE_CHIKLA_07,2025-11-06,11.2,20.5,35.8,43.3,12.1,LOW,2025-11-06T18:00:00Z
MINE_UKWA_08,2025-11-06,0.0,27.1,28.3,36.4,12.9,LOW,2025-11-06T18:00:00Z
MINE_SITAPATORE_09,2025-11-06,0.0,23.1,28.2,52.6,15.4,LOW,2025-11-06T18:00:00Z
MINE_BELDONGRI_10,2025-11-06,0.0,24.3,26.0,54.0,11.1,LOW,2025-11-06T18:00:00Z
MINE_GUMGAON_02,2025-11-07,0.0,29.5,32.4,57.1,15.7,LOW,2025-11-07T18:00:00Z
MINE_TIRODI_03,2025-11-07,0.0,21.8,25.5,55.9,16.6,LOW,2025-11-07T18:00:00Z
MINE_DONGRI_04,2025-11-07,0.0,22.9,36.5,52.0,14.3,LOW,2025-11-07T18:00:00Z
MINE_KANDRI_05,2025-11-07,0.0,21.1,30.0,50.6,14.0,LOW,2025-11-07T18:00:00Z
MINE_MANSAR_06,2025-11-07,5.1,26.6,34.5,53.7,14.3,LOW,2025-11-07T18:00:00Z
MINE_CHIKLA_07,2025-11-07,0.0,24.7,31.1,35.9,10.5,LOW,2025-11-07T18:00:00Z
MINE_UKWA_08,2025-11-07,0.0,20.1,28.5,31.7,16.1,LOW,2025-11-07T18:00:00Z
MINE_SITAPATORE_09,2025-11-07,0.0,31.2,24.7,55.8,12.4,LOW,2025-11-07T18:00:00Z
MINE_BELDONGRI_10,2025-11-07,0.0,21.5,26.8,36.7,11.7,LOW,2025-11-07T18:00:00Z
MINE_GUMGAON_02,2025-11-08,0.0,18.4,28.2,57.2,12.9,LOW,2025-11-08T18:00:00Z
MINE_TIRODI_03,2025-11-08,0.0,21.1,24.8,32.2,16.9,LOW,2025-11-08T18:00:00Z
MINE_DONGRI_04,2025-11-08,0.0,27.6,35.9,56.3,15.1,LOW,2025-11-08T18:00:00Z
MINE_KANDRI_05,2025-11-08,0.0,24.6,24.1,47.9,16.4,LOW,2025-11-08T18:00:00Z
MINE_MANSAR_06,2025-11-08,0.0,31.9,34.3,55.4,13.7,LOW,2025-11-08T18:00:00Z
MINE_CHIKLA_07,2025-11-08,0.0,26.6,34.5,40.9,11.3,LOW,2025-11-08T18:00:00Z
MINE_UKWA_08,2025-11-08,0.0,24.2,32.8,46.2,13.7,LOW,2025-11-08T18:00:00Z
MINE_SITAPATORE_09,2025-11-08,0.0,23.7,34.1,35.0,17.1,LOW,2025-11-08T18:00:00Z
MINE_BELDONGRI_10,2025-11-08,0.0,23.5,26.9,45.6,15.2,LOW,2025-11-08T18:00:00Z
MINE_GUMGAON_02,2025-11-09,0.0,25.0,30.2,54.4,11.5,LOW,2025-11-09T18:00:00Z
MINE_TIRODI_03,2025-11-09,0.0,25.1,36.1,55.7,16.4,LOW,2025-11-09T18:00:00Z
MINE_DONGRI_04,2025-11-09,0.0,27.6,37.3,32.5,16.4,LOW,2025-11-09T18:00:00Z
MINE_KANDRI_05,2025-11-09,0.0,30.9,33.8,33.9,16.0,LOW,2025-11-09T18:00:00Z
MINE_MANSAR_06,2025-11-09,11.3,32.0,29.5,39.8,15.5,LOW,2025-11-09T18:00:00Z
MINE_CHIKLA_07,2025-11-09,0.0,27.7,36.8,40.1,12.7,LOW,2025-11-09T18:00:00Z
MINE_UKWA_08,2025-11-09,0.0,29.5,32.6,38.9,17.2,LOW,2025-11-09T18:00:00Z
MINE_SITAPATORE_09,2025-11-09,0.0,30.7,25.2,51.4,10.4,LOW,2025-11-09T18:00:00Z
MINE_BELDONGRI_10,2025-11-09,0.0,22.4,24.4,55.3,11.3,LOW,2025-11-09T18:00:00Z
MINE_GUMGAON_02,2025-11-10,0.0,23.6,28.6,38.5,14.9,LOW,2025-11-10T18:00:00Z
MINE_TIRODI_03,2025-11-10,0.0,23.1,35.4,45.3,13.0,LOW,2025-11-10T18:00:00Z
MINE_DONGRI_04,2025-11-10,0.0,22.8,35.1,46.4,13.5,LOW,2025-11-10T18:00:00Z
MINE_KANDRI_05,2025-11-10,0.0,19.1,34.9,52.2,10.5,LOW,2025-11-10T18:00:00Z
MINE_MANSAR_06,2025-11-10,0.0,29.6,29.7,45.0,13.1,LOW,2025-11-10T18:00:00Z
MINE_CHIKLA_07,2025-11-10,0.0,19.4,30.1,31.4,15.4,LOW,2025-11-10T18:00:00Z
MINE_UKWA_08,2025-11-10,0.0,31.1,26.4,30.6,11.4,LOW,2025-11-10T18:00:00Z
MINE_SITAPATORE_09,2025-11-10,0.0,23.0,31.3,52.2,15.1,LOW,2025-11-10T18:00:00Z
MINE_BELDONGRI_10,2025-11-10,0.0,30.9,33.3,41.0,10.6,LOW,2025-11-10T18:00:00Z
MINE_GUMGAON_02,2025-11-11,0.0,16.3,31.8,40.8,10.8,LOW,2025-11-11T18:00:00Z
MINE_TIRODI_03,2025-11-11,0.0,22.3,36.5,44.4,10.1,LOW,2025-11-11T18:00:00Z
MINE_DONGRI_04,2025-11-11,0.0,27.2,29.7,47.0,14.1,LOW,2025-11-11T18:00:00Z
MINE_KANDRI_05,2025-11-11,0.0,28.5,33.3,37.9,10.6,LOW,2025-11-11T18:00:00Z
MINE_MANSAR_06,2025-11-11,0.0,28.9,27.4,53.9,15.7,LOW,2025-11-11T18:00:00Z
MINE_CHIKLA_07,2025-11-11,0.0,26.9,27.2,32.7,15.7,LOW,2025-11-11T18:00:00Z
MINE_UKWA_08,2025-11-11,0.0,22.2,27.3,40.5,11.4,LOW,2025-11-11T18:00:00Z
MINE_SITAPATORE_09,2025-11-11,0.0,18.3,27.8,53.4,12.4,LOW,2025-11-11T18:00:00Z
MINE_BELDONGRI_10,2025-11-11,0.0,16.0,32.9,42.7,17.3,LOW,2025-11-11T18:00:00Z
MINE_GUMGAON_02,2025-11-12,0.0,22.1,26.3,46.1,10.6,LOW,2025-11-12T18:00:00Z
MINE_TIRODI_03,2025-11-12,0.0,26.1,31.2,44.8,10.6,LOW,2025-11-12T18:00:00Z
MINE_DONGRI_04,2025-11-12,0.0,31.7,29.8,31.2,15.3,LOW,2025-11-12T18:00:00Z
MINE_KANDRI_05,2025-11-12,10.5,30.3,28.1,46.6,15.1,LOW,2025-11-12T18:00:00Z
MINE_MANSAR_06,2025-11-12,0.0,25.8,28.7,44.3,15.1,LOW,2025-11-12T18:00:00Z
MINE_CHIKLA_07,2025-11-12,0.0,29.2,29.3,53.0,17.2,LOW,2025-11-12T18:00:00Z
MINE_UKWA_08,2025-11-12,0.0,31.4,29.8,47.5,14.4,LOW,2025-11-12T18:00:00Z
MINE_SITAPATORE_09,2025-11-12,0.0,31.8,36.2,36.2,16.6,LOW,2025-11-12T18:00:00Z
MINE_BELDONGRI_10,2025-11-12,0.0,22.9,24.8,35.0,15.5,LOW,2025-11-12T18:00:00Z
MINE_GUMGAON_02,2025-11-13,0.0,19.4,31.3,35.5,12.1,LOW,2025-11-13T18:00:00Z
MINE_TIRODI_03,2025-11-13,0.0,29.4,30.5,52.4,15.1,LOW,2025-11-13T18:00:00Z
MINE_DONGRI_04,2025-11-13,6.1,18.7,31.2,30.7,12.0,LOW,2025-11-13T18:00:00Z
MINE_KANDRI_05,2025-11-13,0.0,31.8,32.9,51.0,16.7,LOW,2025-11-13T18:00:00Z
MINE_MANSAR_06,2025-11-13,0.0,17.5,31.6,36.6,11.8,LOW,2025-11-13T18:00:00Z
MINE_CHIKLA_07,2025-11-13,0.0,18.0,34.7,37.1,14.6,LOW,2025-11-13T18:00:00Z
MINE_UKWA_08,2025-11-13,0.0,20.1,35.3,34.8,17.4,LOW,2025-11-13T18:00:00Z
MINE_SITAPATORE_09,2025-11-13,0.0,27.1,28.1,51.2,11.4,LOW,2025-11-13T18:00:00Z
MINE_BELDONGRI_10,2025-11-13,9.6,24.1,33.4,45.4,12.9,LOW,2025-11-13T18:00:00Z
MINE_GUMGAON_02,2025-11-14,0.0,16.8,32.2,58.0,12.8,LOW,2025-11-14T18:00:00Z
MINE_TIRODI_03,2025-11-14,0.0,23.0,29.5,30.1,17.8,LOW,2025-11-14T18:00:00Z
MINE_DONGRI_04,2025-11-14,0.0,25.7,26.3,57.0,16.8,LOW,2025-11-14T18:00:00Z
MINE_KANDRI_05,2025-11-14,0.0,23.6,27.2,49.9,12.2,LOW,2025-11-14T18:00:00Z
MINE_MANSAR_06,2025-11-14,0.0,17.0,36.4,38.3,10.4,LOW,2025-11-14T18:00:00Z
MINE_CHIKLA_07,2025-11-14,0.0,27.0,26.4,31.3,16.0,LOW,2025-11-14T18:00:00Z
MINE_UKWA_08,2025-11-14,0.0,25.6,35.4,52.1,11.9,LOW,2025-11-14T18:00:00Z
MINE_SITAPATORE_09,2025-11-14,0.0,31.4,28.1,51.2,17.5,LOW,2025-11-14T18:00:00Z
MINE_BELDONGRI_10,2025-11-14,0.0,26.9,27.2,48.0,12.8,LOW,2025-11-14T18:00:00Z
MINE_GUMGAON_02,2025-11-15,0.0,25.3,27.7,53.6,14.5,LOW,2025-11-15T18:00:00Z
MINE_TIRODI_03,2025-11-15,0.0,24.4,26.7,57.6,14.2,LOW,2025-11-15T18:00:00Z
MINE_DONGRI_04,2025-11-15,0.0,29.1,28.0,41.5,12.0,LOW,2025-11-15T18:00:00Z
MINE_KANDRI_05,2025-11-15,0.0,26.4,31.2,52.7,12.7,LOW,2025-11-15T18:00:00Z
MINE_MANSAR_06,2025-11-15,10.1,31.0,31.2,43.9,10.8,LOW,2025-11-15T18:00:00Z
MINE_CHIKLA_07,2025-11-15,0.0,29.4,25.7,33.5,11.7,LOW,2025-11-15T18:00:00Z
MINE_UKWA_08,2025-11-15,0.0,17.7,32.6,43.5,12.3,LOW,2025-11-15T18:00:00Z
MINE_SITAPATORE_09,2025-11-15,0.0,27.1,32.0,49.4,13.8,LOW,2025-11-15T18:00:00Z
MINE_BELDONGRI_10,2025-11-15,0.0,20.0,34.0,30.8,15.7,LOW,2025-11-15T18:00:00Z
MINE_GUMGAON_02,2025-11-16,0.0,24.4,36.5,49.3,17.3,LOW,2025-11-16T18:00:00Z
MINE_TIRODI_03,2025-11-16,0.0,21.3,37.1,51.1,13.8,LOW,2025-11-16T18:00:00Z
MINE_DONGRI_04,2025-11-16,0.0,25.6,29.7,56.5,13.5,LOW,2025-11-16T18:00:00Z
MINE_KANDRI_05,2025-11-16,0.0,22.1,24.8,38.2,17.1,LOW,2025-11-16T18:00:00Z
MINE_MANSAR_06,2025-11-16,0.0,17.7,24.1,33.0,10.0,LOW,2025-11-16T18:00:00Z
MINE_CHIKLA_07,2025-11-16,0.0,25.5,31.0,34.3,16.7,LOW,2025-11-16T18:00:00Z
MINE_UKWA_08,2025-11-16,0.0,24.5,37.2,47.5,10.0,LOW,2025-11-16T18:00:00Z
MINE_SITAPATORE_09,2025-11-16,0.0,20.0,29.1,41.3,11.1,LOW,2025-11-16T18:00:00Z
MINE_BELDONGRI_10,2025-11-16,0.0,27.3,30.8,42.4,11.1,LOW,2025-11-16T18:00:00Z
MINE_GUMGAON_02,2025-11-17,0.0,22.7,28.1,45.6,10.4,LOW,2025-11-17T18:00:00Z
MINE_TIRODI_03,2025-11-17,0.0,17.6,26.7,43.2,10.6,LOW,2025-11-17T18:00:00Z
MINE_DONGRI_04,2025-11-17,0.0,20.2,33.1,31.9,12.7,LOW,2025-11-17T18:00:00Z
MINE_KANDRI_05,2025-11-17,0.0,30.2,26.2,53.2,17.6,LOW,2025-11-17T18:00:00Z
MINE_MANSAR_06,2025-11-17,0.0,25.8,24.2,56.8,16.1,LOW,2025-11-17T18:00:00Z
MINE_CHIKLA_07,2025-11-17,0.0,25.6,25.9,49.5,16.8,LOW,2025-11-17T18:00:00Z
MINE_UKWA_08,2025-11-17,8.2,31.7,26.6,46.8,14.5,LOW,2025-11-17T18:00:00Z
MINE_SITAPATORE_09,2025-11-17,0.0,19.8,33.9,30.8,10.7,LOW,2025-11-17T18:00:00Z
MINE_BELDONGRI_10,2025-11-17,0.0,25.6,35.7,38.5,17.8,LOW,2025-11-17T18:00:00Z
MINE_GUMGAON_02,2025-11-18,0.0,23.8,33.4,48.3,16.8,LOW,2025-11-18T18:00:00Z
MINE_TIRODI_03,2025-11-18,9.4,31.2,24.6,57.5,13.7,LOW,2025-11-18T18:00:00Z
MINE_DONGRI_04,2025-11-18,4.4,29.2,29.5,54.1,14.6,LOW,2025-11-18T18:00:00Z
MINE_KANDRI_05,2025-11-18,0.0,19.7,29.4,51.8,10.3,LOW,2025-11-18T18:00:00Z
MINE_MANSAR_06,2025-11-18,0.0,27.0,24.3,43.2,17.3,LOW,2025-11-18T18:00:00Z
MINE_CHIKLA_07,2025-11-18,0.0,30.5,34.2,32.7,10.4,LOW,2025-11-18T18:00:00Z
MINE_UKWA_08,2025-11-18,0.0,16.3,35.3,49.8,14.0,LOW,2025-11-18T18:00:00Z
MINE_SITAPATORE_09,2025-11-18,0.0,22.9,32.9,54.9,10.3,LOW,2025-11-18T18:00:00Z
MINE_BELDONGRI_10,2025-11-18,0.0,30.6,35.3,55.1,14.0,LOW,2025-11-18T18:00:00Z
MINE_GUMGAON_02,2025-11-19,0.0,23.3,30.4,31.9,15.8,LOW,2025-11-19T18:00:00Z
MINE_TIRODI_03,2025-11-19,0.0,25.2,25.4,39.0,13.7,LOW,2025-11-19T18:00:00Z
MINE_DONGRI_04,2025-11-19,0.0,20.0,34.7,33.3,12.1,LOW,2025-11-19T18:00:00Z
MINE_KANDRI_05,2025-11-19,0.0,23.0,31.8,50.0,13.6,LOW,2025-11-19T18:00:00Z
MINE_MANSAR_06,2025-11-19,0.0,31.1,29.4,52.7,15.6,LOW,2025-11-19T18:00:00Z
MINE_CHIKLA_07,2025-11-19,0.0,17.1,37.6,53.5,14.7,LOW,2025-11-19T18:00:00Z
MINE_UKWA_08,2025-11-19,0.0,29.6,34.6,47.5,16.8,LOW,2025-11-19T18:00:00Z
MINE_SITAPATORE_09,2025-11-19,0.0,30.6,26.3,46.2,15.4,LOW,2025-11-19T18:00:00Z
MINE_BELDONGRI_10,2025-11-19,10.7,16.4,31.4,32.8,15.6,LOW,2025-11-19T18:00:00Z
MINE_GUMGAON_02,2025-11-20,0.0,25.0,28.7,40.3,13.7,LOW,2025-11-20T18:00:00Z
MINE_TIRODI_03,2025-11-20,0.0,27.3,27.9,42.8,13.3,LOW,2025-11-20T18:00:00Z
MINE_DONGRI_04,2025-11-20,0.0,21.1,31.9,57.2,10.2,LOW,2025-11-20T18:00:00Z
MINE_KANDRI_05,2025-11-20,0.0,23.0,32.7,37.2,14.4,LOW,2025-11-20T18:00:00Z
MINE_MANSAR_06,2025-11-20,0.0,17.5,34.5,30.1,10.5,LOW,2025-11-20T18:00:00Z
MINE_CHIKLA_07,2025-11-20,0.0,16.6,30.2,41.5,11.2,LOW,2025-11-20T18:00:00Z
MINE_UKWA_08,2025-11-20,0.0,31.9,24.7,41.8,17.8,LOW,2025-11-20T18:00:00Z
MINE_SITAPATORE_09,2025-11-20,9.5,25.7,26.2,41.5,15.9,LOW,2025-11-20T18:00:00Z
MINE_BELDONGRI_10,2025-11-20,0.0,25.0,33.3,39.2,16.3,LOW,2025-11-20T18:00:00Z
MINE_GUMGAON_02,2025-11-21,0.0,30.8,34.4,37.2,14.7,LOW,2025-11-21T18:00:00Z
MINE_TIRODI_03,2025-11-21,0.0,29.2,32.4,55.1,13.0,LOW,2025-11-21T18:00:00Z
MINE_DONGRI_04,2025-11-21,0.0,26.3,32.4,49.3,16.5,LOW,2025-11-21T18:00:00Z
MINE_KANDRI_05,2025-11-21,0.0,29.2,28.5,37.7,15.9,LOW,2025-11-21T18:00:00Z
MINE_MANSAR_06,2025-11-21,0.0,30.4,30.5,45.7,17.8,LOW,2025-11-21T18:00:00Z
MINE_CHIKLA_07,2025-11-21,0.0,27.6,37.4,43.6,10.5,LOW,2025-11-21T18:00:00Z
MINE_UKWA_08,2025-11-21,8.7,19.0,32.2,49.5,12.8,LOW,2025-11-21T18:00:00Z
MINE_SITAPATORE_09,2025-11-21,0.0,16.9,30.0,52.6,13.7,LOW,2025-11-21T18:00:00Z
MINE_BELDONGRI_10,2025-11-21,0.0,19.1,29.6,51.5,10.9,LOW,2025-11-21T18:00:00Z
MINE_GUMGAON_02,2025-11-22,0.0,19.6,24.3,31.7,17.4,LOW,2025-11-22T18:00:00Z
MINE_TIRODI_03,2025-11-22,0.0,31.3,24.8,38.2,11.6,LOW,2025-11-22T18:00:00Z
MINE_DONGRI_04,2025-11-22,0.0,26.9,35.9,43.0,11.2,LOW,2025-11-22T18:00:00Z
MINE_KANDRI_05,2025-11-22,0.0,16.0,25.5,34.4,13.6,LOW,2025-11-22T18:00:00Z
MINE_MANSAR_06,2025-11-22,0.0,27.8,30.6,42.3,11.7,LOW,2025-11-22T18:00:00Z
MINE_CHIKLA_07,2025-11-22,0.0,16.1,36.2,51.3,11.4,LOW,2025-11-22T18:00:00Z
MINE_UKWA_08,2025-11-22,0.0,18.5,34.1,55.7,15.5,LOW,2025-11-22T18:00:00Z
MINE_SITAPATORE_09,2025-11-22,0.0,24.8,25.4,55.4,13.3,LOW,2025-11-22T18:00:00Z
MINE_BELDONGRI_10,2025-11-22,0.0,30.9,26.4,54.7,10.3,LOW,2025-11-22T18:00:00Z
MINE_GUMGAON_02,2025-11-23,0.0,21.0,37.3,41.1,17.9,LOW,2025-11-23T18:00:00Z
MINE_TIRODI_03,2025-11-23,0.0,17.1,31.1,57.9,12.2,LOW,2025-11-23T18:00:00Z
MINE_DONGRI_04,2025-11-23,0.0,21.4,24.8,37.9,16.5,LOW,2025-11-23T18:00:00Z
MINE_KANDRI_05,2025-11-23,0.0,24.2,37.7,31.3,11.6,LOW,2025-11-23T18:00:00Z
MINE_MANSAR_06,2025-11-23,0.0,22.3,36.7,39.0,16.4,LOW,2025-11-23T18:00:00Z
MINE_CHIKLA_07,2025-11-23,0.0,26.6,26.6,55.5,11.9,LOW,2025-11-23T18:00:00Z
MINE_UKWA_08,2025-11-23,7.9,31.9,27.2,54.2,11.2,LOW,2025-11-23T18:00:00Z
MINE_SITAPATORE_09,2025-11-23,0.0,16.9,35.4,42.1,13.5,LOW,2025-11-23T18:00:00Z
MINE_BELDONGRI_10,2025-11-23,0.0,21.2,33.2,39.1,15.9,LOW,2025-11-23T18:00:00Z
MINE_GUMGAON_02,2025-11-24,0.0,18.5,37.6,33.2,16.9,LOW,2025-11-24T18:00:00Z
MINE_TIRODI_03,2025-11-24,0.0,20.4,28.7,49.6,17.6,LOW,2025-11-24T18:00:00Z
MINE_DONGRI_04,2025-11-24,0.0,22.9,25.0,45.4,10.1,LOW,2025-11-24T18:00:00Z
MINE_KANDRI_05,2025-11-24,0.0,17.1,37.7,44.5,17.6,LOW,2025-11-24T18:00:00Z
MINE_MANSAR_06,2025-11-24,0.0,19.0,27.1,51.7,13.5,LOW,2025-11-24T18:00:00Z
MINE_CHIKLA_07,2025-11-24,0.0,31.0,33.1,40.8,12.9,LOW,2025-11-24T18:00:00Z
MINE_UKWA_08,2025-11-24,0.0,18.1,25.5,33.3,13.5,LOW,2025-11-24T18:00:00Z
MINE_SITAPATORE_09,2025-11-24,0.0,21.6,29.1,43.9,12.9,LOW,2025-11-24T18:00:00Z
MINE_BELDONGRI_10,2025-11-24,0.0,26.0,29.2,45.7,14.3,LOW,2025-11-24T18:00:00Z
MINE_GUMGAON_02,2025-11-25,0.0,20.3,25.3,51.6,12.7,LOW,2025-11-25T18:00:00Z
MINE_TIRODI_03,2025-11-25,0.0,25.3,35.9,49.6,14.7,LOW,2025-11-25T18:00:00Z
MINE_DONGRI_04,2025-11-25,0.0,30.9,28.5,41.1,11.2,LOW,2025-11-25T18:00:00Z
MINE_KANDRI_05,2025-11-25,0.0,21.0,24.3,40.7,11.5,LOW,2025-11-25T18:00:00Z
MINE_MANSAR_06,2025-11-25,0.0,17.0,25.2,52.4,17.6,LOW,2025-11-25T18:00:00Z
MINE_CHIKLA_07,2025-11-25,0.0,23.1,37.3,32.1,14.7,LOW,2025-11-25T18:00:00Z
MINE_UKWA_08,2025-11-25,0.0,24.3,32.2,36.1,16.7,LOW,2025-11-25T18:00:00Z
MINE_SITAPATORE_09,2025-11-25,0.0,28.8,27.7,54.3,16.5,LOW,2025-11-25T18:00:00Z
MINE_BELDONGRI_10,2025-11-25,0.0,26.3,33.4,47.5,13.9,LOW,2025-11-25T18:00:00Z
MINE_GUMGAON_02,2025-11-26,0.0,17.8,37.1,41.7,10.7,LOW,2025-11-26T18:00:00Z
MINE_TIRODI_03,2025-11-26,0.0,22.0,28.5,56.3,16.4,LOW,2025-11-26T18:00:00Z
MINE_DONGRI_04,2025-11-26,0.0,21.4,26.1,34.0,16.8,LOW,2025-11-26T18:00:00Z
MINE_KANDRI_05,2025-11-26,0.0,30.4,34.8,31.1,15.4,LOW,2025-11-26T18:00:00Z
MINE_MANSAR_06,2025-11-26,0.0,31.8,25.5,44.8,10.9,LOW,2025-11-26T18:00:00Z
MINE_CHIKLA_07,2025-11-26,0.0,23.1,32.6,45.0,10.3,LOW,2025-11-26T18:00:00Z
MINE_UKWA_08,2025-11-26,0.0,25.6,37.5,37.0,13.6,LOW,2025-11-26T18:00:00Z
MINE_SITAPATORE_09,2025-11-26,0.0,20.8,33.3,55.7,15.2,LOW,2025-11-26T18:00:00Z
MINE_BELDONGRI_10,2025-11-26,0.0,30.1,35.3,55.0,14.1,LOW,2025-11-26T18:00:00Z
MINE_GUMGAON_02,2025-11-27,0.0,30.8,27.5,50.4,14.2,LOW,2025-11-27T18:00:00Z
MINE_TIRODI_03,2025-11-27,6.7,28.9,32.5,30.3,16.8,LOW,2025-11-27T18:00:00Z
MINE_DONGRI_04,2025-11-27,0.0,24.1,31.7,37.5,11.5,LOW,2025-11-27T18:00:00Z
MINE_KANDRI_05,2025-11-27,0.0,29.4,28.8,30.9,16.7,LOW,2025-11-27T18:00:00Z
MINE_MANSAR_06,2025-11-27,0.0,27.5,24.7,40.5,17.6,LOW,2025-11-27T18:00:00Z
MINE_CHIKLA_07,2025-11-27,0.0,31.3,31.3,53.1,13.5,LOW,2025-11-27T18:00:00Z
MINE_UKWA_08,2025-11-27,0.0,25.4,32.9,56.9,16.2,LOW,2025-11-27T18:00:00Z
MINE_SITAPATORE_09,2025-11-27,0.0,17.6,33.8,45.9,13.3,LOW,2025-11-27T18:00:00Z
MINE_BELDONGRI_10,2025-11-27,0.0,31.4,25.1,55.6,17.0,LOW,2025-11-27T18:00:00Z
MINE_GUMGAON_02,2025-11-28,0.0,31.4,35.6,51.7,11.2,LOW,2025-11-28T18:00:00Z
MINE_TIRODI_03,2025-11-28,0.0,27.3,34.1,39.7,14.2,LOW,2025-11-28T18:00:00Z
MINE_DONGRI_04,2025-11-28,0.0,28.4,24.7,52.9,12.1,LOW,2025-11-28T18:00:00Z
MINE_KANDRI_05,2025-11-28,0.0,25.0,35.7,46.4,15.5,LOW,2025-11-28T18:00:00Z
MINE_MANSAR_06,2025-11-28,0.0,17.2,26.4,30.1,14.6,LOW,2025-11-28T18:00:00Z
MINE_CHIKLA_07,2025-11-28,3.5,27.6,27.6,42.1,13.3,LOW,2025-11-28T18:00:00Z
MINE_UKWA_08,2025-11-28,0.0,23.9,36.6,33.4,13.4,LOW,2025-11-28T18:00:00Z
MINE_SITAPATORE_09,2025-11-28,0.0,29.6,36.9,47.7,11.7,LOW,2025-11-28T18:00:00Z
MINE_BELDONGRI_10,2025-11-28,0.0,25.2,28.8,31.6,11.9,LOW,2025-11-28T18:00:00Z
MINE_GUMGAON_02,2025-11-29,0.0,26.8,29.5,48.2,13.2,LOW,2025-11-29T18:00:00Z
MINE_TIRODI_03,2025-11-29,0.0,24.5,26.0,50.3,17.5,LOW,2025-11-29T18:00:00Z
MINE_DONGRI_04,2025-11-29,0.0,19.0,36.4,51.5,16.8,LOW,2025-11-29T18:00:00Z
MINE_KANDRI_05,2025-11-29,12.0,31.9,36.5,57.4,14.4,LOW,2025-11-29T18:00:00Z
MINE_MANSAR_06,2025-11-29,0.0,20.1,36.8,41.6,17.1,LOW,2025-11-29T18:00:00Z
MINE_CHIKLA_07,2025-11-29,0.0,25.1,35.4,56.1,12.9,LOW,2025-11-29T18:00:00Z
MINE_UKWA_08,2025-11-29,0.0,24.7,25.7,50.9,15.5,LOW,2025-11-29T18:00:00Z
MINE_SITAPATORE_09,2025-11-29,0.0,19.2,27.4,54.8,10.3,LOW,2025-11-29T18:00:00Z
MINE_BELDONGRI_10,2025-11-29,0.0,20.3,35.4,37.8,11.1,LOW,2025-11-29T18:00:00Z
MINE_GUMGAON_02,2025-11-30,0.0,24.2,28.9,45.3,14.1,LOW,2025-11-30T18:00:00Z
MINE_TIRODI_03,2025-11-30,0.0,16.2,32.6,40.4,14.9,LOW,2025-11-30T18:00:00Z
MINE_DONGRI_04,2025-11-30,0.0,26.6,32.4,52.7,17.6,LOW,2025-11-30T18:00:00Z
MINE_KANDRI_05,2025-11-30,0.0,18.6,27.4,45.1,10.7,LOW,2025-11-30T18:00:00Z
MINE_MANSAR_06,2025-11-30,0.0,21.4,36.7,33.4,11.6,LOW,2025-11-30T18:00:00Z
MINE_CHIKLA_07,2025-11-30,0.0,27.3,38.0,57.0,15.1,LOW,2025-11-30T18:00:00Z
MINE_UKWA_08,2025-11-30,0.0,25.0,34.5,56.6,11.3,LOW,2025-11-30T18:00:00Z
MINE_SITAPATORE_09,2025-11-30,0.0,30.9,35.9,33.8,14.1,LOW,2025-11-30T18:00:00Z
MINE_BELDONGRI_10,2025-11-30,0.0,23.3,25.1,57.2,13.4,LOW,2025-11-30T18:00:00Z
MINE_GUMGAON_02,2025-12-01,0.0,21.8,36.8,33.7,13.1,LOW,2025-12-01T18:00:00Z
MINE_TIRODI_03,2025-12-01,0.0,20.6,30.4,51.8,15.3,LOW,2025-12-01T18:00:00Z
MINE_DONGRI_04,2025-12-01,0.0,31.9,35.7,37.9,12.0,LOW,2025-12-01T18:00:00Z
MINE_KANDRI_05,2025-12-01,9.2,19.0,27.3,49.6,16.6,LOW,2025-12-01T18:00:00Z
MINE_MANSAR_06,2025-12-01,0.0,26.6,30.0,43.1,14.6,LOW,2025-12-01T18:00:00Z
MINE_CHIKLA_07,2025-12-01,5.7,26.2,37.4,37.2,13.9,LOW,2025-12-01T18:00:00Z
MINE_UKWA_08,2025-12-01,0.0,28.0,34.0,32.7,15.3,LOW,2025-12-01T18:00:00Z
MINE_SITAPATORE_09,2025-12-01,1.0,19.7,27.5,50.8,16.8,LOW,2025-12-01T18:00:00Z
MINE_BELDONGRI_10,2025-12-01,0.0,16.3,25.2,45.3,13.8,LOW,2025-12-01T18:00:00Z
MINE_GUMGAON_02,2025-12-02,0.0,25.9,28.8,36.2,16.9,LOW,2025-12-02T18:00:00Z
MINE_TIRODI_03,2025-12-02,0.0,20.5,25.9,35.9,11.8,LOW,2025-12-02T18:00:00Z
MINE_DONGRI_04,2025-12-02,0.0,18.1,25.8,54.8,13.9,LOW,2025-12-02T18:00:00Z
MINE_KANDRI_05,2025-12-02,0.0,18.9,30.4,40.1,15.4,LOW,2025-12-02T18:00:00Z
MINE_MANSAR_06,2025-12-02,11.9,26.5,31.3,54.6,11.5,LOW,2025-12-02T18:00:00Z
MINE_CHIKLA_07,2025-12-02,0.0,30.8,31.4,42.1,10.3,LOW,2025-12-02T18:00:00Z
MINE_UKWA_08,2025-12-02,0.0,19.0,27.2,53.2,15.7,LOW,2025-12-02T18:00:00Z
MINE_SITAPATORE_09,2025-12-02,0.0,24.7,31.1,38.3,16.5,LOW,2025-12-02T18:00:00Z
MINE_BELDONGRI_10,2025-12-02,9.2,26.7,30.5,55.2,15.0,LOW,2025-12-02T18:00:00Z
MINE_GUMGAON_02,2025-12-03,0.0,28.3,27.5,48.6,16.3,LOW,2025-12-03T18:00:00Z
MINE_TIRODI_03,2025-12-03,0.0,28.0,24.8,40.7,15.6,LOW,2025-12-03T18:00:00Z
MINE_DONGRI_04,2025-12-03,0.0,19.9,32.3,44.7,11.9,LOW,2025-12-03T18:00:00Z
MINE_KANDRI_05,2025-12-03,0.0,16.9,37.9,56.1,12.5,LOW,2025-12-03T18:00:00Z
MINE_MANSAR_06,2025-12-03,0.0,22.7,33.3,48.1,14.7,LOW,2025-12-03T18:00:00Z
MINE_CHIKLA_07,2025-12-03,0.0,27.9,30.2,42.7,15.3,LOW,2025-12-03T18:00:00Z
MINE_UKWA_08,2025-12-03,11.9,25.1,35.0,36.0,13.3,LOW,2025-12-03T18:00:00Z
MINE_SITAPATORE_09,2025-12-03,0.0,30.0,36.2,39.1,15.7,LOW,2025-12-03T18:00:00Z
MINE_BELDONGRI_10,2025-12-03,0.0,21.2,35.0,33.8,17.8,LOW,2025-12-03T18:00:00Z
MINE_GUMGAON_02,2025-12-04,0.0,25.0,34.5,34.8,17.6,LOW,2025-12-04T18:00:00Z
MINE_TIRODI_03,2025-12-04,0.0,26.1,25.2,37.9,11.7,LOW,2025-12-04T18:00:00Z
MINE_DONGRI_04,2025-12-04,0.0,22.8,29.6,35.5,17.3,LOW,2025-12-04T18:00:00Z
MINE_KANDRI_05,2025-12-04,0.0,30.1,28.9,51.4,14.5,LOW,2025-12-04T18:00:00Z
MINE_MANSAR_06,2025-12-04,0.0,23.9,30.5,32.4,13.8,LOW,2025-12-04T18:00:00Z
MINE_CHIKLA_07,2025-12-04,0.0,18.5,36.1,33.8,10.4,LOW,2025-12-04T18:00:00Z
MINE_UKWA_08,2025-12-04,0.0,18.0,35.0,32.7,12.0,LOW,2025-12-04T18:00:00Z
MINE_SITAPATORE_09,2025-12-04,0.0,22.5,29.8,31.6,11.5,LOW,2025-12-04T18:00:00Z
MINE_BELDONGRI_10,2025-12-04,0.0,23.8,32.2,33.0,16.9,LOW,2025-12-04T18:00:00Z
MINE_GUMGAON_02,2025-12-05,0.0,28.2,31.9,41.1,10.8,LOW,2025-12-05T18:00:00Z
MINE_TIRODI_03,2025-12-05,0.0,26.7,35.3,48.6,10.1,LOW,2025-12-05T18:00:00Z
MINE_DONGRI_04,2025-12-05,0.0,26.1,28.9,49.4,17.2,LOW,2025-12-05T18:00:00Z
MINE_KANDRI_05,2025-12-05,0.0,26.5,30.8,48.9,15.1,LOW,2025-12-05T18:00:00Z
MINE_MANSAR_06,2025-12-05,0.0,27.5,32.2,41.0,12.8,LOW,2025-12-05T18:00:00Z
MINE_CHIKLA_07,2025-12-05,0.0,25.9,35.4,35.6,10.4,LOW,2025-12-05T18:00:00Z
MINE_UKWA_08,2025-12-05,0.0,17.8,25.7,43.0,15.9,LOW,2025-12-05T18:00:00Z
MINE_SITAPATORE_09,2025-12-05,8.2,29.8,27.6,51.2,11.9,LOW,2025-12-05T18:00:00Z
MINE_BELDONGRI_10,2025-12-05,0.0,22.9,29.2,42.5,13.9,LOW,2025-12-05T18:00:00Z
MINE_GUMGAON_02,2025-12-06,0.0,20.0,34.1,53.0,13.1,LOW,2025-12-06T18:00:00Z
MINE_TIRODI_03,2025-12-06,0.0,21.4,36.0,39.0,11.7,LOW,2025-12-06T18:00:00Z
MINE_DONGRI_04,2025-12-06,4.3,26.4,30.1,32.6,10.0,LOW,2025-12-06T18:00:00Z
MINE_KANDRI_05,2025-12-06,0.0,17.2,36.5,47.6,16.9,LOW,2025-12-06T18:00:00Z
MINE_MANSAR_06,2025-12-06,9.7,17.4,33.2,46.1,10.3,LOW,2025-12-06T18:00:00Z
MINE_CHIKLA_07,2025-12-06,0.0,31.9,29.5,49.8,13.3,LOW,2025-12-06T18:00:00Z
MINE_UKWA_08,2025-12-06,0.0,29.3,27.8,34.2,16.8,LOW,2025-12-06T18:00:00Z
MINE_SITAPATORE_09,2025-12-06,0.0,17.4,25.7,56.2,12.3,LOW,2025-12-06T18:00:00Z
MINE_BELDONGRI_10,2025-12-06,0.0,22.2,31.0,52.7,16.3,LOW,2025-12-06T18:00:00Z
MINE_GUMGAON_02,2025-12-07,0.0,19.5,28.9,35.5,17.4,LOW,2025-12-07T18:00:00Z
MINE_TIRODI_03,2025-12-07,0.0,25.2,34.0,54.7,12.6,LOW,2025-12-07T18:00:00Z
MINE_DONGRI_04,2025-12-07,0.0,27.8,29.3,35.8,15.8,LOW,2025-12-07T18:00:00Z
MINE_KANDRI_05,2025-12-07,0.0,25.0,25.3,31.6,14.0,LOW,2025-12-07T18:00:00Z
MINE_MANSAR_06,2025-12-07,0.0,19.6,32.3,52.7,16.7,LOW,2025-12-07T18:00:00Z
MINE_CHIKLA_07,2025-12-07,0.0,27.6,34.5,57.0,10.6,LOW,2025-12-07T18:00:00Z
MINE_UKWA_08,2025-12-07,0.0,17.4,32.5,47.9,14.9,LOW,2025-12-07T18:00:00Z
MINE_SITAPATORE_09,2025-12-07,0.0,26.7,27.3,51.6,13.2,LOW,2025-12-07T18:00:00Z
MINE_BELDONGRI_10,2025-12-07,0.0,30.7,28.7,49.5,12.0,LOW,2025-12-07T18:00:00Z
MINE_GUMGAON_02,2025-12-08,0.0,28.2,32.2,31.8,14.8,LOW,2025-12-08T18:00:00Z
MINE_TIRODI_03,2025-12-08,0.0,30.2,29.6,58.0,10.5,LOW,2025-12-08T18:00:00Z
MINE_DONGRI_04,2025-12-08,0.0,22.2,34.0,33.3,17.9,LOW,2025-12-08T18:00:00Z
MINE_KANDRI_05,2025-12-08,0.0,17.2,27.6,42.5,13.7,LOW,2025-12-08T18:00:00Z
MINE_MANSAR_06,2025-12-08,0.0,31.4,34.0,48.1,17.0,LOW,2025-12-08T18:00:00Z
MINE_CHIKLA_07,2025-12-08,0.0,24.0,25.3,50.7,12.9,LOW,2025-12-08T18:00:00Z
MINE_UKWA_08,2025-12-08,0.0,28.1,36.2,49.3,13.8,LOW,2025-12-08T18:00:00Z
MINE_SITAPATORE_09,2025-12-08,0.0,26.7,27.4,41.6,17.4,LOW,2025-12-08T18:00:00Z
MINE_BELDONGRI_10,2025-12-08,0.0,26.1,26.3,52.5,12.5,LOW,2025-12-08T18:00:00Z
MINE_GUMGAON_02,2025-12-09,0.0,22.3,30.5,49.5,12.7,LOW,2025-12-09T18:00:00Z
MINE_TIRODI_03,2025-12-09,0.0,25.5,34.0,31.0,10.7,LOW,2025-12-09T18:00:00Z
MINE_DONGRI_04,2025-12-09,0.0,25.4,32.5,47.1,14.8,LOW,2025-12-09T18:00:00Z
MINE_KANDRI_05,2025-12-09,0.0,20.7,31.7,57.3,17.5,LOW,2025-12-09T18:00:00Z
MINE_MANSAR_06,2025-12-09,8.2,25.2,27.0,49.5,10.8,LOW,2025-12-09T18:00:00Z
MINE_CHIKLA_07,2025-12-09,0.0,22.3,32.0,43.2,12.1,LOW,2025-12-09T18:00:00Z
MINE_UKWA_08,2025-12-09,1.7,23.0,31.6,45.0,10.6,LOW,2025-12-09T18:00:00Z
MINE_SITAPATORE_09,2025-12-09,0.0,17.3,25.9,47.0,10.5,LOW,2025-12-09T18:00:00Z
MINE_BELDONGRI_10,2025-12-09,0.0,27.2,33.0,31.8,14.7,LOW,2025-12-09T18:00:00Z
MINE_GUMGAON_02,2025-12-10,0.0,28.0,30.6,48.7,17.3,LOW,2025-12-10T18:00:00Z
MINE_TIRODI_03,2025-12-10,0.0,25.6,26.2,49.4,12.9,LOW,2025-12-10T18:00:00Z
MINE_DONGRI_04,2025-12-10,0.0,24.7,31.8,48.7,17.0,LOW,2025-12-10T18:00:00Z
MINE_KANDRI_05,2025-12-10,0.0,19.1,35.0,34.2,11.2,LOW,2025-12-10T18:00:00Z
MINE_MANSAR_06,2025-12-10,0.0,27.4,32.5,36.2,11.9,LOW,2025-12-10T18:00:00Z
MINE_CHIKLA_07,2025-12-10,0.0,24.7,30.1,47.1,10.8,LOW,2025-12-10T18:00:00Z
MINE_UKWA_08,2025-12-10,0.0,19.1,35.2,46.8,13.3,LOW,2025-12-10T18:00:00Z
MINE_SITAPATORE_09,2025-12-10,0.0,18.5,31.4,38.7,15.9,LOW,2025-12-10T18:00:00Z
MINE_BELDONGRI_10,2025-12-10,0.0,20.4,29.0,30.9,15.5,LOW,2025-12-10T18:00:00Z
MINE_GUMGAON_02,2025-12-11,0.0,19.9,34.6,55.9,11.0,LOW,2025-12-11T18:00:00Z
MINE_TIRODI_03,2025-12-11,0.0,21.7,33.6,44.7,10.4,LOW,2025-12-11T18:00:00Z
MINE_DONGRI_04,2025-12-11,0.0,21.1,34.4,52.9,17.5,LOW,2025-12-11T18:00:00Z
MINE_KANDRI_05,2025-12-11,0.0,28.0,28.7,33.1,10.1,LOW,2025-12-11T18:00:00Z
MINE_MANSAR_06,2025-12-11,0.0,17.7,31.9,48.0,17.1,LOW,2025-12-11T18:00:00Z
MINE_CHIKLA_07,2025-12-11,0.0,23.8,30.9,57.1,12.0,LOW,2025-12-11T18:00:00Z
MINE_UKWA_08,2025-12-11,0.0,25.4,30.3,52.7,15.8,LOW,2025-12-11T18:00:00Z
MINE_SITAPATORE_09,2025-12-11,0.0,22.0,35.6,52.0,12.4,LOW,2025-12-11T18:00:00Z
MINE_BELDONGRI_10,2025-12-11,0.0,19.9,27.1,38.4,13.6,LOW,2025-12-11T18:00:00Z
MINE_GUMGAON_02,2025-12-12,0.0,25.2,37.6,35.6,13.8,LOW,2025-12-12T18:00:00Z
MINE_TIRODI_03,2025-12-12,0.0,18.4,35.1,56.1,13.4,LOW,2025-12-12T18:00:00Z
MINE_DONGRI_04,2025-12-12,0.0,24.0,32.6,32.1,10.0,LOW,2025-12-12T18:00:00Z
MINE_KANDRI_05,2025-12-12,0.0,20.6,31.7,47.9,12.0,LOW,2025-12-12T18:00:00Z
MINE_MANSAR_06,2025-12-12,0.0,16.8,37.5,33.2,12.3,LOW,2025-12-12T18:00:00Z
MINE_CHIKLA_07,2025-12-12,0.0,26.1,27.5,33.7,13.3,LOW,2025-12-12T18:00:00Z
MINE_UKWA_08,2025-12-12,0.0,29.8,33.0,42.0,14.8,LOW,2025-12-12T18:00:00Z
MINE_SITAPATORE_09,2025-12-12,0.0,31.2,30.8,36.6,17.8,LOW,2025-12-12T18:00:00Z
MINE_BELDONGRI_10,2025-12-12,0.0,25.2,34.5,56.2,14.6,LOW,2025-12-12T18:00:00Z
MINE_GUMGAON_02,2025-12-13,0.0,17.5,34.5,43.6,15.8,LOW,2025-12-13T18:00:00Z
MINE_TIRODI_03,2025-12-13,0.0,21.8,32.6,48.1,14.2,LOW,2025-12-13T18:00:00Z
MINE_DONGRI_04,2025-12-13,0.0,28.9,31.1,46.7,15.4,LOW,2025-12-13T18:00:00Z
MINE_KANDRI_05,2025-12-13,0.0,30.0,30.3,36.9,16.4,LOW,2025-12-13T18:00:00Z
MINE_MANSAR_06,2025-12-13,0.0,20.1,27.7,56.8,15.8,LOW,2025-12-13T18:00:00Z
MINE_CHIKLA_07,2025-12-13,0.0,17.0,30.1,53.6,12.6,LOW,2025-12-13T18:00:00Z
MINE_UKWA_08,2025-12-13,0.0,20.0,30.7,37.8,13.5,LOW,2025-12-13T18:00:00Z
MINE_SITAPATORE_09,2025-12-13,0.0,18.3,31.1,44.4,13.6,LOW,2025-12-13T18:00:00Z
MINE_BELDONGRI_10,2025-12-13,0.0,29.0,35.0,55.7,10.7,LOW,2025-12-13T18:00:00Z
MINE_GUMGAON_02,2025-12-14,0.0,25.0,31.3,39.3,13.9,LOW,2025-12-14T18:00:00Z
MINE_TIRODI_03,2025-12-14,0.0,24.6,37.6,33.6,11.5,LOW,2025-12-14T18:00:00Z
MINE_DONGRI_04,2025-12-14,0.0,26.2,24.4,31.7,14.7,LOW,2025-12-14T18:00:00Z
MINE_KANDRI_05,2025-12-14,0.0,21.6,25.6,36.4,12.6,LOW,2025-12-14T18:00:00Z
MINE_MANSAR_06,2025-12-14,0.0,16.5,34.2,31.9,11.8,LOW,2025-12-14T18:00:00Z
MINE_CHIKLA_07,2025-12-14,0.0,19.0,29.7,54.1,15.9,LOW,2025-12-14T18:00:00Z
MINE_UKWA_08,2025-12-14,0.0,31.7,26.6,36.6,17.5,LOW,2025-12-14T18:00:00Z
MINE_SITAPATORE_09,2025-12-14,0.0,28.4,34.7,39.4,11.6,LOW,2025-12-14T18:00:00Z
MINE_BELDONGRI_10,2025-12-14,0.0,19.1,34.0,47.2,13.8,LOW,2025-12-14T18:00:00Z
MINE_GUMGAON_02,2025-12-15,0.0,29.1,33.4,30.6,13.2,LOW,2025-12-15T18:00:00Z
MINE_TIRODI_03,2025-12-15,0.0,24.1,34.2,33.4,13.2,LOW,2025-12-15T18:00:00Z
MINE_DONGRI_04,2025-12-15,6.4,23.8,32.8,47.7,14.0,LOW,2025-12-15T18:00:00Z
MINE_KANDRI_05,2025-12-15,0.0,18.3,33.8,43.3,11.5,LOW,2025-12-15T18:00:00Z
MINE_MANSAR_06,2025-12-15,0.0,22.8,24.7,56.1,13.6,LOW,2025-12-15T18:00:00Z
MINE_CHIKLA_07,2025-12-15,0.0,29.0,34.1,54.3,16.8,LOW,2025-12-15T18:00:00Z
MINE_UKWA_08,2025-12-15,0.0,25.1,33.2,57.9,14.0,LOW,2025-12-15T18:00:00Z
MINE_SITAPATORE_09,2025-12-15,0.0,21.4,24.2,54.6,10.4,LOW,2025-12-15T18:00:00Z
MINE_BELDONGRI_10,2025-12-15,0.0,20.4,29.1,31.3,15.6,LOW,2025-12-15T18:00:00Z
MINE_GUMGAON_02,2025-12-16,0.0,18.5,32.5,57.2,17.9,LOW,2025-12-16T18:00:00Z
MINE_TIRODI_03,2025-12-16,0.0,16.4,25.1,56.0,14.9,LOW,2025-12-16T18:00:00Z
MINE_DONGRI_04,2025-12-16,0.0,27.0,26.1,40.0,13.6,LOW,2025-12-16T18:00:00Z
MINE_KANDRI_05,2025-12-16,0.0,20.6,27.3,39.3,12.4,LOW,2025-12-16T18:00:00Z
MINE_MANSAR_06,2025-12-16,4.9,24.0,24.9,42.4,11.6,LOW,2025-12-16T18:00:00Z
MINE_CHIKLA_07,2025-12-16,0.0,28.3,34.2,52.1,11.3,LOW,2025-12-16T18:00:00Z
MINE_UKWA_08,2025-12-16,0.0,21.1,25.3,54.6,16.3,LOW,2025-12-16T18:00:00Z
MINE_SITAPATORE_09,2025-12-16,0.0,23.4,24.5,44.2,14.0,LOW,2025-12-16T18:00:00Z
MINE_BELDONGRI_10,2025-12-16,4.6,21.0,26.8,45.4,10.0,LOW,2025-12-16T18:00:00Z
MINE_GUMGAON_02,2025-12-17,0.0,22.3,32.7,43.4,13.5,LOW,2025-12-17T18:00:00Z
MINE_TIRODI_03,2025-12-17,0.0,25.9,29.2,51.5,15.9,LOW,2025-12-17T18:00:00Z
MINE_DONGRI_04,2025-12-17,0.0,21.6,35.2,53.9,13.3,LOW,2025-12-17T18:00:00Z
MINE_KANDRI_05,2025-12-17,0.0,18.9,34.9,45.0,12.5,LOW,2025-12-17T18:00:00Z
MINE_MANSAR_06,2025-12-17,0.0,24.8,34.9,53.2,11.5,LOW,2025-12-17T18:00:00Z
MINE_CHIKLA_07,2025-12-17,0.0,24.3,28.7,42.6,17.0,LOW,2025-12-17T18:00:00Z
MINE_UKWA_08,2025-12-17,0.0,18.5,28.0,56.9,14.6,LOW,2025-12-17T18:00:00Z
MINE_SITAPATORE_09,2025-12-17,0.0,19.6,25.4,36.8,17.0,LOW,2025-12-17T18:00:00Z
MINE_BELDONGRI_10,2025-12-17,0.0,19.1,24.5,56.8,13.0,LOW,2025-12-17T18:00:00Z
MINE_GUMGAON_02,2025-12-18,0.0,22.5,27.7,55.8,11.6,LOW,2025-12-18T18:00:00Z
MINE_TIRODI_03,2025-12-18,0.0,28.5,34.7,56.0,13.4,LOW,2025-12-18T18:00:00Z
MINE_DONGRI_04,2025-12-18,0.0,24.6,30.0,48.7,10.4,LOW,2025-12-18T18:00:00Z
MINE_KANDRI_05,2025-12-18,0.0,23.7,37.9,39.8,12.8,LOW,2025-12-18T18:00:00Z
MINE_MANSAR_06,2025-12-18,0.0,27.8,34.5,39.2,10.8,LOW,2025-12-18T18:00:00Z
MINE_CHIKLA_07,2025-12-18,11.4,28.1,33.4,42.4,17.2,LOW,2025-12-18T18:00:00Z
MINE_UKWA_08,2025-12-18,0.0,31.6,28.1,35.0,15.5,LOW,2025-12-18T18:00:00Z
MINE_SITAPATORE_09,2025-12-18,0.0,24.5,32.6,44.1,10.5,LOW,2025-12-18T18:00:00Z
MINE_BELDONGRI_10,2025-12-18,0.0,30.6,35.3,44.8,11.2,LOW,2025-12-18T18:00:00Z
MINE_GUMGAON_02,2025-12-19,0.0,24.1,34.6,52.0,15.0,LOW,2025-12-19T18:00:00Z
MINE_TIRODI_03,2025-12-19,1.2,20.6,25.6,52.2,10.7,LOW,2025-12-19T18:00:00Z
MINE_DONGRI_04,2025-12-19,6.1,31.2,34.7,46.2,10.9,LOW,2025-12-19T18:00:00Z
MINE_KANDRI_05,2025-12-19,0.0,24.4,25.7,51.5,16.6,LOW,2025-12-19T18:00:00Z
MINE_MANSAR_06,2025-12-19,0.0,26.2,32.8,57.1,10.7,LOW,2025-12-19T18:00:00Z
MINE_CHIKLA_07,2025-12-19,0.0,16.3,27.9,48.6,12.9,LOW,2025-12-19T18:00:00Z
MINE_UKWA_08,2025-12-19,10.6,21.0,31.7,30.9,15.1,LOW,2025-12-19T18:00:00Z
MINE_SITAPATORE_09,2025-12-19,0.0,18.1,30.7,41.4,17.1,LOW,2025-12-19T18:00:00Z
MINE_BELDONGRI_10,2025-12-19,0.0,16.6,33.1,38.7,16.3,LOW,2025-12-19T18:00:00Z
MINE_GUMGAON_02,2025-12-20,0.0,21.3,33.1,50.7,16.8,LOW,2025-12-20T18:00:00Z
MINE_TIRODI_03,2025-12-20,0.0,24.1,24.6,49.0,16.3,LOW,2025-12-20T18:00:00Z
MINE_DONGRI_04,2025-12-20,0.0,25.0,29.6,43.6,17.0,LOW,2025-12-20T18:00:00Z
MINE_KANDRI_05,2025-12-20,0.0,21.2,31.1,50.8,13.9,LOW,2025-12-20T18:00:00Z
MINE_MANSAR_06,2025-12-20,0.0,19.5,28.9,51.9,16.2,LOW,2025-12-20T18:00:00Z
MINE_CHIKLA_07,2025-12-20,0.0,26.7,27.6,48.1,17.0,LOW,2025-12-20T18:00:00Z
MINE_UKWA_08,2025-12-20,0.0,29.3,29.7,49.7,15.4,LOW,2025-12-20T18:00:00Z
MINE_SITAPATORE_09,2025-12-20,1.4,16.6,29.0,46.6,17.6,LOW,2025-12-20T18:00:00Z
MINE_BELDONGRI_10,2025-12-20,0.0,20.4,37.6,55.3,14.4,LOW,2025-12-20T18:00:00Z
MINE_GUMGAON_02,2025-12-21,0.0,28.8,29.8,47.7,16.7,LOW,2025-12-21T18:00:00Z
MINE_TIRODI_03,2025-12-21,0.0,16.2,32.1,33.1,13.5,LOW,2025-12-21T18:00:00Z
MINE_DONGRI_04,2025-12-21,0.0,24.0,30.3,32.1,16.6,LOW,2025-12-21T18:00:00Z
MINE_KANDRI_05,2025-12-21,0.0,24.0,25.6,41.1,13.3,LOW,2025-12-21T18:00:00Z
MINE_MANSAR_06,2025-12-21,0.0,25.0,27.1,30.5,16.9,LOW,2025-12-21T18:00:00Z
MINE_CHIKLA_07,2025-12-21,0.0,22.1,25.5,35.1,10.8,LOW,2025-12-21T18:00:00Z
MINE_UKWA_08,2025-12-21,5.2,21.2,37.0,40.8,11.2,LOW,2025-12-21T18:00:00Z
MINE_SITAPATORE_09,2025-12-21,0.0,17.8,36.1,36.1,10.9,LOW,2025-12-21T18:00:00Z
MINE_BELDONGRI_10,2025-12-21,0.0,25.5,30.3,34.8,16.9,LOW,2025-12-21T18:00:00Z
MINE_GUMGAON_02,2025-12-22,0.0,31.1,32.2,56.0,16.3,LOW,2025-12-22T18:00:00Z
MINE_TIRODI_03,2025-12-22,0.0,31.1,30.8,40.2,14.4,LOW,2025-12-22T18:00:00Z
MINE_DONGRI_04,2025-12-22,0.0,26.4,32.6,42.6,13.7,LOW,2025-12-22T18:00:00Z
MINE_KANDRI_05,2025-12-22,0.0,19.5,34.6,51.7,10.8,LOW,2025-12-22T18:00:00Z
MINE_MANSAR_06,2025-12-22,0.0,30.3,26.4,56.3,16.6,LOW,2025-12-22T18:00:00Z
MINE_CHIKLA_07,2025-12-22,0.0,30.5,27.5,32.5,13.3,LOW,2025-12-22T18:00:00Z
MINE_UKWA_08,2025-12-22,3.9,28.3,29.2,42.0,12.3,LOW,2025-12-22T18:00:00Z
MINE_SITAPATORE_09,2025-12-22,0.0,26.6,34.4,34.0,17.2,LOW,2025-12-22T18:00:00Z
MINE_BELDONGRI_10,2025-12-22,0.0,25.5,34.2,40.3,10.7,LOW,2025-12-22T18:00:00Z
MINE_GUMGAON_02,2025-12-23,0.0,25.2,36.4,53.4,17.5,LOW,2025-12-23T18:00:00Z
MINE_TIRODI_03,2025-12-23,0.0,24.9,27.6,44.2,16.6,LOW,2025-12-23T18:00:00Z
MINE_DONGRI_04,2025-12-23,0.0,25.6,35.3,52.6,13.6,LOW,2025-12-23T18:00:00Z
MINE_KANDRI_05,2025-12-23,0.0,30.9,34.3,38.7,11.4,LOW,2025-12-23T18:00:00Z
MINE_MANSAR_06,2025-12-23,0.0,22.7,33.9,43.6,15.3,LOW,2025-12-23T18:00:00Z
MINE_CHIKLA_07,2025-12-23,0.0,23.0,35.8,55.0,10.0,LOW,2025-12-23T18:00:00Z
MINE_UKWA_08,2025-12-23,0.0,27.1,26.7,35.4,11.2,LOW,2025-12-23T18:00:00Z
MINE_SITAPATORE_09,2025-12-23,0.0,22.2,31.8,34.0,17.6,LOW,2025-12-23T18:00:00Z
MINE_BELDONGRI_10,2025-12-23,0.0,29.3,26.9,37.2,11.0,LOW,2025-12-23T18:00:00Z
MINE_GUMGAON_02,2025-12-24,0.0,21.5,35.8,46.1,12.8,LOW,2025-12-24T18:00:00Z
MINE_TIRODI_03,2025-12-24,0.0,29.9,32.8,51.6,16.9,LOW,2025-12-24T18:00:00Z
MINE_DONGRI_04,2025-12-24,0.0,21.9,36.6,44.1,10.5,LOW,2025-12-24T18:00:00Z
MINE_KANDRI_05,2025-12-24,0.0,26.4,31.4,34.8,10.1,LOW,2025-12-24T18:00:00Z
MINE_MANSAR_06,2025-12-24,0.0,17.1,29.5,35.8,10.3,LOW,2025-12-24T18:00:00Z
MINE_CHIKLA_07,2025-12-24,0.0,26.5,27.0,44.8,10.8,LOW,2025-12-24T18:00:00Z
MINE_UKWA_08,2025-12-24,0.0,18.4,30.6,42.6,12.0,LOW,2025-12-24T18:00:00Z
MINE_SITAPATORE_09,2025-12-24,0.0,18.0,30.3,50.2,13.5,LOW,2025-12-24T18:00:00Z
MINE_BELDONGRI_10,2025-12-24,0.0,25.8,36.8,52.2,16.9,LOW,2025-12-24T18:00:00Z
MINE_GUMGAON_02,2025-12-25,0.0,29.5,34.7,45.0,13.6,LOW,2025-12-25T18:00:00Z
MINE_TIRODI_03,2025-12-25,0.0,28.0,32.2,34.2,14.6,LOW,2025-12-25T18:00:00Z
MINE_DONGRI_04,2025-12-25,0.0,25.8,35.0,35.6,13.9,LOW,2025-12-25T18:00:00Z
MINE_KANDRI_05,2025-12-25,0.0,23.9,37.8,53.2,16.0,LOW,2025-12-25T18:00:00Z
MINE_MANSAR_06,2025-12-25,0.0,24.1,33.9,46.9,17.0,LOW,2025-12-25T18:00:00Z
MINE_CHIKLA_07,2025-12-25,0.0,21.3,29.7,41.8,13.5,LOW,2025-12-25T18:00:00Z
MINE_UKWA_08,2025-12-25,0.0,28.2,24.4,32.1,11.0,LOW,2025-12-25T18:00:00Z
MINE_SITAPATORE_09,2025-12-25,0.0,28.4,36.2,43.5,14.8,LOW,2025-12-25T18:00:00Z
MINE_BELDONGRI_10,2025-12-25,0.0,20.8,36.8,45.5,14.3,LOW,2025-12-25T18:00:00Z
MINE_GUMGAON_02,2025-12-26,0.0,17.6,28.5,57.2,17.5,LOW,2025-12-26T18:00:00Z
MINE_TIRODI_03,2025-12-26,0.0,24.2,25.5,41.3,14.3,LOW,2025-12-26T18:00:00Z
MINE_DONGRI_04,2025-12-26,3.7,18.2,24.8,33.3,14.8,LOW,2025-12-26T18:00:00Z
MINE_KANDRI_05,2025-12-26,0.0,29.4,34.3,47.2,17.0,LOW,2025-12-26T18:00:00Z
MINE_MANSAR_06,2025-12-26,0.0,17.2,29.0,51.7,15.3,LOW,2025-12-26T18:00:00Z
MINE_CHIKLA_07,2025-12-26,0.0,23.7,36.7,40.1,12.0,LOW,2025-12-26T18:00:00Z
MINE_UKWA_08,2025-12-26,0.0,29.8,32.1,32.4,15.4,LOW,2025-12-26T18:00:00Z
MINE_SITAPATORE_09,2025-12-26,0.0,16.2,29.9,35.1,15.7,LOW,2025-12-26T18:00:00Z
MINE_BELDONGRI_10,2025-12-26,0.0,20.6,24.5,34.0,17.3,LOW,2025-12-26T18:00:00Z
MINE_GUMGAON_02,2025-12-27,0.0,29.0,28.4,56.7,14.4,LOW,2025-12-27T18:00:00Z
MINE_TIRODI_03,2025-12-27,0.0,18.3,36.9,39.4,15.1,LOW,2025-12-27T18:00:00Z
MINE_DONGRI_04,2025-12-27,0.0,27.1,36.2,55.0,17.7,LOW,2025-12-27T18:00:00Z
MINE_KANDRI_05,2025-12-27,0.0,28.7,27.4,31.2,13.3,LOW,2025-12-27T18:00:00Z
MINE_MANSAR_06,2025-12-27,6.8,16.5,28.5,43.4,14.9,LOW,2025-12-27T18:00:00Z
MINE_CHIKLA_07,2025-12-27,0.0,30.8,24.2,33.8,14.9,LOW,2025-12-27T18:00:00Z
MINE_UKWA_08,2025-12-27,0.0,16.6,38.0,43.4,12.8,LOW,2025-12-27T18:00:00Z
MINE_SITAPATORE_09,2025-12-27,0.0,22.8,29.5,56.1,10.4,LOW,2025-12-27T18:00:00Z
MINE_BELDONGRI_10,2025-12-27,0.0,22.7,25.3,41.0,17.4,LOW,2025-12-27T18:00:00Z
MINE_GUMGAON_02,2025-12-28,0.0,18.6,28.1,42.4,11.8,LOW,2025-12-28T18:00:00Z
MINE_TIRODI_03,2025-12-28,0.0,16.9,33.6,42.7,17.4,LOW,2025-12-28T18:00:00Z
MINE_DONGRI_04,2025-12-28,0.0,25.3,26.7,30.3,17.1,LOW,2025-12-28T18:00:00Z
MINE_KANDRI_05,2025-12-28,0.0,30.6,28.8,52.1,15.3,LOW,2025-12-28T18:00:00Z
MINE_MANSAR_06,2025-12-28,0.0,28.7,30.8,47.7,17.9,LOW,2025-12-28T18:00:00Z
MINE_CHIKLA_07,2025-12-28,0.0,23.9,31.2,39.1,15.2,LOW,2025-12-28T18:00:00Z
MINE_UKWA_08,2025-12-28,0.0,27.5,35.8,47.2,10.5,LOW,2025-12-28T18:00:00Z
MINE_SITAPATORE_09,2025-12-28,0.0,19.7,25.6,39.2,11.4,LOW,2025-12-28T18:00:00Z
MINE_BELDONGRI_10,2025-12-28,0.0,29.2,26.4,46.1,15.4,LOW,2025-12-28T18:00:00Z
MINE_GUMGAON_02,2025-12-29,0.0,28.3,27.6,33.1,14.7,LOW,2025-12-29T18:00:00Z
MINE_TIRODI_03,2025-12-29,0.0,20.0,33.6,53.7,12.4,LOW,2025-12-29T18:00:00Z
MINE_DONGRI_04,2025-12-29,0.0,21.9,27.3,32.4,14.3,LOW,2025-12-29T18:00:00Z
MINE_KANDRI_05,2025-12-29,0.0,21.8,27.8,45.3,10.5,LOW,2025-12-29T18:00:00Z
MINE_MANSAR_06,2025-12-29,0.0,29.3,32.0,50.6,12.2,LOW,2025-12-29T18:00:00Z
MINE_CHIKLA_07,2025-12-29,0.0,22.4,37.8,53.4,11.9,LOW,2025-12-29T18:00:00Z
MINE_UKWA_08,2025-12-29,0.0,21.8,32.9,40.2,10.1,LOW,2025-12-29T18:00:00Z
MINE_SITAPATORE_09,2025-12-29,0.0,21.4,27.4,43.8,10.3,LOW,2025-12-29T18:00:00Z
MINE_BELDONGRI_10,2025-12-29,0.0,24.0,30.5,30.9,14.6,LOW,2025-12-29T18:00:00Z
MINE_GUMGAON_02,2025-12-30,0.0,17.8,35.1,32.7,17.0,LOW,2025-12-30T18:00:00Z
MINE_TIRODI_03,2025-12-30,0.0,28.3,37.9,49.8,10.0,LOW,2025-12-30T18:00:00Z
MINE_DONGRI_04,2025-12-30,0.0,19.8,35.3,40.5,13.4,LOW,2025-12-30T18:00:00Z
MINE_KANDRI_05,2025-12-30,0.0,16.3,24.7,38.7,10.2,LOW,2025-12-30T18:00:00Z
MINE_MANSAR_06,2025-12-30,0.0,26.8,37.8,55.7,12.6,LOW,2025-12-30T18:00:00Z
MINE_CHIKLA_07,2025-12-30,11.3,18.7,26.4,57.2,10.4,LOW,2025-12-30T18:00:00Z
MINE_UKWA_08,2025-12-30,0.0,17.2,29.4,37.7,16.1,LOW,2025-12-30T18:00:00Z
MINE_SITAPATORE_09,2025-12-30,0.0,31.0,27.2,40.6,12.3,LOW,2025-12-30T18:00:00Z
MINE_BELDONGRI_10,2025-12-30,0.0,31.3,26.7,30.2,13.8,LOW,2025-12-30T18:00:00Z
MINE_GUMGAON_02,2025-12-31,0.0,17.9,35.1,38.3,13.7,LOW,2025-12-31T18:00:00Z
MINE_TIRODI_03,2025-12-31,0.0,16.7,34.7,46.9,15.1,LOW,2025-12-31T18:00:00Z
MINE_DONGRI_04,2025-12-31,0.0,24.9,32.4,49.9,10.0,LOW,2025-12-31T18:00:00Z
MINE_KANDRI_05,2025-12-31,0.0,29.0,29.8,42.3,16.5,LOW,2025-12-31T18:00:00Z
MINE_MANSAR_06,2025-12-31,0.0,18.5,29.8,36.3,14.8,LOW,2025-12-31T18:00:00Z
MINE_CHIKLA_07,2025-12-31,0.0,28.8,27.3,35.1,10.9,LOW,2025-12-31T18:00:00Z
MINE_UKWA_08,2025-12-31,0.0,16.5,33.9,52.6,17.8,LOW,2025-12-31T18:00:00Z
MINE_SITAPATORE_09,2025-12-31,0.0,22.0,37.9,31.5,13.3,LOW,2025-12-31T18:00:00Z
MINE_BELDONGRI_10,2025-12-31,0.0,16.3,28.1,34.7,11.5,LOW,2025-12-31T18:00:00Z
MINE_GUMGAON_02,2026-01-01,0.0,23.0,28.0,48.6,14.6,LOW,2026-01-01T18:00:00Z
MINE_TIRODI_03,2026-01-01,0.0,17.4,28.7,34.2,15.7,LOW,2026-01-01T18:00:00Z
MINE_DONGRI_04,2026-01-01,0.0,26.0,32.7,53.4,15.6,LOW,2026-01-01T18:00:00Z
MINE_KANDRI_05,2026-01-01,0.0,21.6,29.5,33.4,14.2,LOW,2026-01-01T18:00:00Z
MINE_MANSAR_06,2026-01-01,0.0,24.4,33.8,53.6,14.2,LOW,2026-01-01T18:00:00Z
MINE_CHIKLA_07,2026-01-01,0.0,17.8,35.4,45.5,12.0,LOW,2026-01-01T18:00:00Z
MINE_UKWA_08,2026-01-01,0.0,17.7,36.1,33.2,10.5,LOW,2026-01-01T18:00:00Z
MINE_SITAPATORE_09,2026-01-01,0.0,20.2,26.2,49.6,14.0,LOW,2026-01-01T18:00:00Z
MINE_BELDONGRI_10,2026-01-01,0.0,30.2,37.5,42.3,10.6,LOW,2026-01-01T18:00:00Z
MINE_GUMGAON_02,2026-01-02,0.0,19.3,25.0,50.8,17.2,LOW,2026-01-02T18:00:00Z
MINE_TIRODI_03,2026-01-02,0.0,20.2,32.0,55.8,15.5,LOW,2026-01-02T18:00:00Z
MINE_DONGRI_04,2026-01-02,0.0,21.1,36.7,38.9,10.4,LOW,2026-01-02T18:00:00Z
MINE_KANDRI_05,2026-01-02,0.0,27.8,24.1,37.1,17.1,LOW,2026-01-02T18:00:00Z
MINE_MANSAR_06,2026-01-02,0.0,28.7,37.1,41.3,17.3,LOW,2026-01-02T18:00:00Z
MINE_CHIKLA_07,2026-01-02,0.0,22.2,26.9,54.6,10.9,LOW,2026-01-02T18:00:00Z
MINE_UKWA_08,2026-01-02,0.0,23.2,31.5,54.0,15.3,LOW,2026-01-02T18:00:00Z
MINE_SITAPATORE_09,2026-01-02,0.0,29.3,25.2,34.5,17.5,LOW,2026-01-02T18:00:00Z
MINE_BELDONGRI_10,2026-01-02,0.0,23.5,29.3,56.7,13.4,LOW,2026-01-02T18:00:00Z
MINE_GUMGAON_02,2026-01-03,1.7,17.0,34.8,48.2,15.9,LOW,2026-01-03T18:00:00Z
MINE_TIRODI_03,2026-01-03,0.0,29.7,34.9,50.2,15.7,LOW,2026-01-03T18:00:00Z
MINE_DONGRI_04,2026-01-03,0.0,24.8,37.4,53.9,10.6,LOW,2026-01-03T18:00:00Z
MINE_KANDRI_05,2026-01-03,0.0,20.5,27.8,49.3,12.4,LOW,2026-01-03T18:00:00Z
MINE_MANSAR_06,2026-01-03,0.0,31.8,25.0,33.4,17.0,LOW,2026-01-03T18:00:00Z
MINE_CHIKLA_07,2026-01-03,0.0,30.0,33.2,56.4,11.2,LOW,2026-01-03T18:00:00Z
MINE_UKWA_08,2026-01-03,0.0,24.5,25.8,56.7,10.5,LOW,2026-01-03T18:00:00Z
MINE_SITAPATORE_09,2026-01-03,0.0,31.9,28.1,50.8,16.4,LOW,2026-01-03T18:00:00Z
MINE_BELDONGRI_10,2026-01-03,0.0,24.2,29.6,36.3,16.5,LOW,2026-01-03T18:00:00Z
MINE_GUMGAON_02,2026-01-04,0.0,28.9,25.4,49.6,14.9,LOW,2026-01-04T18:00:00Z
MINE_TIRODI_03,2026-01-04,0.0,30.7,29.9,38.9,10.5,LOW,2026-01-04T18:00:00Z
MINE_DONGRI_04,2026-01-04,0.0,20.6,27.6,35.3,17.4,LOW,2026-01-04T18:00:00Z
MINE_KANDRI_05,2026-01-04,0.0,22.9,36.1,46.3,12.5,LOW,2026-01-04T18:00:00Z
MINE_MANSAR_06,2026-01-04,0.0,28.5,33.0,38.1,10.8,LOW,2026-01-04T18:00:00Z
MINE_CHIKLA_07,2026-01-04,0.0,23.6,38.0,48.3,17.5,LOW,2026-01-04T18:00:00Z
MINE_UKWA_08,2026-01-04,0.0,20.6,30.0,54.8,11.9,LOW,2026-01-04T18:00:00Z
MINE_SITAPATORE_09,2026-01-04,0.0,26.9,37.3,45.2,16.8,LOW,2026-01-04T18:00:00Z
MINE_BELDONGRI_10,2026-01-04,6.3,22.9,35.7,51.0,13.6,LOW,2026-01-04T18:00:00Z
MINE_GUMGAON_02,2026-01-05,0.0,17.8,35.2,44.8,17.9,LOW,2026-01-05T18:00:00Z
MINE_TIRODI_03,2026-01-05,0.0,27.1,28.5,54.0,12.2,LOW,2026-01-05T18:00:00Z
MINE_DONGRI_04,2026-01-05,0.0,20.9,31.0,36.7,15.6,LOW,2026-01-05T18:00:00Z
MINE_KANDRI_05,2026-01-05,0.0,26.5,33.1,47.0,12.0,LOW,2026-01-05T18:00:00Z
MINE_MANSAR_06,2026-01-05,0.0,23.6,25.3,41.9,16.2,LOW,2026-01-05T18:00:00Z
MINE_CHIKLA_07,2026-01-05,0.0,31.2,35.7,32.1,16.5,LOW,2026-01-05T18:00:00Z
MINE_UKWA_08,2026-01-05,0.0,28.8,28.5,37.1,10.0,LOW,2026-01-05T18:00:00Z
MINE_SITAPATORE_09,2026-01-05,0.0,23.6,25.2,50.9,14.1,LOW,2026-01-05T18:00:00Z
MINE_BELDONGRI_10,2026-01-05,0.0,24.9,33.8,37.5,10.1,LOW,2026-01-05T18:00:00Z
MINE_GUMGAON_02,2026-01-06,0.0,18.7,24.3,50.3,15.3,LOW,2026-01-06T18:00:00Z
MINE_TIRODI_03,2026-01-06,0.0,25.6,30.8,46.0,14.0,LOW,2026-01-06T18:00:00Z
MINE_DONGRI_04,2026-01-06,0.0,23.2,26.1,41.2,10.4,LOW,2026-01-06T18:00:00Z
MINE_KANDRI_05,2026-01-06,0.0,27.9,32.5,47.8,11.4,LOW,2026-01-06T18:00:00Z
MINE_MANSAR_06,2026-01-06,11.3,17.5,32.4,54.1,10.3,LOW,2026-01-06T18:00:00Z
MINE_CHIKLA_07,2026-01-06,0.0,27.6,36.6,53.2,16.3,LOW,2026-01-06T18:00:00Z
MINE_UKWA_08,2026-01-06,0.0,23.8,33.0,55.0,10.2,LOW,2026-01-06T18:00:00Z
MINE_SITAPATORE_09,2026-01-06,0.0,32.0,34.4,31.5,14.0,LOW,2026-01-06T18:00:00Z
MINE_BELDONGRI_10,2026-01-06,0.0,28.2,26.1,48.7,10.9,LOW,2026-01-06T18:00:00Z
MINE_GUMGAON_02,2026-01-07,0.0,21.3,26.0,45.5,16.2,LOW,2026-01-07T18:00:00Z
MINE_TIRODI_03,2026-01-07,0.0,19.4,37.4,35.2,13.1,LOW,2026-01-07T18:00:00Z
MINE_DONGRI_04,2026-01-07,0.0,21.5,35.5,49.8,11.7,LOW,2026-01-07T18:00:00Z
MINE_KANDRI_05,2026-01-07,0.0,31.1,36.5,33.5,11.4,LOW,2026-01-07T18:00:00Z
MINE_MANSAR_06,2026-01-07,0.0,17.9,37.5,32.6,12.2,LOW,2026-01-07T18:00:00Z
MINE_CHIKLA_07,2026-01-07,0.0,26.4,30.9,34.0,12.5,LOW,2026-01-07T18:00:00Z
MINE_UKWA_08,2026-01-07,0.0,27.2,36.1,35.0,16.3,LOW,2026-01-07T18:00:00Z
MINE_SITAPATORE_09,2026-01-07,0.0,21.0,26.1,47.1,11.5,LOW,2026-01-07T18:00:00Z
MINE_BELDONGRI_10,2026-01-07,0.0,19.8,30.7,33.1,15.2,LOW,2026-01-07T18:00:00Z
MINE_GUMGAON_02,2026-01-08,0.0,25.9,32.6,34.0,10.4,LOW,2026-01-08T18:00:00Z
MINE_TIRODI_03,2026-01-08,0.0,21.3,31.9,48.6,16.8,LOW,2026-01-08T18:00:00Z
MINE_DONGRI_04,2026-01-08,0.0,31.2,36.7,52.6,10.0,LOW,2026-01-08T18:00:00Z
MINE_KANDRI_05,2026-01-08,0.0,21.8,33.6,50.7,14.4,LOW,2026-01-08T18:00:00Z
MINE_MANSAR_06,2026-01-08,0.0,28.8,33.9,36.3,12.4,LOW,2026-01-08T18:00:00Z
MINE_CHIKLA_07,2026-01-08,0.0,23.8,30.4,39.8,11.2,LOW,2026-01-08T18:00:00Z
MINE_UKWA_08,2026-01-08,0.0,26.0,29.9,49.1,17.2,LOW,2026-01-08T18:00:00Z
MINE_SITAPATORE_09,2026-01-08,0.0,18.4,27.4,32.9,15.3,LOW,2026-01-08T18:00:00Z
MINE_BELDONGRI_10,2026-01-08,0.0,19.8,26.9,33.0,13.8,LOW,2026-01-08T18:00:00Z
MINE_GUMGAON_02,2026-01-09,0.0,31.1,33.5,35.0,12.1,LOW,2026-01-09T18:00:00Z
MINE_TIRODI_03,2026-01-09,0.0,20.5,31.4,51.7,12.3,LOW,2026-01-09T18:00:00Z
MINE_DONGRI_04,2026-01-09,0.0,17.7,27.0,53.0,11.0,LOW,2026-01-09T18:00:00Z
MINE_KANDRI_05,2026-01-09,0.0,18.7,24.5,43.6,12.0,LOW,2026-01-09T18:00:00Z
MINE_MANSAR_06,2026-01-09,0.0,30.2,36.0,43.3,17.5,LOW,2026-01-09T18:00:00Z
MINE_CHIKLA_07,2026-01-09,0.0,27.5,28.3,46.4,16.7,LOW,2026-01-09T18:00:00Z
MINE_UKWA_08,2026-01-09,0.0,16.2,31.4,39.9,17.0,LOW,2026-01-09T18:00:00Z
MINE_SITAPATORE_09,2026-01-09,0.0,19.3,32.7,33.5,17.6,LOW,2026-01-09T18:00:00Z
MINE_BELDONGRI_10,2026-01-09,0.0,29.1,34.4,35.2,13.0,LOW,2026-01-09T18:00:00Z
MINE_GUMGAON_02,2026-01-10,1.1,31.9,32.3,42.5,13.0,LOW,2026-01-10T18:00:00Z
MINE_TIRODI_03,2026-01-10,0.0,17.2,30.3,45.2,12.2,LOW,2026-01-10T18:00:00Z
MINE_DONGRI_04,2026-01-10,0.0,24.9,34.8,36.9,10.0,LOW,2026-01-10T18:00:00Z
MINE_KANDRI_05,2026-01-10,0.0,20.5,33.1,54.9,16.4,LOW,2026-01-10T18:00:00Z
MINE_MANSAR_06,2026-01-10,0.0,17.5,35.1,42.5,15.4,LOW,2026-01-10T18:00:00Z
MINE_CHIKLA_07,2026-01-10,0.0,22.3,28.3,40.3,12.5,LOW,2026-01-10T18:00:00Z
MINE_UKWA_08,2026-01-10,0.0,23.8,37.8,30.4,17.3,LOW,2026-01-10T18:00:00Z
MINE_SITAPATORE_09,2026-01-10,0.0,21.2,37.2,44.5,16.8,LOW,2026-01-10T18:00:00Z
MINE_BELDONGRI_10,2026-01-10,0.0,24.8,25.4,33.5,14.1,LOW,2026-01-10T18:00:00Z
MINE_GUMGAON_02,2026-01-11,0.0,29.0,31.9,50.9,14.1,LOW,2026-01-11T18:00:00Z
MINE_TIRODI_03,2026-01-11,0.0,28.9,25.9,55.5,12.2,LOW,2026-01-11T18:00:00Z
MINE_DONGRI_04,2026-01-11,0.0,31.6,34.7,56.9,14.1,LOW,2026-01-11T18:00:00Z
MINE_KANDRI_05,2026-01-11,0.0,19.5,25.0,40.4,16.2,LOW,2026-01-11T18:00:00Z
MINE_MANSAR_06,2026-01-11,0.0,30.1,35.3,36.6,15.9,LOW,2026-01-11T18:00:00Z
MINE_CHIKLA_07,2026-01-11,0.0,16.3,29.8,49.1,13.9,LOW,2026-01-11T18:00:00Z
MINE_UKWA_08,2026-01-11,0.0,26.6,29.6,51.4,11.9,LOW,2026-01-11T18:00:00Z
MINE_SITAPATORE_09,2026-01-11,0.0,28.6,25.0,42.1,10.7,LOW,2026-01-11T18:00:00Z
MINE_BELDONGRI_10,2026-01-11,0.0,31.4,28.7,50.8,10.2,LOW,2026-01-11T18:00:00Z
MINE_GUMGAON_02,2026-01-12,0.0,19.3,25.6,35.3,15.5,LOW,2026-01-12T18:00:00Z
MINE_TIRODI_03,2026-01-12,0.0,23.9,25.1,43.1,16.2,LOW,2026-01-12T18:00:00Z
MINE_DONGRI_04,2026-01-12,0.0,25.2,33.1,30.8,10.8,LOW,2026-01-12T18:00:00Z
MINE_KANDRI_05,2026-01-12,0.0,18.2,24.7,30.4,17.9,LOW,2026-01-12T18:00:00Z
MINE_MANSAR_06,2026-01-12,0.0,18.1,30.7,52.6,13.1,LOW,2026-01-12T18:00:00Z
MINE_CHIKLA_07,2026-01-12,0.0,23.2,33.7,33.6,13.5,LOW,2026-01-12T18:00:00Z
MINE_UKWA_08,2026-01-12,0.0,23.7,26.1,54.6,17.4,LOW,2026-01-12T18:00:00Z
MINE_SITAPATORE_09,2026-01-12,5.7,21.3,25.9,48.5,10.2,LOW,2026-01-12T18:00:00Z
MINE_BELDONGRI_10,2026-01-12,0.0,19.5,35.3,56.3,15.0,LOW,2026-01-12T18:00:00Z
MINE_GUMGAON_02,2026-01-13,0.0,16.4,30.3,34.4,17.2,LOW,2026-01-13T18:00:00Z
MINE_TIRODI_03,2026-01-13,0.0,25.9,30.7,52.8,17.8,LOW,2026-01-13T18:00:00Z
MINE_DONGRI_04,2026-01-13,3.6,27.1,33.8,30.3,17.8,LOW,2026-01-13T18:00:00Z
MINE_KANDRI_05,2026-01-13,0.0,25.7,35.2,57.1,13.3,LOW,2026-01-13T18:00:00Z
MINE_MANSAR_06,2026-01-13,0.0,31.0,34.5,37.8,13.5,LOW,2026-01-13T18:00:00Z
MINE_CHIKLA_07,2026-01-13,0.0,23.1,38.0,49.5,14.3,LOW,2026-01-13T18:00:00Z
MINE_UKWA_08,2026-01-13,9.0,20.2,37.9,30.9,12.5,LOW,2026-01-13T18:00:00Z
MINE_SITAPATORE_09,2026-01-13,11.5,21.8,25.2,55.0,13.0,LOW,2026-01-13T18:00:00Z
MINE_BELDONGRI_10,2026-01-13,0.0,21.2,30.8,57.6,10.1,LOW,2026-01-13T18:00:00Z
MINE_GUMGAON_02,2026-01-14,0.0,16.8,34.2,48.1,16.4,LOW,2026-01-14T18:00:00Z
MINE_TIRODI_03,2026-01-14,0.0,25.5,27.4,55.9,10.2,LOW,2026-01-14T18:00:00Z
MINE_DONGRI_04,2026-01-14,0.0,20.1,32.8,38.5,10.3,LOW,2026-01-14T18:00:00Z
MINE_KANDRI_05,2026-01-14,0.0,24.6,29.4,43.4,14.6,LOW,2026-01-14T18:00:00Z
MINE_MANSAR_06,2026-01-14,0.0,28.5,27.8,42.1,12.5,LOW,2026-01-14T18:00:00Z
MINE_CHIKLA_07,2026-01-14,0.0,31.6,24.2,54.9,10.3,LOW,2026-01-14T18:00:00Z
MINE_UKWA_08,2026-01-14,0.0,22.6,35.9,37.1,13.7,LOW,2026-01-14T18:00:00Z
MINE_SITAPATORE_09,2026-01-14,0.0,19.4,34.2,45.0,13.5,LOW,2026-01-14T18:00:00Z
MINE_BELDONGRI_10,2026-01-14,0.0,22.5,27.9,55.1,14.6,LOW,2026-01-14T18:00:00Z
MINE_GUMGAON_02,2026-01-15,0.0,20.5,29.9,38.9,13.4,LOW,2026-01-15T18:00:00Z
MINE_TIRODI_03,2026-01-15,0.0,19.1,24.6,43.2,12.7,LOW,2026-01-15T18:00:00Z
MINE_DONGRI_04,2026-01-15,11.9,17.8,33.3,33.0,16.5,LOW,2026-01-15T18:00:00Z
MINE_KANDRI_05,2026-01-15,0.0,26.9,29.2,45.6,10.9,LOW,2026-01-15T18:00:00Z
MINE_MANSAR_06,2026-01-15,0.0,25.6,28.3,33.0,17.5,LOW,2026-01-15T18:00:00Z
MINE_CHIKLA_07,2026-01-15,0.0,29.4,35.9,51.7,12.1,LOW,2026-01-15T18:00:00Z
MINE_UKWA_08,2026-01-15,0.0,26.9,30.7,52.5,16.9,LOW,2026-01-15T18:00:00Z
MINE_SITAPATORE_09,2026-01-15,0.0,26.6,36.3,52.9,16.7,LOW,2026-01-15T18:00:00Z
MINE_BELDONGRI_10,2026-01-15,0.0,16.6,37.5,36.4,16.6,LOW,2026-01-15T18:00:00Z
MINE_GUMGAON_02,2026-01-16,0.0,17.9,30.4,43.2,11.3,LOW,2026-01-16T18:00:00Z
MINE_TIRODI_03,2026-01-16,0.0,22.0,29.8,37.1,12.3,LOW,2026-01-16T18:00:00Z
MINE_DONGRI_04,2026-01-16,0.0,22.7,29.1,56.6,14.0,LOW,2026-01-16T18:00:00Z
MINE_KANDRI_05,2026-01-16,0.0,18.9,33.6,32.4,15.3,LOW,2026-01-16T18:00:00Z
MINE_MANSAR_06,2026-01-16,0.0,24.1,34.8,54.3,16.8,LOW,2026-01-16T18:00:00Z
MINE_CHIKLA_07,2026-01-16,0.0,29.8,32.9,37.6,16.0,LOW,2026-01-16T18:00:00Z
MINE_UKWA_08,2026-01-16,0.0,28.3,37.1,46.7,15.7,LOW,2026-01-16T18:00:00Z
MINE_SITAPATORE_09,2026-01-16,0.0,23.3,34.0,57.4,10.7,LOW,2026-01-16T18:00:00Z
MINE_BELDONGRI_10,2026-01-16,0.0,30.6,28.2,44.8,17.4,LOW,2026-01-16T18:00:00Z
MINE_GUMGAON_02,2026-01-17,0.0,16.3,24.1,48.5,13.1,LOW,2026-01-17T18:00:00Z
MINE_TIRODI_03,2026-01-17,0.0,29.8,27.6,41.3,17.1,LOW,2026-01-17T18:00:00Z
MINE_DONGRI_04,2026-01-17,0.0,18.5,34.5,45.7,16.7,LOW,2026-01-17T18:00:00Z
MINE_KANDRI_05,2026-01-17,0.0,25.0,33.0,43.3,12.0,LOW,2026-01-17T18:00:00Z
MINE_MANSAR_06,2026-01-17,0.0,26.2,35.3,41.7,12.0,LOW,2026-01-17T18:00:00Z
MINE_CHIKLA_07,2026-01-17,0.0,30.8,30.3,31.3,12.0,LOW,2026-01-17T18:00:00Z
MINE_UKWA_08,2026-01-17,0.0,21.6,31.9,53.9,13.6,LOW,2026-01-17T18:00:00Z
MINE_SITAPATORE_09,2026-01-17,0.0,29.5,32.0,38.6,13.5,LOW,2026-01-17T18:00:00Z
MINE_BELDONGRI_10,2026-01-17,0.0,22.8,37.3,51.1,15.5,LOW,2026-01-17T18:00:00Z
MINE_GUMGAON_02,2026-01-18,0.0,17.9,26.7,40.2,13.0,LOW,2026-01-18T18:00:00Z
MINE_TIRODI_03,2026-01-18,0.0,21.5,33.2,47.1,10.9,LOW,2026-01-18T18:00:00Z
MINE_DONGRI_04,2026-01-18,0.0,25.3,35.8,53.7,14.2,LOW,2026-01-18T18:00:00Z
MINE_KANDRI_05,2026-01-18,0.0,28.0,30.3,46.1,10.2,LOW,2026-01-18T18:00:00Z
MINE_MANSAR_06,2026-01-18,0.0,26.4,34.3,36.0,17.1,LOW,2026-01-18T18:00:00Z
MINE_CHIKLA_07,2026-01-18,0.0,26.7,37.7,43.6,15.3,LOW,2026-01-18T18:00:00Z
MINE_UKWA_08,2026-01-18,0.0,28.6,30.7,43.5,16.6,LOW,2026-01-18T18:00:00Z
MINE_SITAPATORE_09,2026-01-18,0.0,16.5,35.3,53.7,13.7,LOW,2026-01-18T18:00:00Z
MINE_BELDONGRI_10,2026-01-18,0.0,18.2,29.1,56.6,10.1,LOW,2026-01-18T18:00:00Z
MINE_GUMGAON_02,2026-01-19,0.0,21.9,27.9,47.3,10.3,LOW,2026-01-19T18:00:00Z
MINE_TIRODI_03,2026-01-19,0.0,25.9,32.7,45.1,13.7,LOW,2026-01-19T18:00:00Z
MINE_DONGRI_04,2026-01-19,0.0,21.9,37.9,36.1,12.1,LOW,2026-01-19T18:00:00Z
MINE_KANDRI_05,2026-01-19,0.0,30.9,31.7,40.0,15.9,LOW,2026-01-19T18:00:00Z
MINE_MANSAR_06,2026-01-19,0.0,26.5,29.5,53.3,16.0,LOW,2026-01-19T18:00:00Z
MINE_CHIKLA_07,2026-01-19,0.0,19.9,28.7,37.6,11.5,LOW,2026-01-19T18:00:00Z
MINE_UKWA_08,2026-01-19,0.0,31.7,24.4,45.8,12.7,LOW,2026-01-19T18:00:00Z
MINE_SITAPATORE_09,2026-01-19,0.0,16.2,30.3,43.2,15.9,LOW,2026-01-19T18:00:00Z
MINE_BELDONGRI_10,2026-01-19,0.0,26.0,33.7,34.0,13.1,LOW,2026-01-19T18:00:00Z
MINE_GUMGAON_02,2026-01-20,0.0,24.1,31.8,31.7,15.7,LOW,2026-01-20T18:00:00Z
MINE_TIRODI_03,2026-01-20,0.0,20.4,37.1,34.4,17.1,LOW,2026-01-20T18:00:00Z
MINE_DONGRI_04,2026-01-20,0.0,29.1,24.3,41.5,13.4,LOW,2026-01-20T18:00:00Z
MINE_KANDRI_05,2026-01-20,0.0,16.5,32.9,51.8,13.5,LOW,2026-01-20T18:00:00Z
MINE_MANSAR_06,2026-01-20,0.0,20.2,26.4,55.3,14.8,LOW,2026-01-20T18:00:00Z
MINE_CHIKLA_07,2026-01-20,0.0,31.8,26.8,40.1,10.5,LOW,2026-01-20T18:00:00Z
MINE_UKWA_08,2026-01-20,0.0,29.3,35.2,42.1,11.8,LOW,2026-01-20T18:00:00Z
MINE_SITAPATORE_09,2026-01-20,0.0,28.5,33.5,37.2,12.2,LOW,2026-01-20T18:00:00Z
MINE_BELDONGRI_10,2026-01-20,0.0,31.9,31.9,31.8,10.9,LOW,2026-01-20T18:00:00Z
MINE_GUMGAON_02,2026-01-21,0.0,26.9,32.1,30.6,16.7,LOW,2026-01-21T18:00:00Z
MINE_TIRODI_03,2026-01-21,0.0,18.8,32.5,39.6,10.8,LOW,2026-01-21T18:00:00Z
MINE_DONGRI_04,2026-01-21,0.0,21.6,32.6,44.8,13.8,LOW,2026-01-21T18:00:00Z
MINE_KANDRI_05,2026-01-21,0.0,19.3,30.7,31.3,14.2,LOW,2026-01-21T18:00:00Z
MINE_MANSAR_06,2026-01-21,0.0,28.1,34.5,53.1,14.6,LOW,2026-01-21T18:00:00Z
MINE_CHIKLA_07,2026-01-21,0.0,31.2,30.7,36.5,16.6,LOW,2026-01-21T18:00:00Z
MINE_UKWA_08,2026-01-21,0.0,29.8,26.5,51.8,15.0,LOW,2026-01-21T18:00:00Z
MINE_SITAPATORE_09,2026-01-21,0.0,16.1,33.8,48.8,15.1,LOW,2026-01-21T18:00:00Z
MINE_BELDONGRI_10,2026-01-21,0.0,25.8,25.7,49.4,14.6,LOW,2026-01-21T18:00:00Z
MINE_GUMGAON_02,2026-01-22,0.0,30.4,24.6,31.9,10.9,LOW,2026-01-22T18:00:00Z
MINE_TIRODI_03,2026-01-22,0.0,23.4,32.4,32.6,13.5,LOW,2026-01-22T18:00:00Z
MINE_DONGRI_04,2026-01-22,0.0,21.6,37.7,48.3,10.2,LOW,2026-01-22T18:00:00Z
MINE_KANDRI_05,2026-01-22,0.0,19.7,35.4,51.0,10.5,LOW,2026-01-22T18:00:00Z
MINE_MANSAR_06,2026-01-22,0.0,31.2,37.8,49.0,15.2,LOW,2026-01-22T18:00:00Z
MINE_CHIKLA_07,2026-01-22,0.0,19.5,37.3,38.1,11.5,LOW,2026-01-22T18:00:00Z
MINE_UKWA_08,2026-01-22,0.0,27.5,29.0,54.1,16.0,LOW,2026-01-22T18:00:00Z
MINE_SITAPATORE_09,2026-01-22,0.0,30.2,31.4,38.4,11.9,LOW,2026-01-22T18:00:00Z
MINE_BELDONGRI_10,2026-01-22,0.0,19.9,32.8,47.6,12.6,LOW,2026-01-22T18:00:00Z
MINE_GUMGAON_02,2026-01-23,0.0,16.2,37.7,35.0,13.6,LOW,2026-01-23T18:00:00Z
MINE_TIRODI_03,2026-01-23,0.0,26.9,25.1,42.7,11.6,LOW,2026-01-23T18:00:00Z
MINE_DONGRI_04,2026-01-23,2.7,16.7,35.8,39.9,11.3,LOW,2026-01-23T18:00:00Z
MINE_KANDRI_05,2026-01-23,0.0,25.7,27.9,53.6,15.1,LOW,2026-01-23T18:00:00Z
MINE_MANSAR_06,2026-01-23,0.0,27.2,27.4,43.0,13.2,LOW,2026-01-23T18:00:00Z
MINE_CHIKLA_07,2026-01-23,0.0,23.4,33.9,46.5,11.9,LOW,2026-01-23T18:00:00Z
MINE_UKWA_08,2026-01-23,0.0,26.7,32.0,37.5,14.8,LOW,2026-01-23T18:00:00Z
MINE_SITAPATORE_09,2026-01-23,0.0,29.7,37.5,42.4,14.1,LOW,2026-01-23T18:00:00Z
MINE_BELDONGRI_10,2026-01-23,0.0,24.0,31.5,55.7,10.7,LOW,2026-01-23T18:00:00Z
MINE_GUMGAON_02,2026-01-24,0.0,23.1,33.9,54.0,11.3,LOW,2026-01-24T18:00:00Z
MINE_TIRODI_03,2026-01-24,0.0,25.9,35.1,38.8,16.7,LOW,2026-01-24T18:00:00Z
MINE_DONGRI_04,2026-01-24,0.0,27.9,30.8,32.1,14.1,LOW,2026-01-24T18:00:00Z
MINE_KANDRI_05,2026-01-24,0.0,20.6,27.7,49.7,10.1,LOW,2026-01-24T18:00:00Z
MINE_MANSAR_06,2026-01-24,0.0,25.1,25.9,51.7,12.2,LOW,2026-01-24T18:00:00Z
MINE_CHIKLA_07,2026-01-24,0.0,20.0,24.8,55.9,13.4,LOW,2026-01-24T18:00:00Z
MINE_UKWA_08,2026-01-24,0.0,30.8,28.1,41.1,16.4,LOW,2026-01-24T18:00:00Z
MINE_SITAPATORE_09,2026-01-24,0.0,17.3,26.9,35.9,10.5,LOW,2026-01-24T18:00:00Z
MINE_BELDONGRI_10,2026-01-24,10.7,27.5,31.2,40.3,13.5,LOW,2026-01-24T18:00:00Z
MINE_GUMGAON_02,2026-01-25,0.0,30.0,35.4,43.4,15.6,LOW,2026-01-25T18:00:00Z
MINE_TIRODI_03,2026-01-25,0.0,27.5,37.8,49.4,12.2,LOW,2026-01-25T18:00:00Z
MINE_DONGRI_04,2026-01-25,0.0,30.5,30.3,41.6,10.2,LOW,2026-01-25T18:00:00Z
MINE_KANDRI_05,2026-01-25,0.0,19.7,26.6,32.9,17.5,LOW,2026-01-25T18:00:00Z
MINE_MANSAR_06,2026-01-25,0.0,29.6,30.2,42.7,11.9,LOW,2026-01-25T18:00:00Z
MINE_CHIKLA_07,2026-01-25,0.0,29.0,33.2,32.3,17.1,LOW,2026-01-25T18:00:00Z
MINE_UKWA_08,2026-01-25,8.3,31.1,31.9,41.6,10.6,LOW,2026-01-25T18:00:00Z
MINE_SITAPATORE_09,2026-01-25,0.0,24.8,35.9,55.7,11.3,LOW,2026-01-25T18:00:00Z
MINE_BELDONGRI_10,2026-01-25,0.0,30.3,24.2,30.0,10.6,LOW,2026-01-25T18:00:00Z
MINE_GUMGAON_02,2026-01-26,0.0,21.4,35.9,46.6,17.4,LOW,2026-01-26T18:00:00Z
MINE_TIRODI_03,2026-01-26,11.1,21.0,25.2,56.6,12.0,LOW,2026-01-26T18:00:00Z
MINE_DONGRI_04,2026-01-26,0.0,16.7,27.9,43.2,10.5,LOW,2026-01-26T18:00:00Z
MINE_KANDRI_05,2026-01-26,0.0,29.7,37.9,30.9,12.4,LOW,2026-01-26T18:00:00Z
MINE_MANSAR_06,2026-01-26,10.8,27.9,36.9,49.8,14.6,LOW,2026-01-26T18:00:00Z
MINE_CHIKLA_07,2026-01-26,0.0,31.5,36.5,55.8,15.0,LOW,2026-01-26T18:00:00Z
MINE_UKWA_08,2026-01-26,11.6,23.7,32.4,35.3,17.1,LOW,2026-01-26T18:00:00Z
MINE_SITAPATORE_09,2026-01-26,0.0,28.7,37.7,43.8,13.9,LOW,2026-01-26T18:00:00Z
MINE_BELDONGRI_10,2026-01-26,0.0,16.8,28.6,55.6,16.7,LOW,2026-01-26T18:00:00Z
MINE_GUMGAON_02,2026-01-27,0.0,18.4,30.6,30.2,12.2,LOW,2026-01-27T18:00:00Z
MINE_TIRODI_03,2026-01-27,0.0,22.4,27.7,31.6,14.7,LOW,2026-01-27T18:00:00Z
MINE_DONGRI_04,2026-01-27,0.0,27.9,31.0,51.2,16.2,LOW,2026-01-27T18:00:00Z
MINE_KANDRI_05,2026-01-27,0.0,21.4,27.6,33.0,14.1,LOW,2026-01-27T18:00:00Z
MINE_MANSAR_06,2026-01-27,0.0,24.0,35.1,38.4,14.5,LOW,2026-01-27T18:00:00Z
MINE_CHIKLA_07,2026-01-27,0.0,22.1,29.2,45.6,17.6,LOW,2026-01-27T18:00:00Z
MINE_UKWA_08,2026-01-27,0.0,26.7,36.1,39.9,13.9,LOW,2026-01-27T18:00:00Z
MINE_SITAPATORE_09,2026-01-27,0.0,22.4,34.3,40.7,17.7,LOW,2026-01-27T18:00:00Z
MINE_BELDONGRI_10,2026-01-27,0.0,20.2,34.3,32.6,12.4,LOW,2026-01-27T18:00:00Z
MINE_GUMGAON_02,2026-01-28,0.0,27.9,32.7,55.9,16.1,LOW,2026-01-28T18:00:00Z
MINE_TIRODI_03,2026-01-28,0.0,23.9,32.8,44.8,10.5,LOW,2026-01-28T18:00:00Z
MINE_DONGRI_04,2026-01-28,0.0,16.7,28.6,33.5,13.5,LOW,2026-01-28T18:00:00Z
MINE_KANDRI_05,2026-01-28,0.0,22.6,34.8,34.9,14.1,LOW,2026-01-28T18:00:00Z
MINE_MANSAR_06,2026-01-28,0.0,31.2,30.2,38.2,12.0,LOW,2026-01-28T18:00:00Z
MINE_CHIKLA_07,2026-01-28,0.0,25.0,31.1,38.3,17.0,LOW,2026-01-28T18:00:00Z
MINE_UKWA_08,2026-01-28,0.0,23.1,29.4,45.1,13.5,LOW,2026-01-28T18:00:00Z
MINE_SITAPATORE_09,2026-01-28,5.7,17.2,27.7,41.9,14.6,LOW,2026-01-28T18:00:00Z
MINE_BELDONGRI_10,2026-01-28,0.0,30.9,32.3,48.2,13.7,LOW,2026-01-28T18:00:00Z
MINE_GUMGAON_02,2026-01-29,0.0,17.7,24.7,37.0,16.9,LOW,2026-01-29T18:00:00Z
MINE_TIRODI_03,2026-01-29,0.0,21.2,24.4,43.8,10.1,LOW,2026-01-29T18:00:00Z
MINE_DONGRI_04,2026-01-29,0.0,29.9,28.9,56.9,15.7,LOW,2026-01-29T18:00:00Z
MINE_KANDRI_05,2026-01-29,0.0,16.1,36.6,55.6,14.4,LOW,2026-01-29T18:00:00Z
MINE_MANSAR_06,2026-01-29,0.0,20.5,29.1,42.8,10.8,LOW,2026-01-29T18:00:00Z
MINE_CHIKLA_07,2026-01-29,0.0,30.7,30.8,31.3,13.4,LOW,2026-01-29T18:00:00Z
MINE_UKWA_08,2026-01-29,0.0,17.5,34.2,52.4,11.4,LOW,2026-01-29T18:00:00Z
MINE_SITAPATORE_09,2026-01-29,0.0,20.8,36.1,37.3,10.1,LOW,2026-01-29T18:00:00Z
MINE_BELDONGRI_10,2026-01-29,0.0,28.7,25.6,34.4,17.6,LOW,2026-01-29T18:00:00Z
MINE_GUMGAON_02,2026-01-30,0.0,26.0,31.5,35.5,17.6,LOW,2026-01-30T18:00:00Z
MINE_TIRODI_03,2026-01-30,0.0,31.6,35.0,31.5,14.2,LOW,2026-01-30T18:00:00Z
MINE_DONGRI_04,2026-01-30,0.0,18.7,34.8,39.7,14.7,LOW,2026-01-30T18:00:00Z
MINE_KANDRI_05,2026-01-30,0.0,20.6,30.5,54.6,13.1,LOW,2026-01-30T18:00:00Z
MINE_MANSAR_06,2026-01-30,0.0,24.5,36.0,30.8,11.4,LOW,2026-01-30T18:00:00Z
MINE_CHIKLA_07,2026-01-30,0.0,21.5,29.7,33.6,14.3,LOW,2026-01-30T18:00:00Z
MINE_UKWA_08,2026-01-30,0.0,27.9,36.0,45.1,11.2,LOW,2026-01-30T18:00:00Z
MINE_SITAPATORE_09,2026-01-30,0.0,26.5,35.1,53.8,17.0,LOW,2026-01-30T18:00:00Z
MINE_BELDONGRI_10,2026-01-30,0.0,16.8,33.2,50.1,13.7,LOW,2026-01-30T18:00:00Z
MINE_GUMGAON_02,2026-01-31,0.0,21.9,28.7,39.8,17.1,LOW,2026-01-31T18:00:00Z
MINE_TIRODI_03,2026-01-31,0.0,18.0,30.1,40.6,10.6,LOW,2026-01-31T18:00:00Z
MINE_DONGRI_04,2026-01-31,0.0,18.4,32.0,54.5,17.7,LOW,2026-01-31T18:00:00Z
MINE_KANDRI_05,2026-01-31,0.0,22.3,36.2,35.4,16.8,LOW,2026-01-31T18:00:00Z
MINE_MANSAR_06,2026-01-31,9.6,19.9,36.1,44.4,11.5,LOW,2026-01-31T18:00:00Z
MINE_CHIKLA_07,2026-01-31,0.0,17.0,26.1,39.1,12.2,LOW,2026-01-31T18:00:00Z
MINE_UKWA_08,2026-01-31,7.0,31.1,24.3,47.2,10.1,LOW,2026-01-31T18:00:00Z
MINE_SITAPATORE_09,2026-01-31,0.0,28.8,30.5,35.7,17.7,LOW,2026-01-31T18:00:00Z
MINE_BELDONGRI_10,2026-01-31,0.0,24.9,36.8,52.9,14.3,LOW,2026-01-31T18:00:00Z
MINE_GUMGAON_02,2026-02-01,0.0,30.2,36.5,51.1,17.9,LOW,2026-02-01T18:00:00Z
MINE_TIRODI_03,2026-02-01,0.0,23.0,28.5,38.2,12.3,LOW,2026-02-01T18:00:00Z
MINE_DONGRI_04,2026-02-01,0.0,31.4,35.9,51.1,16.3,LOW,2026-02-01T18:00:00Z
MINE_KANDRI_05,2026-02-01,0.0,16.4,24.1,42.1,11.8,LOW,2026-02-01T18:00:00Z
MINE_MANSAR_06,2026-02-01,0.0,29.4,34.0,30.0,14.3,LOW,2026-02-01T18:00:00Z
MINE_CHIKLA_07,2026-02-01,0.0,31.2,31.0,31.1,12.2,LOW,2026-02-01T18:00:00Z
MINE_UKWA_08,2026-02-01,0.0,26.9,30.6,47.5,10.0,LOW,2026-02-01T18:00:00Z
MINE_SITAPATORE_09,2026-02-01,0.0,30.1,37.7,47.8,17.6,LOW,2026-02-01T18:00:00Z
MINE_BELDONGRI_10,2026-02-01,0.0,29.1,24.8,43.2,11.0,LOW,2026-02-01T18:00:00Z
MINE_GUMGAON_02,2026-02-02,0.0,25.2,26.2,42.8,12.1,LOW,2026-02-02T18:00:00Z
MINE_TIRODI_03,2026-02-02,0.0,19.0,33.6,51.5,12.6,LOW,2026-02-02T18:00:00Z
MINE_DONGRI_04,2026-02-02,0.0,16.8,36.0,55.1,14.4,LOW,2026-02-02T18:00:00Z
MINE_KANDRI_05,2026-02-02,0.0,30.6,28.6,43.5,17.2,LOW,2026-02-02T18:00:00Z
MINE_MANSAR_06,2026-02-02,0.0,16.0,28.0,43.6,10.2,LOW,2026-02-02T18:00:00Z
MINE_CHIKLA_07,2026-02-02,0.0,18.6,28.6,30.1,11.3,LOW,2026-02-02T18:00:00Z
MINE_UKWA_08,2026-02-02,0.0,18.9,29.2,33.9,14.3,LOW,2026-02-02T18:00:00Z
MINE_SITAPATORE_09,2026-02-02,10.3,30.4,25.6,39.2,12.0,LOW,2026-02-02T18:00:00Z
MINE_BELDONGRI_10,2026-02-02,0.0,28.8,31.7,43.3,16.1,LOW,2026-02-02T18:00:00Z
MINE_GUMGAON_02,2026-02-03,0.0,16.2,29.1,35.8,16.9,LOW,2026-02-03T18:00:00Z
MINE_TIRODI_03,2026-02-03,0.0,17.9,31.4,37.5,14.1,LOW,2026-02-03T18:00:00Z
MINE_DONGRI_04,2026-02-03,0.0,17.5,28.1,33.6,17.7,LOW,2026-02-03T18:00:00Z
MINE_KANDRI_05,2026-02-03,0.0,16.1,27.6,55.9,17.8,LOW,2026-02-03T18:00:00Z
MINE_MANSAR_06,2026-02-03,0.0,22.0,28.6,46.3,17.3,LOW,2026-02-03T18:00:00Z
MINE_CHIKLA_07,2026-02-03,0.0,28.8,26.2,41.4,15.0,LOW,2026-02-03T18:00:00Z
MINE_UKWA_08,2026-02-03,0.0,22.1,32.0,55.7,12.1,LOW,2026-02-03T18:00:00Z
MINE_SITAPATORE_09,2026-02-03,0.0,23.4,32.6,31.2,17.5,LOW,2026-02-03T18:00:00Z
MINE_BELDONGRI_10,2026-02-03,0.0,18.9,26.9,31.4,17.8,LOW,2026-02-03T18:00:00Z
MINE_GUMGAON_02,2026-02-04,0.0,19.2,35.4,42.3,11.2,LOW,2026-02-04T18:00:00Z
MINE_TIRODI_03,2026-02-04,0.0,29.6,26.9,35.7,16.8,LOW,2026-02-04T18:00:00Z
MINE_DONGRI_04,2026-02-04,0.0,18.2,28.4,57.7,10.6,LOW,2026-02-04T18:00:00Z
MINE_KANDRI_05,2026-02-04,0.0,22.9,32.1,54.3,13.4,LOW,2026-02-04T18:00:00Z
MINE_MANSAR_06,2026-02-04,0.0,22.8,33.5,35.5,15.3,LOW,2026-02-04T18:00:00Z
MINE_CHIKLA_07,2026-02-04,0.0,31.5,33.7,46.7,16.3,LOW,2026-02-04T18:00:00Z
MINE_UKWA_08,2026-02-04,0.0,22.7,34.6,40.3,16.0,LOW,2026-02-04T18:00:00Z
MINE_SITAPATORE_09,2026-02-04,0.0,31.9,36.8,40.7,11.9,LOW,2026-02-04T18:00:00Z
MINE_BELDONGRI_10,2026-02-04,0.0,31.7,31.5,47.3,14.6,LOW,2026-02-04T18:00:00Z
MINE_GUMGAON_02,2026-02-05,0.0,28.5,27.4,48.9,10.4,LOW,2026-02-05T18:00:00Z
MINE_TIRODI_03,2026-02-05,0.0,20.5,35.3,35.9,16.5,LOW,2026-02-05T18:00:00Z
MINE_DONGRI_04,2026-02-05,0.0,24.4,34.6,32.9,14.6,LOW,2026-02-05T18:00:00Z
MINE_KANDRI_05,2026-02-05,2.6,16.4,34.2,48.5,14.0,LOW,2026-02-05T18:00:00Z
MINE_MANSAR_06,2026-02-05,0.0,16.4,28.3,51.7,14.4,LOW,2026-02-05T18:00:00Z
MINE_CHIKLA_07,2026-02-05,0.0,22.1,31.2,43.1,16.5,LOW,2026-02-05T18:00:00Z
MINE_UKWA_08,2026-02-05,0.0,22.2,34.3,43.0,13.8,LOW,2026-02-05T18:00:00Z
MINE_SITAPATORE_09,2026-02-05,0.0,22.7,30.0,41.6,10.2,LOW,2026-02-05T18:00:00Z
MINE_BELDONGRI_10,2026-02-05,0.0,31.9,26.7,31.6,14.4,LOW,2026-02-05T18:00:00Z
MINE_GUMGAON_02,2026-02-06,0.0,31.4,26.8,54.7,10.3,LOW,2026-02-06T18:00:00Z
MINE_TIRODI_03,2026-02-06,0.0,17.5,35.2,46.3,11.4,LOW,2026-02-06T18:00:00Z
MINE_DONGRI_04,2026-02-06,0.0,16.8,33.6,40.1,14.2,LOW,2026-02-06T18:00:00Z
MINE_KANDRI_05,2026-02-06,0.0,18.2,24.0,44.2,15.0,LOW,2026-02-06T18:00:00Z
MINE_MANSAR_06,2026-02-06,0.0,29.3,29.8,35.3,13.7,LOW,2026-02-06T18:00:00Z
MINE_CHIKLA_07,2026-02-06,0.0,27.0,31.1,48.2,17.0,LOW,2026-02-06T18:00:00Z
MINE_UKWA_08,2026-02-06,0.0,25.2,24.2,40.6,17.1,LOW,2026-02-06T18:00:00Z
MINE_SITAPATORE_09,2026-02-06,0.0,28.7,33.5,44.7,17.0,LOW,2026-02-06T18:00:00Z
MINE_BELDONGRI_10,2026-02-06,0.0,25.4,28.4,54.2,13.0,LOW,2026-02-06T18:00:00Z
MINE_GUMGAON_02,2026-02-07,0.0,20.3,28.5,56.0,13.4,LOW,2026-02-07T18:00:00Z
MINE_TIRODI_03,2026-02-07,0.0,26.8,32.4,34.4,12.3,LOW,2026-02-07T18:00:00Z
MINE_DONGRI_04,2026-02-07,0.0,25.8,30.4,46.9,10.1,LOW,2026-02-07T18:00:00Z
MINE_KANDRI_05,2026-02-07,0.0,24.9,31.4,37.4,15.8,LOW,2026-02-07T18:00:00Z
MINE_MANSAR_06,2026-02-07,0.0,30.6,28.8,50.3,12.1,LOW,2026-02-07T18:00:00Z
MINE_CHIKLA_07,2026-02-07,0.0,23.3,32.0,56.4,16.4,LOW,2026-02-07T18:00:00Z
MINE_UKWA_08,2026-02-07,0.0,31.1,27.5,37.1,17.2,LOW,2026-02-07T18:00:00Z
MINE_SITAPATORE_09,2026-02-07,0.0,22.0,33.7,55.6,15.1,LOW,2026-02-07T18:00:00Z
MINE_BELDONGRI_10,2026-02-07,0.0,18.9,27.0,48.8,14.0,LOW,2026-02-07T18:00:00Z
MINE_GUMGAON_02,2026-02-08,8.7,28.0,29.8,31.6,17.4,LOW,2026-02-08T18:00:00Z
MINE_TIRODI_03,2026-02-08,0.0,25.2,32.9,38.5,15.1,LOW,2026-02-08T18:00:00Z
MINE_DONGRI_04,2026-02-08,0.0,27.6,24.1,49.7,13.6,LOW,2026-02-08T18:00:00Z
MINE_KANDRI_05,2026-02-08,0.0,31.6,34.9,49.8,16.7,LOW,2026-02-08T18:00:00Z
MINE_MANSAR_06,2026-02-08,0.0,18.0,34.3,54.5,14.2,LOW,2026-02-08T18:00:00Z
MINE_CHIKLA_07,2026-02-08,11.9,17.3,35.0,39.0,14.3,LOW,2026-02-08T18:00:00Z
MINE_UKWA_08,2026-02-08,0.0,19.8,34.3,35.6,10.6,LOW,2026-02-08T18:00:00Z
MINE_SITAPATORE_09,2026-02-08,0.0,31.6,25.7,43.4,12.7,LOW,2026-02-08T18:00:00Z
MINE_BELDONGRI_10,2026-02-08,0.0,20.3,32.3,37.7,15.8,LOW,2026-02-08T18:00:00Z
MINE_GUMGAON_02,2026-02-09,0.0,29.4,31.0,45.2,13.6,LOW,2026-02-09T18:00:00Z
MINE_TIRODI_03,2026-02-09,0.0,16.6,33.1,47.3,13.3,LOW,2026-02-09T18:00:00Z
MINE_DONGRI_04,2026-02-09,0.0,24.4,35.5,55.8,13.5,LOW,2026-02-09T18:00:00Z
MINE_KANDRI_05,2026-02-09,0.0,30.6,27.5,30.4,10.9,LOW,2026-02-09T18:00:00Z
MINE_MANSAR_06,2026-02-09,0.0,20.7,37.6,33.9,14.8,LOW,2026-02-09T18:00:00Z
MINE_CHIKLA_07,2026-02-09,0.0,24.2,28.4,42.0,15.0,LOW,2026-02-09T18:00:00Z
MINE_UKWA_08,2026-02-09,0.0,21.5,36.0,34.2,12.7,LOW,2026-02-09T18:00:00Z
MINE_SITAPATORE_09,2026-02-09,0.0,22.4,26.4,35.0,14.9,LOW,2026-02-09T18:00:00Z
MINE_BELDONGRI_10,2026-02-09,0.0,18.6,37.8,41.8,14.9,LOW,2026-02-09T18:00:00Z
MINE_GUMGAON_02,2026-02-10,8.3,17.6,37.8,37.3,11.8,LOW,2026-02-10T18:00:00Z
MINE_TIRODI_03,2026-02-10,0.0,27.5,37.0,45.6,15.4,LOW,2026-02-10T18:00:00Z
MINE_DONGRI_04,2026-02-10,0.0,31.8,32.6,52.5,16.7,LOW,2026-02-10T18:00:00Z
MINE_KANDRI_05,2026-02-10,0.0,25.7,29.5,34.3,15.2,LOW,2026-02-10T18:00:00Z
MINE_MANSAR_06,2026-02-10,0.0,26.4,34.4,35.2,13.3,LOW,2026-02-10T18:00:00Z
MINE_CHIKLA_07,2026-02-10,0.0,17.4,27.2,41.2,14.0,LOW,2026-02-10T18:00:00Z
MINE_UKWA_08,2026-02-10,0.0,16.8,36.8,35.6,15.2,LOW,2026-02-10T18:00:00Z
MINE_SITAPATORE_09,2026-02-10,4.4,28.4,26.3,34.1,11.9,LOW,2026-02-10T18:00:00Z
MINE_BELDONGRI_10,2026-02-10,0.0,26.4,24.4,50.4,11.2,LOW,2026-02-10T18:00:00Z
MINE_GUMGAON_02,2026-02-11,0.0,29.8,36.0,47.8,10.3,LOW,2026-02-11T18:00:00Z
MINE_TIRODI_03,2026-02-11,0.0,17.2,32.5,31.0,17.3,LOW,2026-02-11T18:00:00Z
MINE_DONGRI_04,2026-02-11,0.0,16.8,25.5,41.0,16.7,LOW,2026-02-11T18:00:00Z
MINE_KANDRI_05,2026-02-11,0.0,21.2,28.8,38.7,15.8,LOW,2026-02-11T18:00:00Z
MINE_MANSAR_06,2026-02-11,2.1,30.2,36.2,53.9,11.0,LOW,2026-02-11T18:00:00Z
MINE_CHIKLA_07,2026-02-11,0.0,23.9,28.2,51.3,15.5,LOW,2026-02-11T18:00:00Z
MINE_UKWA_08,2026-02-11,0.0,16.1,33.1,35.1,15.7,LOW,2026-02-11T18:00:00Z
MINE_SITAPATORE_09,2026-02-11,0.0,26.8,32.0,56.2,13.7,LOW,2026-02-11T18:00:00Z
MINE_BELDONGRI_10,2026-02-11,0.0,19.2,31.0,56.8,11.3,LOW,2026-02-11T18:00:00Z
MINE_GUMGAON_02,2026-02-12,0.0,22.3,35.5,55.2,14.6,LOW,2026-02-12T18:00:00Z
MINE_TIRODI_03,2026-02-12,0.0,28.0,24.8,44.9,15.3,LOW,2026-02-12T18:00:00Z
MINE_DONGRI_04,2026-02-12,0.0,17.1,25.7,43.9,11.7,LOW,2026-02-12T18:00:00Z
MINE_KANDRI_05,2026-02-12,0.0,16.0,26.1,30.9,10.2,LOW,2026-02-12T18:00:00Z
MINE_MANSAR_06,2026-02-12,0.0,18.4,30.4,41.8,16.3,LOW,2026-02-12T18:00:00Z
MINE_CHIKLA_07,2026-02-12,0.0,29.3,33.0,51.4,13.3,LOW,2026-02-12T18:00:00Z
MINE_UKWA_08,2026-02-12,0.0,22.9,33.6,40.0,16.8,LOW,2026-02-12T18:00:00Z
MINE_SITAPATORE_09,2026-02-12,0.0,20.6,36.4,48.8,12.1,LOW,2026-02-12T18:00:00Z
MINE_BELDONGRI_10,2026-02-12,0.0,22.6,26.2,40.5,14.6,LOW,2026-02-12T18:00:00Z
MINE_GUMGAON_02,2026-02-13,0.0,27.5,37.8,56.7,14.3,LOW,2026-02-13T18:00:00Z
MINE_TIRODI_03,2026-02-13,0.0,21.7,33.0,45.7,17.4,LOW,2026-02-13T18:00:00Z
MINE_DONGRI_04,2026-02-13,0.0,27.8,24.8,50.3,15.4,LOW,2026-02-13T18:00:00Z
MINE_KANDRI_05,2026-02-13,0.0,18.6,35.1,44.8,16.3,LOW,2026-02-13T18:00:00Z
MINE_MANSAR_06,2026-02-13,0.0,28.2,24.7,54.1,13.2,LOW,2026-02-13T18:00:00Z
MINE_CHIKLA_07,2026-02-13,0.0,27.7,24.3,48.4,15.0,LOW,2026-02-13T18:00:00Z
MINE_UKWA_08,2026-02-13,0.0,25.6,30.9,49.7,12.4,LOW,2026-02-13T18:00:00Z
MINE_SITAPATORE_09,2026-02-13,0.0,19.6,34.9,57.3,14.7,LOW,2026-02-13T18:00:00Z
MINE_BELDONGRI_10,2026-02-13,0.0,26.9,31.4,56.6,17.3,LOW,2026-02-13T18:00:00Z
MINE_GUMGAON_02,2026-02-14,0.0,27.7,36.3,31.5,18.0,LOW,2026-02-14T18:00:00Z
MINE_TIRODI_03,2026-02-14,0.0,31.1,25.8,47.8,16.1,LOW,2026-02-14T18:00:00Z
MINE_DONGRI_04,2026-02-14,0.0,30.6,30.7,52.0,16.3,LOW,2026-02-14T18:00:00Z
MINE_KANDRI_05,2026-02-14,0.0,19.4,34.8,32.9,16.4,LOW,2026-02-14T18:00:00Z
MINE_MANSAR_06,2026-02-14,0.0,26.0,35.1,54.4,10.2,LOW,2026-02-14T18:00:00Z
MINE_CHIKLA_07,2026-02-14,0.0,23.1,28.1,57.6,14.9,LOW,2026-02-14T18:00:00Z
MINE_UKWA_08,2026-02-14,0.0,25.1,24.9,47.8,11.0,LOW,2026-02-14T18:00:00Z
MINE_SITAPATORE_09,2026-02-14,0.0,18.0,29.0,39.8,14.8,LOW,2026-02-14T18:00:00Z
MINE_BELDONGRI_10,2026-02-14,0.0,16.8,36.9,51.5,12.3,LOW,2026-02-14T18:00:00Z
MINE_GUMGAON_02,2026-02-15,0.0,16.0,33.0,43.1,14.6,LOW,2026-02-15T18:00:00Z
MINE_TIRODI_03,2026-02-15,0.0,28.3,35.6,50.8,11.8,LOW,2026-02-15T18:00:00Z
MINE_DONGRI_04,2026-02-15,0.0,21.6,29.3,56.9,15.2,LOW,2026-02-15T18:00:00Z
MINE_KANDRI_05,2026-02-15,0.0,19.6,26.9,37.4,10.4,LOW,2026-02-15T18:00:00Z
MINE_MANSAR_06,2026-02-15,0.0,27.1,31.2,30.6,16.8,LOW,2026-02-15T18:00:00Z
MINE_CHIKLA_07,2026-02-15,0.0,31.0,27.4,39.2,15.2,LOW,2026-02-15T18:00:00Z
MINE_UKWA_08,2026-02-15,0.0,30.9,31.6,51.9,17.3,LOW,2026-02-15T18:00:00Z
MINE_SITAPATORE_09,2026-02-15,0.0,25.9,34.4,35.9,15.5,LOW,2026-02-15T18:00:00Z
MINE_BELDONGRI_10,2026-02-15,0.0,18.5,26.3,47.8,16.4,LOW,2026-02-15T18:00:00Z
MINE_GUMGAON_02,2026-02-16,0.0,20.9,26.1,57.2,14.1,LOW,2026-02-16T18:00:00Z
MINE_TIRODI_03,2026-02-16,0.0,20.2,30.9,45.5,14.7,LOW,2026-02-16T18:00:00Z
MINE_DONGRI_04,2026-02-16,0.0,26.2,30.4,43.7,13.0,LOW,2026-02-16T18:00:00Z
MINE_KANDRI_05,2026-02-16,1.3,21.9,33.0,30.6,13.2,LOW,2026-02-16T18:00:00Z
MINE_MANSAR_06,2026-02-16,0.0,26.7,26.6,41.3,17.5,LOW,2026-02-16T18:00:00Z
MINE_CHIKLA_07,2026-02-16,0.0,30.0,36.3,35.7,13.4,LOW,2026-02-16T18:00:00Z
MINE_UKWA_08,2026-02-16,0.0,16.1,34.8,47.0,10.4,LOW,2026-02-16T18:00:00Z
MINE_SITAPATORE_09,2026-02-16,0.0,16.6,31.2,58.0,15.9,LOW,2026-02-16T18:00:00Z
MINE_BELDONGRI_10,2026-02-16,0.0,23.1,36.9,44.0,15.3,LOW,2026-02-16T18:00:00Z
MINE_GUMGAON_02,2026-02-17,0.0,31.5,26.7,46.5,13.5,LOW,2026-02-17T18:00:00Z
MINE_TIRODI_03,2026-02-17,0.0,22.2,35.3,52.7,12.4,LOW,2026-02-17T18:00:00Z
MINE_DONGRI_04,2026-02-17,0.0,17.7,33.5,46.4,15.4,LOW,2026-02-17T18:00:00Z
MINE_KANDRI_05,2026-02-17,0.0,30.6,30.3,50.1,14.5,LOW,2026-02-17T18:00:00Z
MINE_MANSAR_06,2026-02-17,0.0,22.4,26.1,46.9,10.8,LOW,2026-02-17T18:00:00Z
MINE_CHIKLA_07,2026-02-17,0.0,21.6,28.4,50.3,12.5,LOW,2026-02-17T18:00:00Z
MINE_UKWA_08,2026-02-17,0.0,20.5,35.9,45.2,15.9,LOW,2026-02-17T18:00:00Z
MINE_SITAPATORE_09,2026-02-17,0.0,17.6,33.0,50.6,11.5,LOW,2026-02-17T18:00:00Z
MINE_BELDONGRI_10,2026-02-17,0.0,31.6,30.2,56.3,11.8,LOW,2026-02-17T18:00:00Z
MINE_GUMGAON_02,2026-02-18,0.0,19.4,28.2,43.9,17.2,LOW,2026-02-18T18:00:00Z
MINE_TIRODI_03,2026-02-18,0.0,25.9,29.9,32.7,13.7,LOW,2026-02-18T18:00:00Z
MINE_DONGRI_04,2026-02-18,0.0,16.8,25.6,30.6,10.2,LOW,2026-02-18T18:00:00Z
MINE_KANDRI_05,2026-02-18,6.5,22.8,33.3,51.6,12.9,LOW,2026-02-18T18:00:00Z
MINE_MANSAR_06,2026-02-18,0.0,24.3,36.8,54.3,13.7,LOW,2026-02-18T18:00:00Z
MINE_CHIKLA_07,2026-02-18,0.0,21.6,32.9,56.4,11.8,LOW,2026-02-18T18:00:00Z
MINE_UKWA_08,2026-02-18,0.0,16.9,33.1,41.8,10.8,LOW,2026-02-18T18:00:00Z
MINE_SITAPATORE_09,2026-02-18,0.0,21.3,27.0,43.9,17.2,LOW,2026-02-18T18:00:00Z
MINE_BELDONGRI_10,2026-02-18,0.0,19.3,34.2,43.1,14.6,LOW,2026-02-18T18:00:00Z
MINE_GUMGAON_02,2026-02-19,0.0,18.7,36.2,56.7,12.3,LOW,2026-02-19T18:00:00Z
MINE_TIRODI_03,2026-02-19,0.0,22.2,26.6,41.1,14.1,LOW,2026-02-19T18:00:00Z
MINE_DONGRI_04,2026-02-19,0.0,21.1,25.2,50.9,12.8,LOW,2026-02-19T18:00:00Z
MINE_KANDRI_05,2026-02-19,0.0,28.2,26.9,43.8,16.9,LOW,2026-02-19T18:00:00Z
MINE_MANSAR_06,2026-02-19,4.6,25.6,34.3,38.7,15.2,LOW,2026-02-19T18:00:00Z
MINE_CHIKLA_07,2026-02-19,0.0,25.7,35.3,52.4,14.7,LOW,2026-02-19T18:00:00Z
MINE_UKWA_08,2026-02-19,0.0,26.6,28.4,49.0,17.8,LOW,2026-02-19T18:00:00Z
MINE_SITAPATORE_09,2026-02-19,0.0,26.4,26.5,37.4,11.6,LOW,2026-02-19T18:00:00Z
MINE_BELDONGRI_10,2026-02-19,0.0,31.5,37.3,50.1,11.1,LOW,2026-02-19T18:00:00Z
MINE_GUMGAON_02,2026-02-20,0.0,31.1,25.0,39.9,16.8,LOW,2026-02-20T18:00:00Z
MINE_TIRODI_03,2026-02-20,0.0,26.2,31.4,30.2,13.6,LOW,2026-02-20T18:00:00Z
MINE_DONGRI_04,2026-02-20,0.0,17.8,31.6,39.8,15.2,LOW,2026-02-20T18:00:00Z
MINE_KANDRI_05,2026-02-20,0.0,16.5,26.7,48.3,13.5,LOW,2026-02-20T18:00:00Z
MINE_MANSAR_06,2026-02-20,0.0,16.3,29.0,33.0,12.2,LOW,2026-02-20T18:00:00Z
MINE_CHIKLA_07,2026-02-20,0.0,22.6,37.3,32.2,13.3,LOW,2026-02-20T18:00:00Z
MINE_UKWA_08,2026-02-20,0.0,23.3,29.3,30.3,10.7,LOW,2026-02-20T18:00:00Z
MINE_SITAPATORE_09,2026-02-20,0.0,27.5,27.3,57.9,16.1,LOW,2026-02-20T18:00:00Z
MINE_BELDONGRI_10,2026-02-20,3.0,26.5,28.8,40.6,12.4,LOW,2026-02-20T18:00:00Z
MINE_GUMGAON_02,2026-02-21,0.0,29.5,35.8,53.5,13.2,LOW,2026-02-21T18:00:00Z
MINE_TIRODI_03,2026-02-21,0.0,30.1,34.2,46.5,13.8,LOW,2026-02-21T18:00:00Z
MINE_DONGRI_04,2026-02-21,0.0,17.3,24.8,30.1,14.2,LOW,2026-02-21T18:00:00Z
MINE_KANDRI_05,2026-02-21,0.0,28.7,35.2,34.3,11.9,LOW,2026-02-21T18:00:00Z
MINE_MANSAR_06,2026-02-21,0.0,20.8,36.2,51.3,11.5,LOW,2026-02-21T18:00:00Z
MINE_CHIKLA_07,2026-02-21,0.0,23.8,24.3,41.7,10.8,LOW,2026-02-21T18:00:00Z
MINE_UKWA_08,2026-02-21,0.0,29.3,27.1,53.4,13.7,LOW,2026-02-21T18:00:00Z
MINE_SITAPATORE_09,2026-02-21,0.0,28.6,28.5,51.7,17.0,LOW,2026-02-21T18:00:00Z
MINE_BELDONGRI_10,2026-02-21,0.0,25.5,37.3,49.9,10.6,LOW,2026-02-21T18:00:00Z
MINE_GUMGAON_02,2026-02-22,0.0,22.7,32.1,31.7,14.6,LOW,2026-02-22T18:00:00Z
MINE_TIRODI_03,2026-02-22,0.0,17.8,36.1,43.4,16.9,LOW,2026-02-22T18:00:00Z
MINE_DONGRI_04,2026-02-22,5.4,22.4,24.8,42.1,17.0,LOW,2026-02-22T18:00:00Z
MINE_KANDRI_05,2026-02-22,7.3,20.3,25.7,48.4,14.6,LOW,2026-02-22T18:00:00Z
MINE_MANSAR_06,2026-02-22,0.0,23.5,32.5,48.9,10.8,LOW,2026-02-22T18:00:00Z
MINE_CHIKLA_07,2026-02-22,0.0,20.6,30.2,45.9,15.0,LOW,2026-02-22T18:00:00Z
MINE_UKWA_08,2026-02-22,0.0,24.8,27.8,41.8,10.6,LOW,2026-02-22T18:00:00Z
MINE_SITAPATORE_09,2026-02-22,0.0,25.7,37.0,36.1,14.1,LOW,2026-02-22T18:00:00Z
MINE_BELDONGRI_10,2026-02-22,0.0,24.7,28.4,43.1,16.8,LOW,2026-02-22T18:00:00Z
MINE_GUMGAON_02,2026-02-23,0.0,30.5,26.1,51.8,13.6,LOW,2026-02-23T18:00:00Z
MINE_TIRODI_03,2026-02-23,0.0,31.8,34.4,45.1,13.4,LOW,2026-02-23T18:00:00Z
MINE_DONGRI_04,2026-02-23,0.0,31.8,36.9,35.2,15.6,LOW,2026-02-23T18:00:00Z
MINE_KANDRI_05,2026-02-23,9.6,16.6,34.0,31.8,12.6,LOW,2026-02-23T18:00:00Z
MINE_MANSAR_06,2026-02-23,0.0,21.3,37.8,30.4,16.5,LOW,2026-02-23T18:00:00Z
MINE_CHIKLA_07,2026-02-23,0.0,28.2,37.2,40.8,16.9,LOW,2026-02-23T18:00:00Z
MINE_UKWA_08,2026-02-23,0.0,17.4,35.7,40.7,16.1,LOW,2026-02-23T18:00:00Z
MINE_SITAPATORE_09,2026-02-23,0.0,17.1,24.2,34.5,14.3,LOW,2026-02-23T18:00:00Z
MINE_BELDONGRI_10,2026-02-23,0.0,28.0,29.7,56.3,15.1,LOW,2026-02-23T18:00:00Z
MINE_GUMGAON_02,2026-02-24,0.0,29.0,25.7,36.7,10.6,LOW,2026-02-24T18:00:00Z
MINE_TIRODI_03,2026-02-24,0.0,16.9,27.9,47.9,15.3,LOW,2026-02-24T18:00:00Z
MINE_DONGRI_04,2026-02-24,0.0,26.6,29.2,46.0,15.1,LOW,2026-02-24T18:00:00Z
MINE_KANDRI_05,2026-02-24,0.0,24.6,35.1,33.3,15.2,LOW,2026-02-24T18:00:00Z
MINE_MANSAR_06,2026-02-24,0.0,21.8,31.2,32.1,11.9,LOW,2026-02-24T18:00:00Z
MINE_CHIKLA_07,2026-02-24,0.0,28.9,24.4,55.3,14.8,LOW,2026-02-24T18:00:00Z
MINE_UKWA_08,2026-02-24,0.0,27.7,27.9,37.3,16.2,LOW,2026-02-24T18:00:00Z
MINE_SITAPATORE_09,2026-02-24,0.0,24.7,28.6,46.9,11.8,LOW,2026-02-24T18:00:00Z
MINE_BELDONGRI_10,2026-02-24,0.0,18.5,31.8,54.8,18.0,LOW,2026-02-24T18:00:00Z
MINE_GUMGAON_02,2026-02-25,0.0,31.6,32.7,49.2,13.5,LOW,2026-02-25T18:00:00Z
MINE_TIRODI_03,2026-02-25,0.0,25.5,24.3,44.0,17.9,LOW,2026-02-25T18:00:00Z
MINE_DONGRI_04,2026-02-25,0.0,16.8,29.9,55.8,10.6,LOW,2026-02-25T18:00:00Z
MINE_KANDRI_05,2026-02-25,0.0,20.7,36.0,42.0,15.1,LOW,2026-02-25T18:00:00Z
MINE_MANSAR_06,2026-02-25,0.0,22.2,25.4,51.3,15.5,LOW,2026-02-25T18:00:00Z
MINE_CHIKLA_07,2026-02-25,0.0,20.5,37.6,41.5,16.9,LOW,2026-02-25T18:00:00Z
MINE_UKWA_08,2026-02-25,11.7,21.5,31.3,57.4,14.4,LOW,2026-02-25T18:00:00Z
MINE_SITAPATORE_09,2026-02-25,0.0,26.9,27.6,48.1,13.9,LOW,2026-02-25T18:00:00Z
MINE_BELDONGRI_10,2026-02-25,0.0,31.6,28.5,43.6,12.3,LOW,2026-02-25T18:00:00Z
MINE_GUMGAON_02,2026-02-26,3.5,19.2,29.1,50.9,14.2,LOW,2026-02-26T18:00:00Z
MINE_TIRODI_03,2026-02-26,0.0,23.2,32.3,47.0,11.4,LOW,2026-02-26T18:00:00Z
MINE_DONGRI_04,2026-02-26,0.0,21.0,28.3,56.0,13.4,LOW,2026-02-26T18:00:00Z
MINE_KANDRI_05,2026-02-26,0.0,17.6,27.8,57.0,12.8,LOW,2026-02-26T18:00:00Z
MINE_MANSAR_06,2026-02-26,0.0,19.4,37.9,32.1,14.6,LOW,2026-02-26T18:00:00Z
MINE_CHIKLA_07,2026-02-26,0.0,18.2,36.1,41.3,11.7,LOW,2026-02-26T18:00:00Z
MINE_UKWA_08,2026-02-26,0.0,29.4,37.8,42.4,16.0,LOW,2026-02-26T18:00:00Z
MINE_SITAPATORE_09,2026-02-26,0.0,23.6,31.4,46.2,16.8,LOW,2026-02-26T18:00:00Z
MINE_BELDONGRI_10,2026-02-26,0.0,24.1,27.3,48.4,12.9,LOW,2026-02-26T18:00:00Z
MINE_GUMGAON_02,2026-02-27,0.0,19.2,27.9,45.1,11.5,LOW,2026-02-27T18:00:00Z
MINE_TIRODI_03,2026-02-27,0.0,26.1,25.6,38.8,16.9,LOW,2026-02-27T18:00:00Z
MINE_DONGRI_04,2026-02-27,0.0,25.6,34.9,48.8,13.0,LOW,2026-02-27T18:00:00Z
MINE_KANDRI_05,2026-02-27,0.0,19.4,31.6,55.0,17.9,LOW,2026-02-27T18:00:00Z
MINE_MANSAR_06,2026-02-27,0.0,20.0,36.7,35.7,12.9,LOW,2026-02-27T18:00:00Z
MINE_CHIKLA_07,2026-02-27,0.0,19.5,30.9,33.3,12.6,LOW,2026-02-27T18:00:00Z
MINE_UKWA_08,2026-02-27,0.0,21.1,33.5,50.1,11.2,LOW,2026-02-27T18:00:00Z
MINE_SITAPATORE_09,2026-02-27,0.0,27.2,25.3,35.7,12.8,LOW,2026-02-27T18:00:00Z
MINE_BELDONGRI_10,2026-02-27,0.0,28.7,36.4,39.1,13.5,LOW,2026-02-27T18:00:00Z
MINE_GUMGAON_02,2026-02-28,0.0,23.9,36.4,40.5,10.1,LOW,2026-02-28T18:00:00Z
MINE_TIRODI_03,2026-02-28,0.0,29.7,28.6,39.1,14.2,LOW,2026-02-28T18:00:00Z
MINE_DONGRI_04,2026-02-28,0.0,20.9,31.3,47.2,12.3,LOW,2026-02-28T18:00:00Z
MINE_KANDRI_05,2026-02-28,0.0,26.9,26.2,40.6,12.9,LOW,2026-02-28T18:00:00Z
MINE_MANSAR_06,2026-02-28,0.0,23.1,26.5,35.3,15.9,LOW,2026-02-28T18:00:00Z
MINE_CHIKLA_07,2026-02-28,0.0,28.3,36.3,34.4,15.1,LOW,2026-02-28T18:00:00Z
MINE_UKWA_08,2026-02-28,0.0,31.2,34.1,40.7,14.2,LOW,2026-02-28T18:00:00Z
MINE_SITAPATORE_09,2026-02-28,0.0,24.6,35.6,33.8,11.1,LOW,2026-02-28T18:00:00Z
MINE_BELDONGRI_10,2026-02-28,0.0,27.3,25.2,41.4,13.7,LOW,2026-02-28T18:00:00Z
MINE_GUMGAON_02,2026-03-01,0.0,17.0,29.2,53.8,15.1,LOW,2026-03-01T18:00:00Z
MINE_TIRODI_03,2026-03-01,0.0,16.4,34.9,53.4,16.1,LOW,2026-03-01T18:00:00Z
MINE_DONGRI_04,2026-03-01,0.0,30.0,37.1,42.4,17.4,LOW,2026-03-01T18:00:00Z
MINE_KANDRI_05,2026-03-01,0.0,29.6,31.6,49.5,13.4,LOW,2026-03-01T18:00:00Z
MINE_MANSAR_06,2026-03-01,0.0,17.4,37.8,57.7,14.7,LOW,2026-03-01T18:00:00Z
MINE_CHIKLA_07,2026-03-01,0.0,24.4,36.1,49.3,16.8,LOW,2026-03-01T18:00:00Z
MINE_UKWA_08,2026-03-01,0.0,18.9,37.1,45.4,18.0,LOW,2026-03-01T18:00:00Z
MINE_SITAPATORE_09,2026-03-01,0.0,27.3,33.2,51.7,17.9,LOW,2026-03-01T18:00:00Z
MINE_BELDONGRI_10,2026-03-01,0.0,22.2,35.6,42.7,16.0,LOW,2026-03-01T18:00:00Z
MINE_GUMGAON_02,2026-03-02,0.0,28.2,30.8,51.3,12.2,LOW,2026-03-02T18:00:00Z
MINE_TIRODI_03,2026-03-02,0.0,17.8,32.8,55.9,11.2,LOW,2026-03-02T18:00:00Z
MINE_DONGRI_04,2026-03-02,0.0,16.2,37.5,48.4,16.3,LOW,2026-03-02T18:00:00Z
MINE_KANDRI_05,2026-03-02,0.0,29.3,33.5,52.4,11.1,LOW,2026-03-02T18:00:00Z
MINE_MANSAR_06,2026-03-02,0.0,27.7,25.7,44.5,13.6,LOW,2026-03-02T18:00:00Z
MINE_CHIKLA_07,2026-03-02,0.0,30.1,29.3,55.6,13.5,LOW,2026-03-02T18:00:00Z
MINE_UKWA_08,2026-03-02,0.0,26.4,32.5,37.4,10.6,LOW,2026-03-02T18:00:00Z
MINE_SITAPATORE_09,2026-03-02,0.0,26.5,31.4,44.5,11.2,LOW,2026-03-02T18:00:00Z
MINE_BELDONGRI_10,2026-03-02,0.0,22.1,37.6,44.5,15.8,LOW,2026-03-02T18:00:00Z
MINE_GUMGAON_02,2026-03-03,8.6,23.8,29.2,43.9,16.4,LOW,2026-03-03T18:00:00Z
MINE_TIRODI_03,2026-03-03,0.0,19.9,33.1,47.8,12.9,LOW,2026-03-03T18:00:00Z
MINE_DONGRI_04,2026-03-03,0.0,26.4,33.1,41.6,11.4,LOW,2026-03-03T18:00:00Z
MINE_KANDRI_05,2026-03-03,0.0,27.0,29.4,38.4,11.1,LOW,2026-03-03T18:00:00Z
MINE_MANSAR_06,2026-03-03,0.0,24.8,31.6,46.3,16.3,LOW,2026-03-03T18:00:00Z
MINE_CHIKLA_07,2026-03-03,11.6,24.8,31.2,51.4,17.5,LOW,2026-03-03T18:00:00Z
MINE_UKWA_08,2026-03-03,0.0,24.4,25.3,55.1,13.7,LOW,2026-03-03T18:00:00Z
MINE_SITAPATORE_09,2026-03-03,0.0,27.9,36.8,35.7,13.2,LOW,2026-03-03T18:00:00Z
MINE_BELDONGRI_10,2026-03-03,0.0,31.6,31.2,44.2,12.7,LOW,2026-03-03T18:00:00Z
MINE_GUMGAON_02,2026-03-04,0.0,24.1,27.7,51.6,11.7,LOW,2026-03-04T18:00:00Z
MINE_TIRODI_03,2026-03-04,0.0,18.1,25.6,35.6,13.5,LOW,2026-03-04T18:00:00Z
MINE_DONGRI_04,2026-03-04,0.0,27.4,37.9,53.9,11.7,LOW,2026-03-04T18:00:00Z
MINE_KANDRI_05,2026-03-04,0.0,31.2,34.9,32.0,14.7,LOW,2026-03-04T18:00:00Z
MINE_MANSAR_06,2026-03-04,0.0,24.1,35.2,36.5,17.1,LOW,2026-03-04T18:00:00Z
MINE_CHIKLA_07,2026-03-04,0.0,16.7,32.3,43.1,17.7,LOW,2026-03-04T18:00:00Z
MINE_UKWA_08,2026-03-04,0.0,28.3,31.2,52.0,11.4,LOW,2026-03-04T18:00:00Z
MINE_SITAPATORE_09,2026-03-04,0.0,24.9,37.5,31.8,14.2,LOW,2026-03-04T18:00:00Z
MINE_BELDONGRI_10,2026-03-04,0.0,20.5,26.3,32.6,17.6,LOW,2026-03-04T18:00:00Z
MINE_GUMGAON_02,2026-03-05,0.0,17.7,26.2,40.8,15.0,LOW,2026-03-05T18:00:00Z
MINE_TIRODI_03,2026-03-05,0.0,22.2,27.0,33.7,11.7,LOW,2026-03-05T18:00:00Z
MINE_DONGRI_04,2026-03-05,0.0,23.8,25.6,52.0,10.1,LOW,2026-03-05T18:00:00Z
MINE_KANDRI_05,2026-03-05,0.0,19.9,26.0,54.0,14.2,LOW,2026-03-05T18:00:00Z
MINE_MANSAR_06,2026-03-05,0.0,30.0,31.5,47.1,11.3,LOW,2026-03-05T18:00:00Z
MINE_CHIKLA_07,2026-03-05,0.0,16.4,27.7,40.7,11.0,LOW,2026-03-05T18:00:00Z
MINE_UKWA_08,2026-03-05,0.0,30.0,25.3,54.9,10.8,LOW,2026-03-05T18:00:00Z
MINE_SITAPATORE_09,2026-03-05,0.0,19.6,37.1,30.5,17.2,LOW,2026-03-05T18:00:00Z
MINE_BELDONGRI_10,2026-03-05,7.6,29.4,34.6,31.8,13.2,LOW,2026-03-05T18:00:00Z
MINE_GUMGAON_02,2026-03-06,0.0,18.5,31.6,30.5,11.7,LOW,2026-03-06T18:00:00Z
MINE_TIRODI_03,2026-03-06,0.0,16.5,24.4,45.8,17.1,LOW,2026-03-06T18:00:00Z
MINE_DONGRI_04,2026-03-06,0.0,17.5,32.4,30.1,16.9,LOW,2026-03-06T18:00:00Z
MINE_KANDRI_05,2026-03-06,0.0,22.2,29.4,54.2,11.9,LOW,2026-03-06T18:00:00Z
MINE_MANSAR_06,2026-03-06,0.0,31.0,30.9,55.0,11.3,LOW,2026-03-06T18:00:00Z
MINE_CHIKLA_07,2026-03-06,0.0,20.5,24.7,50.0,17.6,LOW,2026-03-06T18:00:00Z
MINE_UKWA_08,2026-03-06,9.1,30.3,33.7,54.8,12.8,LOW,2026-03-06T18:00:00Z
MINE_SITAPATORE_09,2026-03-06,0.0,19.3,24.4,56.7,15.7,LOW,2026-03-06T18:00:00Z
MINE_BELDONGRI_10,2026-03-06,0.0,21.2,25.0,38.7,16.7,LOW,2026-03-06T18:00:00Z
MINE_GUMGAON_02,2026-03-07,0.0,31.0,30.8,31.0,17.2,LOW,2026-03-07T18:00:00Z
MINE_TIRODI_03,2026-03-07,0.0,29.0,37.3,32.8,11.8,LOW,2026-03-07T18:00:00Z
MINE_DONGRI_04,2026-03-07,0.0,25.5,30.2,31.5,16.9,LOW,2026-03-07T18:00:00Z
MINE_KANDRI_05,2026-03-07,0.0,31.0,35.1,38.2,10.0,LOW,2026-03-07T18:00:00Z
MINE_MANSAR_06,2026-03-07,0.0,26.2,26.8,45.9,15.4,LOW,2026-03-07T18:00:00Z
MINE_CHIKLA_07,2026-03-07,0.0,19.8,31.9,36.2,13.1,LOW,2026-03-07T18:00:00Z
MINE_UKWA_08,2026-03-07,0.0,24.3,37.3,43.5,11.6,LOW,2026-03-07T18:00:00Z
MINE_SITAPATORE_09,2026-03-07,0.0,25.4,36.2,30.5,10.1,LOW,2026-03-07T18:00:00Z
MINE_BELDONGRI_10,2026-03-07,0.0,20.8,29.5,49.1,13.9,LOW,2026-03-07T18:00:00Z
MINE_GUMGAON_02,2026-03-08,8.8,22.9,27.4,33.4,13.1,LOW,2026-03-08T18:00:00Z
MINE_TIRODI_03,2026-03-08,10.1,16.3,32.1,51.5,17.2,LOW,2026-03-08T18:00:00Z
MINE_DONGRI_04,2026-03-08,0.0,29.5,31.2,48.9,15.7,LOW,2026-03-08T18:00:00Z
MINE_KANDRI_05,2026-03-08,0.0,29.8,28.0,34.5,10.8,LOW,2026-03-08T18:00:00Z
MINE_MANSAR_06,2026-03-08,0.0,26.3,32.4,33.9,11.4,LOW,2026-03-08T18:00:00Z
MINE_CHIKLA_07,2026-03-08,0.0,31.6,25.5,44.6,17.5,LOW,2026-03-08T18:00:00Z
MINE_UKWA_08,2026-03-08,9.2,29.5,25.6,43.6,12.8,LOW,2026-03-08T18:00:00Z
MINE_SITAPATORE_09,2026-03-08,0.0,21.5,36.9,50.8,17.4,LOW,2026-03-08T18:00:00Z
MINE_BELDONGRI_10,2026-03-08,0.0,30.5,30.6,39.9,10.2,LOW,2026-03-08T18:00:00Z
MINE_GUMGAON_02,2026-03-09,0.0,30.2,33.1,48.5,15.4,LOW,2026-03-09T18:00:00Z
MINE_TIRODI_03,2026-03-09,0.0,26.0,28.0,35.5,14.8,LOW,2026-03-09T18:00:00Z
MINE_DONGRI_04,2026-03-09,0.0,22.8,36.3,54.4,14.5,LOW,2026-03-09T18:00:00Z
MINE_KANDRI_05,2026-03-09,0.0,24.0,37.4,30.3,17.1,LOW,2026-03-09T18:00:00Z
MINE_MANSAR_06,2026-03-09,0.0,31.5,31.8,43.6,17.1,LOW,2026-03-09T18:00:00Z
MINE_CHIKLA_07,2026-03-09,0.0,22.1,33.4,36.4,13.9,LOW,2026-03-09T18:00:00Z
MINE_UKWA_08,2026-03-09,0.0,17.4,28.1,34.0,17.7,LOW,2026-03-09T18:00:00Z
MINE_SITAPATORE_09,2026-03-09,0.0,23.5,33.6,46.3,13.5,LOW,2026-03-09T18:00:00Z
MINE_BELDONGRI_10,2026-03-09,0.0,19.5,36.1,40.2,12.9,LOW,2026-03-09T18:00:00Z
MINE_GUMGAON_02,2026-03-10,7.2,16.8,26.0,47.3,10.1,LOW,2026-03-10T18:00:00Z
MINE_TIRODI_03,2026-03-10,0.0,25.3,28.3,35.5,12.5,LOW,2026-03-10T18:00:00Z
MINE_DONGRI_04,2026-03-10,0.0,20.1,35.4,49.3,14.7,LOW,2026-03-10T18:00:00Z
MINE_KANDRI_05,2026-03-10,0.0,26.1,24.5,51.9,10.2,LOW,2026-03-10T18:00:00Z
MINE_MANSAR_06,2026-03-10,0.0,18.6,28.5,48.1,10.9,LOW,2026-03-10T18:00:00Z
MINE_CHIKLA_07,2026-03-10,0.0,26.6,30.2,34.2,11.6,LOW,2026-03-10T18:00:00Z
MINE_UKWA_08,2026-03-10,4.3,23.9,35.0,30.4,11.4,LOW,2026-03-10T18:00:00Z
MINE_SITAPATORE_09,2026-03-10,0.0,21.2,36.8,48.5,10.6,LOW,2026-03-10T18:00:00Z
MINE_BELDONGRI_10,2026-03-10,0.0,17.5,29.9,57.8,14.4,LOW,2026-03-10T18:00:00Z
MINE_GUMGAON_02,2026-03-11,0.0,21.5,37.0,43.8,12.1,LOW,2026-03-11T18:00:00Z
MINE_TIRODI_03,2026-03-11,5.3,31.6,30.3,31.0,16.2,LOW,2026-03-11T18:00:00Z
MINE_DONGRI_04,2026-03-11,0.0,18.6,25.6,35.3,11.6,LOW,2026-03-11T18:00:00Z
MINE_KANDRI_05,2026-03-11,0.0,25.8,29.7,47.7,10.8,LOW,2026-03-11T18:00:00Z
MINE_MANSAR_06,2026-03-11,0.0,31.4,36.5,45.2,16.4,LOW,2026-03-11T18:00:00Z
MINE_CHIKLA_07,2026-03-11,0.0,26.6,29.0,56.7,11.1,LOW,2026-03-11T18:00:00Z
MINE_UKWA_08,2026-03-11,10.2,22.1,29.4,50.2,16.7,LOW,2026-03-11T18:00:00Z
MINE_SITAPATORE_09,2026-03-11,0.0,22.0,30.5,52.9,13.1,LOW,2026-03-11T18:00:00Z
MINE_BELDONGRI_10,2026-03-11,0.0,16.8,27.7,39.9,16.0,LOW,2026-03-11T18:00:00Z
MINE_GUMGAON_02,2026-03-12,10.5,30.2,28.3,52.2,16.6,LOW,2026-03-12T18:00:00Z
MINE_TIRODI_03,2026-03-12,0.0,25.0,29.0,54.7,17.0,LOW,2026-03-12T18:00:00Z
MINE_DONGRI_04,2026-03-12,0.0,18.7,30.0,30.2,14.2,LOW,2026-03-12T18:00:00Z
MINE_KANDRI_05,2026-03-12,0.0,28.2,25.5,36.7,15.4,LOW,2026-03-12T18:00:00Z
MINE_MANSAR_06,2026-03-12,0.0,26.9,26.0,36.9,17.5,LOW,2026-03-12T18:00:00Z
MINE_CHIKLA_07,2026-03-12,0.0,27.6,34.7,39.4,14.5,LOW,2026-03-12T18:00:00Z
MINE_UKWA_08,2026-03-12,0.0,31.4,36.1,45.8,16.8,LOW,2026-03-12T18:00:00Z
MINE_SITAPATORE_09,2026-03-12,4.8,24.5,26.9,46.9,18.0,LOW,2026-03-12T18:00:00Z
MINE_BELDONGRI_10,2026-03-12,10.5,19.1,37.6,43.7,17.1,LOW,2026-03-12T18:00:00Z
MINE_GUMGAON_02,2026-03-13,0.0,24.7,35.4,36.4,17.2,LOW,2026-03-13T18:00:00Z
MINE_TIRODI_03,2026-03-13,0.0,17.7,30.0,43.3,16.3,LOW,2026-03-13T18:00:00Z
MINE_DONGRI_04,2026-03-13,0.0,27.1,36.2,46.3,15.2,LOW,2026-03-13T18:00:00Z
MINE_KANDRI_05,2026-03-13,0.0,21.3,35.8,54.7,14.6,LOW,2026-03-13T18:00:00Z
MINE_MANSAR_06,2026-03-13,4.9,23.8,37.6,51.3,12.8,LOW,2026-03-13T18:00:00Z
MINE_CHIKLA_07,2026-03-13,0.0,16.4,30.1,56.4,18.0,LOW,2026-03-13T18:00:00Z
MINE_UKWA_08,2026-03-13,0.0,20.0,30.4,42.2,11.7,LOW,2026-03-13T18:00:00Z
MINE_SITAPATORE_09,2026-03-13,0.0,19.9,34.8,55.9,12.5,LOW,2026-03-13T18:00:00Z
MINE_BELDONGRI_10,2026-03-13,0.0,22.6,29.9,38.8,17.3,LOW,2026-03-13T18:00:00Z
MINE_GUMGAON_02,2026-03-14,0.0,25.0,26.5,41.5,11.3,LOW,2026-03-14T18:00:00Z
MINE_TIRODI_03,2026-03-14,0.0,18.7,27.7,36.4,16.0,LOW,2026-03-14T18:00:00Z
MINE_DONGRI_04,2026-03-14,0.0,29.8,32.6,46.0,17.9,LOW,2026-03-14T18:00:00Z
MINE_KANDRI_05,2026-03-14,0.0,22.5,28.5,52.6,10.9,LOW,2026-03-14T18:00:00Z
MINE_MANSAR_06,2026-03-14,0.0,17.0,27.3,35.4,17.1,LOW,2026-03-14T18:00:00Z
MINE_CHIKLA_07,2026-03-14,0.0,26.4,27.2,56.6,16.2,LOW,2026-03-14T18:00:00Z
MINE_UKWA_08,2026-03-14,0.0,29.0,31.7,47.9,16.0,LOW,2026-03-14T18:00:00Z
MINE_SITAPATORE_09,2026-03-14,4.9,27.5,25.2,32.9,16.3,LOW,2026-03-14T18:00:00Z
MINE_BELDONGRI_10,2026-03-14,0.0,20.3,36.1,42.0,11.9,LOW,2026-03-14T18:00:00Z
